[0.479s] DEBUG:colcon:Command line arguments: ['/usr/bin/colcon', 'build', '--symlink-install']
[0.479s] DEBUG:colcon:Parsed command line arguments: Namespace(allow_overriding=[], ament_cmake_args=None, base_paths=['.'], build_base='build', catkin_cmake_args=None, catkin_skip_building_tests=False, cmake_args=None, cmake_clean_cache=False, cmake_clean_first=False, cmake_force_configure=False, cmake_target=None, cmake_target_skip_unavailable=False, continue_on_error=False, event_handlers=None, executor='parallel', ignore_user_meta=False, install_base='install', log_base=None, log_level=None, main=<bound method BuildVerb.main of <colcon_core.verb.build.BuildVerb object at 0xffffa07c72b0>>, merge_install=False, metas=['./colcon.meta'], packages_above=None, packages_above_and_dependencies=None, packages_above_depth=None, packages_end=None, packages_ignore=None, packages_ignore_regex=None, packages_select=None, packages_select_build_failed=False, packages_select_by_dep=None, packages_select_regex=None, packages_select_test_failures=False, packages_skip=None, packages_skip_build_finished=False, packages_skip_by_dep=None, packages_skip_regex=None, packages_skip_test_passed=False, packages_skip_up_to=None, packages_start=None, packages_up_to=None, packages_up_to_regex=None, parallel_workers=8, paths=None, symlink_install=True, test_result_base=None, verb_extension=<colcon_core.verb.build.BuildVerb object at 0xffffa07c72b0>, verb_name='build', verb_parser=<colcon_defaults.argument_parser.defaults.DefaultArgumentsDecorator object at 0xffffa0662c70>)
[0.740s] Level 1:colcon.colcon_core.package_discovery:discover_packages(colcon_meta) check parameters
[0.740s] Level 1:colcon.colcon_core.package_discovery:discover_packages(recursive) check parameters
[0.740s] Level 1:colcon.colcon_core.package_discovery:discover_packages(ignore) check parameters
[0.740s] Level 1:colcon.colcon_core.package_discovery:discover_packages(path) check parameters
[0.740s] Level 1:colcon.colcon_core.package_discovery:discover_packages(colcon_meta) discover
[0.740s] Level 1:colcon.colcon_core.package_discovery:discover_packages(recursive) discover
[0.741s] INFO:colcon.colcon_core.package_discovery:Crawling recursively for packages in '/home/unitree/navigation_ws'
[0.741s] Level 1:colcon.colcon_core.package_identification:_identify(.) by extensions ['ignore', 'ignore_ament_install']
[0.741s] Level 1:colcon.colcon_core.package_identification:_identify(.) by extension 'ignore'
[0.741s] Level 1:colcon.colcon_core.package_identification:_identify(.) by extension 'ignore_ament_install'
[0.741s] Level 1:colcon.colcon_core.package_identification:_identify(.) by extensions ['colcon_pkg']
[0.742s] Level 1:colcon.colcon_core.package_identification:_identify(.) by extension 'colcon_pkg'
[0.742s] Level 1:colcon.colcon_core.package_identification:_identify(.) by extensions ['colcon_meta']
[0.742s] Level 1:colcon.colcon_core.package_identification:_identify(.) by extension 'colcon_meta'
[0.742s] Level 1:colcon.colcon_core.package_identification:_identify(.) by extensions ['ros']
[0.742s] Level 1:colcon.colcon_core.package_identification:_identify(.) by extension 'ros'
[0.766s] Level 1:colcon.colcon_core.package_identification:_identify(.) by extensions ['cmake', 'python']
[0.766s] Level 1:colcon.colcon_core.package_identification:_identify(.) by extension 'cmake'
[0.766s] Level 1:colcon.colcon_core.package_identification:_identify(.) by extension 'python'
[0.767s] Level 1:colcon.colcon_core.package_identification:_identify(.) by extensions ['python_setup_py']
[0.767s] Level 1:colcon.colcon_core.package_identification:_identify(.) by extension 'python_setup_py'
[0.767s] Level 1:colcon.colcon_core.package_identification:_identify(build) by extensions ['ignore', 'ignore_ament_install']
[0.767s] Level 1:colcon.colcon_core.package_identification:_identify(build) by extension 'ignore'
[0.767s] Level 1:colcon.colcon_core.package_identification:_identify(build) ignored
[0.767s] Level 1:colcon.colcon_core.package_identification:_identify(install) by extensions ['ignore', 'ignore_ament_install']
[0.767s] Level 1:colcon.colcon_core.package_identification:_identify(install) by extension 'ignore'
[0.768s] Level 1:colcon.colcon_core.package_identification:_identify(install) ignored
[0.768s] Level 1:colcon.colcon_core.package_identification:_identify(log) by extensions ['ignore', 'ignore_ament_install']
[0.768s] Level 1:colcon.colcon_core.package_identification:_identify(log) by extension 'ignore'
[0.768s] Level 1:colcon.colcon_core.package_identification:_identify(log) ignored
[0.768s] Level 1:colcon.colcon_core.package_identification:_identify(src) by extensions ['ignore', 'ignore_ament_install']
[0.768s] Level 1:colcon.colcon_core.package_identification:_identify(src) by extension 'ignore'
[0.768s] Level 1:colcon.colcon_core.package_identification:_identify(src) by extension 'ignore_ament_install'
[0.768s] Level 1:colcon.colcon_core.package_identification:_identify(src) by extensions ['colcon_pkg']
[0.768s] Level 1:colcon.colcon_core.package_identification:_identify(src) by extension 'colcon_pkg'
[0.769s] Level 1:colcon.colcon_core.package_identification:_identify(src) by extensions ['colcon_meta']
[0.769s] Level 1:colcon.colcon_core.package_identification:_identify(src) by extension 'colcon_meta'
[0.769s] Level 1:colcon.colcon_core.package_identification:_identify(src) by extensions ['ros']
[0.769s] Level 1:colcon.colcon_core.package_identification:_identify(src) by extension 'ros'
[0.769s] Level 1:colcon.colcon_core.package_identification:_identify(src) by extensions ['cmake', 'python']
[0.769s] Level 1:colcon.colcon_core.package_identification:_identify(src) by extension 'cmake'
[0.769s] Level 1:colcon.colcon_core.package_identification:_identify(src) by extension 'python'
[0.769s] Level 1:colcon.colcon_core.package_identification:_identify(src) by extensions ['python_setup_py']
[0.769s] Level 1:colcon.colcon_core.package_identification:_identify(src) by extension 'python_setup_py'
[0.769s] Level 1:colcon.colcon_core.package_identification:_identify(src/autonomy) by extensions ['ignore', 'ignore_ament_install']
[0.769s] Level 1:colcon.colcon_core.package_identification:_identify(src/autonomy) by extension 'ignore'
[0.769s] Level 1:colcon.colcon_core.package_identification:_identify(src/autonomy) by extension 'ignore_ament_install'
[0.770s] Level 1:colcon.colcon_core.package_identification:_identify(src/autonomy) by extensions ['colcon_pkg']
[0.770s] Level 1:colcon.colcon_core.package_identification:_identify(src/autonomy) by extension 'colcon_pkg'
[0.770s] Level 1:colcon.colcon_core.package_identification:_identify(src/autonomy) by extensions ['colcon_meta']
[0.770s] Level 1:colcon.colcon_core.package_identification:_identify(src/autonomy) by extension 'colcon_meta'
[0.770s] Level 1:colcon.colcon_core.package_identification:_identify(src/autonomy) by extensions ['ros']
[0.770s] Level 1:colcon.colcon_core.package_identification:_identify(src/autonomy) by extension 'ros'
[0.770s] Level 1:colcon.colcon_core.package_identification:_identify(src/autonomy) by extensions ['cmake', 'python']
[0.770s] Level 1:colcon.colcon_core.package_identification:_identify(src/autonomy) by extension 'cmake'
[0.770s] Level 1:colcon.colcon_core.package_identification:_identify(src/autonomy) by extension 'python'
[0.770s] Level 1:colcon.colcon_core.package_identification:_identify(src/autonomy) by extensions ['python_setup_py']
[0.770s] Level 1:colcon.colcon_core.package_identification:_identify(src/autonomy) by extension 'python_setup_py'
[0.770s] Level 1:colcon.colcon_core.package_identification:_identify(src/autonomy/BehaviorTree.CPP) by extensions ['ignore', 'ignore_ament_install']
[0.771s] Level 1:colcon.colcon_core.package_identification:_identify(src/autonomy/BehaviorTree.CPP) by extension 'ignore'
[0.771s] Level 1:colcon.colcon_core.package_identification:_identify(src/autonomy/BehaviorTree.CPP) by extension 'ignore_ament_install'
[0.771s] Level 1:colcon.colcon_core.package_identification:_identify(src/autonomy/BehaviorTree.CPP) by extensions ['colcon_pkg']
[0.771s] Level 1:colcon.colcon_core.package_identification:_identify(src/autonomy/BehaviorTree.CPP) by extension 'colcon_pkg'
[0.771s] Level 1:colcon.colcon_core.package_identification:_identify(src/autonomy/BehaviorTree.CPP) by extensions ['colcon_meta']
[0.771s] Level 1:colcon.colcon_core.package_identification:_identify(src/autonomy/BehaviorTree.CPP) by extension 'colcon_meta'
[0.771s] Level 1:colcon.colcon_core.package_identification:_identify(src/autonomy/BehaviorTree.CPP) by extensions ['ros']
[0.771s] Level 1:colcon.colcon_core.package_identification:_identify(src/autonomy/BehaviorTree.CPP) by extension 'ros'
[0.776s] DEBUG:colcon.colcon_core.package_identification:Package 'src/autonomy/BehaviorTree.CPP' with type 'ros.ament_cmake' and name 'behaviortree_cpp'
[0.777s] Level 1:colcon.colcon_core.package_identification:_identify(src/autonomy/rm_autonomy) by extensions ['ignore', 'ignore_ament_install']
[0.777s] Level 1:colcon.colcon_core.package_identification:_identify(src/autonomy/rm_autonomy) by extension 'ignore'
[0.777s] Level 1:colcon.colcon_core.package_identification:_identify(src/autonomy/rm_autonomy) by extension 'ignore_ament_install'
[0.777s] Level 1:colcon.colcon_core.package_identification:_identify(src/autonomy/rm_autonomy) by extensions ['colcon_pkg']
[0.777s] Level 1:colcon.colcon_core.package_identification:_identify(src/autonomy/rm_autonomy) by extension 'colcon_pkg'
[0.777s] Level 1:colcon.colcon_core.package_identification:_identify(src/autonomy/rm_autonomy) by extensions ['colcon_meta']
[0.777s] Level 1:colcon.colcon_core.package_identification:_identify(src/autonomy/rm_autonomy) by extension 'colcon_meta'
[0.777s] Level 1:colcon.colcon_core.package_identification:_identify(src/autonomy/rm_autonomy) by extensions ['ros']
[0.778s] Level 1:colcon.colcon_core.package_identification:_identify(src/autonomy/rm_autonomy) by extension 'ros'
[0.781s] DEBUG:colcon.colcon_core.package_identification:Package 'src/autonomy/rm_autonomy' with type 'ros.ament_cmake' and name 'rm_autonomy'
[0.781s] Level 1:colcon.colcon_core.package_identification:_identify(src/autonomy/rm_autonomy_interfaces) by extensions ['ignore', 'ignore_ament_install']
[0.781s] Level 1:colcon.colcon_core.package_identification:_identify(src/autonomy/rm_autonomy_interfaces) by extension 'ignore'
[0.781s] Level 1:colcon.colcon_core.package_identification:_identify(src/autonomy/rm_autonomy_interfaces) by extension 'ignore_ament_install'
[0.781s] Level 1:colcon.colcon_core.package_identification:_identify(src/autonomy/rm_autonomy_interfaces) by extensions ['colcon_pkg']
[0.781s] Level 1:colcon.colcon_core.package_identification:_identify(src/autonomy/rm_autonomy_interfaces) by extension 'colcon_pkg'
[0.781s] Level 1:colcon.colcon_core.package_identification:_identify(src/autonomy/rm_autonomy_interfaces) by extensions ['colcon_meta']
[0.781s] Level 1:colcon.colcon_core.package_identification:_identify(src/autonomy/rm_autonomy_interfaces) by extension 'colcon_meta'
[0.782s] Level 1:colcon.colcon_core.package_identification:_identify(src/autonomy/rm_autonomy_interfaces) by extensions ['ros']
[0.782s] Level 1:colcon.colcon_core.package_identification:_identify(src/autonomy/rm_autonomy_interfaces) by extension 'ros'
[0.783s] DEBUG:colcon.colcon_core.package_identification:Package 'src/autonomy/rm_autonomy_interfaces' with type 'ros.ament_cmake' and name 'rm_autonomy_interfaces'
[0.783s] Level 1:colcon.colcon_core.package_identification:_identify(src/bringup) by extensions ['ignore', 'ignore_ament_install']
[0.783s] Level 1:colcon.colcon_core.package_identification:_identify(src/bringup) by extension 'ignore'
[0.783s] Level 1:colcon.colcon_core.package_identification:_identify(src/bringup) by extension 'ignore_ament_install'
[0.783s] Level 1:colcon.colcon_core.package_identification:_identify(src/bringup) by extensions ['colcon_pkg']
[0.783s] Level 1:colcon.colcon_core.package_identification:_identify(src/bringup) by extension 'colcon_pkg'
[0.783s] Level 1:colcon.colcon_core.package_identification:_identify(src/bringup) by extensions ['colcon_meta']
[0.783s] Level 1:colcon.colcon_core.package_identification:_identify(src/bringup) by extension 'colcon_meta'
[0.783s] Level 1:colcon.colcon_core.package_identification:_identify(src/bringup) by extensions ['ros']
[0.784s] Level 1:colcon.colcon_core.package_identification:_identify(src/bringup) by extension 'ros'
[0.785s] DEBUG:colcon.colcon_core.package_identification:Package 'src/bringup' with type 'ros.ament_cmake' and name 'bringup'
[0.785s] Level 1:colcon.colcon_core.package_identification:_identify(src/cmd_vel_processor) by extensions ['ignore', 'ignore_ament_install']
[0.785s] Level 1:colcon.colcon_core.package_identification:_identify(src/cmd_vel_processor) by extension 'ignore'
[0.785s] Level 1:colcon.colcon_core.package_identification:_identify(src/cmd_vel_processor) by extension 'ignore_ament_install'
[0.785s] Level 1:colcon.colcon_core.package_identification:_identify(src/cmd_vel_processor) by extensions ['colcon_pkg']
[0.785s] Level 1:colcon.colcon_core.package_identification:_identify(src/cmd_vel_processor) by extension 'colcon_pkg'
[0.785s] Level 1:colcon.colcon_core.package_identification:_identify(src/cmd_vel_processor) by extensions ['colcon_meta']
[0.785s] Level 1:colcon.colcon_core.package_identification:_identify(src/cmd_vel_processor) by extension 'colcon_meta'
[0.785s] Level 1:colcon.colcon_core.package_identification:_identify(src/cmd_vel_processor) by extensions ['ros']
[0.785s] Level 1:colcon.colcon_core.package_identification:_identify(src/cmd_vel_processor) by extension 'ros'
[0.786s] DEBUG:colcon.colcon_core.package_identification:Package 'src/cmd_vel_processor' with type 'ros.ament_cmake' and name 'cmd_vel_processor'
[0.787s] Level 1:colcon.colcon_core.package_identification:_identify(src/livox_ros_driver2) by extensions ['ignore', 'ignore_ament_install']
[0.787s] Level 1:colcon.colcon_core.package_identification:_identify(src/livox_ros_driver2) by extension 'ignore'
[0.787s] Level 1:colcon.colcon_core.package_identification:_identify(src/livox_ros_driver2) by extension 'ignore_ament_install'
[0.787s] Level 1:colcon.colcon_core.package_identification:_identify(src/livox_ros_driver2) by extensions ['colcon_pkg']
[0.787s] Level 1:colcon.colcon_core.package_identification:_identify(src/livox_ros_driver2) by extension 'colcon_pkg'
[0.787s] Level 1:colcon.colcon_core.package_identification:_identify(src/livox_ros_driver2) by extensions ['colcon_meta']
[0.787s] Level 1:colcon.colcon_core.package_identification:_identify(src/livox_ros_driver2) by extension 'colcon_meta'
[0.787s] Level 1:colcon.colcon_core.package_identification:_identify(src/livox_ros_driver2) by extensions ['ros']
[0.787s] Level 1:colcon.colcon_core.package_identification:_identify(src/livox_ros_driver2) by extension 'ros'
[0.789s] DEBUG:colcon.colcon_core.package_identification:Package 'src/livox_ros_driver2' with type 'ros.ament_cmake' and name 'livox_ros_driver2'
[0.789s] Level 1:colcon.colcon_core.package_identification:_identify(src/localization) by extensions ['ignore', 'ignore_ament_install']
[0.790s] Level 1:colcon.colcon_core.package_identification:_identify(src/localization) by extension 'ignore'
[0.790s] Level 1:colcon.colcon_core.package_identification:_identify(src/localization) by extension 'ignore_ament_install'
[0.790s] Level 1:colcon.colcon_core.package_identification:_identify(src/localization) by extensions ['colcon_pkg']
[0.790s] Level 1:colcon.colcon_core.package_identification:_identify(src/localization) by extension 'colcon_pkg'
[0.790s] Level 1:colcon.colcon_core.package_identification:_identify(src/localization) by extensions ['colcon_meta']
[0.790s] Level 1:colcon.colcon_core.package_identification:_identify(src/localization) by extension 'colcon_meta'
[0.790s] Level 1:colcon.colcon_core.package_identification:_identify(src/localization) by extensions ['ros']
[0.790s] Level 1:colcon.colcon_core.package_identification:_identify(src/localization) by extension 'ros'
[0.790s] Level 1:colcon.colcon_core.package_identification:_identify(src/localization) by extensions ['cmake', 'python']
[0.790s] Level 1:colcon.colcon_core.package_identification:_identify(src/localization) by extension 'cmake'
[0.790s] Level 1:colcon.colcon_core.package_identification:_identify(src/localization) by extension 'python'
[0.790s] Level 1:colcon.colcon_core.package_identification:_identify(src/localization) by extensions ['python_setup_py']
[0.791s] Level 1:colcon.colcon_core.package_identification:_identify(src/localization) by extension 'python_setup_py'
[0.791s] Level 1:colcon.colcon_core.package_identification:_identify(src/localization/FAST_LIO) by extensions ['ignore', 'ignore_ament_install']
[0.791s] Level 1:colcon.colcon_core.package_identification:_identify(src/localization/FAST_LIO) by extension 'ignore'
[0.791s] Level 1:colcon.colcon_core.package_identification:_identify(src/localization/FAST_LIO) by extension 'ignore_ament_install'
[0.791s] Level 1:colcon.colcon_core.package_identification:_identify(src/localization/FAST_LIO) by extensions ['colcon_pkg']
[0.791s] Level 1:colcon.colcon_core.package_identification:_identify(src/localization/FAST_LIO) by extension 'colcon_pkg'
[0.791s] Level 1:colcon.colcon_core.package_identification:_identify(src/localization/FAST_LIO) by extensions ['colcon_meta']
[0.791s] Level 1:colcon.colcon_core.package_identification:_identify(src/localization/FAST_LIO) by extension 'colcon_meta'
[0.791s] Level 1:colcon.colcon_core.package_identification:_identify(src/localization/FAST_LIO) by extensions ['ros']
[0.791s] Level 1:colcon.colcon_core.package_identification:_identify(src/localization/FAST_LIO) by extension 'ros'
[0.793s] DEBUG:colcon.colcon_core.package_identification:Package 'src/localization/FAST_LIO' with type 'ros.ament_cmake' and name 'fast_lio'
[0.793s] Level 1:colcon.colcon_core.package_identification:_identify(src/localization/loam_interface) by extensions ['ignore', 'ignore_ament_install']
[0.794s] Level 1:colcon.colcon_core.package_identification:_identify(src/localization/loam_interface) by extension 'ignore'
[0.794s] Level 1:colcon.colcon_core.package_identification:_identify(src/localization/loam_interface) by extension 'ignore_ament_install'
[0.794s] Level 1:colcon.colcon_core.package_identification:_identify(src/localization/loam_interface) by extensions ['colcon_pkg']
[0.794s] Level 1:colcon.colcon_core.package_identification:_identify(src/localization/loam_interface) by extension 'colcon_pkg'
[0.794s] Level 1:colcon.colcon_core.package_identification:_identify(src/localization/loam_interface) by extensions ['colcon_meta']
[0.794s] Level 1:colcon.colcon_core.package_identification:_identify(src/localization/loam_interface) by extension 'colcon_meta'
[0.794s] Level 1:colcon.colcon_core.package_identification:_identify(src/localization/loam_interface) by extensions ['ros']
[0.794s] Level 1:colcon.colcon_core.package_identification:_identify(src/localization/loam_interface) by extension 'ros'
[0.796s] DEBUG:colcon.colcon_core.package_identification:Package 'src/localization/loam_interface' with type 'ros.ament_cmake' and name 'loam_interface'
[0.796s] Level 1:colcon.colcon_core.package_identification:_identify(src/navigation2) by extensions ['ignore', 'ignore_ament_install']
[0.797s] Level 1:colcon.colcon_core.package_identification:_identify(src/navigation2) by extension 'ignore'
[0.797s] Level 1:colcon.colcon_core.package_identification:_identify(src/navigation2) by extension 'ignore_ament_install'
[0.797s] Level 1:colcon.colcon_core.package_identification:_identify(src/navigation2) by extensions ['colcon_pkg']
[0.797s] Level 1:colcon.colcon_core.package_identification:_identify(src/navigation2) by extension 'colcon_pkg'
[0.797s] Level 1:colcon.colcon_core.package_identification:_identify(src/navigation2) by extensions ['colcon_meta']
[0.797s] Level 1:colcon.colcon_core.package_identification:_identify(src/navigation2) by extension 'colcon_meta'
[0.797s] Level 1:colcon.colcon_core.package_identification:_identify(src/navigation2) by extensions ['ros']
[0.797s] Level 1:colcon.colcon_core.package_identification:_identify(src/navigation2) by extension 'ros'
[0.797s] Level 1:colcon.colcon_core.package_identification:_identify(src/navigation2) by extensions ['cmake', 'python']
[0.797s] Level 1:colcon.colcon_core.package_identification:_identify(src/navigation2) by extension 'cmake'
[0.797s] Level 1:colcon.colcon_core.package_identification:_identify(src/navigation2) by extension 'python'
[0.797s] Level 1:colcon.colcon_core.package_identification:_identify(src/navigation2) by extensions ['python_setup_py']
[0.797s] Level 1:colcon.colcon_core.package_identification:_identify(src/navigation2) by extension 'python_setup_py'
[0.798s] Level 1:colcon.colcon_core.package_identification:_identify(src/navigation2/doc) by extensions ['ignore', 'ignore_ament_install']
[0.798s] Level 1:colcon.colcon_core.package_identification:_identify(src/navigation2/doc) by extension 'ignore'
[0.798s] Level 1:colcon.colcon_core.package_identification:_identify(src/navigation2/doc) by extension 'ignore_ament_install'
[0.798s] Level 1:colcon.colcon_core.package_identification:_identify(src/navigation2/doc) by extensions ['colcon_pkg']
[0.798s] Level 1:colcon.colcon_core.package_identification:_identify(src/navigation2/doc) by extension 'colcon_pkg'
[0.798s] Level 1:colcon.colcon_core.package_identification:_identify(src/navigation2/doc) by extensions ['colcon_meta']
[0.798s] Level 1:colcon.colcon_core.package_identification:_identify(src/navigation2/doc) by extension 'colcon_meta'
[0.798s] Level 1:colcon.colcon_core.package_identification:_identify(src/navigation2/doc) by extensions ['ros']
[0.798s] Level 1:colcon.colcon_core.package_identification:_identify(src/navigation2/doc) by extension 'ros'
[0.798s] Level 1:colcon.colcon_core.package_identification:_identify(src/navigation2/doc) by extensions ['cmake', 'python']
[0.798s] Level 1:colcon.colcon_core.package_identification:_identify(src/navigation2/doc) by extension 'cmake'
[0.799s] Level 1:colcon.colcon_core.package_identification:_identify(src/navigation2/doc) by extension 'python'
[0.799s] Level 1:colcon.colcon_core.package_identification:_identify(src/navigation2/doc) by extensions ['python_setup_py']
[0.799s] Level 1:colcon.colcon_core.package_identification:_identify(src/navigation2/doc) by extension 'python_setup_py'
[0.799s] Level 1:colcon.colcon_core.package_identification:_identify(src/navigation2/doc/architecture) by extensions ['ignore', 'ignore_ament_install']
[0.799s] Level 1:colcon.colcon_core.package_identification:_identify(src/navigation2/doc/architecture) by extension 'ignore'
[0.799s] Level 1:colcon.colcon_core.package_identification:_identify(src/navigation2/doc/architecture) by extension 'ignore_ament_install'
[0.799s] Level 1:colcon.colcon_core.package_identification:_identify(src/navigation2/doc/architecture) by extensions ['colcon_pkg']
[0.799s] Level 1:colcon.colcon_core.package_identification:_identify(src/navigation2/doc/architecture) by extension 'colcon_pkg'
[0.799s] Level 1:colcon.colcon_core.package_identification:_identify(src/navigation2/doc/architecture) by extensions ['colcon_meta']
[0.799s] Level 1:colcon.colcon_core.package_identification:_identify(src/navigation2/doc/architecture) by extension 'colcon_meta'
[0.799s] Level 1:colcon.colcon_core.package_identification:_identify(src/navigation2/doc/architecture) by extensions ['ros']
[0.799s] Level 1:colcon.colcon_core.package_identification:_identify(src/navigation2/doc/architecture) by extension 'ros'
[0.800s] Level 1:colcon.colcon_core.package_identification:_identify(src/navigation2/doc/architecture) by extensions ['cmake', 'python']
[0.800s] Level 1:colcon.colcon_core.package_identification:_identify(src/navigation2/doc/architecture) by extension 'cmake'
[0.800s] Level 1:colcon.colcon_core.package_identification:_identify(src/navigation2/doc/architecture) by extension 'python'
[0.800s] Level 1:colcon.colcon_core.package_identification:_identify(src/navigation2/doc/architecture) by extensions ['python_setup_py']
[0.800s] Level 1:colcon.colcon_core.package_identification:_identify(src/navigation2/doc/architecture) by extension 'python_setup_py'
[0.800s] Level 1:colcon.colcon_core.package_identification:_identify(src/navigation2/doc/design) by extensions ['ignore', 'ignore_ament_install']
[0.800s] Level 1:colcon.colcon_core.package_identification:_identify(src/navigation2/doc/design) by extension 'ignore'
[0.800s] Level 1:colcon.colcon_core.package_identification:_identify(src/navigation2/doc/design) by extension 'ignore_ament_install'
[0.800s] Level 1:colcon.colcon_core.package_identification:_identify(src/navigation2/doc/design) by extensions ['colcon_pkg']
[0.800s] Level 1:colcon.colcon_core.package_identification:_identify(src/navigation2/doc/design) by extension 'colcon_pkg'
[0.800s] Level 1:colcon.colcon_core.package_identification:_identify(src/navigation2/doc/design) by extensions ['colcon_meta']
[0.800s] Level 1:colcon.colcon_core.package_identification:_identify(src/navigation2/doc/design) by extension 'colcon_meta'
[0.801s] Level 1:colcon.colcon_core.package_identification:_identify(src/navigation2/doc/design) by extensions ['ros']
[0.801s] Level 1:colcon.colcon_core.package_identification:_identify(src/navigation2/doc/design) by extension 'ros'
[0.801s] Level 1:colcon.colcon_core.package_identification:_identify(src/navigation2/doc/design) by extensions ['cmake', 'python']
[0.801s] Level 1:colcon.colcon_core.package_identification:_identify(src/navigation2/doc/design) by extension 'cmake'
[0.801s] Level 1:colcon.colcon_core.package_identification:_identify(src/navigation2/doc/design) by extension 'python'
[0.801s] Level 1:colcon.colcon_core.package_identification:_identify(src/navigation2/doc/design) by extensions ['python_setup_py']
[0.801s] Level 1:colcon.colcon_core.package_identification:_identify(src/navigation2/doc/design) by extension 'python_setup_py'
[0.801s] Level 1:colcon.colcon_core.package_identification:_identify(src/navigation2/doc/parameters) by extensions ['ignore', 'ignore_ament_install']
[0.801s] Level 1:colcon.colcon_core.package_identification:_identify(src/navigation2/doc/parameters) by extension 'ignore'
[0.801s] Level 1:colcon.colcon_core.package_identification:_identify(src/navigation2/doc/parameters) by extension 'ignore_ament_install'
[0.801s] Level 1:colcon.colcon_core.package_identification:_identify(src/navigation2/doc/parameters) by extensions ['colcon_pkg']
[0.802s] Level 1:colcon.colcon_core.package_identification:_identify(src/navigation2/doc/parameters) by extension 'colcon_pkg'
[0.802s] Level 1:colcon.colcon_core.package_identification:_identify(src/navigation2/doc/parameters) by extensions ['colcon_meta']
[0.802s] Level 1:colcon.colcon_core.package_identification:_identify(src/navigation2/doc/parameters) by extension 'colcon_meta'
[0.802s] Level 1:colcon.colcon_core.package_identification:_identify(src/navigation2/doc/parameters) by extensions ['ros']
[0.802s] Level 1:colcon.colcon_core.package_identification:_identify(src/navigation2/doc/parameters) by extension 'ros'
[0.802s] Level 1:colcon.colcon_core.package_identification:_identify(src/navigation2/doc/parameters) by extensions ['cmake', 'python']
[0.802s] Level 1:colcon.colcon_core.package_identification:_identify(src/navigation2/doc/parameters) by extension 'cmake'
[0.802s] Level 1:colcon.colcon_core.package_identification:_identify(src/navigation2/doc/parameters) by extension 'python'
[0.802s] Level 1:colcon.colcon_core.package_identification:_identify(src/navigation2/doc/parameters) by extensions ['python_setup_py']
[0.802s] Level 1:colcon.colcon_core.package_identification:_identify(src/navigation2/doc/parameters) by extension 'python_setup_py'
[0.802s] Level 1:colcon.colcon_core.package_identification:_identify(src/navigation2/doc/process) by extensions ['ignore', 'ignore_ament_install']
[0.802s] Level 1:colcon.colcon_core.package_identification:_identify(src/navigation2/doc/process) by extension 'ignore'
[0.803s] Level 1:colcon.colcon_core.package_identification:_identify(src/navigation2/doc/process) by extension 'ignore_ament_install'
[0.803s] Level 1:colcon.colcon_core.package_identification:_identify(src/navigation2/doc/process) by extensions ['colcon_pkg']
[0.803s] Level 1:colcon.colcon_core.package_identification:_identify(src/navigation2/doc/process) by extension 'colcon_pkg'
[0.803s] Level 1:colcon.colcon_core.package_identification:_identify(src/navigation2/doc/process) by extensions ['colcon_meta']
[0.803s] Level 1:colcon.colcon_core.package_identification:_identify(src/navigation2/doc/process) by extension 'colcon_meta'
[0.803s] Level 1:colcon.colcon_core.package_identification:_identify(src/navigation2/doc/process) by extensions ['ros']
[0.803s] Level 1:colcon.colcon_core.package_identification:_identify(src/navigation2/doc/process) by extension 'ros'
[0.803s] Level 1:colcon.colcon_core.package_identification:_identify(src/navigation2/doc/process) by extensions ['cmake', 'python']
[0.803s] Level 1:colcon.colcon_core.package_identification:_identify(src/navigation2/doc/process) by extension 'cmake'
[0.803s] Level 1:colcon.colcon_core.package_identification:_identify(src/navigation2/doc/process) by extension 'python'
[0.803s] Level 1:colcon.colcon_core.package_identification:_identify(src/navigation2/doc/process) by extensions ['python_setup_py']
[0.803s] Level 1:colcon.colcon_core.package_identification:_identify(src/navigation2/doc/process) by extension 'python_setup_py'
[0.803s] Level 1:colcon.colcon_core.package_identification:_identify(src/navigation2/doc/requirements) by extensions ['ignore', 'ignore_ament_install']
[0.804s] Level 1:colcon.colcon_core.package_identification:_identify(src/navigation2/doc/requirements) by extension 'ignore'
[0.804s] Level 1:colcon.colcon_core.package_identification:_identify(src/navigation2/doc/requirements) by extension 'ignore_ament_install'
[0.804s] Level 1:colcon.colcon_core.package_identification:_identify(src/navigation2/doc/requirements) by extensions ['colcon_pkg']
[0.804s] Level 1:colcon.colcon_core.package_identification:_identify(src/navigation2/doc/requirements) by extension 'colcon_pkg'
[0.804s] Level 1:colcon.colcon_core.package_identification:_identify(src/navigation2/doc/requirements) by extensions ['colcon_meta']
[0.804s] Level 1:colcon.colcon_core.package_identification:_identify(src/navigation2/doc/requirements) by extension 'colcon_meta'
[0.804s] Level 1:colcon.colcon_core.package_identification:_identify(src/navigation2/doc/requirements) by extensions ['ros']
[0.804s] Level 1:colcon.colcon_core.package_identification:_identify(src/navigation2/doc/requirements) by extension 'ros'
[0.804s] Level 1:colcon.colcon_core.package_identification:_identify(src/navigation2/doc/requirements) by extensions ['cmake', 'python']
[0.804s] Level 1:colcon.colcon_core.package_identification:_identify(src/navigation2/doc/requirements) by extension 'cmake'
[0.804s] Level 1:colcon.colcon_core.package_identification:_identify(src/navigation2/doc/requirements) by extension 'python'
[0.804s] Level 1:colcon.colcon_core.package_identification:_identify(src/navigation2/doc/requirements) by extensions ['python_setup_py']
[0.804s] Level 1:colcon.colcon_core.package_identification:_identify(src/navigation2/doc/requirements) by extension 'python_setup_py'
[0.805s] Level 1:colcon.colcon_core.package_identification:_identify(src/navigation2/doc/requirements/images) by extensions ['ignore', 'ignore_ament_install']
[0.805s] Level 1:colcon.colcon_core.package_identification:_identify(src/navigation2/doc/requirements/images) by extension 'ignore'
[0.805s] Level 1:colcon.colcon_core.package_identification:_identify(src/navigation2/doc/requirements/images) by extension 'ignore_ament_install'
[0.805s] Level 1:colcon.colcon_core.package_identification:_identify(src/navigation2/doc/requirements/images) by extensions ['colcon_pkg']
[0.805s] Level 1:colcon.colcon_core.package_identification:_identify(src/navigation2/doc/requirements/images) by extension 'colcon_pkg'
[0.805s] Level 1:colcon.colcon_core.package_identification:_identify(src/navigation2/doc/requirements/images) by extensions ['colcon_meta']
[0.805s] Level 1:colcon.colcon_core.package_identification:_identify(src/navigation2/doc/requirements/images) by extension 'colcon_meta'
[0.805s] Level 1:colcon.colcon_core.package_identification:_identify(src/navigation2/doc/requirements/images) by extensions ['ros']
[0.805s] Level 1:colcon.colcon_core.package_identification:_identify(src/navigation2/doc/requirements/images) by extension 'ros'
[0.805s] Level 1:colcon.colcon_core.package_identification:_identify(src/navigation2/doc/requirements/images) by extensions ['cmake', 'python']
[0.805s] Level 1:colcon.colcon_core.package_identification:_identify(src/navigation2/doc/requirements/images) by extension 'cmake'
[0.805s] Level 1:colcon.colcon_core.package_identification:_identify(src/navigation2/doc/requirements/images) by extension 'python'
[0.806s] Level 1:colcon.colcon_core.package_identification:_identify(src/navigation2/doc/requirements/images) by extensions ['python_setup_py']
[0.806s] Level 1:colcon.colcon_core.package_identification:_identify(src/navigation2/doc/requirements/images) by extension 'python_setup_py'
[0.806s] Level 1:colcon.colcon_core.package_identification:_identify(src/navigation2/doc/use_cases) by extensions ['ignore', 'ignore_ament_install']
[0.806s] Level 1:colcon.colcon_core.package_identification:_identify(src/navigation2/doc/use_cases) by extension 'ignore'
[0.806s] Level 1:colcon.colcon_core.package_identification:_identify(src/navigation2/doc/use_cases) by extension 'ignore_ament_install'
[0.806s] Level 1:colcon.colcon_core.package_identification:_identify(src/navigation2/doc/use_cases) by extensions ['colcon_pkg']
[0.806s] Level 1:colcon.colcon_core.package_identification:_identify(src/navigation2/doc/use_cases) by extension 'colcon_pkg'
[0.806s] Level 1:colcon.colcon_core.package_identification:_identify(src/navigation2/doc/use_cases) by extensions ['colcon_meta']
[0.806s] Level 1:colcon.colcon_core.package_identification:_identify(src/navigation2/doc/use_cases) by extension 'colcon_meta'
[0.806s] Level 1:colcon.colcon_core.package_identification:_identify(src/navigation2/doc/use_cases) by extensions ['ros']
[0.806s] Level 1:colcon.colcon_core.package_identification:_identify(src/navigation2/doc/use_cases) by extension 'ros'
[0.807s] Level 1:colcon.colcon_core.package_identification:_identify(src/navigation2/doc/use_cases) by extensions ['cmake', 'python']
[0.807s] Level 1:colcon.colcon_core.package_identification:_identify(src/navigation2/doc/use_cases) by extension 'cmake'
[0.807s] Level 1:colcon.colcon_core.package_identification:_identify(src/navigation2/doc/use_cases) by extension 'python'
[0.807s] Level 1:colcon.colcon_core.package_identification:_identify(src/navigation2/doc/use_cases) by extensions ['python_setup_py']
[0.807s] Level 1:colcon.colcon_core.package_identification:_identify(src/navigation2/doc/use_cases) by extension 'python_setup_py'
[0.807s] Level 1:colcon.colcon_core.package_identification:_identify(src/navigation2/nav2_amcl) by extensions ['ignore', 'ignore_ament_install']
[0.807s] Level 1:colcon.colcon_core.package_identification:_identify(src/navigation2/nav2_amcl) by extension 'ignore'
[0.807s] Level 1:colcon.colcon_core.package_identification:_identify(src/navigation2/nav2_amcl) by extension 'ignore_ament_install'
[0.807s] Level 1:colcon.colcon_core.package_identification:_identify(src/navigation2/nav2_amcl) by extensions ['colcon_pkg']
[0.807s] Level 1:colcon.colcon_core.package_identification:_identify(src/navigation2/nav2_amcl) by extension 'colcon_pkg'
[0.807s] Level 1:colcon.colcon_core.package_identification:_identify(src/navigation2/nav2_amcl) by extensions ['colcon_meta']
[0.807s] Level 1:colcon.colcon_core.package_identification:_identify(src/navigation2/nav2_amcl) by extension 'colcon_meta'
[0.807s] Level 1:colcon.colcon_core.package_identification:_identify(src/navigation2/nav2_amcl) by extensions ['ros']
[0.808s] Level 1:colcon.colcon_core.package_identification:_identify(src/navigation2/nav2_amcl) by extension 'ros'
[0.810s] DEBUG:colcon.colcon_core.package_identification:Package 'src/navigation2/nav2_amcl' with type 'ros.ament_cmake' and name 'nav2_amcl'
[0.810s] Level 1:colcon.colcon_core.package_identification:_identify(src/navigation2/nav2_behavior_tree) by extensions ['ignore', 'ignore_ament_install']
[0.810s] Level 1:colcon.colcon_core.package_identification:_identify(src/navigation2/nav2_behavior_tree) by extension 'ignore'
[0.810s] Level 1:colcon.colcon_core.package_identification:_identify(src/navigation2/nav2_behavior_tree) by extension 'ignore_ament_install'
[0.810s] Level 1:colcon.colcon_core.package_identification:_identify(src/navigation2/nav2_behavior_tree) by extensions ['colcon_pkg']
[0.810s] Level 1:colcon.colcon_core.package_identification:_identify(src/navigation2/nav2_behavior_tree) by extension 'colcon_pkg'
[0.811s] Level 1:colcon.colcon_core.package_identification:_identify(src/navigation2/nav2_behavior_tree) by extensions ['colcon_meta']
[0.811s] Level 1:colcon.colcon_core.package_identification:_identify(src/navigation2/nav2_behavior_tree) by extension 'colcon_meta'
[0.811s] Level 1:colcon.colcon_core.package_identification:_identify(src/navigation2/nav2_behavior_tree) by extensions ['ros']
[0.811s] Level 1:colcon.colcon_core.package_identification:_identify(src/navigation2/nav2_behavior_tree) by extension 'ros'
[0.812s] DEBUG:colcon.colcon_core.package_identification:Package 'src/navigation2/nav2_behavior_tree' with type 'ros.ament_cmake' and name 'nav2_behavior_tree'
[0.813s] Level 1:colcon.colcon_core.package_identification:_identify(src/navigation2/nav2_bringup) by extensions ['ignore', 'ignore_ament_install']
[0.813s] Level 1:colcon.colcon_core.package_identification:_identify(src/navigation2/nav2_bringup) by extension 'ignore'
[0.813s] Level 1:colcon.colcon_core.package_identification:_identify(src/navigation2/nav2_bringup) by extension 'ignore_ament_install'
[0.813s] Level 1:colcon.colcon_core.package_identification:_identify(src/navigation2/nav2_bringup) by extensions ['colcon_pkg']
[0.813s] Level 1:colcon.colcon_core.package_identification:_identify(src/navigation2/nav2_bringup) by extension 'colcon_pkg'
[0.813s] Level 1:colcon.colcon_core.package_identification:_identify(src/navigation2/nav2_bringup) by extensions ['colcon_meta']
[0.813s] Level 1:colcon.colcon_core.package_identification:_identify(src/navigation2/nav2_bringup) by extension 'colcon_meta'
[0.813s] Level 1:colcon.colcon_core.package_identification:_identify(src/navigation2/nav2_bringup) by extensions ['ros']
[0.813s] Level 1:colcon.colcon_core.package_identification:_identify(src/navigation2/nav2_bringup) by extension 'ros'
[0.813s] Level 1:colcon.colcon_core.package_identification:_identify(src/navigation2/nav2_bringup) by extensions ['cmake', 'python']
[0.813s] Level 1:colcon.colcon_core.package_identification:_identify(src/navigation2/nav2_bringup) by extension 'cmake'
[0.813s] Level 1:colcon.colcon_core.package_identification:_identify(src/navigation2/nav2_bringup) by extension 'python'
[0.814s] Level 1:colcon.colcon_core.package_identification:_identify(src/navigation2/nav2_bringup) by extensions ['python_setup_py']
[0.814s] Level 1:colcon.colcon_core.package_identification:_identify(src/navigation2/nav2_bringup) by extension 'python_setup_py'
[0.814s] Level 1:colcon.colcon_core.package_identification:_identify(src/navigation2/nav2_bringup/bringup) by extensions ['ignore', 'ignore_ament_install']
[0.814s] Level 1:colcon.colcon_core.package_identification:_identify(src/navigation2/nav2_bringup/bringup) by extension 'ignore'
[0.814s] Level 1:colcon.colcon_core.package_identification:_identify(src/navigation2/nav2_bringup/bringup) by extension 'ignore_ament_install'
[0.814s] Level 1:colcon.colcon_core.package_identification:_identify(src/navigation2/nav2_bringup/bringup) by extensions ['colcon_pkg']
[0.814s] Level 1:colcon.colcon_core.package_identification:_identify(src/navigation2/nav2_bringup/bringup) by extension 'colcon_pkg'
[0.814s] Level 1:colcon.colcon_core.package_identification:_identify(src/navigation2/nav2_bringup/bringup) by extensions ['colcon_meta']
[0.814s] Level 1:colcon.colcon_core.package_identification:_identify(src/navigation2/nav2_bringup/bringup) by extension 'colcon_meta'
[0.814s] Level 1:colcon.colcon_core.package_identification:_identify(src/navigation2/nav2_bringup/bringup) by extensions ['ros']
[0.814s] Level 1:colcon.colcon_core.package_identification:_identify(src/navigation2/nav2_bringup/bringup) by extension 'ros'
[0.815s] DEBUG:colcon.colcon_core.package_identification:Package 'src/navigation2/nav2_bringup/bringup' with type 'ros.ament_cmake' and name 'nav2_bringup'
[0.816s] Level 1:colcon.colcon_core.package_identification:_identify(src/navigation2/nav2_bt_navigator) by extensions ['ignore', 'ignore_ament_install']
[0.816s] Level 1:colcon.colcon_core.package_identification:_identify(src/navigation2/nav2_bt_navigator) by extension 'ignore'
[0.816s] Level 1:colcon.colcon_core.package_identification:_identify(src/navigation2/nav2_bt_navigator) by extension 'ignore_ament_install'
[0.816s] Level 1:colcon.colcon_core.package_identification:_identify(src/navigation2/nav2_bt_navigator) by extensions ['colcon_pkg']
[0.816s] Level 1:colcon.colcon_core.package_identification:_identify(src/navigation2/nav2_bt_navigator) by extension 'colcon_pkg'
[0.816s] Level 1:colcon.colcon_core.package_identification:_identify(src/navigation2/nav2_bt_navigator) by extensions ['colcon_meta']
[0.816s] Level 1:colcon.colcon_core.package_identification:_identify(src/navigation2/nav2_bt_navigator) by extension 'colcon_meta'
[0.816s] Level 1:colcon.colcon_core.package_identification:_identify(src/navigation2/nav2_bt_navigator) by extensions ['ros']
[0.816s] Level 1:colcon.colcon_core.package_identification:_identify(src/navigation2/nav2_bt_navigator) by extension 'ros'
[0.818s] DEBUG:colcon.colcon_core.package_identification:Package 'src/navigation2/nav2_bt_navigator' with type 'ros.ament_cmake' and name 'nav2_bt_navigator'
[0.818s] Level 1:colcon.colcon_core.package_identification:_identify(src/navigation2/nav2_common) by extensions ['ignore', 'ignore_ament_install']
[0.818s] Level 1:colcon.colcon_core.package_identification:_identify(src/navigation2/nav2_common) by extension 'ignore'
[0.818s] Level 1:colcon.colcon_core.package_identification:_identify(src/navigation2/nav2_common) by extension 'ignore_ament_install'
[0.818s] Level 1:colcon.colcon_core.package_identification:_identify(src/navigation2/nav2_common) by extensions ['colcon_pkg']
[0.818s] Level 1:colcon.colcon_core.package_identification:_identify(src/navigation2/nav2_common) by extension 'colcon_pkg'
[0.818s] Level 1:colcon.colcon_core.package_identification:_identify(src/navigation2/nav2_common) by extensions ['colcon_meta']
[0.818s] Level 1:colcon.colcon_core.package_identification:_identify(src/navigation2/nav2_common) by extension 'colcon_meta'
[0.818s] Level 1:colcon.colcon_core.package_identification:_identify(src/navigation2/nav2_common) by extensions ['ros']
[0.818s] Level 1:colcon.colcon_core.package_identification:_identify(src/navigation2/nav2_common) by extension 'ros'
[0.820s] DEBUG:colcon.colcon_core.package_identification:Package 'src/navigation2/nav2_common' with type 'ros.ament_cmake' and name 'nav2_common'
[0.820s] Level 1:colcon.colcon_core.package_identification:_identify(src/navigation2/nav2_controller) by extensions ['ignore', 'ignore_ament_install']
[0.820s] Level 1:colcon.colcon_core.package_identification:_identify(src/navigation2/nav2_controller) by extension 'ignore'
[0.820s] Level 1:colcon.colcon_core.package_identification:_identify(src/navigation2/nav2_controller) by extension 'ignore_ament_install'
[0.820s] Level 1:colcon.colcon_core.package_identification:_identify(src/navigation2/nav2_controller) by extensions ['colcon_pkg']
[0.820s] Level 1:colcon.colcon_core.package_identification:_identify(src/navigation2/nav2_controller) by extension 'colcon_pkg'
[0.820s] Level 1:colcon.colcon_core.package_identification:_identify(src/navigation2/nav2_controller) by extensions ['colcon_meta']
[0.820s] Level 1:colcon.colcon_core.package_identification:_identify(src/navigation2/nav2_controller) by extension 'colcon_meta'
[0.820s] Level 1:colcon.colcon_core.package_identification:_identify(src/navigation2/nav2_controller) by extensions ['ros']
[0.821s] Level 1:colcon.colcon_core.package_identification:_identify(src/navigation2/nav2_controller) by extension 'ros'
[0.822s] DEBUG:colcon.colcon_core.package_identification:Package 'src/navigation2/nav2_controller' with type 'ros.ament_cmake' and name 'nav2_controller'
[0.823s] Level 1:colcon.colcon_core.package_identification:_identify(src/navigation2/nav2_core) by extensions ['ignore', 'ignore_ament_install']
[0.823s] Level 1:colcon.colcon_core.package_identification:_identify(src/navigation2/nav2_core) by extension 'ignore'
[0.823s] Level 1:colcon.colcon_core.package_identification:_identify(src/navigation2/nav2_core) by extension 'ignore_ament_install'
[0.823s] Level 1:colcon.colcon_core.package_identification:_identify(src/navigation2/nav2_core) by extensions ['colcon_pkg']
[0.823s] Level 1:colcon.colcon_core.package_identification:_identify(src/navigation2/nav2_core) by extension 'colcon_pkg'
[0.823s] Level 1:colcon.colcon_core.package_identification:_identify(src/navigation2/nav2_core) by extensions ['colcon_meta']
[0.823s] Level 1:colcon.colcon_core.package_identification:_identify(src/navigation2/nav2_core) by extension 'colcon_meta'
[0.823s] Level 1:colcon.colcon_core.package_identification:_identify(src/navigation2/nav2_core) by extensions ['ros']
[0.823s] Level 1:colcon.colcon_core.package_identification:_identify(src/navigation2/nav2_core) by extension 'ros'
[0.825s] DEBUG:colcon.colcon_core.package_identification:Package 'src/navigation2/nav2_core' with type 'ros.ament_cmake' and name 'nav2_core'
[0.825s] Level 1:colcon.colcon_core.package_identification:_identify(src/navigation2/nav2_costmap_2d) by extensions ['ignore', 'ignore_ament_install']
[0.825s] Level 1:colcon.colcon_core.package_identification:_identify(src/navigation2/nav2_costmap_2d) by extension 'ignore'
[0.825s] Level 1:colcon.colcon_core.package_identification:_identify(src/navigation2/nav2_costmap_2d) by extension 'ignore_ament_install'
[0.826s] Level 1:colcon.colcon_core.package_identification:_identify(src/navigation2/nav2_costmap_2d) by extensions ['colcon_pkg']
[0.826s] Level 1:colcon.colcon_core.package_identification:_identify(src/navigation2/nav2_costmap_2d) by extension 'colcon_pkg'
[0.826s] Level 1:colcon.colcon_core.package_identification:_identify(src/navigation2/nav2_costmap_2d) by extensions ['colcon_meta']
[0.826s] Level 1:colcon.colcon_core.package_identification:_identify(src/navigation2/nav2_costmap_2d) by extension 'colcon_meta'
[0.826s] Level 1:colcon.colcon_core.package_identification:_identify(src/navigation2/nav2_costmap_2d) by extensions ['ros']
[0.826s] Level 1:colcon.colcon_core.package_identification:_identify(src/navigation2/nav2_costmap_2d) by extension 'ros'
[0.829s] DEBUG:colcon.colcon_core.package_identification:Package 'src/navigation2/nav2_costmap_2d' with type 'ros.ament_cmake' and name 'nav2_costmap_2d'
[0.829s] Level 1:colcon.colcon_core.package_identification:_identify(src/navigation2/nav2_dwb_controller) by extensions ['ignore', 'ignore_ament_install']
[0.829s] Level 1:colcon.colcon_core.package_identification:_identify(src/navigation2/nav2_dwb_controller) by extension 'ignore'
[0.829s] Level 1:colcon.colcon_core.package_identification:_identify(src/navigation2/nav2_dwb_controller) by extension 'ignore_ament_install'
[0.829s] Level 1:colcon.colcon_core.package_identification:_identify(src/navigation2/nav2_dwb_controller) by extensions ['colcon_pkg']
[0.829s] Level 1:colcon.colcon_core.package_identification:_identify(src/navigation2/nav2_dwb_controller) by extension 'colcon_pkg'
[0.830s] Level 1:colcon.colcon_core.package_identification:_identify(src/navigation2/nav2_dwb_controller) by extensions ['colcon_meta']
[0.830s] Level 1:colcon.colcon_core.package_identification:_identify(src/navigation2/nav2_dwb_controller) by extension 'colcon_meta'
[0.830s] Level 1:colcon.colcon_core.package_identification:_identify(src/navigation2/nav2_dwb_controller) by extensions ['ros']
[0.830s] Level 1:colcon.colcon_core.package_identification:_identify(src/navigation2/nav2_dwb_controller) by extension 'ros'
[0.830s] Level 1:colcon.colcon_core.package_identification:_identify(src/navigation2/nav2_dwb_controller) by extensions ['cmake', 'python']
[0.830s] Level 1:colcon.colcon_core.package_identification:_identify(src/navigation2/nav2_dwb_controller) by extension 'cmake'
[0.830s] Level 1:colcon.colcon_core.package_identification:_identify(src/navigation2/nav2_dwb_controller) by extension 'python'
[0.830s] Level 1:colcon.colcon_core.package_identification:_identify(src/navigation2/nav2_dwb_controller) by extensions ['python_setup_py']
[0.830s] Level 1:colcon.colcon_core.package_identification:_identify(src/navigation2/nav2_dwb_controller) by extension 'python_setup_py'
[0.830s] Level 1:colcon.colcon_core.package_identification:_identify(src/navigation2/nav2_dwb_controller/costmap_queue) by extensions ['ignore', 'ignore_ament_install']
[0.830s] Level 1:colcon.colcon_core.package_identification:_identify(src/navigation2/nav2_dwb_controller/costmap_queue) by extension 'ignore'
[0.831s] Level 1:colcon.colcon_core.package_identification:_identify(src/navigation2/nav2_dwb_controller/costmap_queue) by extension 'ignore_ament_install'
[0.831s] Level 1:colcon.colcon_core.package_identification:_identify(src/navigation2/nav2_dwb_controller/costmap_queue) by extensions ['colcon_pkg']
[0.831s] Level 1:colcon.colcon_core.package_identification:_identify(src/navigation2/nav2_dwb_controller/costmap_queue) by extension 'colcon_pkg'
[0.831s] Level 1:colcon.colcon_core.package_identification:_identify(src/navigation2/nav2_dwb_controller/costmap_queue) by extensions ['colcon_meta']
[0.831s] Level 1:colcon.colcon_core.package_identification:_identify(src/navigation2/nav2_dwb_controller/costmap_queue) by extension 'colcon_meta'
[0.831s] Level 1:colcon.colcon_core.package_identification:_identify(src/navigation2/nav2_dwb_controller/costmap_queue) by extensions ['ros']
[0.831s] Level 1:colcon.colcon_core.package_identification:_identify(src/navigation2/nav2_dwb_controller/costmap_queue) by extension 'ros'
[0.832s] DEBUG:colcon.colcon_core.package_identification:Package 'src/navigation2/nav2_dwb_controller/costmap_queue' with type 'ros.ament_cmake' and name 'costmap_queue'
[0.832s] Level 1:colcon.colcon_core.package_identification:_identify(src/navigation2/nav2_dwb_controller/dwb_core) by extensions ['ignore', 'ignore_ament_install']
[0.832s] Level 1:colcon.colcon_core.package_identification:_identify(src/navigation2/nav2_dwb_controller/dwb_core) by extension 'ignore'
[0.833s] Level 1:colcon.colcon_core.package_identification:_identify(src/navigation2/nav2_dwb_controller/dwb_core) by extension 'ignore_ament_install'
[0.833s] Level 1:colcon.colcon_core.package_identification:_identify(src/navigation2/nav2_dwb_controller/dwb_core) by extensions ['colcon_pkg']
[0.833s] Level 1:colcon.colcon_core.package_identification:_identify(src/navigation2/nav2_dwb_controller/dwb_core) by extension 'colcon_pkg'
[0.833s] Level 1:colcon.colcon_core.package_identification:_identify(src/navigation2/nav2_dwb_controller/dwb_core) by extensions ['colcon_meta']
[0.833s] Level 1:colcon.colcon_core.package_identification:_identify(src/navigation2/nav2_dwb_controller/dwb_core) by extension 'colcon_meta'
[0.833s] Level 1:colcon.colcon_core.package_identification:_identify(src/navigation2/nav2_dwb_controller/dwb_core) by extensions ['ros']
[0.833s] Level 1:colcon.colcon_core.package_identification:_identify(src/navigation2/nav2_dwb_controller/dwb_core) by extension 'ros'
[0.835s] DEBUG:colcon.colcon_core.package_identification:Package 'src/navigation2/nav2_dwb_controller/dwb_core' with type 'ros.ament_cmake' and name 'dwb_core'
[0.835s] Level 1:colcon.colcon_core.package_identification:_identify(src/navigation2/nav2_dwb_controller/dwb_critics) by extensions ['ignore', 'ignore_ament_install']
[0.835s] Level 1:colcon.colcon_core.package_identification:_identify(src/navigation2/nav2_dwb_controller/dwb_critics) by extension 'ignore'
[0.835s] Level 1:colcon.colcon_core.package_identification:_identify(src/navigation2/nav2_dwb_controller/dwb_critics) by extension 'ignore_ament_install'
[0.835s] Level 1:colcon.colcon_core.package_identification:_identify(src/navigation2/nav2_dwb_controller/dwb_critics) by extensions ['colcon_pkg']
[0.835s] Level 1:colcon.colcon_core.package_identification:_identify(src/navigation2/nav2_dwb_controller/dwb_critics) by extension 'colcon_pkg'
[0.835s] Level 1:colcon.colcon_core.package_identification:_identify(src/navigation2/nav2_dwb_controller/dwb_critics) by extensions ['colcon_meta']
[0.835s] Level 1:colcon.colcon_core.package_identification:_identify(src/navigation2/nav2_dwb_controller/dwb_critics) by extension 'colcon_meta'
[0.835s] Level 1:colcon.colcon_core.package_identification:_identify(src/navigation2/nav2_dwb_controller/dwb_critics) by extensions ['ros']
[0.835s] Level 1:colcon.colcon_core.package_identification:_identify(src/navigation2/nav2_dwb_controller/dwb_critics) by extension 'ros'
[0.837s] DEBUG:colcon.colcon_core.package_identification:Package 'src/navigation2/nav2_dwb_controller/dwb_critics' with type 'ros.ament_cmake' and name 'dwb_critics'
[0.837s] Level 1:colcon.colcon_core.package_identification:_identify(src/navigation2/nav2_dwb_controller/dwb_msgs) by extensions ['ignore', 'ignore_ament_install']
[0.838s] Level 1:colcon.colcon_core.package_identification:_identify(src/navigation2/nav2_dwb_controller/dwb_msgs) by extension 'ignore'
[0.838s] Level 1:colcon.colcon_core.package_identification:_identify(src/navigation2/nav2_dwb_controller/dwb_msgs) by extension 'ignore_ament_install'
[0.838s] Level 1:colcon.colcon_core.package_identification:_identify(src/navigation2/nav2_dwb_controller/dwb_msgs) by extensions ['colcon_pkg']
[0.838s] Level 1:colcon.colcon_core.package_identification:_identify(src/navigation2/nav2_dwb_controller/dwb_msgs) by extension 'colcon_pkg'
[0.838s] Level 1:colcon.colcon_core.package_identification:_identify(src/navigation2/nav2_dwb_controller/dwb_msgs) by extensions ['colcon_meta']
[0.838s] Level 1:colcon.colcon_core.package_identification:_identify(src/navigation2/nav2_dwb_controller/dwb_msgs) by extension 'colcon_meta'
[0.838s] Level 1:colcon.colcon_core.package_identification:_identify(src/navigation2/nav2_dwb_controller/dwb_msgs) by extensions ['ros']
[0.838s] Level 1:colcon.colcon_core.package_identification:_identify(src/navigation2/nav2_dwb_controller/dwb_msgs) by extension 'ros'
[0.841s] DEBUG:colcon.colcon_core.package_identification:Package 'src/navigation2/nav2_dwb_controller/dwb_msgs' with type 'ros.ament_cmake' and name 'dwb_msgs'
[0.842s] Level 1:colcon.colcon_core.package_identification:_identify(src/navigation2/nav2_dwb_controller/dwb_plugins) by extensions ['ignore', 'ignore_ament_install']
[0.842s] Level 1:colcon.colcon_core.package_identification:_identify(src/navigation2/nav2_dwb_controller/dwb_plugins) by extension 'ignore'
[0.842s] Level 1:colcon.colcon_core.package_identification:_identify(src/navigation2/nav2_dwb_controller/dwb_plugins) by extension 'ignore_ament_install'
[0.842s] Level 1:colcon.colcon_core.package_identification:_identify(src/navigation2/nav2_dwb_controller/dwb_plugins) by extensions ['colcon_pkg']
[0.842s] Level 1:colcon.colcon_core.package_identification:_identify(src/navigation2/nav2_dwb_controller/dwb_plugins) by extension 'colcon_pkg'
[0.842s] Level 1:colcon.colcon_core.package_identification:_identify(src/navigation2/nav2_dwb_controller/dwb_plugins) by extensions ['colcon_meta']
[0.842s] Level 1:colcon.colcon_core.package_identification:_identify(src/navigation2/nav2_dwb_controller/dwb_plugins) by extension 'colcon_meta'
[0.842s] Level 1:colcon.colcon_core.package_identification:_identify(src/navigation2/nav2_dwb_controller/dwb_plugins) by extensions ['ros']
[0.842s] Level 1:colcon.colcon_core.package_identification:_identify(src/navigation2/nav2_dwb_controller/dwb_plugins) by extension 'ros'
[0.844s] DEBUG:colcon.colcon_core.package_identification:Package 'src/navigation2/nav2_dwb_controller/dwb_plugins' with type 'ros.ament_cmake' and name 'dwb_plugins'
[0.844s] Level 1:colcon.colcon_core.package_identification:_identify(src/navigation2/nav2_dwb_controller/images) by extensions ['ignore', 'ignore_ament_install']
[0.844s] Level 1:colcon.colcon_core.package_identification:_identify(src/navigation2/nav2_dwb_controller/images) by extension 'ignore'
[0.844s] Level 1:colcon.colcon_core.package_identification:_identify(src/navigation2/nav2_dwb_controller/images) by extension 'ignore_ament_install'
[0.845s] Level 1:colcon.colcon_core.package_identification:_identify(src/navigation2/nav2_dwb_controller/images) by extensions ['colcon_pkg']
[0.845s] Level 1:colcon.colcon_core.package_identification:_identify(src/navigation2/nav2_dwb_controller/images) by extension 'colcon_pkg'
[0.845s] Level 1:colcon.colcon_core.package_identification:_identify(src/navigation2/nav2_dwb_controller/images) by extensions ['colcon_meta']
[0.845s] Level 1:colcon.colcon_core.package_identification:_identify(src/navigation2/nav2_dwb_controller/images) by extension 'colcon_meta'
[0.845s] Level 1:colcon.colcon_core.package_identification:_identify(src/navigation2/nav2_dwb_controller/images) by extensions ['ros']
[0.845s] Level 1:colcon.colcon_core.package_identification:_identify(src/navigation2/nav2_dwb_controller/images) by extension 'ros'
[0.845s] Level 1:colcon.colcon_core.package_identification:_identify(src/navigation2/nav2_dwb_controller/images) by extensions ['cmake', 'python']
[0.845s] Level 1:colcon.colcon_core.package_identification:_identify(src/navigation2/nav2_dwb_controller/images) by extension 'cmake'
[0.845s] Level 1:colcon.colcon_core.package_identification:_identify(src/navigation2/nav2_dwb_controller/images) by extension 'python'
[0.845s] Level 1:colcon.colcon_core.package_identification:_identify(src/navigation2/nav2_dwb_controller/images) by extensions ['python_setup_py']
[0.845s] Level 1:colcon.colcon_core.package_identification:_identify(src/navigation2/nav2_dwb_controller/images) by extension 'python_setup_py'
[0.845s] Level 1:colcon.colcon_core.package_identification:_identify(src/navigation2/nav2_dwb_controller/nav2_dwb_controller) by extensions ['ignore', 'ignore_ament_install']
[0.846s] Level 1:colcon.colcon_core.package_identification:_identify(src/navigation2/nav2_dwb_controller/nav2_dwb_controller) by extension 'ignore'
[0.846s] Level 1:colcon.colcon_core.package_identification:_identify(src/navigation2/nav2_dwb_controller/nav2_dwb_controller) by extension 'ignore_ament_install'
[0.846s] Level 1:colcon.colcon_core.package_identification:_identify(src/navigation2/nav2_dwb_controller/nav2_dwb_controller) by extensions ['colcon_pkg']
[0.846s] Level 1:colcon.colcon_core.package_identification:_identify(src/navigation2/nav2_dwb_controller/nav2_dwb_controller) by extension 'colcon_pkg'
[0.846s] Level 1:colcon.colcon_core.package_identification:_identify(src/navigation2/nav2_dwb_controller/nav2_dwb_controller) by extensions ['colcon_meta']
[0.846s] Level 1:colcon.colcon_core.package_identification:_identify(src/navigation2/nav2_dwb_controller/nav2_dwb_controller) by extension 'colcon_meta'
[0.846s] Level 1:colcon.colcon_core.package_identification:_identify(src/navigation2/nav2_dwb_controller/nav2_dwb_controller) by extensions ['ros']
[0.846s] Level 1:colcon.colcon_core.package_identification:_identify(src/navigation2/nav2_dwb_controller/nav2_dwb_controller) by extension 'ros'
[0.848s] DEBUG:colcon.colcon_core.package_identification:Package 'src/navigation2/nav2_dwb_controller/nav2_dwb_controller' with type 'ros.ament_cmake' and name 'nav2_dwb_controller'
[0.848s] Level 1:colcon.colcon_core.package_identification:_identify(src/navigation2/nav2_dwb_controller/nav_2d_msgs) by extensions ['ignore', 'ignore_ament_install']
[0.848s] Level 1:colcon.colcon_core.package_identification:_identify(src/navigation2/nav2_dwb_controller/nav_2d_msgs) by extension 'ignore'
[0.848s] Level 1:colcon.colcon_core.package_identification:_identify(src/navigation2/nav2_dwb_controller/nav_2d_msgs) by extension 'ignore_ament_install'
[0.848s] Level 1:colcon.colcon_core.package_identification:_identify(src/navigation2/nav2_dwb_controller/nav_2d_msgs) by extensions ['colcon_pkg']
[0.848s] Level 1:colcon.colcon_core.package_identification:_identify(src/navigation2/nav2_dwb_controller/nav_2d_msgs) by extension 'colcon_pkg'
[0.848s] Level 1:colcon.colcon_core.package_identification:_identify(src/navigation2/nav2_dwb_controller/nav_2d_msgs) by extensions ['colcon_meta']
[0.848s] Level 1:colcon.colcon_core.package_identification:_identify(src/navigation2/nav2_dwb_controller/nav_2d_msgs) by extension 'colcon_meta'
[0.848s] Level 1:colcon.colcon_core.package_identification:_identify(src/navigation2/nav2_dwb_controller/nav_2d_msgs) by extensions ['ros']
[0.848s] Level 1:colcon.colcon_core.package_identification:_identify(src/navigation2/nav2_dwb_controller/nav_2d_msgs) by extension 'ros'
[0.850s] DEBUG:colcon.colcon_core.package_identification:Package 'src/navigation2/nav2_dwb_controller/nav_2d_msgs' with type 'ros.ament_cmake' and name 'nav_2d_msgs'
[0.850s] Level 1:colcon.colcon_core.package_identification:_identify(src/navigation2/nav2_dwb_controller/nav_2d_utils) by extensions ['ignore', 'ignore_ament_install']
[0.850s] Level 1:colcon.colcon_core.package_identification:_identify(src/navigation2/nav2_dwb_controller/nav_2d_utils) by extension 'ignore'
[0.850s] Level 1:colcon.colcon_core.package_identification:_identify(src/navigation2/nav2_dwb_controller/nav_2d_utils) by extension 'ignore_ament_install'
[0.850s] Level 1:colcon.colcon_core.package_identification:_identify(src/navigation2/nav2_dwb_controller/nav_2d_utils) by extensions ['colcon_pkg']
[0.850s] Level 1:colcon.colcon_core.package_identification:_identify(src/navigation2/nav2_dwb_controller/nav_2d_utils) by extension 'colcon_pkg'
[0.850s] Level 1:colcon.colcon_core.package_identification:_identify(src/navigation2/nav2_dwb_controller/nav_2d_utils) by extensions ['colcon_meta']
[0.850s] Level 1:colcon.colcon_core.package_identification:_identify(src/navigation2/nav2_dwb_controller/nav_2d_utils) by extension 'colcon_meta'
[0.850s] Level 1:colcon.colcon_core.package_identification:_identify(src/navigation2/nav2_dwb_controller/nav_2d_utils) by extensions ['ros']
[0.850s] Level 1:colcon.colcon_core.package_identification:_identify(src/navigation2/nav2_dwb_controller/nav_2d_utils) by extension 'ros'
[0.852s] DEBUG:colcon.colcon_core.package_identification:Package 'src/navigation2/nav2_dwb_controller/nav_2d_utils' with type 'ros.ament_cmake' and name 'nav_2d_utils'
[0.852s] Level 1:colcon.colcon_core.package_identification:_identify(src/navigation2/nav2_lifecycle_manager) by extensions ['ignore', 'ignore_ament_install']
[0.852s] Level 1:colcon.colcon_core.package_identification:_identify(src/navigation2/nav2_lifecycle_manager) by extension 'ignore'
[0.852s] Level 1:colcon.colcon_core.package_identification:_identify(src/navigation2/nav2_lifecycle_manager) by extension 'ignore_ament_install'
[0.852s] Level 1:colcon.colcon_core.package_identification:_identify(src/navigation2/nav2_lifecycle_manager) by extensions ['colcon_pkg']
[0.853s] Level 1:colcon.colcon_core.package_identification:_identify(src/navigation2/nav2_lifecycle_manager) by extension 'colcon_pkg'
[0.853s] Level 1:colcon.colcon_core.package_identification:_identify(src/navigation2/nav2_lifecycle_manager) by extensions ['colcon_meta']
[0.853s] Level 1:colcon.colcon_core.package_identification:_identify(src/navigation2/nav2_lifecycle_manager) by extension 'colcon_meta'
[0.853s] Level 1:colcon.colcon_core.package_identification:_identify(src/navigation2/nav2_lifecycle_manager) by extensions ['ros']
[0.853s] Level 1:colcon.colcon_core.package_identification:_identify(src/navigation2/nav2_lifecycle_manager) by extension 'ros'
[0.854s] DEBUG:colcon.colcon_core.package_identification:Package 'src/navigation2/nav2_lifecycle_manager' with type 'ros.ament_cmake' and name 'nav2_lifecycle_manager'
[0.854s] Level 1:colcon.colcon_core.package_identification:_identify(src/navigation2/nav2_map_server) by extensions ['ignore', 'ignore_ament_install']
[0.854s] Level 1:colcon.colcon_core.package_identification:_identify(src/navigation2/nav2_map_server) by extension 'ignore'
[0.855s] Level 1:colcon.colcon_core.package_identification:_identify(src/navigation2/nav2_map_server) by extension 'ignore_ament_install'
[0.855s] Level 1:colcon.colcon_core.package_identification:_identify(src/navigation2/nav2_map_server) by extensions ['colcon_pkg']
[0.855s] Level 1:colcon.colcon_core.package_identification:_identify(src/navigation2/nav2_map_server) by extension 'colcon_pkg'
[0.855s] Level 1:colcon.colcon_core.package_identification:_identify(src/navigation2/nav2_map_server) by extensions ['colcon_meta']
[0.855s] Level 1:colcon.colcon_core.package_identification:_identify(src/navigation2/nav2_map_server) by extension 'colcon_meta'
[0.855s] Level 1:colcon.colcon_core.package_identification:_identify(src/navigation2/nav2_map_server) by extensions ['ros']
[0.855s] Level 1:colcon.colcon_core.package_identification:_identify(src/navigation2/nav2_map_server) by extension 'ros'
[0.857s] DEBUG:colcon.colcon_core.package_identification:Package 'src/navigation2/nav2_map_server' with type 'ros.ament_cmake' and name 'nav2_map_server'
[0.857s] Level 1:colcon.colcon_core.package_identification:_identify(src/navigation2/nav2_msgs) by extensions ['ignore', 'ignore_ament_install']
[0.857s] Level 1:colcon.colcon_core.package_identification:_identify(src/navigation2/nav2_msgs) by extension 'ignore'
[0.857s] Level 1:colcon.colcon_core.package_identification:_identify(src/navigation2/nav2_msgs) by extension 'ignore_ament_install'
[0.858s] Level 1:colcon.colcon_core.package_identification:_identify(src/navigation2/nav2_msgs) by extensions ['colcon_pkg']
[0.858s] Level 1:colcon.colcon_core.package_identification:_identify(src/navigation2/nav2_msgs) by extension 'colcon_pkg'
[0.858s] Level 1:colcon.colcon_core.package_identification:_identify(src/navigation2/nav2_msgs) by extensions ['colcon_meta']
[0.858s] Level 1:colcon.colcon_core.package_identification:_identify(src/navigation2/nav2_msgs) by extension 'colcon_meta'
[0.858s] Level 1:colcon.colcon_core.package_identification:_identify(src/navigation2/nav2_msgs) by extensions ['ros']
[0.858s] Level 1:colcon.colcon_core.package_identification:_identify(src/navigation2/nav2_msgs) by extension 'ros'
[0.859s] DEBUG:colcon.colcon_core.package_identification:Package 'src/navigation2/nav2_msgs' with type 'ros.ament_cmake' and name 'nav2_msgs'
[0.860s] Level 1:colcon.colcon_core.package_identification:_identify(src/navigation2/nav2_navfn_planner) by extensions ['ignore', 'ignore_ament_install']
[0.860s] Level 1:colcon.colcon_core.package_identification:_identify(src/navigation2/nav2_navfn_planner) by extension 'ignore'
[0.860s] Level 1:colcon.colcon_core.package_identification:_identify(src/navigation2/nav2_navfn_planner) by extension 'ignore_ament_install'
[0.860s] Level 1:colcon.colcon_core.package_identification:_identify(src/navigation2/nav2_navfn_planner) by extensions ['colcon_pkg']
[0.860s] Level 1:colcon.colcon_core.package_identification:_identify(src/navigation2/nav2_navfn_planner) by extension 'colcon_pkg'
[0.860s] Level 1:colcon.colcon_core.package_identification:_identify(src/navigation2/nav2_navfn_planner) by extensions ['colcon_meta']
[0.860s] Level 1:colcon.colcon_core.package_identification:_identify(src/navigation2/nav2_navfn_planner) by extension 'colcon_meta'
[0.860s] Level 1:colcon.colcon_core.package_identification:_identify(src/navigation2/nav2_navfn_planner) by extensions ['ros']
[0.860s] Level 1:colcon.colcon_core.package_identification:_identify(src/navigation2/nav2_navfn_planner) by extension 'ros'
[0.863s] DEBUG:colcon.colcon_core.package_identification:Package 'src/navigation2/nav2_navfn_planner' with type 'ros.ament_cmake' and name 'nav2_navfn_planner'
[0.863s] Level 1:colcon.colcon_core.package_identification:_identify(src/navigation2/nav2_planner) by extensions ['ignore', 'ignore_ament_install']
[0.863s] Level 1:colcon.colcon_core.package_identification:_identify(src/navigation2/nav2_planner) by extension 'ignore'
[0.863s] Level 1:colcon.colcon_core.package_identification:_identify(src/navigation2/nav2_planner) by extension 'ignore_ament_install'
[0.863s] Level 1:colcon.colcon_core.package_identification:_identify(src/navigation2/nav2_planner) by extensions ['colcon_pkg']
[0.863s] Level 1:colcon.colcon_core.package_identification:_identify(src/navigation2/nav2_planner) by extension 'colcon_pkg'
[0.863s] Level 1:colcon.colcon_core.package_identification:_identify(src/navigation2/nav2_planner) by extensions ['colcon_meta']
[0.863s] Level 1:colcon.colcon_core.package_identification:_identify(src/navigation2/nav2_planner) by extension 'colcon_meta'
[0.863s] Level 1:colcon.colcon_core.package_identification:_identify(src/navigation2/nav2_planner) by extensions ['ros']
[0.863s] Level 1:colcon.colcon_core.package_identification:_identify(src/navigation2/nav2_planner) by extension 'ros'
[0.866s] DEBUG:colcon.colcon_core.package_identification:Package 'src/navigation2/nav2_planner' with type 'ros.ament_cmake' and name 'nav2_planner'
[0.866s] Level 1:colcon.colcon_core.package_identification:_identify(src/navigation2/nav2_recoveries) by extensions ['ignore', 'ignore_ament_install']
[0.866s] Level 1:colcon.colcon_core.package_identification:_identify(src/navigation2/nav2_recoveries) by extension 'ignore'
[0.866s] Level 1:colcon.colcon_core.package_identification:_identify(src/navigation2/nav2_recoveries) by extension 'ignore_ament_install'
[0.866s] Level 1:colcon.colcon_core.package_identification:_identify(src/navigation2/nav2_recoveries) by extensions ['colcon_pkg']
[0.866s] Level 1:colcon.colcon_core.package_identification:_identify(src/navigation2/nav2_recoveries) by extension 'colcon_pkg'
[0.866s] Level 1:colcon.colcon_core.package_identification:_identify(src/navigation2/nav2_recoveries) by extensions ['colcon_meta']
[0.866s] Level 1:colcon.colcon_core.package_identification:_identify(src/navigation2/nav2_recoveries) by extension 'colcon_meta'
[0.866s] Level 1:colcon.colcon_core.package_identification:_identify(src/navigation2/nav2_recoveries) by extensions ['ros']
[0.866s] Level 1:colcon.colcon_core.package_identification:_identify(src/navigation2/nav2_recoveries) by extension 'ros'
[0.868s] DEBUG:colcon.colcon_core.package_identification:Package 'src/navigation2/nav2_recoveries' with type 'ros.ament_cmake' and name 'nav2_recoveries'
[0.868s] Level 1:colcon.colcon_core.package_identification:_identify(src/navigation2/nav2_regulated_pure_pursuit_controller) by extensions ['ignore', 'ignore_ament_install']
[0.868s] Level 1:colcon.colcon_core.package_identification:_identify(src/navigation2/nav2_regulated_pure_pursuit_controller) by extension 'ignore'
[0.868s] Level 1:colcon.colcon_core.package_identification:_identify(src/navigation2/nav2_regulated_pure_pursuit_controller) by extension 'ignore_ament_install'
[0.868s] Level 1:colcon.colcon_core.package_identification:_identify(src/navigation2/nav2_regulated_pure_pursuit_controller) by extensions ['colcon_pkg']
[0.868s] Level 1:colcon.colcon_core.package_identification:_identify(src/navigation2/nav2_regulated_pure_pursuit_controller) by extension 'colcon_pkg'
[0.868s] Level 1:colcon.colcon_core.package_identification:_identify(src/navigation2/nav2_regulated_pure_pursuit_controller) by extensions ['colcon_meta']
[0.868s] Level 1:colcon.colcon_core.package_identification:_identify(src/navigation2/nav2_regulated_pure_pursuit_controller) by extension 'colcon_meta'
[0.868s] Level 1:colcon.colcon_core.package_identification:_identify(src/navigation2/nav2_regulated_pure_pursuit_controller) by extensions ['ros']
[0.869s] Level 1:colcon.colcon_core.package_identification:_identify(src/navigation2/nav2_regulated_pure_pursuit_controller) by extension 'ros'
[0.870s] DEBUG:colcon.colcon_core.package_identification:Package 'src/navigation2/nav2_regulated_pure_pursuit_controller' with type 'ros.ament_cmake' and name 'nav2_regulated_pure_pursuit_controller'
[0.870s] Level 1:colcon.colcon_core.package_identification:_identify(src/navigation2/nav2_util) by extensions ['ignore', 'ignore_ament_install']
[0.871s] Level 1:colcon.colcon_core.package_identification:_identify(src/navigation2/nav2_util) by extension 'ignore'
[0.871s] Level 1:colcon.colcon_core.package_identification:_identify(src/navigation2/nav2_util) by extension 'ignore_ament_install'
[0.871s] Level 1:colcon.colcon_core.package_identification:_identify(src/navigation2/nav2_util) by extensions ['colcon_pkg']
[0.871s] Level 1:colcon.colcon_core.package_identification:_identify(src/navigation2/nav2_util) by extension 'colcon_pkg'
[0.871s] Level 1:colcon.colcon_core.package_identification:_identify(src/navigation2/nav2_util) by extensions ['colcon_meta']
[0.871s] Level 1:colcon.colcon_core.package_identification:_identify(src/navigation2/nav2_util) by extension 'colcon_meta'
[0.871s] Level 1:colcon.colcon_core.package_identification:_identify(src/navigation2/nav2_util) by extensions ['ros']
[0.871s] Level 1:colcon.colcon_core.package_identification:_identify(src/navigation2/nav2_util) by extension 'ros'
[0.874s] DEBUG:colcon.colcon_core.package_identification:Package 'src/navigation2/nav2_util' with type 'ros.ament_cmake' and name 'nav2_util'
[0.874s] Level 1:colcon.colcon_core.package_identification:_identify(src/navigation2/nav2_voxel_grid) by extensions ['ignore', 'ignore_ament_install']
[0.874s] Level 1:colcon.colcon_core.package_identification:_identify(src/navigation2/nav2_voxel_grid) by extension 'ignore'
[0.874s] Level 1:colcon.colcon_core.package_identification:_identify(src/navigation2/nav2_voxel_grid) by extension 'ignore_ament_install'
[0.874s] Level 1:colcon.colcon_core.package_identification:_identify(src/navigation2/nav2_voxel_grid) by extensions ['colcon_pkg']
[0.874s] Level 1:colcon.colcon_core.package_identification:_identify(src/navigation2/nav2_voxel_grid) by extension 'colcon_pkg'
[0.874s] Level 1:colcon.colcon_core.package_identification:_identify(src/navigation2/nav2_voxel_grid) by extensions ['colcon_meta']
[0.874s] Level 1:colcon.colcon_core.package_identification:_identify(src/navigation2/nav2_voxel_grid) by extension 'colcon_meta'
[0.874s] Level 1:colcon.colcon_core.package_identification:_identify(src/navigation2/nav2_voxel_grid) by extensions ['ros']
[0.874s] Level 1:colcon.colcon_core.package_identification:_identify(src/navigation2/nav2_voxel_grid) by extension 'ros'
[0.876s] DEBUG:colcon.colcon_core.package_identification:Package 'src/navigation2/nav2_voxel_grid' with type 'ros.ament_cmake' and name 'nav2_voxel_grid'
[0.876s] Level 1:colcon.colcon_core.package_identification:_identify(src/navigation2/nav2_waypoint_follower) by extensions ['ignore', 'ignore_ament_install']
[0.876s] Level 1:colcon.colcon_core.package_identification:_identify(src/navigation2/nav2_waypoint_follower) by extension 'ignore'
[0.876s] Level 1:colcon.colcon_core.package_identification:_identify(src/navigation2/nav2_waypoint_follower) by extension 'ignore_ament_install'
[0.876s] Level 1:colcon.colcon_core.package_identification:_identify(src/navigation2/nav2_waypoint_follower) by extensions ['colcon_pkg']
[0.876s] Level 1:colcon.colcon_core.package_identification:_identify(src/navigation2/nav2_waypoint_follower) by extension 'colcon_pkg'
[0.876s] Level 1:colcon.colcon_core.package_identification:_identify(src/navigation2/nav2_waypoint_follower) by extensions ['colcon_meta']
[0.876s] Level 1:colcon.colcon_core.package_identification:_identify(src/navigation2/nav2_waypoint_follower) by extension 'colcon_meta'
[0.876s] Level 1:colcon.colcon_core.package_identification:_identify(src/navigation2/nav2_waypoint_follower) by extensions ['ros']
[0.876s] Level 1:colcon.colcon_core.package_identification:_identify(src/navigation2/nav2_waypoint_follower) by extension 'ros'
[0.878s] DEBUG:colcon.colcon_core.package_identification:Package 'src/navigation2/nav2_waypoint_follower' with type 'ros.ament_cmake' and name 'nav2_waypoint_follower'
[0.878s] Level 1:colcon.colcon_core.package_identification:_identify(src/navigation2/navigation2) by extensions ['ignore', 'ignore_ament_install']
[0.878s] Level 1:colcon.colcon_core.package_identification:_identify(src/navigation2/navigation2) by extension 'ignore'
[0.878s] Level 1:colcon.colcon_core.package_identification:_identify(src/navigation2/navigation2) by extension 'ignore_ament_install'
[0.878s] Level 1:colcon.colcon_core.package_identification:_identify(src/navigation2/navigation2) by extensions ['colcon_pkg']
[0.878s] Level 1:colcon.colcon_core.package_identification:_identify(src/navigation2/navigation2) by extension 'colcon_pkg'
[0.878s] Level 1:colcon.colcon_core.package_identification:_identify(src/navigation2/navigation2) by extensions ['colcon_meta']
[0.879s] Level 1:colcon.colcon_core.package_identification:_identify(src/navigation2/navigation2) by extension 'colcon_meta'
[0.879s] Level 1:colcon.colcon_core.package_identification:_identify(src/navigation2/navigation2) by extensions ['ros']
[0.879s] Level 1:colcon.colcon_core.package_identification:_identify(src/navigation2/navigation2) by extension 'ros'
[0.880s] DEBUG:colcon.colcon_core.package_identification:Package 'src/navigation2/navigation2' with type 'ros.ament_cmake' and name 'navigation2'
[0.880s] Level 1:colcon.colcon_core.package_identification:_identify(src/navigation2/smac_planner) by extensions ['ignore', 'ignore_ament_install']
[0.880s] Level 1:colcon.colcon_core.package_identification:_identify(src/navigation2/smac_planner) by extension 'ignore'
[0.880s] Level 1:colcon.colcon_core.package_identification:_identify(src/navigation2/smac_planner) by extension 'ignore_ament_install'
[0.880s] Level 1:colcon.colcon_core.package_identification:_identify(src/navigation2/smac_planner) by extensions ['colcon_pkg']
[0.881s] Level 1:colcon.colcon_core.package_identification:_identify(src/navigation2/smac_planner) by extension 'colcon_pkg'
[0.881s] Level 1:colcon.colcon_core.package_identification:_identify(src/navigation2/smac_planner) by extensions ['colcon_meta']
[0.881s] Level 1:colcon.colcon_core.package_identification:_identify(src/navigation2/smac_planner) by extension 'colcon_meta'
[0.881s] Level 1:colcon.colcon_core.package_identification:_identify(src/navigation2/smac_planner) by extensions ['ros']
[0.881s] Level 1:colcon.colcon_core.package_identification:_identify(src/navigation2/smac_planner) by extension 'ros'
[0.883s] DEBUG:colcon.colcon_core.package_identification:Package 'src/navigation2/smac_planner' with type 'ros.ament_cmake' and name 'smac_planner'
[0.884s] Level 1:colcon.colcon_core.package_identification:_identify(src/navigation2/tools) by extensions ['ignore', 'ignore_ament_install']
[0.884s] Level 1:colcon.colcon_core.package_identification:_identify(src/navigation2/tools) by extension 'ignore'
[0.884s] Level 1:colcon.colcon_core.package_identification:_identify(src/navigation2/tools) by extension 'ignore_ament_install'
[0.884s] Level 1:colcon.colcon_core.package_identification:_identify(src/navigation2/tools) by extensions ['colcon_pkg']
[0.884s] Level 1:colcon.colcon_core.package_identification:_identify(src/navigation2/tools) by extension 'colcon_pkg'
[0.884s] Level 1:colcon.colcon_core.package_identification:_identify(src/navigation2/tools) by extensions ['colcon_meta']
[0.884s] Level 1:colcon.colcon_core.package_identification:_identify(src/navigation2/tools) by extension 'colcon_meta'
[0.884s] Level 1:colcon.colcon_core.package_identification:_identify(src/navigation2/tools) by extensions ['ros']
[0.884s] Level 1:colcon.colcon_core.package_identification:_identify(src/navigation2/tools) by extension 'ros'
[0.884s] Level 1:colcon.colcon_core.package_identification:_identify(src/navigation2/tools) by extensions ['cmake', 'python']
[0.884s] Level 1:colcon.colcon_core.package_identification:_identify(src/navigation2/tools) by extension 'cmake'
[0.885s] Level 1:colcon.colcon_core.package_identification:_identify(src/navigation2/tools) by extension 'python'
[0.885s] Level 1:colcon.colcon_core.package_identification:_identify(src/navigation2/tools) by extensions ['python_setup_py']
[0.885s] Level 1:colcon.colcon_core.package_identification:_identify(src/navigation2/tools) by extension 'python_setup_py'
[0.885s] Level 1:colcon.colcon_core.package_identification:_identify(src/reconstruction) by extensions ['ignore', 'ignore_ament_install']
[0.885s] Level 1:colcon.colcon_core.package_identification:_identify(src/reconstruction) by extension 'ignore'
[0.885s] Level 1:colcon.colcon_core.package_identification:_identify(src/reconstruction) by extension 'ignore_ament_install'
[0.885s] Level 1:colcon.colcon_core.package_identification:_identify(src/reconstruction) by extensions ['colcon_pkg']
[0.885s] Level 1:colcon.colcon_core.package_identification:_identify(src/reconstruction) by extension 'colcon_pkg'
[0.885s] Level 1:colcon.colcon_core.package_identification:_identify(src/reconstruction) by extensions ['colcon_meta']
[0.885s] Level 1:colcon.colcon_core.package_identification:_identify(src/reconstruction) by extension 'colcon_meta'
[0.885s] Level 1:colcon.colcon_core.package_identification:_identify(src/reconstruction) by extensions ['ros']
[0.885s] Level 1:colcon.colcon_core.package_identification:_identify(src/reconstruction) by extension 'ros'
[0.886s] Level 1:colcon.colcon_core.package_identification:_identify(src/reconstruction) by extensions ['cmake', 'python']
[0.886s] Level 1:colcon.colcon_core.package_identification:_identify(src/reconstruction) by extension 'cmake'
[0.886s] Level 1:colcon.colcon_core.package_identification:_identify(src/reconstruction) by extension 'python'
[0.886s] Level 1:colcon.colcon_core.package_identification:_identify(src/reconstruction) by extensions ['python_setup_py']
[0.886s] Level 1:colcon.colcon_core.package_identification:_identify(src/reconstruction) by extension 'python_setup_py'
[0.886s] Level 1:colcon.colcon_core.package_identification:_identify(src/reconstruction/linefit_ground_segmentation_ros2) by extensions ['ignore', 'ignore_ament_install']
[0.886s] Level 1:colcon.colcon_core.package_identification:_identify(src/reconstruction/linefit_ground_segmentation_ros2) by extension 'ignore'
[0.886s] Level 1:colcon.colcon_core.package_identification:_identify(src/reconstruction/linefit_ground_segmentation_ros2) by extension 'ignore_ament_install'
[0.886s] Level 1:colcon.colcon_core.package_identification:_identify(src/reconstruction/linefit_ground_segmentation_ros2) by extensions ['colcon_pkg']
[0.886s] Level 1:colcon.colcon_core.package_identification:_identify(src/reconstruction/linefit_ground_segmentation_ros2) by extension 'colcon_pkg'
[0.886s] Level 1:colcon.colcon_core.package_identification:_identify(src/reconstruction/linefit_ground_segmentation_ros2) by extensions ['colcon_meta']
[0.886s] Level 1:colcon.colcon_core.package_identification:_identify(src/reconstruction/linefit_ground_segmentation_ros2) by extension 'colcon_meta'
[0.887s] Level 1:colcon.colcon_core.package_identification:_identify(src/reconstruction/linefit_ground_segmentation_ros2) by extensions ['ros']
[0.887s] Level 1:colcon.colcon_core.package_identification:_identify(src/reconstruction/linefit_ground_segmentation_ros2) by extension 'ros'
[0.887s] Level 1:colcon.colcon_core.package_identification:_identify(src/reconstruction/linefit_ground_segmentation_ros2) by extensions ['cmake', 'python']
[0.887s] Level 1:colcon.colcon_core.package_identification:_identify(src/reconstruction/linefit_ground_segmentation_ros2) by extension 'cmake'
[0.887s] Level 1:colcon.colcon_core.package_identification:_identify(src/reconstruction/linefit_ground_segmentation_ros2) by extension 'python'
[0.887s] Level 1:colcon.colcon_core.package_identification:_identify(src/reconstruction/linefit_ground_segmentation_ros2) by extensions ['python_setup_py']
[0.887s] Level 1:colcon.colcon_core.package_identification:_identify(src/reconstruction/linefit_ground_segmentation_ros2) by extension 'python_setup_py'
[0.887s] Level 1:colcon.colcon_core.package_identification:_identify(src/reconstruction/linefit_ground_segmentation_ros2/doc) by extensions ['ignore', 'ignore_ament_install']
[0.887s] Level 1:colcon.colcon_core.package_identification:_identify(src/reconstruction/linefit_ground_segmentation_ros2/doc) by extension 'ignore'
[0.887s] Level 1:colcon.colcon_core.package_identification:_identify(src/reconstruction/linefit_ground_segmentation_ros2/doc) by extension 'ignore_ament_install'
[0.887s] Level 1:colcon.colcon_core.package_identification:_identify(src/reconstruction/linefit_ground_segmentation_ros2/doc) by extensions ['colcon_pkg']
[0.888s] Level 1:colcon.colcon_core.package_identification:_identify(src/reconstruction/linefit_ground_segmentation_ros2/doc) by extension 'colcon_pkg'
[0.888s] Level 1:colcon.colcon_core.package_identification:_identify(src/reconstruction/linefit_ground_segmentation_ros2/doc) by extensions ['colcon_meta']
[0.888s] Level 1:colcon.colcon_core.package_identification:_identify(src/reconstruction/linefit_ground_segmentation_ros2/doc) by extension 'colcon_meta'
[0.888s] Level 1:colcon.colcon_core.package_identification:_identify(src/reconstruction/linefit_ground_segmentation_ros2/doc) by extensions ['ros']
[0.888s] Level 1:colcon.colcon_core.package_identification:_identify(src/reconstruction/linefit_ground_segmentation_ros2/doc) by extension 'ros'
[0.888s] Level 1:colcon.colcon_core.package_identification:_identify(src/reconstruction/linefit_ground_segmentation_ros2/doc) by extensions ['cmake', 'python']
[0.888s] Level 1:colcon.colcon_core.package_identification:_identify(src/reconstruction/linefit_ground_segmentation_ros2/doc) by extension 'cmake'
[0.888s] Level 1:colcon.colcon_core.package_identification:_identify(src/reconstruction/linefit_ground_segmentation_ros2/doc) by extension 'python'
[0.888s] Level 1:colcon.colcon_core.package_identification:_identify(src/reconstruction/linefit_ground_segmentation_ros2/doc) by extensions ['python_setup_py']
[0.888s] Level 1:colcon.colcon_core.package_identification:_identify(src/reconstruction/linefit_ground_segmentation_ros2/doc) by extension 'python_setup_py'
[0.888s] Level 1:colcon.colcon_core.package_identification:_identify(src/reconstruction/linefit_ground_segmentation_ros2/linefit_ground_segmentation) by extensions ['ignore', 'ignore_ament_install']
[0.888s] Level 1:colcon.colcon_core.package_identification:_identify(src/reconstruction/linefit_ground_segmentation_ros2/linefit_ground_segmentation) by extension 'ignore'
[0.889s] Level 1:colcon.colcon_core.package_identification:_identify(src/reconstruction/linefit_ground_segmentation_ros2/linefit_ground_segmentation) by extension 'ignore_ament_install'
[0.889s] Level 1:colcon.colcon_core.package_identification:_identify(src/reconstruction/linefit_ground_segmentation_ros2/linefit_ground_segmentation) by extensions ['colcon_pkg']
[0.889s] Level 1:colcon.colcon_core.package_identification:_identify(src/reconstruction/linefit_ground_segmentation_ros2/linefit_ground_segmentation) by extension 'colcon_pkg'
[0.889s] Level 1:colcon.colcon_core.package_identification:_identify(src/reconstruction/linefit_ground_segmentation_ros2/linefit_ground_segmentation) by extensions ['colcon_meta']
[0.889s] Level 1:colcon.colcon_core.package_identification:_identify(src/reconstruction/linefit_ground_segmentation_ros2/linefit_ground_segmentation) by extension 'colcon_meta'
[0.889s] Level 1:colcon.colcon_core.package_identification:_identify(src/reconstruction/linefit_ground_segmentation_ros2/linefit_ground_segmentation) by extensions ['ros']
[0.889s] Level 1:colcon.colcon_core.package_identification:_identify(src/reconstruction/linefit_ground_segmentation_ros2/linefit_ground_segmentation) by extension 'ros'
[0.890s] DEBUG:colcon.colcon_core.package_identification:Package 'src/reconstruction/linefit_ground_segmentation_ros2/linefit_ground_segmentation' with type 'ros.ament_cmake' and name 'linefit_ground_segmentation'
[0.890s] Level 1:colcon.colcon_core.package_identification:_identify(src/reconstruction/linefit_ground_segmentation_ros2/linefit_ground_segmentation_ros) by extensions ['ignore', 'ignore_ament_install']
[0.890s] Level 1:colcon.colcon_core.package_identification:_identify(src/reconstruction/linefit_ground_segmentation_ros2/linefit_ground_segmentation_ros) by extension 'ignore'
[0.890s] Level 1:colcon.colcon_core.package_identification:_identify(src/reconstruction/linefit_ground_segmentation_ros2/linefit_ground_segmentation_ros) by extension 'ignore_ament_install'
[0.891s] Level 1:colcon.colcon_core.package_identification:_identify(src/reconstruction/linefit_ground_segmentation_ros2/linefit_ground_segmentation_ros) by extensions ['colcon_pkg']
[0.891s] Level 1:colcon.colcon_core.package_identification:_identify(src/reconstruction/linefit_ground_segmentation_ros2/linefit_ground_segmentation_ros) by extension 'colcon_pkg'
[0.891s] Level 1:colcon.colcon_core.package_identification:_identify(src/reconstruction/linefit_ground_segmentation_ros2/linefit_ground_segmentation_ros) by extensions ['colcon_meta']
[0.891s] Level 1:colcon.colcon_core.package_identification:_identify(src/reconstruction/linefit_ground_segmentation_ros2/linefit_ground_segmentation_ros) by extension 'colcon_meta'
[0.891s] Level 1:colcon.colcon_core.package_identification:_identify(src/reconstruction/linefit_ground_segmentation_ros2/linefit_ground_segmentation_ros) by extensions ['ros']
[0.891s] Level 1:colcon.colcon_core.package_identification:_identify(src/reconstruction/linefit_ground_segmentation_ros2/linefit_ground_segmentation_ros) by extension 'ros'
[0.892s] DEBUG:colcon.colcon_core.package_identification:Package 'src/reconstruction/linefit_ground_segmentation_ros2/linefit_ground_segmentation_ros' with type 'ros.ament_cmake' and name 'linefit_ground_segmentation_ros'
[0.893s] Level 1:colcon.colcon_core.package_identification:_identify(src/reconstruction/pointcloud_to_laserscan) by extensions ['ignore', 'ignore_ament_install']
[0.893s] Level 1:colcon.colcon_core.package_identification:_identify(src/reconstruction/pointcloud_to_laserscan) by extension 'ignore'
[0.893s] Level 1:colcon.colcon_core.package_identification:_identify(src/reconstruction/pointcloud_to_laserscan) by extension 'ignore_ament_install'
[0.893s] Level 1:colcon.colcon_core.package_identification:_identify(src/reconstruction/pointcloud_to_laserscan) by extensions ['colcon_pkg']
[0.893s] Level 1:colcon.colcon_core.package_identification:_identify(src/reconstruction/pointcloud_to_laserscan) by extension 'colcon_pkg'
[0.893s] Level 1:colcon.colcon_core.package_identification:_identify(src/reconstruction/pointcloud_to_laserscan) by extensions ['colcon_meta']
[0.893s] Level 1:colcon.colcon_core.package_identification:_identify(src/reconstruction/pointcloud_to_laserscan) by extension 'colcon_meta'
[0.893s] Level 1:colcon.colcon_core.package_identification:_identify(src/reconstruction/pointcloud_to_laserscan) by extensions ['ros']
[0.893s] Level 1:colcon.colcon_core.package_identification:_identify(src/reconstruction/pointcloud_to_laserscan) by extension 'ros'
[0.895s] DEBUG:colcon.colcon_core.package_identification:Package 'src/reconstruction/pointcloud_to_laserscan' with type 'ros.ament_cmake' and name 'pointcloud_to_laserscan'
[0.895s] Level 1:colcon.colcon_core.package_discovery:discover_packages(recursive) using defaults
[0.896s] Level 1:colcon.colcon_core.package_discovery:discover_packages(ignore) discover
[0.896s] Level 1:colcon.colcon_core.package_discovery:discover_packages(ignore) using defaults
[0.896s] Level 1:colcon.colcon_core.package_discovery:discover_packages(path) discover
[0.896s] Level 1:colcon.colcon_core.package_discovery:discover_packages(path) using defaults
[0.993s] Level 1:colcon.colcon_core.package_discovery:discover_packages(prefix_path) check parameters
[0.993s] Level 1:colcon.colcon_core.package_discovery:discover_packages(prefix_path) discover
[0.997s] DEBUG:colcon.colcon_installed_package_information.package_discovery:Found 2 installed packages in /home/unitree/cyclonedds_ws/install
[0.999s] DEBUG:colcon.colcon_installed_package_information.package_discovery:Found 289 installed packages in /opt/ros/foxy
[1.002s] Level 1:colcon.colcon_core.package_discovery:discover_packages(prefix_path) using defaults
[1.106s] Level 5:colcon.colcon_core.verb:set package 'behaviortree_cpp' build argument 'cmake_args' from command line to 'None'
[1.107s] Level 5:colcon.colcon_core.verb:set package 'behaviortree_cpp' build argument 'cmake_target' from command line to 'None'
[1.107s] Level 5:colcon.colcon_core.verb:set package 'behaviortree_cpp' build argument 'cmake_target_skip_unavailable' from command line to 'False'
[1.107s] Level 5:colcon.colcon_core.verb:set package 'behaviortree_cpp' build argument 'cmake_clean_cache' from command line to 'False'
[1.107s] Level 5:colcon.colcon_core.verb:set package 'behaviortree_cpp' build argument 'cmake_clean_first' from command line to 'False'
[1.107s] Level 5:colcon.colcon_core.verb:set package 'behaviortree_cpp' build argument 'cmake_force_configure' from command line to 'False'
[1.107s] Level 5:colcon.colcon_core.verb:set package 'behaviortree_cpp' build argument 'ament_cmake_args' from command line to 'None'
[1.107s] Level 5:colcon.colcon_core.verb:set package 'behaviortree_cpp' build argument 'catkin_cmake_args' from command line to 'None'
[1.107s] Level 5:colcon.colcon_core.verb:set package 'behaviortree_cpp' build argument 'catkin_skip_building_tests' from command line to 'False'
[1.107s] DEBUG:colcon.colcon_core.verb:Building package 'behaviortree_cpp' with the following arguments: {'ament_cmake_args': None, 'build_base': '/home/unitree/navigation_ws/build/behaviortree_cpp', 'catkin_cmake_args': None, 'catkin_skip_building_tests': False, 'cmake_args': None, 'cmake_clean_cache': False, 'cmake_clean_first': False, 'cmake_force_configure': False, 'cmake_target': None, 'cmake_target_skip_unavailable': False, 'install_base': '/home/unitree/navigation_ws/install/behaviortree_cpp', 'merge_install': False, 'path': '/home/unitree/navigation_ws/src/autonomy/BehaviorTree.CPP', 'symlink_install': True, 'test_result_base': None}
[1.108s] Level 5:colcon.colcon_core.verb:set package 'cmd_vel_processor' build argument 'cmake_args' from command line to 'None'
[1.108s] Level 5:colcon.colcon_core.verb:set package 'cmd_vel_processor' build argument 'cmake_target' from command line to 'None'
[1.108s] Level 5:colcon.colcon_core.verb:set package 'cmd_vel_processor' build argument 'cmake_target_skip_unavailable' from command line to 'False'
[1.108s] Level 5:colcon.colcon_core.verb:set package 'cmd_vel_processor' build argument 'cmake_clean_cache' from command line to 'False'
[1.108s] Level 5:colcon.colcon_core.verb:set package 'cmd_vel_processor' build argument 'cmake_clean_first' from command line to 'False'
[1.108s] Level 5:colcon.colcon_core.verb:set package 'cmd_vel_processor' build argument 'cmake_force_configure' from command line to 'False'
[1.108s] Level 5:colcon.colcon_core.verb:set package 'cmd_vel_processor' build argument 'ament_cmake_args' from command line to 'None'
[1.108s] Level 5:colcon.colcon_core.verb:set package 'cmd_vel_processor' build argument 'catkin_cmake_args' from command line to 'None'
[1.108s] Level 5:colcon.colcon_core.verb:set package 'cmd_vel_processor' build argument 'catkin_skip_building_tests' from command line to 'False'
[1.108s] DEBUG:colcon.colcon_core.verb:Building package 'cmd_vel_processor' with the following arguments: {'ament_cmake_args': None, 'build_base': '/home/unitree/navigation_ws/build/cmd_vel_processor', 'catkin_cmake_args': None, 'catkin_skip_building_tests': False, 'cmake_args': None, 'cmake_clean_cache': False, 'cmake_clean_first': False, 'cmake_force_configure': False, 'cmake_target': None, 'cmake_target_skip_unavailable': False, 'install_base': '/home/unitree/navigation_ws/install/cmd_vel_processor', 'merge_install': False, 'path': '/home/unitree/navigation_ws/src/cmd_vel_processor', 'symlink_install': True, 'test_result_base': None}
[1.109s] Level 5:colcon.colcon_core.verb:set package 'linefit_ground_segmentation' build argument 'cmake_args' from command line to 'None'
[1.109s] Level 5:colcon.colcon_core.verb:set package 'linefit_ground_segmentation' build argument 'cmake_target' from command line to 'None'
[1.109s] Level 5:colcon.colcon_core.verb:set package 'linefit_ground_segmentation' build argument 'cmake_target_skip_unavailable' from command line to 'False'
[1.109s] Level 5:colcon.colcon_core.verb:set package 'linefit_ground_segmentation' build argument 'cmake_clean_cache' from command line to 'False'
[1.109s] Level 5:colcon.colcon_core.verb:set package 'linefit_ground_segmentation' build argument 'cmake_clean_first' from command line to 'False'
[1.109s] Level 5:colcon.colcon_core.verb:set package 'linefit_ground_segmentation' build argument 'cmake_force_configure' from command line to 'False'
[1.109s] Level 5:colcon.colcon_core.verb:set package 'linefit_ground_segmentation' build argument 'ament_cmake_args' from command line to 'None'
[1.109s] Level 5:colcon.colcon_core.verb:set package 'linefit_ground_segmentation' build argument 'catkin_cmake_args' from command line to 'None'
[1.109s] Level 5:colcon.colcon_core.verb:set package 'linefit_ground_segmentation' build argument 'catkin_skip_building_tests' from command line to 'False'
[1.109s] DEBUG:colcon.colcon_core.verb:Building package 'linefit_ground_segmentation' with the following arguments: {'ament_cmake_args': None, 'build_base': '/home/unitree/navigation_ws/build/linefit_ground_segmentation', 'catkin_cmake_args': None, 'catkin_skip_building_tests': False, 'cmake_args': None, 'cmake_clean_cache': False, 'cmake_clean_first': False, 'cmake_force_configure': False, 'cmake_target': None, 'cmake_target_skip_unavailable': False, 'install_base': '/home/unitree/navigation_ws/install/linefit_ground_segmentation', 'merge_install': False, 'path': '/home/unitree/navigation_ws/src/reconstruction/linefit_ground_segmentation_ros2/linefit_ground_segmentation', 'symlink_install': True, 'test_result_base': None}
[1.109s] Level 5:colcon.colcon_core.verb:set package 'livox_ros_driver2' build argument 'cmake_args' from command line to 'None'
[1.109s] Level 5:colcon.colcon_core.verb:set package 'livox_ros_driver2' build argument 'cmake_target' from command line to 'None'
[1.110s] Level 5:colcon.colcon_core.verb:set package 'livox_ros_driver2' build argument 'cmake_target_skip_unavailable' from command line to 'False'
[1.110s] Level 5:colcon.colcon_core.verb:set package 'livox_ros_driver2' build argument 'cmake_clean_cache' from command line to 'False'
[1.110s] Level 5:colcon.colcon_core.verb:set package 'livox_ros_driver2' build argument 'cmake_clean_first' from command line to 'False'
[1.110s] Level 5:colcon.colcon_core.verb:set package 'livox_ros_driver2' build argument 'cmake_force_configure' from command line to 'False'
[1.110s] Level 5:colcon.colcon_core.verb:set package 'livox_ros_driver2' build argument 'ament_cmake_args' from command line to 'None'
[1.110s] Level 5:colcon.colcon_core.verb:set package 'livox_ros_driver2' build argument 'catkin_cmake_args' from command line to 'None'
[1.110s] Level 5:colcon.colcon_core.verb:set package 'livox_ros_driver2' build argument 'catkin_skip_building_tests' from command line to 'False'
[1.110s] DEBUG:colcon.colcon_core.verb:Building package 'livox_ros_driver2' with the following arguments: {'ament_cmake_args': None, 'build_base': '/home/unitree/navigation_ws/build/livox_ros_driver2', 'catkin_cmake_args': None, 'catkin_skip_building_tests': False, 'cmake_args': None, 'cmake_clean_cache': False, 'cmake_clean_first': False, 'cmake_force_configure': False, 'cmake_target': None, 'cmake_target_skip_unavailable': False, 'install_base': '/home/unitree/navigation_ws/install/livox_ros_driver2', 'merge_install': False, 'path': '/home/unitree/navigation_ws/src/livox_ros_driver2', 'symlink_install': True, 'test_result_base': None}
[1.110s] Level 5:colcon.colcon_core.verb:set package 'nav2_common' build argument 'cmake_args' from command line to 'None'
[1.110s] Level 5:colcon.colcon_core.verb:set package 'nav2_common' build argument 'cmake_target' from command line to 'None'
[1.110s] Level 5:colcon.colcon_core.verb:set package 'nav2_common' build argument 'cmake_target_skip_unavailable' from command line to 'False'
[1.110s] Level 5:colcon.colcon_core.verb:set package 'nav2_common' build argument 'cmake_clean_cache' from command line to 'False'
[1.110s] Level 5:colcon.colcon_core.verb:set package 'nav2_common' build argument 'cmake_clean_first' from command line to 'False'
[1.111s] Level 5:colcon.colcon_core.verb:set package 'nav2_common' build argument 'cmake_force_configure' from command line to 'False'
[1.111s] Level 5:colcon.colcon_core.verb:set package 'nav2_common' build argument 'ament_cmake_args' from command line to 'None'
[1.111s] Level 5:colcon.colcon_core.verb:set package 'nav2_common' build argument 'catkin_cmake_args' from command line to 'None'
[1.111s] Level 5:colcon.colcon_core.verb:set package 'nav2_common' build argument 'catkin_skip_building_tests' from command line to 'False'
[1.111s] DEBUG:colcon.colcon_core.verb:Building package 'nav2_common' with the following arguments: {'ament_cmake_args': None, 'build_base': '/home/unitree/navigation_ws/build/nav2_common', 'catkin_cmake_args': None, 'catkin_skip_building_tests': False, 'cmake_args': None, 'cmake_clean_cache': False, 'cmake_clean_first': False, 'cmake_force_configure': False, 'cmake_target': None, 'cmake_target_skip_unavailable': False, 'install_base': '/home/unitree/navigation_ws/install/nav2_common', 'merge_install': False, 'path': '/home/unitree/navigation_ws/src/navigation2/nav2_common', 'symlink_install': True, 'test_result_base': None}
[1.111s] Level 5:colcon.colcon_core.verb:set package 'nav_2d_msgs' build argument 'cmake_args' from command line to 'None'
[1.111s] Level 5:colcon.colcon_core.verb:set package 'nav_2d_msgs' build argument 'cmake_target' from command line to 'None'
[1.111s] Level 5:colcon.colcon_core.verb:set package 'nav_2d_msgs' build argument 'cmake_target_skip_unavailable' from command line to 'False'
[1.111s] Level 5:colcon.colcon_core.verb:set package 'nav_2d_msgs' build argument 'cmake_clean_cache' from command line to 'False'
[1.111s] Level 5:colcon.colcon_core.verb:set package 'nav_2d_msgs' build argument 'cmake_clean_first' from command line to 'False'
[1.111s] Level 5:colcon.colcon_core.verb:set package 'nav_2d_msgs' build argument 'cmake_force_configure' from command line to 'False'
[1.111s] Level 5:colcon.colcon_core.verb:set package 'nav_2d_msgs' build argument 'ament_cmake_args' from command line to 'None'
[1.111s] Level 5:colcon.colcon_core.verb:set package 'nav_2d_msgs' build argument 'catkin_cmake_args' from command line to 'None'
[1.111s] Level 5:colcon.colcon_core.verb:set package 'nav_2d_msgs' build argument 'catkin_skip_building_tests' from command line to 'False'
[1.112s] DEBUG:colcon.colcon_core.verb:Building package 'nav_2d_msgs' with the following arguments: {'ament_cmake_args': None, 'build_base': '/home/unitree/navigation_ws/build/nav_2d_msgs', 'catkin_cmake_args': None, 'catkin_skip_building_tests': False, 'cmake_args': None, 'cmake_clean_cache': False, 'cmake_clean_first': False, 'cmake_force_configure': False, 'cmake_target': None, 'cmake_target_skip_unavailable': False, 'install_base': '/home/unitree/navigation_ws/install/nav_2d_msgs', 'merge_install': False, 'path': '/home/unitree/navigation_ws/src/navigation2/nav2_dwb_controller/nav_2d_msgs', 'symlink_install': True, 'test_result_base': None}
[1.112s] Level 5:colcon.colcon_core.verb:set package 'pointcloud_to_laserscan' build argument 'cmake_args' from command line to 'None'
[1.112s] Level 5:colcon.colcon_core.verb:set package 'pointcloud_to_laserscan' build argument 'cmake_target' from command line to 'None'
[1.112s] Level 5:colcon.colcon_core.verb:set package 'pointcloud_to_laserscan' build argument 'cmake_target_skip_unavailable' from command line to 'False'
[1.112s] Level 5:colcon.colcon_core.verb:set package 'pointcloud_to_laserscan' build argument 'cmake_clean_cache' from command line to 'False'
[1.112s] Level 5:colcon.colcon_core.verb:set package 'pointcloud_to_laserscan' build argument 'cmake_clean_first' from command line to 'False'
[1.112s] Level 5:colcon.colcon_core.verb:set package 'pointcloud_to_laserscan' build argument 'cmake_force_configure' from command line to 'False'
[1.112s] Level 5:colcon.colcon_core.verb:set package 'pointcloud_to_laserscan' build argument 'ament_cmake_args' from command line to 'None'
[1.112s] Level 5:colcon.colcon_core.verb:set package 'pointcloud_to_laserscan' build argument 'catkin_cmake_args' from command line to 'None'
[1.112s] Level 5:colcon.colcon_core.verb:set package 'pointcloud_to_laserscan' build argument 'catkin_skip_building_tests' from command line to 'False'
[1.112s] DEBUG:colcon.colcon_core.verb:Building package 'pointcloud_to_laserscan' with the following arguments: {'ament_cmake_args': None, 'build_base': '/home/unitree/navigation_ws/build/pointcloud_to_laserscan', 'catkin_cmake_args': None, 'catkin_skip_building_tests': False, 'cmake_args': None, 'cmake_clean_cache': False, 'cmake_clean_first': False, 'cmake_force_configure': False, 'cmake_target': None, 'cmake_target_skip_unavailable': False, 'install_base': '/home/unitree/navigation_ws/install/pointcloud_to_laserscan', 'merge_install': False, 'path': '/home/unitree/navigation_ws/src/reconstruction/pointcloud_to_laserscan', 'symlink_install': True, 'test_result_base': None}
[1.113s] Level 5:colcon.colcon_core.verb:set package 'rm_autonomy_interfaces' build argument 'cmake_args' from command line to 'None'
[1.113s] Level 5:colcon.colcon_core.verb:set package 'rm_autonomy_interfaces' build argument 'cmake_target' from command line to 'None'
[1.113s] Level 5:colcon.colcon_core.verb:set package 'rm_autonomy_interfaces' build argument 'cmake_target_skip_unavailable' from command line to 'False'
[1.113s] Level 5:colcon.colcon_core.verb:set package 'rm_autonomy_interfaces' build argument 'cmake_clean_cache' from command line to 'False'
[1.113s] Level 5:colcon.colcon_core.verb:set package 'rm_autonomy_interfaces' build argument 'cmake_clean_first' from command line to 'False'
[1.113s] Level 5:colcon.colcon_core.verb:set package 'rm_autonomy_interfaces' build argument 'cmake_force_configure' from command line to 'False'
[1.113s] Level 5:colcon.colcon_core.verb:set package 'rm_autonomy_interfaces' build argument 'ament_cmake_args' from command line to 'None'
[1.113s] Level 5:colcon.colcon_core.verb:set package 'rm_autonomy_interfaces' build argument 'catkin_cmake_args' from command line to 'None'
[1.113s] Level 5:colcon.colcon_core.verb:set package 'rm_autonomy_interfaces' build argument 'catkin_skip_building_tests' from command line to 'False'
[1.113s] DEBUG:colcon.colcon_core.verb:Building package 'rm_autonomy_interfaces' with the following arguments: {'ament_cmake_args': None, 'build_base': '/home/unitree/navigation_ws/build/rm_autonomy_interfaces', 'catkin_cmake_args': None, 'catkin_skip_building_tests': False, 'cmake_args': None, 'cmake_clean_cache': False, 'cmake_clean_first': False, 'cmake_force_configure': False, 'cmake_target': None, 'cmake_target_skip_unavailable': False, 'install_base': '/home/unitree/navigation_ws/install/rm_autonomy_interfaces', 'merge_install': False, 'path': '/home/unitree/navigation_ws/src/autonomy/rm_autonomy_interfaces', 'symlink_install': True, 'test_result_base': None}
[1.114s] Level 5:colcon.colcon_core.verb:set package 'bringup' build argument 'cmake_args' from command line to 'None'
[1.114s] Level 5:colcon.colcon_core.verb:set package 'bringup' build argument 'cmake_target' from command line to 'None'
[1.114s] Level 5:colcon.colcon_core.verb:set package 'bringup' build argument 'cmake_target_skip_unavailable' from command line to 'False'
[1.114s] Level 5:colcon.colcon_core.verb:set package 'bringup' build argument 'cmake_clean_cache' from command line to 'False'
[1.114s] Level 5:colcon.colcon_core.verb:set package 'bringup' build argument 'cmake_clean_first' from command line to 'False'
[1.114s] Level 5:colcon.colcon_core.verb:set package 'bringup' build argument 'cmake_force_configure' from command line to 'False'
[1.114s] Level 5:colcon.colcon_core.verb:set package 'bringup' build argument 'ament_cmake_args' from command line to 'None'
[1.114s] Level 5:colcon.colcon_core.verb:set package 'bringup' build argument 'catkin_cmake_args' from command line to 'None'
[1.114s] Level 5:colcon.colcon_core.verb:set package 'bringup' build argument 'catkin_skip_building_tests' from command line to 'False'
[1.114s] DEBUG:colcon.colcon_core.verb:Building package 'bringup' with the following arguments: {'ament_cmake_args': None, 'build_base': '/home/unitree/navigation_ws/build/bringup', 'catkin_cmake_args': None, 'catkin_skip_building_tests': False, 'cmake_args': None, 'cmake_clean_cache': False, 'cmake_clean_first': False, 'cmake_force_configure': False, 'cmake_target': None, 'cmake_target_skip_unavailable': False, 'install_base': '/home/unitree/navigation_ws/install/bringup', 'merge_install': False, 'path': '/home/unitree/navigation_ws/src/bringup', 'symlink_install': True, 'test_result_base': None}
[1.115s] Level 5:colcon.colcon_core.verb:set package 'dwb_msgs' build argument 'cmake_args' from command line to 'None'
[1.115s] Level 5:colcon.colcon_core.verb:set package 'dwb_msgs' build argument 'cmake_target' from command line to 'None'
[1.115s] Level 5:colcon.colcon_core.verb:set package 'dwb_msgs' build argument 'cmake_target_skip_unavailable' from command line to 'False'
[1.115s] Level 5:colcon.colcon_core.verb:set package 'dwb_msgs' build argument 'cmake_clean_cache' from command line to 'False'
[1.115s] Level 5:colcon.colcon_core.verb:set package 'dwb_msgs' build argument 'cmake_clean_first' from command line to 'False'
[1.115s] Level 5:colcon.colcon_core.verb:set package 'dwb_msgs' build argument 'cmake_force_configure' from command line to 'False'
[1.115s] Level 5:colcon.colcon_core.verb:set package 'dwb_msgs' build argument 'ament_cmake_args' from command line to 'None'
[1.115s] Level 5:colcon.colcon_core.verb:set package 'dwb_msgs' build argument 'catkin_cmake_args' from command line to 'None'
[1.115s] Level 5:colcon.colcon_core.verb:set package 'dwb_msgs' build argument 'catkin_skip_building_tests' from command line to 'False'
[1.115s] DEBUG:colcon.colcon_core.verb:Building package 'dwb_msgs' with the following arguments: {'ament_cmake_args': None, 'build_base': '/home/unitree/navigation_ws/build/dwb_msgs', 'catkin_cmake_args': None, 'catkin_skip_building_tests': False, 'cmake_args': None, 'cmake_clean_cache': False, 'cmake_clean_first': False, 'cmake_force_configure': False, 'cmake_target': None, 'cmake_target_skip_unavailable': False, 'install_base': '/home/unitree/navigation_ws/install/dwb_msgs', 'merge_install': False, 'path': '/home/unitree/navigation_ws/src/navigation2/nav2_dwb_controller/dwb_msgs', 'symlink_install': True, 'test_result_base': None}
[1.115s] Level 5:colcon.colcon_core.verb:set package 'fast_lio' build argument 'cmake_args' from command line to 'None'
[1.116s] Level 5:colcon.colcon_core.verb:set package 'fast_lio' build argument 'cmake_target' from command line to 'None'
[1.116s] Level 5:colcon.colcon_core.verb:set package 'fast_lio' build argument 'cmake_target_skip_unavailable' from command line to 'False'
[1.116s] Level 5:colcon.colcon_core.verb:set package 'fast_lio' build argument 'cmake_clean_cache' from command line to 'False'
[1.116s] Level 5:colcon.colcon_core.verb:set package 'fast_lio' build argument 'cmake_clean_first' from command line to 'False'
[1.116s] Level 5:colcon.colcon_core.verb:set package 'fast_lio' build argument 'cmake_force_configure' from command line to 'False'
[1.116s] Level 5:colcon.colcon_core.verb:set package 'fast_lio' build argument 'ament_cmake_args' from command line to 'None'
[1.116s] Level 5:colcon.colcon_core.verb:set package 'fast_lio' build argument 'catkin_cmake_args' from command line to 'None'
[1.116s] Level 5:colcon.colcon_core.verb:set package 'fast_lio' build argument 'catkin_skip_building_tests' from command line to 'False'
[1.116s] DEBUG:colcon.colcon_core.verb:Building package 'fast_lio' with the following arguments: {'ament_cmake_args': None, 'build_base': '/home/unitree/navigation_ws/build/fast_lio', 'catkin_cmake_args': None, 'catkin_skip_building_tests': False, 'cmake_args': None, 'cmake_clean_cache': False, 'cmake_clean_first': False, 'cmake_force_configure': False, 'cmake_target': None, 'cmake_target_skip_unavailable': False, 'install_base': '/home/unitree/navigation_ws/install/fast_lio', 'merge_install': False, 'path': '/home/unitree/navigation_ws/src/localization/FAST_LIO', 'symlink_install': True, 'test_result_base': None}
[1.116s] Level 5:colcon.colcon_core.verb:set package 'linefit_ground_segmentation_ros' build argument 'cmake_args' from command line to 'None'
[1.116s] Level 5:colcon.colcon_core.verb:set package 'linefit_ground_segmentation_ros' build argument 'cmake_target' from command line to 'None'
[1.116s] Level 5:colcon.colcon_core.verb:set package 'linefit_ground_segmentation_ros' build argument 'cmake_target_skip_unavailable' from command line to 'False'
[1.116s] Level 5:colcon.colcon_core.verb:set package 'linefit_ground_segmentation_ros' build argument 'cmake_clean_cache' from command line to 'False'
[1.117s] Level 5:colcon.colcon_core.verb:set package 'linefit_ground_segmentation_ros' build argument 'cmake_clean_first' from command line to 'False'
[1.117s] Level 5:colcon.colcon_core.verb:set package 'linefit_ground_segmentation_ros' build argument 'cmake_force_configure' from command line to 'False'
[1.117s] Level 5:colcon.colcon_core.verb:set package 'linefit_ground_segmentation_ros' build argument 'ament_cmake_args' from command line to 'None'
[1.117s] Level 5:colcon.colcon_core.verb:set package 'linefit_ground_segmentation_ros' build argument 'catkin_cmake_args' from command line to 'None'
[1.117s] Level 5:colcon.colcon_core.verb:set package 'linefit_ground_segmentation_ros' build argument 'catkin_skip_building_tests' from command line to 'False'
[1.117s] DEBUG:colcon.colcon_core.verb:Building package 'linefit_ground_segmentation_ros' with the following arguments: {'ament_cmake_args': None, 'build_base': '/home/unitree/navigation_ws/build/linefit_ground_segmentation_ros', 'catkin_cmake_args': None, 'catkin_skip_building_tests': False, 'cmake_args': None, 'cmake_clean_cache': False, 'cmake_clean_first': False, 'cmake_force_configure': False, 'cmake_target': None, 'cmake_target_skip_unavailable': False, 'install_base': '/home/unitree/navigation_ws/install/linefit_ground_segmentation_ros', 'merge_install': False, 'path': '/home/unitree/navigation_ws/src/reconstruction/linefit_ground_segmentation_ros2/linefit_ground_segmentation_ros', 'symlink_install': True, 'test_result_base': None}
[1.117s] Level 5:colcon.colcon_core.verb:set package 'loam_interface' build argument 'cmake_args' from command line to 'None'
[1.117s] Level 5:colcon.colcon_core.verb:set package 'loam_interface' build argument 'cmake_target' from command line to 'None'
[1.117s] Level 5:colcon.colcon_core.verb:set package 'loam_interface' build argument 'cmake_target_skip_unavailable' from command line to 'False'
[1.117s] Level 5:colcon.colcon_core.verb:set package 'loam_interface' build argument 'cmake_clean_cache' from command line to 'False'
[1.117s] Level 5:colcon.colcon_core.verb:set package 'loam_interface' build argument 'cmake_clean_first' from command line to 'False'
[1.117s] Level 5:colcon.colcon_core.verb:set package 'loam_interface' build argument 'cmake_force_configure' from command line to 'False'
[1.117s] Level 5:colcon.colcon_core.verb:set package 'loam_interface' build argument 'ament_cmake_args' from command line to 'None'
[1.117s] Level 5:colcon.colcon_core.verb:set package 'loam_interface' build argument 'catkin_cmake_args' from command line to 'None'
[1.117s] Level 5:colcon.colcon_core.verb:set package 'loam_interface' build argument 'catkin_skip_building_tests' from command line to 'False'
[1.118s] DEBUG:colcon.colcon_core.verb:Building package 'loam_interface' with the following arguments: {'ament_cmake_args': None, 'build_base': '/home/unitree/navigation_ws/build/loam_interface', 'catkin_cmake_args': None, 'catkin_skip_building_tests': False, 'cmake_args': None, 'cmake_clean_cache': False, 'cmake_clean_first': False, 'cmake_force_configure': False, 'cmake_target': None, 'cmake_target_skip_unavailable': False, 'install_base': '/home/unitree/navigation_ws/install/loam_interface', 'merge_install': False, 'path': '/home/unitree/navigation_ws/src/localization/loam_interface', 'symlink_install': True, 'test_result_base': None}
[1.118s] Level 5:colcon.colcon_core.verb:set package 'nav2_msgs' build argument 'cmake_args' from command line to 'None'
[1.118s] Level 5:colcon.colcon_core.verb:set package 'nav2_msgs' build argument 'cmake_target' from command line to 'None'
[1.118s] Level 5:colcon.colcon_core.verb:set package 'nav2_msgs' build argument 'cmake_target_skip_unavailable' from command line to 'False'
[1.118s] Level 5:colcon.colcon_core.verb:set package 'nav2_msgs' build argument 'cmake_clean_cache' from command line to 'False'
[1.118s] Level 5:colcon.colcon_core.verb:set package 'nav2_msgs' build argument 'cmake_clean_first' from command line to 'False'
[1.118s] Level 5:colcon.colcon_core.verb:set package 'nav2_msgs' build argument 'cmake_force_configure' from command line to 'False'
[1.118s] Level 5:colcon.colcon_core.verb:set package 'nav2_msgs' build argument 'ament_cmake_args' from command line to 'None'
[1.118s] Level 5:colcon.colcon_core.verb:set package 'nav2_msgs' build argument 'catkin_cmake_args' from command line to 'None'
[1.118s] Level 5:colcon.colcon_core.verb:set package 'nav2_msgs' build argument 'catkin_skip_building_tests' from command line to 'False'
[1.118s] DEBUG:colcon.colcon_core.verb:Building package 'nav2_msgs' with the following arguments: {'ament_cmake_args': None, 'build_base': '/home/unitree/navigation_ws/build/nav2_msgs', 'catkin_cmake_args': None, 'catkin_skip_building_tests': False, 'cmake_args': None, 'cmake_clean_cache': False, 'cmake_clean_first': False, 'cmake_force_configure': False, 'cmake_target': None, 'cmake_target_skip_unavailable': False, 'install_base': '/home/unitree/navigation_ws/install/nav2_msgs', 'merge_install': False, 'path': '/home/unitree/navigation_ws/src/navigation2/nav2_msgs', 'symlink_install': True, 'test_result_base': None}
[1.119s] Level 5:colcon.colcon_core.verb:set package 'nav2_voxel_grid' build argument 'cmake_args' from command line to 'None'
[1.119s] Level 5:colcon.colcon_core.verb:set package 'nav2_voxel_grid' build argument 'cmake_target' from command line to 'None'
[1.119s] Level 5:colcon.colcon_core.verb:set package 'nav2_voxel_grid' build argument 'cmake_target_skip_unavailable' from command line to 'False'
[1.119s] Level 5:colcon.colcon_core.verb:set package 'nav2_voxel_grid' build argument 'cmake_clean_cache' from command line to 'False'
[1.119s] Level 5:colcon.colcon_core.verb:set package 'nav2_voxel_grid' build argument 'cmake_clean_first' from command line to 'False'
[1.119s] Level 5:colcon.colcon_core.verb:set package 'nav2_voxel_grid' build argument 'cmake_force_configure' from command line to 'False'
[1.119s] Level 5:colcon.colcon_core.verb:set package 'nav2_voxel_grid' build argument 'ament_cmake_args' from command line to 'None'
[1.119s] Level 5:colcon.colcon_core.verb:set package 'nav2_voxel_grid' build argument 'catkin_cmake_args' from command line to 'None'
[1.119s] Level 5:colcon.colcon_core.verb:set package 'nav2_voxel_grid' build argument 'catkin_skip_building_tests' from command line to 'False'
[1.119s] DEBUG:colcon.colcon_core.verb:Building package 'nav2_voxel_grid' with the following arguments: {'ament_cmake_args': None, 'build_base': '/home/unitree/navigation_ws/build/nav2_voxel_grid', 'catkin_cmake_args': None, 'catkin_skip_building_tests': False, 'cmake_args': None, 'cmake_clean_cache': False, 'cmake_clean_first': False, 'cmake_force_configure': False, 'cmake_target': None, 'cmake_target_skip_unavailable': False, 'install_base': '/home/unitree/navigation_ws/install/nav2_voxel_grid', 'merge_install': False, 'path': '/home/unitree/navigation_ws/src/navigation2/nav2_voxel_grid', 'symlink_install': True, 'test_result_base': None}
[1.120s] Level 5:colcon.colcon_core.verb:set package 'nav2_util' build argument 'cmake_args' from command line to 'None'
[1.120s] Level 5:colcon.colcon_core.verb:set package 'nav2_util' build argument 'cmake_target' from command line to 'None'
[1.120s] Level 5:colcon.colcon_core.verb:set package 'nav2_util' build argument 'cmake_target_skip_unavailable' from command line to 'False'
[1.120s] Level 5:colcon.colcon_core.verb:set package 'nav2_util' build argument 'cmake_clean_cache' from command line to 'False'
[1.120s] Level 5:colcon.colcon_core.verb:set package 'nav2_util' build argument 'cmake_clean_first' from command line to 'False'
[1.120s] Level 5:colcon.colcon_core.verb:set package 'nav2_util' build argument 'cmake_force_configure' from command line to 'False'
[1.120s] Level 5:colcon.colcon_core.verb:set package 'nav2_util' build argument 'ament_cmake_args' from command line to 'None'
[1.120s] Level 5:colcon.colcon_core.verb:set package 'nav2_util' build argument 'catkin_cmake_args' from command line to 'None'
[1.120s] Level 5:colcon.colcon_core.verb:set package 'nav2_util' build argument 'catkin_skip_building_tests' from command line to 'False'
[1.120s] DEBUG:colcon.colcon_core.verb:Building package 'nav2_util' with the following arguments: {'ament_cmake_args': None, 'build_base': '/home/unitree/navigation_ws/build/nav2_util', 'catkin_cmake_args': None, 'catkin_skip_building_tests': False, 'cmake_args': None, 'cmake_clean_cache': False, 'cmake_clean_first': False, 'cmake_force_configure': False, 'cmake_target': None, 'cmake_target_skip_unavailable': False, 'install_base': '/home/unitree/navigation_ws/install/nav2_util', 'merge_install': False, 'path': '/home/unitree/navigation_ws/src/navigation2/nav2_util', 'symlink_install': True, 'test_result_base': None}
[1.121s] Level 5:colcon.colcon_core.verb:set package 'nav2_amcl' build argument 'cmake_args' from command line to 'None'
[1.121s] Level 5:colcon.colcon_core.verb:set package 'nav2_amcl' build argument 'cmake_target' from command line to 'None'
[1.121s] Level 5:colcon.colcon_core.verb:set package 'nav2_amcl' build argument 'cmake_target_skip_unavailable' from command line to 'False'
[1.121s] Level 5:colcon.colcon_core.verb:set package 'nav2_amcl' build argument 'cmake_clean_cache' from command line to 'False'
[1.121s] Level 5:colcon.colcon_core.verb:set package 'nav2_amcl' build argument 'cmake_clean_first' from command line to 'False'
[1.121s] Level 5:colcon.colcon_core.verb:set package 'nav2_amcl' build argument 'cmake_force_configure' from command line to 'False'
[1.121s] Level 5:colcon.colcon_core.verb:set package 'nav2_amcl' build argument 'ament_cmake_args' from command line to 'None'
[1.121s] Level 5:colcon.colcon_core.verb:set package 'nav2_amcl' build argument 'catkin_cmake_args' from command line to 'None'
[1.121s] Level 5:colcon.colcon_core.verb:set package 'nav2_amcl' build argument 'catkin_skip_building_tests' from command line to 'False'
[1.121s] DEBUG:colcon.colcon_core.verb:Building package 'nav2_amcl' with the following arguments: {'ament_cmake_args': None, 'build_base': '/home/unitree/navigation_ws/build/nav2_amcl', 'catkin_cmake_args': None, 'catkin_skip_building_tests': False, 'cmake_args': None, 'cmake_clean_cache': False, 'cmake_clean_first': False, 'cmake_force_configure': False, 'cmake_target': None, 'cmake_target_skip_unavailable': False, 'install_base': '/home/unitree/navigation_ws/install/nav2_amcl', 'merge_install': False, 'path': '/home/unitree/navigation_ws/src/navigation2/nav2_amcl', 'symlink_install': True, 'test_result_base': None}
[1.122s] Level 5:colcon.colcon_core.verb:set package 'nav2_behavior_tree' build argument 'cmake_args' from command line to 'None'
[1.122s] Level 5:colcon.colcon_core.verb:set package 'nav2_behavior_tree' build argument 'cmake_target' from command line to 'None'
[1.122s] Level 5:colcon.colcon_core.verb:set package 'nav2_behavior_tree' build argument 'cmake_target_skip_unavailable' from command line to 'False'
[1.122s] Level 5:colcon.colcon_core.verb:set package 'nav2_behavior_tree' build argument 'cmake_clean_cache' from command line to 'False'
[1.122s] Level 5:colcon.colcon_core.verb:set package 'nav2_behavior_tree' build argument 'cmake_clean_first' from command line to 'False'
[1.122s] Level 5:colcon.colcon_core.verb:set package 'nav2_behavior_tree' build argument 'cmake_force_configure' from command line to 'False'
[1.122s] Level 5:colcon.colcon_core.verb:set package 'nav2_behavior_tree' build argument 'ament_cmake_args' from command line to 'None'
[1.122s] Level 5:colcon.colcon_core.verb:set package 'nav2_behavior_tree' build argument 'catkin_cmake_args' from command line to 'None'
[1.122s] Level 5:colcon.colcon_core.verb:set package 'nav2_behavior_tree' build argument 'catkin_skip_building_tests' from command line to 'False'
[1.122s] DEBUG:colcon.colcon_core.verb:Building package 'nav2_behavior_tree' with the following arguments: {'ament_cmake_args': None, 'build_base': '/home/unitree/navigation_ws/build/nav2_behavior_tree', 'catkin_cmake_args': None, 'catkin_skip_building_tests': False, 'cmake_args': None, 'cmake_clean_cache': False, 'cmake_clean_first': False, 'cmake_force_configure': False, 'cmake_target': None, 'cmake_target_skip_unavailable': False, 'install_base': '/home/unitree/navigation_ws/install/nav2_behavior_tree', 'merge_install': False, 'path': '/home/unitree/navigation_ws/src/navigation2/nav2_behavior_tree', 'symlink_install': True, 'test_result_base': None}
[1.122s] Level 5:colcon.colcon_core.verb:set package 'nav2_lifecycle_manager' build argument 'cmake_args' from command line to 'None'
[1.122s] Level 5:colcon.colcon_core.verb:set package 'nav2_lifecycle_manager' build argument 'cmake_target' from command line to 'None'
[1.122s] Level 5:colcon.colcon_core.verb:set package 'nav2_lifecycle_manager' build argument 'cmake_target_skip_unavailable' from command line to 'False'
[1.122s] Level 5:colcon.colcon_core.verb:set package 'nav2_lifecycle_manager' build argument 'cmake_clean_cache' from command line to 'False'
[1.123s] Level 5:colcon.colcon_core.verb:set package 'nav2_lifecycle_manager' build argument 'cmake_clean_first' from command line to 'False'
[1.123s] Level 5:colcon.colcon_core.verb:set package 'nav2_lifecycle_manager' build argument 'cmake_force_configure' from command line to 'False'
[1.123s] Level 5:colcon.colcon_core.verb:set package 'nav2_lifecycle_manager' build argument 'ament_cmake_args' from command line to 'None'
[1.123s] Level 5:colcon.colcon_core.verb:set package 'nav2_lifecycle_manager' build argument 'catkin_cmake_args' from command line to 'None'
[1.123s] Level 5:colcon.colcon_core.verb:set package 'nav2_lifecycle_manager' build argument 'catkin_skip_building_tests' from command line to 'False'
[1.123s] DEBUG:colcon.colcon_core.verb:Building package 'nav2_lifecycle_manager' with the following arguments: {'ament_cmake_args': None, 'build_base': '/home/unitree/navigation_ws/build/nav2_lifecycle_manager', 'catkin_cmake_args': None, 'catkin_skip_building_tests': False, 'cmake_args': None, 'cmake_clean_cache': False, 'cmake_clean_first': False, 'cmake_force_configure': False, 'cmake_target': None, 'cmake_target_skip_unavailable': False, 'install_base': '/home/unitree/navigation_ws/install/nav2_lifecycle_manager', 'merge_install': False, 'path': '/home/unitree/navigation_ws/src/navigation2/nav2_lifecycle_manager', 'symlink_install': True, 'test_result_base': None}
[1.123s] Level 5:colcon.colcon_core.verb:set package 'nav2_map_server' build argument 'cmake_args' from command line to 'None'
[1.123s] Level 5:colcon.colcon_core.verb:set package 'nav2_map_server' build argument 'cmake_target' from command line to 'None'
[1.123s] Level 5:colcon.colcon_core.verb:set package 'nav2_map_server' build argument 'cmake_target_skip_unavailable' from command line to 'False'
[1.123s] Level 5:colcon.colcon_core.verb:set package 'nav2_map_server' build argument 'cmake_clean_cache' from command line to 'False'
[1.123s] Level 5:colcon.colcon_core.verb:set package 'nav2_map_server' build argument 'cmake_clean_first' from command line to 'False'
[1.123s] Level 5:colcon.colcon_core.verb:set package 'nav2_map_server' build argument 'cmake_force_configure' from command line to 'False'
[1.123s] Level 5:colcon.colcon_core.verb:set package 'nav2_map_server' build argument 'ament_cmake_args' from command line to 'None'
[1.123s] Level 5:colcon.colcon_core.verb:set package 'nav2_map_server' build argument 'catkin_cmake_args' from command line to 'None'
[1.124s] Level 5:colcon.colcon_core.verb:set package 'nav2_map_server' build argument 'catkin_skip_building_tests' from command line to 'False'
[1.124s] DEBUG:colcon.colcon_core.verb:Building package 'nav2_map_server' with the following arguments: {'ament_cmake_args': None, 'build_base': '/home/unitree/navigation_ws/build/nav2_map_server', 'catkin_cmake_args': None, 'catkin_skip_building_tests': False, 'cmake_args': None, 'cmake_clean_cache': False, 'cmake_clean_first': False, 'cmake_force_configure': False, 'cmake_target': None, 'cmake_target_skip_unavailable': False, 'install_base': '/home/unitree/navigation_ws/install/nav2_map_server', 'merge_install': False, 'path': '/home/unitree/navigation_ws/src/navigation2/nav2_map_server', 'symlink_install': True, 'test_result_base': None}
[1.124s] Level 5:colcon.colcon_core.verb:set package 'nav2_waypoint_follower' build argument 'cmake_args' from command line to 'None'
[1.124s] Level 5:colcon.colcon_core.verb:set package 'nav2_waypoint_follower' build argument 'cmake_target' from command line to 'None'
[1.124s] Level 5:colcon.colcon_core.verb:set package 'nav2_waypoint_follower' build argument 'cmake_target_skip_unavailable' from command line to 'False'
[1.124s] Level 5:colcon.colcon_core.verb:set package 'nav2_waypoint_follower' build argument 'cmake_clean_cache' from command line to 'False'
[1.124s] Level 5:colcon.colcon_core.verb:set package 'nav2_waypoint_follower' build argument 'cmake_clean_first' from command line to 'False'
[1.124s] Level 5:colcon.colcon_core.verb:set package 'nav2_waypoint_follower' build argument 'cmake_force_configure' from command line to 'False'
[1.124s] Level 5:colcon.colcon_core.verb:set package 'nav2_waypoint_follower' build argument 'ament_cmake_args' from command line to 'None'
[1.124s] Level 5:colcon.colcon_core.verb:set package 'nav2_waypoint_follower' build argument 'catkin_cmake_args' from command line to 'None'
[1.124s] Level 5:colcon.colcon_core.verb:set package 'nav2_waypoint_follower' build argument 'catkin_skip_building_tests' from command line to 'False'
[1.124s] DEBUG:colcon.colcon_core.verb:Building package 'nav2_waypoint_follower' with the following arguments: {'ament_cmake_args': None, 'build_base': '/home/unitree/navigation_ws/build/nav2_waypoint_follower', 'catkin_cmake_args': None, 'catkin_skip_building_tests': False, 'cmake_args': None, 'cmake_clean_cache': False, 'cmake_clean_first': False, 'cmake_force_configure': False, 'cmake_target': None, 'cmake_target_skip_unavailable': False, 'install_base': '/home/unitree/navigation_ws/install/nav2_waypoint_follower', 'merge_install': False, 'path': '/home/unitree/navigation_ws/src/navigation2/nav2_waypoint_follower', 'symlink_install': True, 'test_result_base': None}
[1.125s] Level 5:colcon.colcon_core.verb:set package 'nav_2d_utils' build argument 'cmake_args' from command line to 'None'
[1.125s] Level 5:colcon.colcon_core.verb:set package 'nav_2d_utils' build argument 'cmake_target' from command line to 'None'
[1.125s] Level 5:colcon.colcon_core.verb:set package 'nav_2d_utils' build argument 'cmake_target_skip_unavailable' from command line to 'False'
[1.125s] Level 5:colcon.colcon_core.verb:set package 'nav_2d_utils' build argument 'cmake_clean_cache' from command line to 'False'
[1.125s] Level 5:colcon.colcon_core.verb:set package 'nav_2d_utils' build argument 'cmake_clean_first' from command line to 'False'
[1.125s] Level 5:colcon.colcon_core.verb:set package 'nav_2d_utils' build argument 'cmake_force_configure' from command line to 'False'
[1.125s] Level 5:colcon.colcon_core.verb:set package 'nav_2d_utils' build argument 'ament_cmake_args' from command line to 'None'
[1.125s] Level 5:colcon.colcon_core.verb:set package 'nav_2d_utils' build argument 'catkin_cmake_args' from command line to 'None'
[1.125s] Level 5:colcon.colcon_core.verb:set package 'nav_2d_utils' build argument 'catkin_skip_building_tests' from command line to 'False'
[1.125s] DEBUG:colcon.colcon_core.verb:Building package 'nav_2d_utils' with the following arguments: {'ament_cmake_args': None, 'build_base': '/home/unitree/navigation_ws/build/nav_2d_utils', 'catkin_cmake_args': None, 'catkin_skip_building_tests': False, 'cmake_args': None, 'cmake_clean_cache': False, 'cmake_clean_first': False, 'cmake_force_configure': False, 'cmake_target': None, 'cmake_target_skip_unavailable': False, 'install_base': '/home/unitree/navigation_ws/install/nav_2d_utils', 'merge_install': False, 'path': '/home/unitree/navigation_ws/src/navigation2/nav2_dwb_controller/nav_2d_utils', 'symlink_install': True, 'test_result_base': None}
[1.126s] Level 5:colcon.colcon_core.verb:set package 'nav2_bt_navigator' build argument 'cmake_args' from command line to 'None'
[1.126s] Level 5:colcon.colcon_core.verb:set package 'nav2_bt_navigator' build argument 'cmake_target' from command line to 'None'
[1.126s] Level 5:colcon.colcon_core.verb:set package 'nav2_bt_navigator' build argument 'cmake_target_skip_unavailable' from command line to 'False'
[1.126s] Level 5:colcon.colcon_core.verb:set package 'nav2_bt_navigator' build argument 'cmake_clean_cache' from command line to 'False'
[1.126s] Level 5:colcon.colcon_core.verb:set package 'nav2_bt_navigator' build argument 'cmake_clean_first' from command line to 'False'
[1.126s] Level 5:colcon.colcon_core.verb:set package 'nav2_bt_navigator' build argument 'cmake_force_configure' from command line to 'False'
[1.126s] Level 5:colcon.colcon_core.verb:set package 'nav2_bt_navigator' build argument 'ament_cmake_args' from command line to 'None'
[1.126s] Level 5:colcon.colcon_core.verb:set package 'nav2_bt_navigator' build argument 'catkin_cmake_args' from command line to 'None'
[1.126s] Level 5:colcon.colcon_core.verb:set package 'nav2_bt_navigator' build argument 'catkin_skip_building_tests' from command line to 'False'
[1.126s] DEBUG:colcon.colcon_core.verb:Building package 'nav2_bt_navigator' with the following arguments: {'ament_cmake_args': None, 'build_base': '/home/unitree/navigation_ws/build/nav2_bt_navigator', 'catkin_cmake_args': None, 'catkin_skip_building_tests': False, 'cmake_args': None, 'cmake_clean_cache': False, 'cmake_clean_first': False, 'cmake_force_configure': False, 'cmake_target': None, 'cmake_target_skip_unavailable': False, 'install_base': '/home/unitree/navigation_ws/install/nav2_bt_navigator', 'merge_install': False, 'path': '/home/unitree/navigation_ws/src/navigation2/nav2_bt_navigator', 'symlink_install': True, 'test_result_base': None}
[1.127s] Level 5:colcon.colcon_core.verb:set package 'nav2_costmap_2d' build argument 'cmake_args' from command line to 'None'
[1.127s] Level 5:colcon.colcon_core.verb:set package 'nav2_costmap_2d' build argument 'cmake_target' from command line to 'None'
[1.127s] Level 5:colcon.colcon_core.verb:set package 'nav2_costmap_2d' build argument 'cmake_target_skip_unavailable' from command line to 'False'
[1.127s] Level 5:colcon.colcon_core.verb:set package 'nav2_costmap_2d' build argument 'cmake_clean_cache' from command line to 'False'
[1.127s] Level 5:colcon.colcon_core.verb:set package 'nav2_costmap_2d' build argument 'cmake_clean_first' from command line to 'False'
[1.127s] Level 5:colcon.colcon_core.verb:set package 'nav2_costmap_2d' build argument 'cmake_force_configure' from command line to 'False'
[1.127s] Level 5:colcon.colcon_core.verb:set package 'nav2_costmap_2d' build argument 'ament_cmake_args' from command line to 'None'
[1.127s] Level 5:colcon.colcon_core.verb:set package 'nav2_costmap_2d' build argument 'catkin_cmake_args' from command line to 'None'
[1.127s] Level 5:colcon.colcon_core.verb:set package 'nav2_costmap_2d' build argument 'catkin_skip_building_tests' from command line to 'False'
[1.127s] DEBUG:colcon.colcon_core.verb:Building package 'nav2_costmap_2d' with the following arguments: {'ament_cmake_args': None, 'build_base': '/home/unitree/navigation_ws/build/nav2_costmap_2d', 'catkin_cmake_args': None, 'catkin_skip_building_tests': False, 'cmake_args': None, 'cmake_clean_cache': False, 'cmake_clean_first': False, 'cmake_force_configure': False, 'cmake_target': None, 'cmake_target_skip_unavailable': False, 'install_base': '/home/unitree/navigation_ws/install/nav2_costmap_2d', 'merge_install': False, 'path': '/home/unitree/navigation_ws/src/navigation2/nav2_costmap_2d', 'symlink_install': True, 'test_result_base': None}
[1.127s] Level 5:colcon.colcon_core.verb:set package 'costmap_queue' build argument 'cmake_args' from command line to 'None'
[1.127s] Level 5:colcon.colcon_core.verb:set package 'costmap_queue' build argument 'cmake_target' from command line to 'None'
[1.128s] Level 5:colcon.colcon_core.verb:set package 'costmap_queue' build argument 'cmake_target_skip_unavailable' from command line to 'False'
[1.128s] Level 5:colcon.colcon_core.verb:set package 'costmap_queue' build argument 'cmake_clean_cache' from command line to 'False'
[1.128s] Level 5:colcon.colcon_core.verb:set package 'costmap_queue' build argument 'cmake_clean_first' from command line to 'False'
[1.128s] Level 5:colcon.colcon_core.verb:set package 'costmap_queue' build argument 'cmake_force_configure' from command line to 'False'
[1.128s] Level 5:colcon.colcon_core.verb:set package 'costmap_queue' build argument 'ament_cmake_args' from command line to 'None'
[1.128s] Level 5:colcon.colcon_core.verb:set package 'costmap_queue' build argument 'catkin_cmake_args' from command line to 'None'
[1.128s] Level 5:colcon.colcon_core.verb:set package 'costmap_queue' build argument 'catkin_skip_building_tests' from command line to 'False'
[1.128s] DEBUG:colcon.colcon_core.verb:Building package 'costmap_queue' with the following arguments: {'ament_cmake_args': None, 'build_base': '/home/unitree/navigation_ws/build/costmap_queue', 'catkin_cmake_args': None, 'catkin_skip_building_tests': False, 'cmake_args': None, 'cmake_clean_cache': False, 'cmake_clean_first': False, 'cmake_force_configure': False, 'cmake_target': None, 'cmake_target_skip_unavailable': False, 'install_base': '/home/unitree/navigation_ws/install/costmap_queue', 'merge_install': False, 'path': '/home/unitree/navigation_ws/src/navigation2/nav2_dwb_controller/costmap_queue', 'symlink_install': True, 'test_result_base': None}
[1.128s] Level 5:colcon.colcon_core.verb:set package 'nav2_core' build argument 'cmake_args' from command line to 'None'
[1.128s] Level 5:colcon.colcon_core.verb:set package 'nav2_core' build argument 'cmake_target' from command line to 'None'
[1.128s] Level 5:colcon.colcon_core.verb:set package 'nav2_core' build argument 'cmake_target_skip_unavailable' from command line to 'False'
[1.128s] Level 5:colcon.colcon_core.verb:set package 'nav2_core' build argument 'cmake_clean_cache' from command line to 'False'
[1.128s] Level 5:colcon.colcon_core.verb:set package 'nav2_core' build argument 'cmake_clean_first' from command line to 'False'
[1.128s] Level 5:colcon.colcon_core.verb:set package 'nav2_core' build argument 'cmake_force_configure' from command line to 'False'
[1.129s] Level 5:colcon.colcon_core.verb:set package 'nav2_core' build argument 'ament_cmake_args' from command line to 'None'
[1.129s] Level 5:colcon.colcon_core.verb:set package 'nav2_core' build argument 'catkin_cmake_args' from command line to 'None'
[1.129s] Level 5:colcon.colcon_core.verb:set package 'nav2_core' build argument 'catkin_skip_building_tests' from command line to 'False'
[1.129s] DEBUG:colcon.colcon_core.verb:Building package 'nav2_core' with the following arguments: {'ament_cmake_args': None, 'build_base': '/home/unitree/navigation_ws/build/nav2_core', 'catkin_cmake_args': None, 'catkin_skip_building_tests': False, 'cmake_args': None, 'cmake_clean_cache': False, 'cmake_clean_first': False, 'cmake_force_configure': False, 'cmake_target': None, 'cmake_target_skip_unavailable': False, 'install_base': '/home/unitree/navigation_ws/install/nav2_core', 'merge_install': False, 'path': '/home/unitree/navigation_ws/src/navigation2/nav2_core', 'symlink_install': True, 'test_result_base': None}
[1.129s] Level 5:colcon.colcon_core.verb:set package 'rm_autonomy' build argument 'cmake_args' from command line to 'None'
[1.129s] Level 5:colcon.colcon_core.verb:set package 'rm_autonomy' build argument 'cmake_target' from command line to 'None'
[1.129s] Level 5:colcon.colcon_core.verb:set package 'rm_autonomy' build argument 'cmake_target_skip_unavailable' from command line to 'False'
[1.129s] Level 5:colcon.colcon_core.verb:set package 'rm_autonomy' build argument 'cmake_clean_cache' from command line to 'False'
[1.129s] Level 5:colcon.colcon_core.verb:set package 'rm_autonomy' build argument 'cmake_clean_first' from command line to 'False'
[1.129s] Level 5:colcon.colcon_core.verb:set package 'rm_autonomy' build argument 'cmake_force_configure' from command line to 'False'
[1.129s] Level 5:colcon.colcon_core.verb:set package 'rm_autonomy' build argument 'ament_cmake_args' from command line to 'None'
[1.129s] Level 5:colcon.colcon_core.verb:set package 'rm_autonomy' build argument 'catkin_cmake_args' from command line to 'None'
[1.129s] Level 5:colcon.colcon_core.verb:set package 'rm_autonomy' build argument 'catkin_skip_building_tests' from command line to 'False'
[1.129s] DEBUG:colcon.colcon_core.verb:Building package 'rm_autonomy' with the following arguments: {'ament_cmake_args': None, 'build_base': '/home/unitree/navigation_ws/build/rm_autonomy', 'catkin_cmake_args': None, 'catkin_skip_building_tests': False, 'cmake_args': None, 'cmake_clean_cache': False, 'cmake_clean_first': False, 'cmake_force_configure': False, 'cmake_target': None, 'cmake_target_skip_unavailable': False, 'install_base': '/home/unitree/navigation_ws/install/rm_autonomy', 'merge_install': False, 'path': '/home/unitree/navigation_ws/src/autonomy/rm_autonomy', 'symlink_install': True, 'test_result_base': None}
[1.130s] Level 5:colcon.colcon_core.verb:set package 'dwb_core' build argument 'cmake_args' from command line to 'None'
[1.130s] Level 5:colcon.colcon_core.verb:set package 'dwb_core' build argument 'cmake_target' from command line to 'None'
[1.130s] Level 5:colcon.colcon_core.verb:set package 'dwb_core' build argument 'cmake_target_skip_unavailable' from command line to 'False'
[1.130s] Level 5:colcon.colcon_core.verb:set package 'dwb_core' build argument 'cmake_clean_cache' from command line to 'False'
[1.130s] Level 5:colcon.colcon_core.verb:set package 'dwb_core' build argument 'cmake_clean_first' from command line to 'False'
[1.130s] Level 5:colcon.colcon_core.verb:set package 'dwb_core' build argument 'cmake_force_configure' from command line to 'False'
[1.130s] Level 5:colcon.colcon_core.verb:set package 'dwb_core' build argument 'ament_cmake_args' from command line to 'None'
[1.130s] Level 5:colcon.colcon_core.verb:set package 'dwb_core' build argument 'catkin_cmake_args' from command line to 'None'
[1.130s] Level 5:colcon.colcon_core.verb:set package 'dwb_core' build argument 'catkin_skip_building_tests' from command line to 'False'
[1.130s] DEBUG:colcon.colcon_core.verb:Building package 'dwb_core' with the following arguments: {'ament_cmake_args': None, 'build_base': '/home/unitree/navigation_ws/build/dwb_core', 'catkin_cmake_args': None, 'catkin_skip_building_tests': False, 'cmake_args': None, 'cmake_clean_cache': False, 'cmake_clean_first': False, 'cmake_force_configure': False, 'cmake_target': None, 'cmake_target_skip_unavailable': False, 'install_base': '/home/unitree/navigation_ws/install/dwb_core', 'merge_install': False, 'path': '/home/unitree/navigation_ws/src/navigation2/nav2_dwb_controller/dwb_core', 'symlink_install': True, 'test_result_base': None}
[1.131s] Level 5:colcon.colcon_core.verb:set package 'nav2_controller' build argument 'cmake_args' from command line to 'None'
[1.131s] Level 5:colcon.colcon_core.verb:set package 'nav2_controller' build argument 'cmake_target' from command line to 'None'
[1.131s] Level 5:colcon.colcon_core.verb:set package 'nav2_controller' build argument 'cmake_target_skip_unavailable' from command line to 'False'
[1.131s] Level 5:colcon.colcon_core.verb:set package 'nav2_controller' build argument 'cmake_clean_cache' from command line to 'False'
[1.131s] Level 5:colcon.colcon_core.verb:set package 'nav2_controller' build argument 'cmake_clean_first' from command line to 'False'
[1.131s] Level 5:colcon.colcon_core.verb:set package 'nav2_controller' build argument 'cmake_force_configure' from command line to 'False'
[1.131s] Level 5:colcon.colcon_core.verb:set package 'nav2_controller' build argument 'ament_cmake_args' from command line to 'None'
[1.131s] Level 5:colcon.colcon_core.verb:set package 'nav2_controller' build argument 'catkin_cmake_args' from command line to 'None'
[1.131s] Level 5:colcon.colcon_core.verb:set package 'nav2_controller' build argument 'catkin_skip_building_tests' from command line to 'False'
[1.131s] DEBUG:colcon.colcon_core.verb:Building package 'nav2_controller' with the following arguments: {'ament_cmake_args': None, 'build_base': '/home/unitree/navigation_ws/build/nav2_controller', 'catkin_cmake_args': None, 'catkin_skip_building_tests': False, 'cmake_args': None, 'cmake_clean_cache': False, 'cmake_clean_first': False, 'cmake_force_configure': False, 'cmake_target': None, 'cmake_target_skip_unavailable': False, 'install_base': '/home/unitree/navigation_ws/install/nav2_controller', 'merge_install': False, 'path': '/home/unitree/navigation_ws/src/navigation2/nav2_controller', 'symlink_install': True, 'test_result_base': None}
[1.132s] Level 5:colcon.colcon_core.verb:set package 'nav2_navfn_planner' build argument 'cmake_args' from command line to 'None'
[1.132s] Level 5:colcon.colcon_core.verb:set package 'nav2_navfn_planner' build argument 'cmake_target' from command line to 'None'
[1.132s] Level 5:colcon.colcon_core.verb:set package 'nav2_navfn_planner' build argument 'cmake_target_skip_unavailable' from command line to 'False'
[1.132s] Level 5:colcon.colcon_core.verb:set package 'nav2_navfn_planner' build argument 'cmake_clean_cache' from command line to 'False'
[1.132s] Level 5:colcon.colcon_core.verb:set package 'nav2_navfn_planner' build argument 'cmake_clean_first' from command line to 'False'
[1.132s] Level 5:colcon.colcon_core.verb:set package 'nav2_navfn_planner' build argument 'cmake_force_configure' from command line to 'False'
[1.132s] Level 5:colcon.colcon_core.verb:set package 'nav2_navfn_planner' build argument 'ament_cmake_args' from command line to 'None'
[1.132s] Level 5:colcon.colcon_core.verb:set package 'nav2_navfn_planner' build argument 'catkin_cmake_args' from command line to 'None'
[1.132s] Level 5:colcon.colcon_core.verb:set package 'nav2_navfn_planner' build argument 'catkin_skip_building_tests' from command line to 'False'
[1.132s] DEBUG:colcon.colcon_core.verb:Building package 'nav2_navfn_planner' with the following arguments: {'ament_cmake_args': None, 'build_base': '/home/unitree/navigation_ws/build/nav2_navfn_planner', 'catkin_cmake_args': None, 'catkin_skip_building_tests': False, 'cmake_args': None, 'cmake_clean_cache': False, 'cmake_clean_first': False, 'cmake_force_configure': False, 'cmake_target': None, 'cmake_target_skip_unavailable': False, 'install_base': '/home/unitree/navigation_ws/install/nav2_navfn_planner', 'merge_install': False, 'path': '/home/unitree/navigation_ws/src/navigation2/nav2_navfn_planner', 'symlink_install': True, 'test_result_base': None}
[1.133s] Level 5:colcon.colcon_core.verb:set package 'nav2_planner' build argument 'cmake_args' from command line to 'None'
[1.133s] Level 5:colcon.colcon_core.verb:set package 'nav2_planner' build argument 'cmake_target' from command line to 'None'
[1.133s] Level 5:colcon.colcon_core.verb:set package 'nav2_planner' build argument 'cmake_target_skip_unavailable' from command line to 'False'
[1.133s] Level 5:colcon.colcon_core.verb:set package 'nav2_planner' build argument 'cmake_clean_cache' from command line to 'False'
[1.133s] Level 5:colcon.colcon_core.verb:set package 'nav2_planner' build argument 'cmake_clean_first' from command line to 'False'
[1.133s] Level 5:colcon.colcon_core.verb:set package 'nav2_planner' build argument 'cmake_force_configure' from command line to 'False'
[1.133s] Level 5:colcon.colcon_core.verb:set package 'nav2_planner' build argument 'ament_cmake_args' from command line to 'None'
[1.133s] Level 5:colcon.colcon_core.verb:set package 'nav2_planner' build argument 'catkin_cmake_args' from command line to 'None'
[1.133s] Level 5:colcon.colcon_core.verb:set package 'nav2_planner' build argument 'catkin_skip_building_tests' from command line to 'False'
[1.133s] DEBUG:colcon.colcon_core.verb:Building package 'nav2_planner' with the following arguments: {'ament_cmake_args': None, 'build_base': '/home/unitree/navigation_ws/build/nav2_planner', 'catkin_cmake_args': None, 'catkin_skip_building_tests': False, 'cmake_args': None, 'cmake_clean_cache': False, 'cmake_clean_first': False, 'cmake_force_configure': False, 'cmake_target': None, 'cmake_target_skip_unavailable': False, 'install_base': '/home/unitree/navigation_ws/install/nav2_planner', 'merge_install': False, 'path': '/home/unitree/navigation_ws/src/navigation2/nav2_planner', 'symlink_install': True, 'test_result_base': None}
[1.133s] Level 5:colcon.colcon_core.verb:set package 'nav2_recoveries' build argument 'cmake_args' from command line to 'None'
[1.133s] Level 5:colcon.colcon_core.verb:set package 'nav2_recoveries' build argument 'cmake_target' from command line to 'None'
[1.133s] Level 5:colcon.colcon_core.verb:set package 'nav2_recoveries' build argument 'cmake_target_skip_unavailable' from command line to 'False'
[1.134s] Level 5:colcon.colcon_core.verb:set package 'nav2_recoveries' build argument 'cmake_clean_cache' from command line to 'False'
[1.134s] Level 5:colcon.colcon_core.verb:set package 'nav2_recoveries' build argument 'cmake_clean_first' from command line to 'False'
[1.134s] Level 5:colcon.colcon_core.verb:set package 'nav2_recoveries' build argument 'cmake_force_configure' from command line to 'False'
[1.134s] Level 5:colcon.colcon_core.verb:set package 'nav2_recoveries' build argument 'ament_cmake_args' from command line to 'None'
[1.134s] Level 5:colcon.colcon_core.verb:set package 'nav2_recoveries' build argument 'catkin_cmake_args' from command line to 'None'
[1.134s] Level 5:colcon.colcon_core.verb:set package 'nav2_recoveries' build argument 'catkin_skip_building_tests' from command line to 'False'
[1.134s] DEBUG:colcon.colcon_core.verb:Building package 'nav2_recoveries' with the following arguments: {'ament_cmake_args': None, 'build_base': '/home/unitree/navigation_ws/build/nav2_recoveries', 'catkin_cmake_args': None, 'catkin_skip_building_tests': False, 'cmake_args': None, 'cmake_clean_cache': False, 'cmake_clean_first': False, 'cmake_force_configure': False, 'cmake_target': None, 'cmake_target_skip_unavailable': False, 'install_base': '/home/unitree/navigation_ws/install/nav2_recoveries', 'merge_install': False, 'path': '/home/unitree/navigation_ws/src/navigation2/nav2_recoveries', 'symlink_install': True, 'test_result_base': None}
[1.134s] Level 5:colcon.colcon_core.verb:set package 'nav2_regulated_pure_pursuit_controller' build argument 'cmake_args' from command line to 'None'
[1.134s] Level 5:colcon.colcon_core.verb:set package 'nav2_regulated_pure_pursuit_controller' build argument 'cmake_target' from command line to 'None'
[1.134s] Level 5:colcon.colcon_core.verb:set package 'nav2_regulated_pure_pursuit_controller' build argument 'cmake_target_skip_unavailable' from command line to 'False'
[1.134s] Level 5:colcon.colcon_core.verb:set package 'nav2_regulated_pure_pursuit_controller' build argument 'cmake_clean_cache' from command line to 'False'
[1.134s] Level 5:colcon.colcon_core.verb:set package 'nav2_regulated_pure_pursuit_controller' build argument 'cmake_clean_first' from command line to 'False'
[1.134s] Level 5:colcon.colcon_core.verb:set package 'nav2_regulated_pure_pursuit_controller' build argument 'cmake_force_configure' from command line to 'False'
[1.134s] Level 5:colcon.colcon_core.verb:set package 'nav2_regulated_pure_pursuit_controller' build argument 'ament_cmake_args' from command line to 'None'
[1.134s] Level 5:colcon.colcon_core.verb:set package 'nav2_regulated_pure_pursuit_controller' build argument 'catkin_cmake_args' from command line to 'None'
[1.135s] Level 5:colcon.colcon_core.verb:set package 'nav2_regulated_pure_pursuit_controller' build argument 'catkin_skip_building_tests' from command line to 'False'
[1.135s] DEBUG:colcon.colcon_core.verb:Building package 'nav2_regulated_pure_pursuit_controller' with the following arguments: {'ament_cmake_args': None, 'build_base': '/home/unitree/navigation_ws/build/nav2_regulated_pure_pursuit_controller', 'catkin_cmake_args': None, 'catkin_skip_building_tests': False, 'cmake_args': None, 'cmake_clean_cache': False, 'cmake_clean_first': False, 'cmake_force_configure': False, 'cmake_target': None, 'cmake_target_skip_unavailable': False, 'install_base': '/home/unitree/navigation_ws/install/nav2_regulated_pure_pursuit_controller', 'merge_install': False, 'path': '/home/unitree/navigation_ws/src/navigation2/nav2_regulated_pure_pursuit_controller', 'symlink_install': True, 'test_result_base': None}
[1.135s] Level 5:colcon.colcon_core.verb:set package 'smac_planner' build argument 'cmake_args' from command line to 'None'
[1.135s] Level 5:colcon.colcon_core.verb:set package 'smac_planner' build argument 'cmake_target' from command line to 'None'
[1.135s] Level 5:colcon.colcon_core.verb:set package 'smac_planner' build argument 'cmake_target_skip_unavailable' from command line to 'False'
[1.135s] Level 5:colcon.colcon_core.verb:set package 'smac_planner' build argument 'cmake_clean_cache' from command line to 'False'
[1.135s] Level 5:colcon.colcon_core.verb:set package 'smac_planner' build argument 'cmake_clean_first' from command line to 'False'
[1.135s] Level 5:colcon.colcon_core.verb:set package 'smac_planner' build argument 'cmake_force_configure' from command line to 'False'
[1.135s] Level 5:colcon.colcon_core.verb:set package 'smac_planner' build argument 'ament_cmake_args' from command line to 'None'
[1.135s] Level 5:colcon.colcon_core.verb:set package 'smac_planner' build argument 'catkin_cmake_args' from command line to 'None'
[1.135s] Level 5:colcon.colcon_core.verb:set package 'smac_planner' build argument 'catkin_skip_building_tests' from command line to 'False'
[1.135s] DEBUG:colcon.colcon_core.verb:Building package 'smac_planner' with the following arguments: {'ament_cmake_args': None, 'build_base': '/home/unitree/navigation_ws/build/smac_planner', 'catkin_cmake_args': None, 'catkin_skip_building_tests': False, 'cmake_args': None, 'cmake_clean_cache': False, 'cmake_clean_first': False, 'cmake_force_configure': False, 'cmake_target': None, 'cmake_target_skip_unavailable': False, 'install_base': '/home/unitree/navigation_ws/install/smac_planner', 'merge_install': False, 'path': '/home/unitree/navigation_ws/src/navigation2/smac_planner', 'symlink_install': True, 'test_result_base': None}
[1.136s] Level 5:colcon.colcon_core.verb:set package 'dwb_critics' build argument 'cmake_args' from command line to 'None'
[1.136s] Level 5:colcon.colcon_core.verb:set package 'dwb_critics' build argument 'cmake_target' from command line to 'None'
[1.136s] Level 5:colcon.colcon_core.verb:set package 'dwb_critics' build argument 'cmake_target_skip_unavailable' from command line to 'False'
[1.136s] Level 5:colcon.colcon_core.verb:set package 'dwb_critics' build argument 'cmake_clean_cache' from command line to 'False'
[1.136s] Level 5:colcon.colcon_core.verb:set package 'dwb_critics' build argument 'cmake_clean_first' from command line to 'False'
[1.136s] Level 5:colcon.colcon_core.verb:set package 'dwb_critics' build argument 'cmake_force_configure' from command line to 'False'
[1.136s] Level 5:colcon.colcon_core.verb:set package 'dwb_critics' build argument 'ament_cmake_args' from command line to 'None'
[1.136s] Level 5:colcon.colcon_core.verb:set package 'dwb_critics' build argument 'catkin_cmake_args' from command line to 'None'
[1.136s] Level 5:colcon.colcon_core.verb:set package 'dwb_critics' build argument 'catkin_skip_building_tests' from command line to 'False'
[1.136s] DEBUG:colcon.colcon_core.verb:Building package 'dwb_critics' with the following arguments: {'ament_cmake_args': None, 'build_base': '/home/unitree/navigation_ws/build/dwb_critics', 'catkin_cmake_args': None, 'catkin_skip_building_tests': False, 'cmake_args': None, 'cmake_clean_cache': False, 'cmake_clean_first': False, 'cmake_force_configure': False, 'cmake_target': None, 'cmake_target_skip_unavailable': False, 'install_base': '/home/unitree/navigation_ws/install/dwb_critics', 'merge_install': False, 'path': '/home/unitree/navigation_ws/src/navigation2/nav2_dwb_controller/dwb_critics', 'symlink_install': True, 'test_result_base': None}
[1.137s] Level 5:colcon.colcon_core.verb:set package 'dwb_plugins' build argument 'cmake_args' from command line to 'None'
[1.137s] Level 5:colcon.colcon_core.verb:set package 'dwb_plugins' build argument 'cmake_target' from command line to 'None'
[1.137s] Level 5:colcon.colcon_core.verb:set package 'dwb_plugins' build argument 'cmake_target_skip_unavailable' from command line to 'False'
[1.137s] Level 5:colcon.colcon_core.verb:set package 'dwb_plugins' build argument 'cmake_clean_cache' from command line to 'False'
[1.137s] Level 5:colcon.colcon_core.verb:set package 'dwb_plugins' build argument 'cmake_clean_first' from command line to 'False'
[1.137s] Level 5:colcon.colcon_core.verb:set package 'dwb_plugins' build argument 'cmake_force_configure' from command line to 'False'
[1.137s] Level 5:colcon.colcon_core.verb:set package 'dwb_plugins' build argument 'ament_cmake_args' from command line to 'None'
[1.137s] Level 5:colcon.colcon_core.verb:set package 'dwb_plugins' build argument 'catkin_cmake_args' from command line to 'None'
[1.137s] Level 5:colcon.colcon_core.verb:set package 'dwb_plugins' build argument 'catkin_skip_building_tests' from command line to 'False'
[1.137s] DEBUG:colcon.colcon_core.verb:Building package 'dwb_plugins' with the following arguments: {'ament_cmake_args': None, 'build_base': '/home/unitree/navigation_ws/build/dwb_plugins', 'catkin_cmake_args': None, 'catkin_skip_building_tests': False, 'cmake_args': None, 'cmake_clean_cache': False, 'cmake_clean_first': False, 'cmake_force_configure': False, 'cmake_target': None, 'cmake_target_skip_unavailable': False, 'install_base': '/home/unitree/navigation_ws/install/dwb_plugins', 'merge_install': False, 'path': '/home/unitree/navigation_ws/src/navigation2/nav2_dwb_controller/dwb_plugins', 'symlink_install': True, 'test_result_base': None}
[1.138s] Level 5:colcon.colcon_core.verb:set package 'nav2_dwb_controller' build argument 'cmake_args' from command line to 'None'
[1.138s] Level 5:colcon.colcon_core.verb:set package 'nav2_dwb_controller' build argument 'cmake_target' from command line to 'None'
[1.138s] Level 5:colcon.colcon_core.verb:set package 'nav2_dwb_controller' build argument 'cmake_target_skip_unavailable' from command line to 'False'
[1.138s] Level 5:colcon.colcon_core.verb:set package 'nav2_dwb_controller' build argument 'cmake_clean_cache' from command line to 'False'
[1.138s] Level 5:colcon.colcon_core.verb:set package 'nav2_dwb_controller' build argument 'cmake_clean_first' from command line to 'False'
[1.138s] Level 5:colcon.colcon_core.verb:set package 'nav2_dwb_controller' build argument 'cmake_force_configure' from command line to 'False'
[1.138s] Level 5:colcon.colcon_core.verb:set package 'nav2_dwb_controller' build argument 'ament_cmake_args' from command line to 'None'
[1.138s] Level 5:colcon.colcon_core.verb:set package 'nav2_dwb_controller' build argument 'catkin_cmake_args' from command line to 'None'
[1.138s] Level 5:colcon.colcon_core.verb:set package 'nav2_dwb_controller' build argument 'catkin_skip_building_tests' from command line to 'False'
[1.138s] DEBUG:colcon.colcon_core.verb:Building package 'nav2_dwb_controller' with the following arguments: {'ament_cmake_args': None, 'build_base': '/home/unitree/navigation_ws/build/nav2_dwb_controller', 'catkin_cmake_args': None, 'catkin_skip_building_tests': False, 'cmake_args': None, 'cmake_clean_cache': False, 'cmake_clean_first': False, 'cmake_force_configure': False, 'cmake_target': None, 'cmake_target_skip_unavailable': False, 'install_base': '/home/unitree/navigation_ws/install/nav2_dwb_controller', 'merge_install': False, 'path': '/home/unitree/navigation_ws/src/navigation2/nav2_dwb_controller/nav2_dwb_controller', 'symlink_install': True, 'test_result_base': None}
[1.139s] Level 5:colcon.colcon_core.verb:set package 'navigation2' build argument 'cmake_args' from command line to 'None'
[1.139s] Level 5:colcon.colcon_core.verb:set package 'navigation2' build argument 'cmake_target' from command line to 'None'
[1.139s] Level 5:colcon.colcon_core.verb:set package 'navigation2' build argument 'cmake_target_skip_unavailable' from command line to 'False'
[1.139s] Level 5:colcon.colcon_core.verb:set package 'navigation2' build argument 'cmake_clean_cache' from command line to 'False'
[1.139s] Level 5:colcon.colcon_core.verb:set package 'navigation2' build argument 'cmake_clean_first' from command line to 'False'
[1.139s] Level 5:colcon.colcon_core.verb:set package 'navigation2' build argument 'cmake_force_configure' from command line to 'False'
[1.139s] Level 5:colcon.colcon_core.verb:set package 'navigation2' build argument 'ament_cmake_args' from command line to 'None'
[1.139s] Level 5:colcon.colcon_core.verb:set package 'navigation2' build argument 'catkin_cmake_args' from command line to 'None'
[1.139s] Level 5:colcon.colcon_core.verb:set package 'navigation2' build argument 'catkin_skip_building_tests' from command line to 'False'
[1.139s] DEBUG:colcon.colcon_core.verb:Building package 'navigation2' with the following arguments: {'ament_cmake_args': None, 'build_base': '/home/unitree/navigation_ws/build/navigation2', 'catkin_cmake_args': None, 'catkin_skip_building_tests': False, 'cmake_args': None, 'cmake_clean_cache': False, 'cmake_clean_first': False, 'cmake_force_configure': False, 'cmake_target': None, 'cmake_target_skip_unavailable': False, 'install_base': '/home/unitree/navigation_ws/install/navigation2', 'merge_install': False, 'path': '/home/unitree/navigation_ws/src/navigation2/navigation2', 'symlink_install': True, 'test_result_base': None}
[1.139s] Level 5:colcon.colcon_core.verb:set package 'nav2_bringup' build argument 'cmake_args' from command line to 'None'
[1.140s] Level 5:colcon.colcon_core.verb:set package 'nav2_bringup' build argument 'cmake_target' from command line to 'None'
[1.140s] Level 5:colcon.colcon_core.verb:set package 'nav2_bringup' build argument 'cmake_target_skip_unavailable' from command line to 'False'
[1.140s] Level 5:colcon.colcon_core.verb:set package 'nav2_bringup' build argument 'cmake_clean_cache' from command line to 'False'
[1.140s] Level 5:colcon.colcon_core.verb:set package 'nav2_bringup' build argument 'cmake_clean_first' from command line to 'False'
[1.140s] Level 5:colcon.colcon_core.verb:set package 'nav2_bringup' build argument 'cmake_force_configure' from command line to 'False'
[1.140s] Level 5:colcon.colcon_core.verb:set package 'nav2_bringup' build argument 'ament_cmake_args' from command line to 'None'
[1.140s] Level 5:colcon.colcon_core.verb:set package 'nav2_bringup' build argument 'catkin_cmake_args' from command line to 'None'
[1.140s] Level 5:colcon.colcon_core.verb:set package 'nav2_bringup' build argument 'catkin_skip_building_tests' from command line to 'False'
[1.140s] DEBUG:colcon.colcon_core.verb:Building package 'nav2_bringup' with the following arguments: {'ament_cmake_args': None, 'build_base': '/home/unitree/navigation_ws/build/nav2_bringup', 'catkin_cmake_args': None, 'catkin_skip_building_tests': False, 'cmake_args': None, 'cmake_clean_cache': False, 'cmake_clean_first': False, 'cmake_force_configure': False, 'cmake_target': None, 'cmake_target_skip_unavailable': False, 'install_base': '/home/unitree/navigation_ws/install/nav2_bringup', 'merge_install': False, 'path': '/home/unitree/navigation_ws/src/navigation2/nav2_bringup/bringup', 'symlink_install': True, 'test_result_base': None}
[1.140s] INFO:colcon.colcon_core.executor:Executing jobs using 'parallel' executor
[1.142s] DEBUG:colcon.colcon_parallel_executor.executor.parallel:run_until_complete
[1.144s] INFO:colcon.colcon_ros.task.ament_cmake.build:Building ROS package in '/home/unitree/navigation_ws/src/navigation2/nav2_common' with build type 'ament_cmake'
[1.144s] INFO:colcon.colcon_cmake.task.cmake.build:Building CMake package in '/home/unitree/navigation_ws/src/navigation2/nav2_common'
[1.151s] INFO:colcon.colcon_core.plugin_system:Skipping extension 'colcon_core.shell.bat': Not used on non-Windows systems
[1.151s] INFO:colcon.colcon_core.shell:Skip shell extension 'powershell' for command environment: Not usable outside of PowerShell
[1.151s] DEBUG:colcon.colcon_core.shell:Skip shell extension 'dsv' for command environment
[1.159s] INFO:colcon.colcon_ros.task.ament_cmake.build:Building ROS package in '/home/unitree/navigation_ws/src/navigation2/nav2_dwb_controller/nav_2d_msgs' with build type 'ament_cmake'
[1.160s] INFO:colcon.colcon_cmake.task.cmake.build:Building CMake package in '/home/unitree/navigation_ws/src/navigation2/nav2_dwb_controller/nav_2d_msgs'
[1.161s] INFO:colcon.colcon_core.shell:Skip shell extension 'powershell' for command environment: Not usable outside of PowerShell
[1.161s] DEBUG:colcon.colcon_core.shell:Skip shell extension 'dsv' for command environment
[1.169s] INFO:colcon.colcon_ros.task.ament_cmake.build:Building ROS package in '/home/unitree/navigation_ws/src/livox_ros_driver2' with build type 'ament_cmake'
[1.170s] INFO:colcon.colcon_cmake.task.cmake.build:Building CMake package in '/home/unitree/navigation_ws/src/livox_ros_driver2'
[1.171s] INFO:colcon.colcon_core.shell:Skip shell extension 'powershell' for command environment: Not usable outside of PowerShell
[1.171s] DEBUG:colcon.colcon_core.shell:Skip shell extension 'dsv' for command environment
[1.181s] INFO:colcon.colcon_ros.task.ament_cmake.build:Building ROS package in '/home/unitree/navigation_ws/src/autonomy/BehaviorTree.CPP' with build type 'ament_cmake'
[1.181s] INFO:colcon.colcon_cmake.task.cmake.build:Building CMake package in '/home/unitree/navigation_ws/src/autonomy/BehaviorTree.CPP'
[1.182s] INFO:colcon.colcon_core.shell:Skip shell extension 'powershell' for command environment: Not usable outside of PowerShell
[1.183s] DEBUG:colcon.colcon_core.shell:Skip shell extension 'dsv' for command environment
[1.190s] INFO:colcon.colcon_ros.task.ament_cmake.build:Building ROS package in '/home/unitree/navigation_ws/src/reconstruction/linefit_ground_segmentation_ros2/linefit_ground_segmentation' with build type 'ament_cmake'
[1.191s] INFO:colcon.colcon_cmake.task.cmake.build:Building CMake package in '/home/unitree/navigation_ws/src/reconstruction/linefit_ground_segmentation_ros2/linefit_ground_segmentation'
[1.192s] INFO:colcon.colcon_core.shell:Skip shell extension 'powershell' for command environment: Not usable outside of PowerShell
[1.192s] DEBUG:colcon.colcon_core.shell:Skip shell extension 'dsv' for command environment
[1.199s] INFO:colcon.colcon_ros.task.ament_cmake.build:Building ROS package in '/home/unitree/navigation_ws/src/reconstruction/pointcloud_to_laserscan' with build type 'ament_cmake'
[1.200s] INFO:colcon.colcon_cmake.task.cmake.build:Building CMake package in '/home/unitree/navigation_ws/src/reconstruction/pointcloud_to_laserscan'
[1.201s] INFO:colcon.colcon_core.shell:Skip shell extension 'powershell' for command environment: Not usable outside of PowerShell
[1.201s] DEBUG:colcon.colcon_core.shell:Skip shell extension 'dsv' for command environment
[1.208s] INFO:colcon.colcon_ros.task.ament_cmake.build:Building ROS package in '/home/unitree/navigation_ws/src/autonomy/rm_autonomy_interfaces' with build type 'ament_cmake'
[1.208s] INFO:colcon.colcon_cmake.task.cmake.build:Building CMake package in '/home/unitree/navigation_ws/src/autonomy/rm_autonomy_interfaces'
[1.209s] INFO:colcon.colcon_core.shell:Skip shell extension 'powershell' for command environment: Not usable outside of PowerShell
[1.209s] DEBUG:colcon.colcon_core.shell:Skip shell extension 'dsv' for command environment
[1.216s] INFO:colcon.colcon_ros.task.ament_cmake.build:Building ROS package in '/home/unitree/navigation_ws/src/cmd_vel_processor' with build type 'ament_cmake'
[1.217s] INFO:colcon.colcon_cmake.task.cmake.build:Building CMake package in '/home/unitree/navigation_ws/src/cmd_vel_processor'
[1.217s] INFO:colcon.colcon_core.shell:Skip shell extension 'powershell' for command environment: Not usable outside of PowerShell
[1.218s] DEBUG:colcon.colcon_core.shell:Skip shell extension 'dsv' for command environment
[1.233s] DEBUG:colcon.colcon_core.event_handler.log_command:Invoking command in '/home/unitree/navigation_ws/build/nav2_common': CMAKE_PREFIX_PATH=${CMAKE_PREFIX_PATH}:/opt/ros/foxy /usr/bin/cmake /home/unitree/navigation_ws/src/navigation2/nav2_common -DAMENT_CMAKE_SYMLINK_INSTALL=1 -DCMAKE_INSTALL_PREFIX=/home/unitree/navigation_ws/install/nav2_common
[1.246s] DEBUG:colcon.colcon_core.event_handler.log_command:Invoking command in '/home/unitree/navigation_ws/build/nav_2d_msgs': CMAKE_PREFIX_PATH=${CMAKE_PREFIX_PATH}:/opt/ros/foxy /usr/bin/cmake /home/unitree/navigation_ws/src/navigation2/nav2_dwb_controller/nav_2d_msgs -DAMENT_CMAKE_SYMLINK_INSTALL=1 -DCMAKE_INSTALL_PREFIX=/home/unitree/navigation_ws/install/nav_2d_msgs
[1.250s] DEBUG:colcon.colcon_core.event_handler.log_command:Invoking command in '/home/unitree/navigation_ws/build/livox_ros_driver2': CMAKE_PREFIX_PATH=${CMAKE_PREFIX_PATH}:/opt/ros/foxy /usr/bin/cmake /home/unitree/navigation_ws/src/livox_ros_driver2 -DAMENT_CMAKE_SYMLINK_INSTALL=1 -DCMAKE_INSTALL_PREFIX=/home/unitree/navigation_ws/install/livox_ros_driver2
[1.257s] DEBUG:colcon.colcon_core.event_handler.log_command:Invoking command in '/home/unitree/navigation_ws/build/behaviortree_cpp': CMAKE_PREFIX_PATH=${CMAKE_PREFIX_PATH}:/opt/ros/foxy /usr/bin/cmake /home/unitree/navigation_ws/src/autonomy/BehaviorTree.CPP -DAMENT_CMAKE_SYMLINK_INSTALL=1 -DCMAKE_INSTALL_PREFIX=/home/unitree/navigation_ws/install/behaviortree_cpp
[1.263s] DEBUG:colcon.colcon_core.event_handler.log_command:Invoking command in '/home/unitree/navigation_ws/build/linefit_ground_segmentation': CMAKE_PREFIX_PATH=${CMAKE_PREFIX_PATH}:/opt/ros/foxy /usr/bin/cmake /home/unitree/navigation_ws/src/reconstruction/linefit_ground_segmentation_ros2/linefit_ground_segmentation -DAMENT_CMAKE_SYMLINK_INSTALL=1 -DCMAKE_INSTALL_PREFIX=/home/unitree/navigation_ws/install/linefit_ground_segmentation
[1.269s] DEBUG:colcon.colcon_core.event_handler.log_command:Invoking command in '/home/unitree/navigation_ws/build/pointcloud_to_laserscan': CMAKE_PREFIX_PATH=${CMAKE_PREFIX_PATH}:/opt/ros/foxy /usr/bin/cmake /home/unitree/navigation_ws/src/reconstruction/pointcloud_to_laserscan -DAMENT_CMAKE_SYMLINK_INSTALL=1 -DCMAKE_INSTALL_PREFIX=/home/unitree/navigation_ws/install/pointcloud_to_laserscan
[1.276s] DEBUG:colcon.colcon_core.event_handler.log_command:Invoking command in '/home/unitree/navigation_ws/build/rm_autonomy_interfaces': CMAKE_PREFIX_PATH=${CMAKE_PREFIX_PATH}:/opt/ros/foxy /usr/bin/cmake /home/unitree/navigation_ws/src/autonomy/rm_autonomy_interfaces -DAMENT_CMAKE_SYMLINK_INSTALL=1 -DCMAKE_INSTALL_PREFIX=/home/unitree/navigation_ws/install/rm_autonomy_interfaces
[1.287s] DEBUG:colcon.colcon_core.event_handler.log_command:Invoking command in '/home/unitree/navigation_ws/build/cmd_vel_processor': CMAKE_PREFIX_PATH=${CMAKE_PREFIX_PATH}:/opt/ros/foxy /usr/bin/cmake /home/unitree/navigation_ws/src/cmd_vel_processor -DAMENT_CMAKE_SYMLINK_INSTALL=1 -DCMAKE_INSTALL_PREFIX=/home/unitree/navigation_ws/install/cmd_vel_processor
[2.037s] DEBUG:colcon.colcon_core.event_handler.log_command:Invoked command in '/home/unitree/navigation_ws/build/nav2_common' returned '0': CMAKE_PREFIX_PATH=${CMAKE_PREFIX_PATH}:/opt/ros/foxy /usr/bin/cmake /home/unitree/navigation_ws/src/navigation2/nav2_common -DAMENT_CMAKE_SYMLINK_INSTALL=1 -DCMAKE_INSTALL_PREFIX=/home/unitree/navigation_ws/install/nav2_common
[2.040s] DEBUG:colcon.colcon_core.event_handler.log_command:Invoking command in '/home/unitree/navigation_ws/build/nav2_common': CMAKE_PREFIX_PATH=${CMAKE_PREFIX_PATH}:/opt/ros/foxy /usr/bin/cmake --build /home/unitree/navigation_ws/build/nav2_common -- -j8 -l8
[4.132s] DEBUG:colcon.colcon_core.event_handler.log_command:Invoked command in '/home/unitree/navigation_ws/build/behaviortree_cpp' returned '0': CMAKE_PREFIX_PATH=${CMAKE_PREFIX_PATH}:/opt/ros/foxy /usr/bin/cmake /home/unitree/navigation_ws/src/autonomy/BehaviorTree.CPP -DAMENT_CMAKE_SYMLINK_INSTALL=1 -DCMAKE_INSTALL_PREFIX=/home/unitree/navigation_ws/install/behaviortree_cpp
[4.133s] DEBUG:colcon.colcon_core.event_handler.log_command:Invoking command in '/home/unitree/navigation_ws/build/behaviortree_cpp': CMAKE_PREFIX_PATH=${CMAKE_PREFIX_PATH}:/opt/ros/foxy /usr/bin/cmake --build /home/unitree/navigation_ws/build/behaviortree_cpp -- -j8 -l8
[4.525s] DEBUG:colcon.colcon_core.event_handler.log_command:Invoked command in '/home/unitree/navigation_ws/build/cmd_vel_processor' returned '0': CMAKE_PREFIX_PATH=${CMAKE_PREFIX_PATH}:/opt/ros/foxy /usr/bin/cmake /home/unitree/navigation_ws/src/cmd_vel_processor -DAMENT_CMAKE_SYMLINK_INSTALL=1 -DCMAKE_INSTALL_PREFIX=/home/unitree/navigation_ws/install/cmd_vel_processor
[4.526s] DEBUG:colcon.colcon_core.event_handler.log_command:Invoking command in '/home/unitree/navigation_ws/build/cmd_vel_processor': CMAKE_PREFIX_PATH=${CMAKE_PREFIX_PATH}:/opt/ros/foxy /usr/bin/cmake --build /home/unitree/navigation_ws/build/cmd_vel_processor -- -j8 -l8
[4.546s] DEBUG:colcon.colcon_core.event_handler.log_command:Invoked command in '/home/unitree/navigation_ws/build/nav2_common' returned '0': CMAKE_PREFIX_PATH=${CMAKE_PREFIX_PATH}:/opt/ros/foxy /usr/bin/cmake --build /home/unitree/navigation_ws/build/nav2_common -- -j8 -l8
[4.799s] DEBUG:colcon.colcon_core.event_handler.log_command:Invoking command in '/home/unitree/navigation_ws/build/nav2_common': CMAKE_PREFIX_PATH=${CMAKE_PREFIX_PATH}:/opt/ros/foxy /usr/bin/cmake --install /home/unitree/navigation_ws/build/nav2_common
[5.078s] DEBUG:colcon.colcon_core.event_handler.log_command:Invoked command in '/home/unitree/navigation_ws/build/rm_autonomy_interfaces' returned '0': CMAKE_PREFIX_PATH=${CMAKE_PREFIX_PATH}:/opt/ros/foxy /usr/bin/cmake /home/unitree/navigation_ws/src/autonomy/rm_autonomy_interfaces -DAMENT_CMAKE_SYMLINK_INSTALL=1 -DCMAKE_INSTALL_PREFIX=/home/unitree/navigation_ws/install/rm_autonomy_interfaces
[5.079s] DEBUG:colcon.colcon_core.event_handler.log_command:Invoking command in '/home/unitree/navigation_ws/build/rm_autonomy_interfaces': CMAKE_PREFIX_PATH=${CMAKE_PREFIX_PATH}:/opt/ros/foxy /usr/bin/cmake --build /home/unitree/navigation_ws/build/rm_autonomy_interfaces -- -j8 -l8
[5.228s] DEBUG:colcon.colcon_core.event_handler.log_command:Invoked command in '/home/unitree/navigation_ws/build/nav_2d_msgs' returned '0': CMAKE_PREFIX_PATH=${CMAKE_PREFIX_PATH}:/opt/ros/foxy /usr/bin/cmake /home/unitree/navigation_ws/src/navigation2/nav2_dwb_controller/nav_2d_msgs -DAMENT_CMAKE_SYMLINK_INSTALL=1 -DCMAKE_INSTALL_PREFIX=/home/unitree/navigation_ws/install/nav_2d_msgs
[5.229s] DEBUG:colcon.colcon_core.event_handler.log_command:Invoking command in '/home/unitree/navigation_ws/build/nav_2d_msgs': CMAKE_PREFIX_PATH=${CMAKE_PREFIX_PATH}:/opt/ros/foxy /usr/bin/cmake --build /home/unitree/navigation_ws/build/nav_2d_msgs -- -j8 -l8
[5.614s] DEBUG:colcon.colcon_core.event_handler.log_command:Invoked command in '/home/unitree/navigation_ws/build/pointcloud_to_laserscan' returned '0': CMAKE_PREFIX_PATH=${CMAKE_PREFIX_PATH}:/opt/ros/foxy /usr/bin/cmake /home/unitree/navigation_ws/src/reconstruction/pointcloud_to_laserscan -DAMENT_CMAKE_SYMLINK_INSTALL=1 -DCMAKE_INSTALL_PREFIX=/home/unitree/navigation_ws/install/pointcloud_to_laserscan
[5.615s] DEBUG:colcon.colcon_core.event_handler.log_command:Invoking command in '/home/unitree/navigation_ws/build/pointcloud_to_laserscan': CMAKE_PREFIX_PATH=${CMAKE_PREFIX_PATH}:/opt/ros/foxy /usr/bin/cmake --build /home/unitree/navigation_ws/build/pointcloud_to_laserscan -- -j8 -l8
[6.730s] Level 1:colcon.colcon_core.environment:create_environment_scripts_only(nav2_common)
[6.732s] DEBUG:colcon.colcon_core.event_handler.log_command:Invoked command in '/home/unitree/navigation_ws/build/nav2_common' returned '0': CMAKE_PREFIX_PATH=${CMAKE_PREFIX_PATH}:/opt/ros/foxy /usr/bin/cmake --install /home/unitree/navigation_ws/build/nav2_common
[6.743s] Level 1:colcon.colcon_core.environment:checking '/home/unitree/navigation_ws/install/nav2_common' for CMake module files
[6.744s] Level 1:colcon.colcon_core.environment:checking '/home/unitree/navigation_ws/install/nav2_common' for CMake config files
[6.745s] Level 1:colcon.colcon_core.shell:create_environment_hook('nav2_common', 'cmake_prefix_path')
[6.745s] INFO:colcon.colcon_core.shell:Creating environment hook '/home/unitree/navigation_ws/install/nav2_common/share/nav2_common/hook/cmake_prefix_path.ps1'
[6.753s] INFO:colcon.colcon_core.shell:Creating environment descriptor '/home/unitree/navigation_ws/install/nav2_common/share/nav2_common/hook/cmake_prefix_path.dsv'
[6.755s] INFO:colcon.colcon_core.shell:Creating environment hook '/home/unitree/navigation_ws/install/nav2_common/share/nav2_common/hook/cmake_prefix_path.sh'
[6.764s] Level 1:colcon.colcon_core.environment:checking '/home/unitree/navigation_ws/install/nav2_common/lib'
[6.764s] Level 1:colcon.colcon_core.environment:checking '/home/unitree/navigation_ws/install/nav2_common/bin'
[6.765s] Level 1:colcon.colcon_core.environment:checking '/home/unitree/navigation_ws/install/nav2_common/lib/pkgconfig/nav2_common.pc'
[6.766s] Level 1:colcon.colcon_core.environment:checking '/home/unitree/navigation_ws/install/nav2_common/lib/python3.8/site-packages'
[6.766s] Level 1:colcon.colcon_core.shell:create_environment_hook('nav2_common', 'pythonpath')
[6.768s] INFO:colcon.colcon_core.shell:Creating environment hook '/home/unitree/navigation_ws/install/nav2_common/share/nav2_common/hook/pythonpath.ps1'
[6.771s] INFO:colcon.colcon_core.shell:Creating environment descriptor '/home/unitree/navigation_ws/install/nav2_common/share/nav2_common/hook/pythonpath.dsv'
[6.772s] INFO:colcon.colcon_core.shell:Creating environment hook '/home/unitree/navigation_ws/install/nav2_common/share/nav2_common/hook/pythonpath.sh'
[6.773s] Level 1:colcon.colcon_core.environment:checking '/home/unitree/navigation_ws/install/nav2_common/bin'
[6.774s] INFO:colcon.colcon_core.shell:Creating package script '/home/unitree/navigation_ws/install/nav2_common/share/nav2_common/package.ps1'
[6.781s] INFO:colcon.colcon_core.shell:Creating package descriptor '/home/unitree/navigation_ws/install/nav2_common/share/nav2_common/package.dsv'
[6.790s] INFO:colcon.colcon_core.shell:Creating package script '/home/unitree/navigation_ws/install/nav2_common/share/nav2_common/package.sh'
[6.793s] INFO:colcon.colcon_core.shell:Creating package script '/home/unitree/navigation_ws/install/nav2_common/share/nav2_common/package.bash'
[6.801s] INFO:colcon.colcon_core.shell:Creating package script '/home/unitree/navigation_ws/install/nav2_common/share/nav2_common/package.zsh'
[6.803s] Level 1:colcon.colcon_core.environment:create_file_with_runtime_dependencies(/home/unitree/navigation_ws/install/nav2_common/share/colcon-core/packages/nav2_common)
[7.334s] Level 1:colcon.colcon_core.environment:create_environment_scripts_only(nav2_common)
[7.335s] Level 1:colcon.colcon_core.environment:checking '/home/unitree/navigation_ws/install/nav2_common' for CMake module files
[7.336s] Level 1:colcon.colcon_core.environment:checking '/home/unitree/navigation_ws/install/nav2_common' for CMake config files
[7.337s] Level 1:colcon.colcon_core.shell:create_environment_hook('nav2_common', 'cmake_prefix_path')
[7.338s] INFO:colcon.colcon_core.shell:Creating environment hook '/home/unitree/navigation_ws/install/nav2_common/share/nav2_common/hook/cmake_prefix_path.ps1'
[7.339s] INFO:colcon.colcon_core.shell:Creating environment descriptor '/home/unitree/navigation_ws/install/nav2_common/share/nav2_common/hook/cmake_prefix_path.dsv'
[7.340s] INFO:colcon.colcon_core.shell:Creating environment hook '/home/unitree/navigation_ws/install/nav2_common/share/nav2_common/hook/cmake_prefix_path.sh'
[7.342s] Level 1:colcon.colcon_core.environment:checking '/home/unitree/navigation_ws/install/nav2_common/lib'
[7.342s] Level 1:colcon.colcon_core.environment:checking '/home/unitree/navigation_ws/install/nav2_common/bin'
[7.342s] Level 1:colcon.colcon_core.environment:checking '/home/unitree/navigation_ws/install/nav2_common/lib/pkgconfig/nav2_common.pc'
[7.343s] Level 1:colcon.colcon_core.environment:checking '/home/unitree/navigation_ws/install/nav2_common/lib/python3.8/site-packages'
[7.343s] Level 1:colcon.colcon_core.shell:create_environment_hook('nav2_common', 'pythonpath')
[7.343s] INFO:colcon.colcon_core.shell:Creating environment hook '/home/unitree/navigation_ws/install/nav2_common/share/nav2_common/hook/pythonpath.ps1'
[7.344s] INFO:colcon.colcon_core.shell:Creating environment descriptor '/home/unitree/navigation_ws/install/nav2_common/share/nav2_common/hook/pythonpath.dsv'
[7.348s] INFO:colcon.colcon_core.shell:Creating environment hook '/home/unitree/navigation_ws/install/nav2_common/share/nav2_common/hook/pythonpath.sh'
[7.349s] Level 1:colcon.colcon_core.environment:checking '/home/unitree/navigation_ws/install/nav2_common/bin'
[7.350s] INFO:colcon.colcon_core.shell:Creating package script '/home/unitree/navigation_ws/install/nav2_common/share/nav2_common/package.ps1'
[7.355s] INFO:colcon.colcon_core.shell:Creating package descriptor '/home/unitree/navigation_ws/install/nav2_common/share/nav2_common/package.dsv'
[7.360s] INFO:colcon.colcon_core.shell:Creating package script '/home/unitree/navigation_ws/install/nav2_common/share/nav2_common/package.sh'
[7.367s] INFO:colcon.colcon_core.shell:Creating package script '/home/unitree/navigation_ws/install/nav2_common/share/nav2_common/package.bash'
[7.371s] INFO:colcon.colcon_core.shell:Creating package script '/home/unitree/navigation_ws/install/nav2_common/share/nav2_common/package.zsh'
[7.378s] Level 1:colcon.colcon_core.environment:create_file_with_runtime_dependencies(/home/unitree/navigation_ws/install/nav2_common/share/colcon-core/packages/nav2_common)
[7.382s] INFO:colcon.colcon_ros.task.ament_cmake.build:Building ROS package in '/home/unitree/navigation_ws/src/navigation2/nav2_msgs' with build type 'ament_cmake'
[7.383s] INFO:colcon.colcon_cmake.task.cmake.build:Building CMake package in '/home/unitree/navigation_ws/src/navigation2/nav2_msgs'
[7.390s] INFO:colcon.colcon_core.shell:Skip shell extension 'powershell' for command environment: Not usable outside of PowerShell
[7.391s] DEBUG:colcon.colcon_core.shell:Skip shell extension 'dsv' for command environment
[7.485s] DEBUG:colcon.colcon_core.event_handler.log_command:Invoking command in '/home/unitree/navigation_ws/build/nav2_msgs': AMENT_PREFIX_PATH=/home/unitree/navigation_ws/install/nav2_common:${AMENT_PREFIX_PATH} CMAKE_PREFIX_PATH=/home/unitree/navigation_ws/install/nav2_common:/home/unitree/cyclonedds_ws/install/rmw_cyclonedds_cpp:/home/unitree/cyclonedds_ws/install/cyclonedds:/opt/ros/foxy PYTHONPATH=/home/unitree/navigation_ws/install/nav2_common/lib/python3.8/site-packages:${PYTHONPATH} /usr/bin/cmake /home/unitree/navigation_ws/src/navigation2/nav2_msgs -DAMENT_CMAKE_SYMLINK_INSTALL=1 -DCMAKE_INSTALL_PREFIX=/home/unitree/navigation_ws/install/nav2_msgs
[10.180s] DEBUG:colcon.colcon_core.event_handler.log_command:Invoked command in '/home/unitree/navigation_ws/build/linefit_ground_segmentation' returned '0': CMAKE_PREFIX_PATH=${CMAKE_PREFIX_PATH}:/opt/ros/foxy /usr/bin/cmake /home/unitree/navigation_ws/src/reconstruction/linefit_ground_segmentation_ros2/linefit_ground_segmentation -DAMENT_CMAKE_SYMLINK_INSTALL=1 -DCMAKE_INSTALL_PREFIX=/home/unitree/navigation_ws/install/linefit_ground_segmentation
[10.182s] DEBUG:colcon.colcon_core.event_handler.log_command:Invoking command in '/home/unitree/navigation_ws/build/linefit_ground_segmentation': CMAKE_PREFIX_PATH=${CMAKE_PREFIX_PATH}:/opt/ros/foxy /usr/bin/cmake --build /home/unitree/navigation_ws/build/linefit_ground_segmentation -- -j8 -l8
[17.494s] DEBUG:colcon.colcon_core.event_handler.log_command:Invoked command in '/home/unitree/navigation_ws/build/livox_ros_driver2' returned '0': CMAKE_PREFIX_PATH=${CMAKE_PREFIX_PATH}:/opt/ros/foxy /usr/bin/cmake /home/unitree/navigation_ws/src/livox_ros_driver2 -DAMENT_CMAKE_SYMLINK_INSTALL=1 -DCMAKE_INSTALL_PREFIX=/home/unitree/navigation_ws/install/livox_ros_driver2
[17.496s] DEBUG:colcon.colcon_core.event_handler.log_command:Invoking command in '/home/unitree/navigation_ws/build/livox_ros_driver2': CMAKE_PREFIX_PATH=${CMAKE_PREFIX_PATH}:/opt/ros/foxy /usr/bin/cmake --build /home/unitree/navigation_ws/build/livox_ros_driver2 -- -j8 -l8
[22.970s] DEBUG:colcon.colcon_core.event_handler.log_command:Invoked command in '/home/unitree/navigation_ws/build/nav2_msgs' returned '0': AMENT_PREFIX_PATH=/home/unitree/navigation_ws/install/nav2_common:${AMENT_PREFIX_PATH} CMAKE_PREFIX_PATH=/home/unitree/navigation_ws/install/nav2_common:/home/unitree/cyclonedds_ws/install/rmw_cyclonedds_cpp:/home/unitree/cyclonedds_ws/install/cyclonedds:/opt/ros/foxy PYTHONPATH=/home/unitree/navigation_ws/install/nav2_common/lib/python3.8/site-packages:${PYTHONPATH} /usr/bin/cmake /home/unitree/navigation_ws/src/navigation2/nav2_msgs -DAMENT_CMAKE_SYMLINK_INSTALL=1 -DCMAKE_INSTALL_PREFIX=/home/unitree/navigation_ws/install/nav2_msgs
[22.971s] DEBUG:colcon.colcon_core.event_handler.log_command:Invoking command in '/home/unitree/navigation_ws/build/nav2_msgs': AMENT_PREFIX_PATH=/home/unitree/navigation_ws/install/nav2_common:${AMENT_PREFIX_PATH} CMAKE_PREFIX_PATH=/home/unitree/navigation_ws/install/nav2_common:/home/unitree/cyclonedds_ws/install/rmw_cyclonedds_cpp:/home/unitree/cyclonedds_ws/install/cyclonedds:/opt/ros/foxy PYTHONPATH=/home/unitree/navigation_ws/install/nav2_common/lib/python3.8/site-packages:${PYTHONPATH} /usr/bin/cmake --build /home/unitree/navigation_ws/build/nav2_msgs -- -j8 -l8
[43.868s] DEBUG:colcon.colcon_core.event_handler.log_command:Invoked command in '/home/unitree/navigation_ws/build/cmd_vel_processor' returned '0': CMAKE_PREFIX_PATH=${CMAKE_PREFIX_PATH}:/opt/ros/foxy /usr/bin/cmake --build /home/unitree/navigation_ws/build/cmd_vel_processor -- -j8 -l8
[43.939s] DEBUG:colcon.colcon_core.event_handler.log_command:Invoked command in '/home/unitree/navigation_ws/build/nav_2d_msgs' returned '0': CMAKE_PREFIX_PATH=${CMAKE_PREFIX_PATH}:/opt/ros/foxy /usr/bin/cmake --build /home/unitree/navigation_ws/build/nav_2d_msgs -- -j8 -l8
[44.193s] DEBUG:colcon.colcon_core.event_handler.log_command:Invoking command in '/home/unitree/navigation_ws/build/cmd_vel_processor': CMAKE_PREFIX_PATH=${CMAKE_PREFIX_PATH}:/opt/ros/foxy /usr/bin/cmake --install /home/unitree/navigation_ws/build/cmd_vel_processor
[45.318s] DEBUG:colcon.colcon_core.event_handler.log_command:Invoking command in '/home/unitree/navigation_ws/build/nav_2d_msgs': CMAKE_PREFIX_PATH=${CMAKE_PREFIX_PATH}:/opt/ros/foxy /usr/bin/cmake --install /home/unitree/navigation_ws/build/nav_2d_msgs
[50.997s] DEBUG:colcon.colcon_core.event_handler.log_command:Invoked command in '/home/unitree/navigation_ws/build/pointcloud_to_laserscan' returned '0': CMAKE_PREFIX_PATH=${CMAKE_PREFIX_PATH}:/opt/ros/foxy /usr/bin/cmake --build /home/unitree/navigation_ws/build/pointcloud_to_laserscan -- -j8 -l8
[51.021s] Level 1:colcon.colcon_core.environment:create_environment_scripts_only(cmd_vel_processor)
[51.022s] Level 1:colcon.colcon_core.environment:checking '/home/unitree/navigation_ws/install/cmd_vel_processor' for CMake module files
[51.024s] Level 1:colcon.colcon_core.environment:checking '/home/unitree/navigation_ws/install/cmd_vel_processor' for CMake config files
[51.025s] Level 1:colcon.colcon_core.shell:create_environment_hook('cmd_vel_processor', 'cmake_prefix_path')
[51.025s] INFO:colcon.colcon_core.shell:Creating environment hook '/home/unitree/navigation_ws/install/cmd_vel_processor/share/cmd_vel_processor/hook/cmake_prefix_path.ps1'
[51.027s] INFO:colcon.colcon_core.shell:Creating environment descriptor '/home/unitree/navigation_ws/install/cmd_vel_processor/share/cmd_vel_processor/hook/cmake_prefix_path.dsv'
[51.028s] INFO:colcon.colcon_core.shell:Creating environment hook '/home/unitree/navigation_ws/install/cmd_vel_processor/share/cmd_vel_processor/hook/cmake_prefix_path.sh'
[51.029s] Level 1:colcon.colcon_core.environment:checking '/home/unitree/navigation_ws/install/cmd_vel_processor/lib'
[51.029s] Level 1:colcon.colcon_core.environment:checking '/home/unitree/navigation_ws/install/cmd_vel_processor/bin'
[51.030s] Level 1:colcon.colcon_core.environment:checking '/home/unitree/navigation_ws/install/cmd_vel_processor/lib/pkgconfig/cmd_vel_processor.pc'
[51.030s] Level 1:colcon.colcon_core.environment:checking '/home/unitree/navigation_ws/install/cmd_vel_processor/lib/python3.8/site-packages'
[51.030s] Level 1:colcon.colcon_core.environment:checking '/home/unitree/navigation_ws/install/cmd_vel_processor/bin'
[51.031s] INFO:colcon.colcon_core.shell:Creating package script '/home/unitree/navigation_ws/install/cmd_vel_processor/share/cmd_vel_processor/package.ps1'
[51.032s] INFO:colcon.colcon_core.shell:Creating package descriptor '/home/unitree/navigation_ws/install/cmd_vel_processor/share/cmd_vel_processor/package.dsv'
[51.033s] INFO:colcon.colcon_core.shell:Creating package script '/home/unitree/navigation_ws/install/cmd_vel_processor/share/cmd_vel_processor/package.sh'
[51.034s] INFO:colcon.colcon_core.shell:Creating package script '/home/unitree/navigation_ws/install/cmd_vel_processor/share/cmd_vel_processor/package.bash'
[51.039s] DEBUG:colcon.colcon_core.event_handler.log_command:Invoked command in '/home/unitree/navigation_ws/build/cmd_vel_processor' returned '0': CMAKE_PREFIX_PATH=${CMAKE_PREFIX_PATH}:/opt/ros/foxy /usr/bin/cmake --install /home/unitree/navigation_ws/build/cmd_vel_processor
[51.042s] INFO:colcon.colcon_core.shell:Creating package script '/home/unitree/navigation_ws/install/cmd_vel_processor/share/cmd_vel_processor/package.zsh'
[51.042s] Level 1:colcon.colcon_core.environment:create_file_with_runtime_dependencies(/home/unitree/navigation_ws/install/cmd_vel_processor/share/colcon-core/packages/cmd_vel_processor)
[51.058s] Level 1:colcon.colcon_core.environment:create_environment_scripts_only(nav_2d_msgs)
[51.059s] DEBUG:colcon.colcon_core.event_handler.log_command:Invoked command in '/home/unitree/navigation_ws/build/nav_2d_msgs' returned '0': CMAKE_PREFIX_PATH=${CMAKE_PREFIX_PATH}:/opt/ros/foxy /usr/bin/cmake --install /home/unitree/navigation_ws/build/nav_2d_msgs
[51.060s] Level 1:colcon.colcon_core.environment:checking '/home/unitree/navigation_ws/install/nav_2d_msgs' for CMake module files
[51.062s] Level 1:colcon.colcon_core.environment:checking '/home/unitree/navigation_ws/install/nav_2d_msgs' for CMake config files
[51.063s] Level 1:colcon.colcon_core.shell:create_environment_hook('nav_2d_msgs', 'cmake_prefix_path')
[51.064s] INFO:colcon.colcon_core.shell:Creating environment hook '/home/unitree/navigation_ws/install/nav_2d_msgs/share/nav_2d_msgs/hook/cmake_prefix_path.ps1'
[51.065s] INFO:colcon.colcon_core.shell:Creating environment descriptor '/home/unitree/navigation_ws/install/nav_2d_msgs/share/nav_2d_msgs/hook/cmake_prefix_path.dsv'
[51.066s] INFO:colcon.colcon_core.shell:Creating environment hook '/home/unitree/navigation_ws/install/nav_2d_msgs/share/nav_2d_msgs/hook/cmake_prefix_path.sh'
[51.073s] Level 1:colcon.colcon_core.environment:checking '/home/unitree/navigation_ws/install/nav_2d_msgs/lib'
[51.074s] Level 1:colcon.colcon_core.shell:create_environment_hook('nav_2d_msgs', 'ld_library_path_lib')
[51.077s] INFO:colcon.colcon_core.shell:Creating environment hook '/home/unitree/navigation_ws/install/nav_2d_msgs/share/nav_2d_msgs/hook/ld_library_path_lib.ps1'
[51.078s] INFO:colcon.colcon_core.shell:Creating environment descriptor '/home/unitree/navigation_ws/install/nav_2d_msgs/share/nav_2d_msgs/hook/ld_library_path_lib.dsv'
[51.079s] INFO:colcon.colcon_core.shell:Creating environment hook '/home/unitree/navigation_ws/install/nav_2d_msgs/share/nav_2d_msgs/hook/ld_library_path_lib.sh'
[51.085s] Level 1:colcon.colcon_core.environment:checking '/home/unitree/navigation_ws/install/nav_2d_msgs/bin'
[51.085s] Level 1:colcon.colcon_core.environment:checking '/home/unitree/navigation_ws/install/nav_2d_msgs/lib/pkgconfig/nav_2d_msgs.pc'
[51.085s] Level 1:colcon.colcon_core.environment:checking '/home/unitree/navigation_ws/install/nav_2d_msgs/lib/python3.8/site-packages'
[51.086s] Level 1:colcon.colcon_core.shell:create_environment_hook('nav_2d_msgs', 'pythonpath')
[51.086s] INFO:colcon.colcon_core.shell:Creating environment hook '/home/unitree/navigation_ws/install/nav_2d_msgs/share/nav_2d_msgs/hook/pythonpath.ps1'
[51.087s] INFO:colcon.colcon_core.shell:Creating environment descriptor '/home/unitree/navigation_ws/install/nav_2d_msgs/share/nav_2d_msgs/hook/pythonpath.dsv'
[51.088s] INFO:colcon.colcon_core.shell:Creating environment hook '/home/unitree/navigation_ws/install/nav_2d_msgs/share/nav_2d_msgs/hook/pythonpath.sh'
[51.089s] Level 1:colcon.colcon_core.environment:checking '/home/unitree/navigation_ws/install/nav_2d_msgs/bin'
[51.089s] INFO:colcon.colcon_core.shell:Creating package script '/home/unitree/navigation_ws/install/nav_2d_msgs/share/nav_2d_msgs/package.ps1'
[51.091s] INFO:colcon.colcon_core.shell:Creating package descriptor '/home/unitree/navigation_ws/install/nav_2d_msgs/share/nav_2d_msgs/package.dsv'
[51.100s] INFO:colcon.colcon_core.shell:Creating package script '/home/unitree/navigation_ws/install/nav_2d_msgs/share/nav_2d_msgs/package.sh'
[51.105s] INFO:colcon.colcon_core.shell:Creating package script '/home/unitree/navigation_ws/install/nav_2d_msgs/share/nav_2d_msgs/package.bash'
[51.106s] INFO:colcon.colcon_core.shell:Creating package script '/home/unitree/navigation_ws/install/nav_2d_msgs/share/nav_2d_msgs/package.zsh'
[51.107s] Level 1:colcon.colcon_core.environment:create_file_with_runtime_dependencies(/home/unitree/navigation_ws/install/nav_2d_msgs/share/colcon-core/packages/nav_2d_msgs)
[51.180s] DEBUG:colcon.colcon_core.event_handler.log_command:Invoking command in '/home/unitree/navigation_ws/build/pointcloud_to_laserscan': CMAKE_PREFIX_PATH=${CMAKE_PREFIX_PATH}:/opt/ros/foxy /usr/bin/cmake --install /home/unitree/navigation_ws/build/pointcloud_to_laserscan
[51.207s] Level 1:colcon.colcon_core.environment:create_environment_scripts_only(cmd_vel_processor)
[51.208s] Level 1:colcon.colcon_core.environment:checking '/home/unitree/navigation_ws/install/cmd_vel_processor' for CMake module files
[51.209s] Level 1:colcon.colcon_core.environment:checking '/home/unitree/navigation_ws/install/cmd_vel_processor' for CMake config files
[51.210s] Level 1:colcon.colcon_core.shell:create_environment_hook('cmd_vel_processor', 'cmake_prefix_path')
[51.211s] INFO:colcon.colcon_core.shell:Creating environment hook '/home/unitree/navigation_ws/install/cmd_vel_processor/share/cmd_vel_processor/hook/cmake_prefix_path.ps1'
[51.212s] INFO:colcon.colcon_core.shell:Creating environment descriptor '/home/unitree/navigation_ws/install/cmd_vel_processor/share/cmd_vel_processor/hook/cmake_prefix_path.dsv'
[51.213s] INFO:colcon.colcon_core.shell:Creating environment hook '/home/unitree/navigation_ws/install/cmd_vel_processor/share/cmd_vel_processor/hook/cmake_prefix_path.sh'
[51.214s] Level 1:colcon.colcon_core.environment:checking '/home/unitree/navigation_ws/install/cmd_vel_processor/lib'
[51.214s] Level 1:colcon.colcon_core.environment:checking '/home/unitree/navigation_ws/install/cmd_vel_processor/bin'
[51.215s] Level 1:colcon.colcon_core.environment:checking '/home/unitree/navigation_ws/install/cmd_vel_processor/lib/pkgconfig/cmd_vel_processor.pc'
[51.215s] Level 1:colcon.colcon_core.environment:checking '/home/unitree/navigation_ws/install/cmd_vel_processor/lib/python3.8/site-packages'
[51.215s] Level 1:colcon.colcon_core.environment:checking '/home/unitree/navigation_ws/install/cmd_vel_processor/bin'
[51.216s] INFO:colcon.colcon_core.shell:Creating package script '/home/unitree/navigation_ws/install/cmd_vel_processor/share/cmd_vel_processor/package.ps1'
[51.217s] INFO:colcon.colcon_core.shell:Creating package descriptor '/home/unitree/navigation_ws/install/cmd_vel_processor/share/cmd_vel_processor/package.dsv'
[51.218s] INFO:colcon.colcon_core.shell:Creating package script '/home/unitree/navigation_ws/install/cmd_vel_processor/share/cmd_vel_processor/package.sh'
[51.219s] INFO:colcon.colcon_core.shell:Creating package script '/home/unitree/navigation_ws/install/cmd_vel_processor/share/cmd_vel_processor/package.bash'
[51.220s] INFO:colcon.colcon_core.shell:Creating package script '/home/unitree/navigation_ws/install/cmd_vel_processor/share/cmd_vel_processor/package.zsh'
[51.221s] Level 1:colcon.colcon_core.environment:create_file_with_runtime_dependencies(/home/unitree/navigation_ws/install/cmd_vel_processor/share/colcon-core/packages/cmd_vel_processor)
[51.227s] INFO:colcon.colcon_ros.task.ament_cmake.build:Building ROS package in '/home/unitree/navigation_ws/src/navigation2/nav2_voxel_grid' with build type 'ament_cmake'
[51.228s] INFO:colcon.colcon_cmake.task.cmake.build:Building CMake package in '/home/unitree/navigation_ws/src/navigation2/nav2_voxel_grid'
[51.231s] INFO:colcon.colcon_core.shell:Skip shell extension 'powershell' for command environment: Not usable outside of PowerShell
[51.232s] DEBUG:colcon.colcon_core.shell:Skip shell extension 'dsv' for command environment
[51.278s] DEBUG:colcon.colcon_core.event_handler.log_command:Invoking command in '/home/unitree/navigation_ws/build/nav2_voxel_grid': AMENT_PREFIX_PATH=/home/unitree/navigation_ws/install/nav2_common:${AMENT_PREFIX_PATH} CMAKE_PREFIX_PATH=/home/unitree/navigation_ws/install/nav2_common:/home/unitree/cyclonedds_ws/install/rmw_cyclonedds_cpp:/home/unitree/cyclonedds_ws/install/cyclonedds:/opt/ros/foxy PYTHONPATH=/home/unitree/navigation_ws/install/nav2_common/lib/python3.8/site-packages:${PYTHONPATH} /usr/bin/cmake /home/unitree/navigation_ws/src/navigation2/nav2_voxel_grid -DAMENT_CMAKE_SYMLINK_INSTALL=1 -DCMAKE_INSTALL_PREFIX=/home/unitree/navigation_ws/install/nav2_voxel_grid
[51.927s] Level 1:colcon.colcon_core.environment:create_environment_scripts_only(nav_2d_msgs)
[51.928s] Level 1:colcon.colcon_core.environment:checking '/home/unitree/navigation_ws/install/nav_2d_msgs' for CMake module files
[51.929s] Level 1:colcon.colcon_core.environment:checking '/home/unitree/navigation_ws/install/nav_2d_msgs' for CMake config files
[51.931s] Level 1:colcon.colcon_core.shell:create_environment_hook('nav_2d_msgs', 'cmake_prefix_path')
[51.931s] INFO:colcon.colcon_core.shell:Creating environment hook '/home/unitree/navigation_ws/install/nav_2d_msgs/share/nav_2d_msgs/hook/cmake_prefix_path.ps1'
[51.933s] INFO:colcon.colcon_core.shell:Creating environment descriptor '/home/unitree/navigation_ws/install/nav_2d_msgs/share/nav_2d_msgs/hook/cmake_prefix_path.dsv'
[51.934s] INFO:colcon.colcon_core.shell:Creating environment hook '/home/unitree/navigation_ws/install/nav_2d_msgs/share/nav_2d_msgs/hook/cmake_prefix_path.sh'
[51.935s] Level 1:colcon.colcon_core.environment:checking '/home/unitree/navigation_ws/install/nav_2d_msgs/lib'
[51.935s] Level 1:colcon.colcon_core.shell:create_environment_hook('nav_2d_msgs', 'ld_library_path_lib')
[51.936s] INFO:colcon.colcon_core.shell:Creating environment hook '/home/unitree/navigation_ws/install/nav_2d_msgs/share/nav_2d_msgs/hook/ld_library_path_lib.ps1'
[51.936s] INFO:colcon.colcon_core.shell:Creating environment descriptor '/home/unitree/navigation_ws/install/nav_2d_msgs/share/nav_2d_msgs/hook/ld_library_path_lib.dsv'
[51.937s] INFO:colcon.colcon_core.shell:Creating environment hook '/home/unitree/navigation_ws/install/nav_2d_msgs/share/nav_2d_msgs/hook/ld_library_path_lib.sh'
[51.938s] Level 1:colcon.colcon_core.environment:checking '/home/unitree/navigation_ws/install/nav_2d_msgs/bin'
[51.938s] Level 1:colcon.colcon_core.environment:checking '/home/unitree/navigation_ws/install/nav_2d_msgs/lib/pkgconfig/nav_2d_msgs.pc'
[51.944s] Level 1:colcon.colcon_core.environment:checking '/home/unitree/navigation_ws/install/nav_2d_msgs/lib/python3.8/site-packages'
[51.944s] Level 1:colcon.colcon_core.shell:create_environment_hook('nav_2d_msgs', 'pythonpath')
[51.945s] INFO:colcon.colcon_core.shell:Creating environment hook '/home/unitree/navigation_ws/install/nav_2d_msgs/share/nav_2d_msgs/hook/pythonpath.ps1'
[51.946s] INFO:colcon.colcon_core.shell:Creating environment descriptor '/home/unitree/navigation_ws/install/nav_2d_msgs/share/nav_2d_msgs/hook/pythonpath.dsv'
[51.947s] INFO:colcon.colcon_core.shell:Creating environment hook '/home/unitree/navigation_ws/install/nav_2d_msgs/share/nav_2d_msgs/hook/pythonpath.sh'
[51.952s] Level 1:colcon.colcon_core.environment:checking '/home/unitree/navigation_ws/install/nav_2d_msgs/bin'
[51.953s] INFO:colcon.colcon_core.shell:Creating package script '/home/unitree/navigation_ws/install/nav_2d_msgs/share/nav_2d_msgs/package.ps1'
[51.956s] INFO:colcon.colcon_core.shell:Creating package descriptor '/home/unitree/navigation_ws/install/nav_2d_msgs/share/nav_2d_msgs/package.dsv'
[51.958s] INFO:colcon.colcon_core.shell:Creating package script '/home/unitree/navigation_ws/install/nav_2d_msgs/share/nav_2d_msgs/package.sh'
[51.966s] INFO:colcon.colcon_core.shell:Creating package script '/home/unitree/navigation_ws/install/nav_2d_msgs/share/nav_2d_msgs/package.bash'
[51.967s] INFO:colcon.colcon_core.shell:Creating package script '/home/unitree/navigation_ws/install/nav_2d_msgs/share/nav_2d_msgs/package.zsh'
[51.968s] Level 1:colcon.colcon_core.environment:create_file_with_runtime_dependencies(/home/unitree/navigation_ws/install/nav_2d_msgs/share/colcon-core/packages/nav_2d_msgs)
[51.970s] INFO:colcon.colcon_ros.task.ament_cmake.build:Building ROS package in '/home/unitree/navigation_ws/src/navigation2/nav2_dwb_controller/dwb_msgs' with build type 'ament_cmake'
[51.971s] INFO:colcon.colcon_cmake.task.cmake.build:Building CMake package in '/home/unitree/navigation_ws/src/navigation2/nav2_dwb_controller/dwb_msgs'
[51.971s] INFO:colcon.colcon_core.shell:Skip shell extension 'powershell' for command environment: Not usable outside of PowerShell
[51.971s] DEBUG:colcon.colcon_core.shell:Skip shell extension 'dsv' for command environment
[52.050s] DEBUG:colcon.colcon_core.event_handler.log_command:Invoking command in '/home/unitree/navigation_ws/build/dwb_msgs': AMENT_PREFIX_PATH=/home/unitree/navigation_ws/install/nav_2d_msgs:${AMENT_PREFIX_PATH} CMAKE_PREFIX_PATH=/home/unitree/navigation_ws/install/nav_2d_msgs:/home/unitree/cyclonedds_ws/install/rmw_cyclonedds_cpp:/home/unitree/cyclonedds_ws/install/cyclonedds:/opt/ros/foxy LD_LIBRARY_PATH=/home/unitree/navigation_ws/install/nav_2d_msgs/lib:/usr/local/cuda-11.4/lib64:/usr/local/lib:/home/unitree/cyclonedds_ws/install/rmw_cyclonedds_cpp/lib:/home/unitree/cyclonedds_ws/install/cyclonedds/lib:/opt/ros/foxy/opt/yaml_cpp_vendor/lib:/opt/ros/foxy/opt/rviz_ogre_vendor/lib:/opt/ros/foxy/lib/aarch64-linux-gnu:/opt/ros/foxy/lib:/usr/local/cuda-11.4/lib64 PYTHONPATH=/home/unitree/navigation_ws/install/nav_2d_msgs/lib/python3.8/site-packages:${PYTHONPATH} /usr/bin/cmake /home/unitree/navigation_ws/src/navigation2/nav2_dwb_controller/dwb_msgs -DAMENT_CMAKE_SYMLINK_INSTALL=1 -DCMAKE_INSTALL_PREFIX=/home/unitree/navigation_ws/install/dwb_msgs
[52.089s] Level 1:colcon.colcon_core.environment:create_environment_scripts_only(pointcloud_to_laserscan)
[52.090s] Level 1:colcon.colcon_core.environment:checking '/home/unitree/navigation_ws/install/pointcloud_to_laserscan' for CMake module files
[52.091s] Level 1:colcon.colcon_core.environment:checking '/home/unitree/navigation_ws/install/pointcloud_to_laserscan' for CMake config files
[52.092s] Level 1:colcon.colcon_core.shell:create_environment_hook('pointcloud_to_laserscan', 'cmake_prefix_path')
[52.092s] INFO:colcon.colcon_core.shell:Creating environment hook '/home/unitree/navigation_ws/install/pointcloud_to_laserscan/share/pointcloud_to_laserscan/hook/cmake_prefix_path.ps1'
[52.094s] INFO:colcon.colcon_core.shell:Creating environment descriptor '/home/unitree/navigation_ws/install/pointcloud_to_laserscan/share/pointcloud_to_laserscan/hook/cmake_prefix_path.dsv'
[52.094s] INFO:colcon.colcon_core.shell:Creating environment hook '/home/unitree/navigation_ws/install/pointcloud_to_laserscan/share/pointcloud_to_laserscan/hook/cmake_prefix_path.sh'
[52.095s] Level 1:colcon.colcon_core.environment:checking '/home/unitree/navigation_ws/install/pointcloud_to_laserscan/lib'
[52.096s] Level 1:colcon.colcon_core.shell:create_environment_hook('pointcloud_to_laserscan', 'ld_library_path_lib')
[52.096s] DEBUG:colcon.colcon_core.event_handler.log_command:Invoked command in '/home/unitree/navigation_ws/build/pointcloud_to_laserscan' returned '0': CMAKE_PREFIX_PATH=${CMAKE_PREFIX_PATH}:/opt/ros/foxy /usr/bin/cmake --install /home/unitree/navigation_ws/build/pointcloud_to_laserscan
[52.097s] INFO:colcon.colcon_core.shell:Creating environment hook '/home/unitree/navigation_ws/install/pointcloud_to_laserscan/share/pointcloud_to_laserscan/hook/ld_library_path_lib.ps1'
[52.098s] INFO:colcon.colcon_core.shell:Creating environment descriptor '/home/unitree/navigation_ws/install/pointcloud_to_laserscan/share/pointcloud_to_laserscan/hook/ld_library_path_lib.dsv'
[52.098s] INFO:colcon.colcon_core.shell:Creating environment hook '/home/unitree/navigation_ws/install/pointcloud_to_laserscan/share/pointcloud_to_laserscan/hook/ld_library_path_lib.sh'
[52.099s] Level 1:colcon.colcon_core.environment:checking '/home/unitree/navigation_ws/install/pointcloud_to_laserscan/bin'
[52.099s] Level 1:colcon.colcon_core.environment:checking '/home/unitree/navigation_ws/install/pointcloud_to_laserscan/lib/pkgconfig/pointcloud_to_laserscan.pc'
[52.100s] Level 1:colcon.colcon_core.environment:checking '/home/unitree/navigation_ws/install/pointcloud_to_laserscan/lib/python3.8/site-packages'
[52.100s] Level 1:colcon.colcon_core.environment:checking '/home/unitree/navigation_ws/install/pointcloud_to_laserscan/bin'
[52.101s] INFO:colcon.colcon_core.shell:Creating package script '/home/unitree/navigation_ws/install/pointcloud_to_laserscan/share/pointcloud_to_laserscan/package.ps1'
[52.102s] INFO:colcon.colcon_core.shell:Creating package descriptor '/home/unitree/navigation_ws/install/pointcloud_to_laserscan/share/pointcloud_to_laserscan/package.dsv'
[52.103s] INFO:colcon.colcon_core.shell:Creating package script '/home/unitree/navigation_ws/install/pointcloud_to_laserscan/share/pointcloud_to_laserscan/package.sh'
[52.104s] INFO:colcon.colcon_core.shell:Creating package script '/home/unitree/navigation_ws/install/pointcloud_to_laserscan/share/pointcloud_to_laserscan/package.bash'
[52.105s] INFO:colcon.colcon_core.shell:Creating package script '/home/unitree/navigation_ws/install/pointcloud_to_laserscan/share/pointcloud_to_laserscan/package.zsh'
[52.106s] Level 1:colcon.colcon_core.environment:create_file_with_runtime_dependencies(/home/unitree/navigation_ws/install/pointcloud_to_laserscan/share/colcon-core/packages/pointcloud_to_laserscan)
[52.388s] Level 1:colcon.colcon_core.environment:create_environment_scripts_only(pointcloud_to_laserscan)
[52.389s] Level 1:colcon.colcon_core.environment:checking '/home/unitree/navigation_ws/install/pointcloud_to_laserscan' for CMake module files
[52.390s] Level 1:colcon.colcon_core.environment:checking '/home/unitree/navigation_ws/install/pointcloud_to_laserscan' for CMake config files
[52.391s] Level 1:colcon.colcon_core.shell:create_environment_hook('pointcloud_to_laserscan', 'cmake_prefix_path')
[52.391s] INFO:colcon.colcon_core.shell:Creating environment hook '/home/unitree/navigation_ws/install/pointcloud_to_laserscan/share/pointcloud_to_laserscan/hook/cmake_prefix_path.ps1'
[52.393s] INFO:colcon.colcon_core.shell:Creating environment descriptor '/home/unitree/navigation_ws/install/pointcloud_to_laserscan/share/pointcloud_to_laserscan/hook/cmake_prefix_path.dsv'
[52.393s] INFO:colcon.colcon_core.shell:Creating environment hook '/home/unitree/navigation_ws/install/pointcloud_to_laserscan/share/pointcloud_to_laserscan/hook/cmake_prefix_path.sh'
[52.395s] Level 1:colcon.colcon_core.environment:checking '/home/unitree/navigation_ws/install/pointcloud_to_laserscan/lib'
[52.395s] Level 1:colcon.colcon_core.shell:create_environment_hook('pointcloud_to_laserscan', 'ld_library_path_lib')
[52.396s] INFO:colcon.colcon_core.shell:Creating environment hook '/home/unitree/navigation_ws/install/pointcloud_to_laserscan/share/pointcloud_to_laserscan/hook/ld_library_path_lib.ps1'
[52.396s] INFO:colcon.colcon_core.shell:Creating environment descriptor '/home/unitree/navigation_ws/install/pointcloud_to_laserscan/share/pointcloud_to_laserscan/hook/ld_library_path_lib.dsv'
[52.397s] INFO:colcon.colcon_core.shell:Creating environment hook '/home/unitree/navigation_ws/install/pointcloud_to_laserscan/share/pointcloud_to_laserscan/hook/ld_library_path_lib.sh'
[52.398s] Level 1:colcon.colcon_core.environment:checking '/home/unitree/navigation_ws/install/pointcloud_to_laserscan/bin'
[52.398s] Level 1:colcon.colcon_core.environment:checking '/home/unitree/navigation_ws/install/pointcloud_to_laserscan/lib/pkgconfig/pointcloud_to_laserscan.pc'
[52.398s] Level 1:colcon.colcon_core.environment:checking '/home/unitree/navigation_ws/install/pointcloud_to_laserscan/lib/python3.8/site-packages'
[52.399s] Level 1:colcon.colcon_core.environment:checking '/home/unitree/navigation_ws/install/pointcloud_to_laserscan/bin'
[52.399s] INFO:colcon.colcon_core.shell:Creating package script '/home/unitree/navigation_ws/install/pointcloud_to_laserscan/share/pointcloud_to_laserscan/package.ps1'
[52.402s] INFO:colcon.colcon_core.shell:Creating package descriptor '/home/unitree/navigation_ws/install/pointcloud_to_laserscan/share/pointcloud_to_laserscan/package.dsv'
[52.403s] INFO:colcon.colcon_core.shell:Creating package script '/home/unitree/navigation_ws/install/pointcloud_to_laserscan/share/pointcloud_to_laserscan/package.sh'
[52.404s] INFO:colcon.colcon_core.shell:Creating package script '/home/unitree/navigation_ws/install/pointcloud_to_laserscan/share/pointcloud_to_laserscan/package.bash'
[52.405s] INFO:colcon.colcon_core.shell:Creating package script '/home/unitree/navigation_ws/install/pointcloud_to_laserscan/share/pointcloud_to_laserscan/package.zsh'
[52.406s] Level 1:colcon.colcon_core.environment:create_file_with_runtime_dependencies(/home/unitree/navigation_ws/install/pointcloud_to_laserscan/share/colcon-core/packages/pointcloud_to_laserscan)
[52.410s] INFO:colcon.colcon_ros.task.ament_cmake.build:Building ROS package in '/home/unitree/navigation_ws/src/bringup' with build type 'ament_cmake'
[52.411s] INFO:colcon.colcon_cmake.task.cmake.build:Building CMake package in '/home/unitree/navigation_ws/src/bringup'
[52.412s] INFO:colcon.colcon_core.shell:Skip shell extension 'powershell' for command environment: Not usable outside of PowerShell
[52.412s] DEBUG:colcon.colcon_core.shell:Skip shell extension 'dsv' for command environment
[52.469s] DEBUG:colcon.colcon_core.event_handler.log_command:Invoking command in '/home/unitree/navigation_ws/build/bringup': AMENT_PREFIX_PATH=/home/unitree/navigation_ws/install/pointcloud_to_laserscan:${AMENT_PREFIX_PATH} CMAKE_PREFIX_PATH=/home/unitree/navigation_ws/install/pointcloud_to_laserscan:/home/unitree/cyclonedds_ws/install/rmw_cyclonedds_cpp:/home/unitree/cyclonedds_ws/install/cyclonedds:/opt/ros/foxy LD_LIBRARY_PATH=/home/unitree/navigation_ws/install/pointcloud_to_laserscan/lib:/usr/local/cuda-11.4/lib64:/usr/local/lib:/home/unitree/cyclonedds_ws/install/rmw_cyclonedds_cpp/lib:/home/unitree/cyclonedds_ws/install/cyclonedds/lib:/opt/ros/foxy/opt/yaml_cpp_vendor/lib:/opt/ros/foxy/opt/rviz_ogre_vendor/lib:/opt/ros/foxy/lib/aarch64-linux-gnu:/opt/ros/foxy/lib:/usr/local/cuda-11.4/lib64 /usr/bin/cmake /home/unitree/navigation_ws/src/bringup -DAMENT_CMAKE_SYMLINK_INSTALL=1 -DCMAKE_INSTALL_PREFIX=/home/unitree/navigation_ws/install/bringup
[55.666s] DEBUG:colcon.colcon_core.event_handler.log_command:Invoked command in '/home/unitree/navigation_ws/build/nav2_voxel_grid' returned '0': AMENT_PREFIX_PATH=/home/unitree/navigation_ws/install/nav2_common:${AMENT_PREFIX_PATH} CMAKE_PREFIX_PATH=/home/unitree/navigation_ws/install/nav2_common:/home/unitree/cyclonedds_ws/install/rmw_cyclonedds_cpp:/home/unitree/cyclonedds_ws/install/cyclonedds:/opt/ros/foxy PYTHONPATH=/home/unitree/navigation_ws/install/nav2_common/lib/python3.8/site-packages:${PYTHONPATH} /usr/bin/cmake /home/unitree/navigation_ws/src/navigation2/nav2_voxel_grid -DAMENT_CMAKE_SYMLINK_INSTALL=1 -DCMAKE_INSTALL_PREFIX=/home/unitree/navigation_ws/install/nav2_voxel_grid
[55.680s] DEBUG:colcon.colcon_core.event_handler.log_command:Invoking command in '/home/unitree/navigation_ws/build/nav2_voxel_grid': AMENT_PREFIX_PATH=/home/unitree/navigation_ws/install/nav2_common:${AMENT_PREFIX_PATH} CMAKE_PREFIX_PATH=/home/unitree/navigation_ws/install/nav2_common:/home/unitree/cyclonedds_ws/install/rmw_cyclonedds_cpp:/home/unitree/cyclonedds_ws/install/cyclonedds:/opt/ros/foxy PYTHONPATH=/home/unitree/navigation_ws/install/nav2_common/lib/python3.8/site-packages:${PYTHONPATH} /usr/bin/cmake --build /home/unitree/navigation_ws/build/nav2_voxel_grid -- -j8 -l8
[56.470s] DEBUG:colcon.colcon_core.event_handler.log_command:Invoked command in '/home/unitree/navigation_ws/build/linefit_ground_segmentation' returned '0': CMAKE_PREFIX_PATH=${CMAKE_PREFIX_PATH}:/opt/ros/foxy /usr/bin/cmake --build /home/unitree/navigation_ws/build/linefit_ground_segmentation -- -j8 -l8
[56.488s] DEBUG:colcon.colcon_core.event_handler.log_command:Invoked command in '/home/unitree/navigation_ws/build/bringup' returned '0': AMENT_PREFIX_PATH=/home/unitree/navigation_ws/install/pointcloud_to_laserscan:${AMENT_PREFIX_PATH} CMAKE_PREFIX_PATH=/home/unitree/navigation_ws/install/pointcloud_to_laserscan:/home/unitree/cyclonedds_ws/install/rmw_cyclonedds_cpp:/home/unitree/cyclonedds_ws/install/cyclonedds:/opt/ros/foxy LD_LIBRARY_PATH=/home/unitree/navigation_ws/install/pointcloud_to_laserscan/lib:/usr/local/cuda-11.4/lib64:/usr/local/lib:/home/unitree/cyclonedds_ws/install/rmw_cyclonedds_cpp/lib:/home/unitree/cyclonedds_ws/install/cyclonedds/lib:/opt/ros/foxy/opt/yaml_cpp_vendor/lib:/opt/ros/foxy/opt/rviz_ogre_vendor/lib:/opt/ros/foxy/lib/aarch64-linux-gnu:/opt/ros/foxy/lib:/usr/local/cuda-11.4/lib64 /usr/bin/cmake /home/unitree/navigation_ws/src/bringup -DAMENT_CMAKE_SYMLINK_INSTALL=1 -DCMAKE_INSTALL_PREFIX=/home/unitree/navigation_ws/install/bringup
[56.489s] DEBUG:colcon.colcon_core.event_handler.log_command:Invoking command in '/home/unitree/navigation_ws/build/bringup': AMENT_PREFIX_PATH=/home/unitree/navigation_ws/install/pointcloud_to_laserscan:${AMENT_PREFIX_PATH} CMAKE_PREFIX_PATH=/home/unitree/navigation_ws/install/pointcloud_to_laserscan:/home/unitree/cyclonedds_ws/install/rmw_cyclonedds_cpp:/home/unitree/cyclonedds_ws/install/cyclonedds:/opt/ros/foxy LD_LIBRARY_PATH=/home/unitree/navigation_ws/install/pointcloud_to_laserscan/lib:/usr/local/cuda-11.4/lib64:/usr/local/lib:/home/unitree/cyclonedds_ws/install/rmw_cyclonedds_cpp/lib:/home/unitree/cyclonedds_ws/install/cyclonedds/lib:/opt/ros/foxy/opt/yaml_cpp_vendor/lib:/opt/ros/foxy/opt/rviz_ogre_vendor/lib:/opt/ros/foxy/lib/aarch64-linux-gnu:/opt/ros/foxy/lib:/usr/local/cuda-11.4/lib64 /usr/bin/cmake --build /home/unitree/navigation_ws/build/bringup -- -j8 -l8
[56.581s] DEBUG:colcon.colcon_core.event_handler.log_command:Invoking command in '/home/unitree/navigation_ws/build/linefit_ground_segmentation': CMAKE_PREFIX_PATH=${CMAKE_PREFIX_PATH}:/opt/ros/foxy /usr/bin/cmake --install /home/unitree/navigation_ws/build/linefit_ground_segmentation
[57.304s] DEBUG:colcon.colcon_core.event_handler.log_command:Invoked command in '/home/unitree/navigation_ws/build/dwb_msgs' returned '0': AMENT_PREFIX_PATH=/home/unitree/navigation_ws/install/nav_2d_msgs:${AMENT_PREFIX_PATH} CMAKE_PREFIX_PATH=/home/unitree/navigation_ws/install/nav_2d_msgs:/home/unitree/cyclonedds_ws/install/rmw_cyclonedds_cpp:/home/unitree/cyclonedds_ws/install/cyclonedds:/opt/ros/foxy LD_LIBRARY_PATH=/home/unitree/navigation_ws/install/nav_2d_msgs/lib:/usr/local/cuda-11.4/lib64:/usr/local/lib:/home/unitree/cyclonedds_ws/install/rmw_cyclonedds_cpp/lib:/home/unitree/cyclonedds_ws/install/cyclonedds/lib:/opt/ros/foxy/opt/yaml_cpp_vendor/lib:/opt/ros/foxy/opt/rviz_ogre_vendor/lib:/opt/ros/foxy/lib/aarch64-linux-gnu:/opt/ros/foxy/lib:/usr/local/cuda-11.4/lib64 PYTHONPATH=/home/unitree/navigation_ws/install/nav_2d_msgs/lib/python3.8/site-packages:${PYTHONPATH} /usr/bin/cmake /home/unitree/navigation_ws/src/navigation2/nav2_dwb_controller/dwb_msgs -DAMENT_CMAKE_SYMLINK_INSTALL=1 -DCMAKE_INSTALL_PREFIX=/home/unitree/navigation_ws/install/dwb_msgs
[57.312s] DEBUG:colcon.colcon_core.event_handler.log_command:Invoking command in '/home/unitree/navigation_ws/build/dwb_msgs': AMENT_PREFIX_PATH=/home/unitree/navigation_ws/install/nav_2d_msgs:${AMENT_PREFIX_PATH} CMAKE_PREFIX_PATH=/home/unitree/navigation_ws/install/nav_2d_msgs:/home/unitree/cyclonedds_ws/install/rmw_cyclonedds_cpp:/home/unitree/cyclonedds_ws/install/cyclonedds:/opt/ros/foxy LD_LIBRARY_PATH=/home/unitree/navigation_ws/install/nav_2d_msgs/lib:/usr/local/cuda-11.4/lib64:/usr/local/lib:/home/unitree/cyclonedds_ws/install/rmw_cyclonedds_cpp/lib:/home/unitree/cyclonedds_ws/install/cyclonedds/lib:/opt/ros/foxy/opt/yaml_cpp_vendor/lib:/opt/ros/foxy/opt/rviz_ogre_vendor/lib:/opt/ros/foxy/lib/aarch64-linux-gnu:/opt/ros/foxy/lib:/usr/local/cuda-11.4/lib64 PYTHONPATH=/home/unitree/navigation_ws/install/nav_2d_msgs/lib/python3.8/site-packages:${PYTHONPATH} /usr/bin/cmake --build /home/unitree/navigation_ws/build/dwb_msgs -- -j8 -l8
[57.319s] DEBUG:colcon.colcon_core.event_handler.log_command:Invoked command in '/home/unitree/navigation_ws/build/bringup' returned '0': AMENT_PREFIX_PATH=/home/unitree/navigation_ws/install/pointcloud_to_laserscan:${AMENT_PREFIX_PATH} CMAKE_PREFIX_PATH=/home/unitree/navigation_ws/install/pointcloud_to_laserscan:/home/unitree/cyclonedds_ws/install/rmw_cyclonedds_cpp:/home/unitree/cyclonedds_ws/install/cyclonedds:/opt/ros/foxy LD_LIBRARY_PATH=/home/unitree/navigation_ws/install/pointcloud_to_laserscan/lib:/usr/local/cuda-11.4/lib64:/usr/local/lib:/home/unitree/cyclonedds_ws/install/rmw_cyclonedds_cpp/lib:/home/unitree/cyclonedds_ws/install/cyclonedds/lib:/opt/ros/foxy/opt/yaml_cpp_vendor/lib:/opt/ros/foxy/opt/rviz_ogre_vendor/lib:/opt/ros/foxy/lib/aarch64-linux-gnu:/opt/ros/foxy/lib:/usr/local/cuda-11.4/lib64 /usr/bin/cmake --build /home/unitree/navigation_ws/build/bringup -- -j8 -l8
[57.334s] Level 1:colcon.colcon_core.environment:create_environment_scripts_only(linefit_ground_segmentation)
[57.335s] DEBUG:colcon.colcon_core.event_handler.log_command:Invoked command in '/home/unitree/navigation_ws/build/linefit_ground_segmentation' returned '0': CMAKE_PREFIX_PATH=${CMAKE_PREFIX_PATH}:/opt/ros/foxy /usr/bin/cmake --install /home/unitree/navigation_ws/build/linefit_ground_segmentation
[57.336s] Level 1:colcon.colcon_core.environment:checking '/home/unitree/navigation_ws/install/linefit_ground_segmentation' for CMake module files
[57.338s] Level 1:colcon.colcon_core.environment:checking '/home/unitree/navigation_ws/install/linefit_ground_segmentation' for CMake config files
[57.339s] Level 1:colcon.colcon_core.shell:create_environment_hook('linefit_ground_segmentation', 'cmake_prefix_path')
[57.340s] INFO:colcon.colcon_core.shell:Creating environment hook '/home/unitree/navigation_ws/install/linefit_ground_segmentation/share/linefit_ground_segmentation/hook/cmake_prefix_path.ps1'
[57.341s] INFO:colcon.colcon_core.shell:Creating environment descriptor '/home/unitree/navigation_ws/install/linefit_ground_segmentation/share/linefit_ground_segmentation/hook/cmake_prefix_path.dsv'
[57.342s] INFO:colcon.colcon_core.shell:Creating environment hook '/home/unitree/navigation_ws/install/linefit_ground_segmentation/share/linefit_ground_segmentation/hook/cmake_prefix_path.sh'
[57.343s] Level 1:colcon.colcon_core.environment:checking '/home/unitree/navigation_ws/install/linefit_ground_segmentation/lib'
[57.343s] Level 1:colcon.colcon_core.shell:create_environment_hook('linefit_ground_segmentation', 'ld_library_path_lib')
[57.344s] INFO:colcon.colcon_core.shell:Creating environment hook '/home/unitree/navigation_ws/install/linefit_ground_segmentation/share/linefit_ground_segmentation/hook/ld_library_path_lib.ps1'
[57.344s] INFO:colcon.colcon_core.shell:Creating environment descriptor '/home/unitree/navigation_ws/install/linefit_ground_segmentation/share/linefit_ground_segmentation/hook/ld_library_path_lib.dsv'
[57.345s] INFO:colcon.colcon_core.shell:Creating environment hook '/home/unitree/navigation_ws/install/linefit_ground_segmentation/share/linefit_ground_segmentation/hook/ld_library_path_lib.sh'
[57.346s] Level 1:colcon.colcon_core.environment:checking '/home/unitree/navigation_ws/install/linefit_ground_segmentation/bin'
[57.346s] Level 1:colcon.colcon_core.environment:checking '/home/unitree/navigation_ws/install/linefit_ground_segmentation/lib/pkgconfig/linefit_ground_segmentation.pc'
[57.346s] Level 1:colcon.colcon_core.environment:checking '/home/unitree/navigation_ws/install/linefit_ground_segmentation/lib/python3.8/site-packages'
[57.347s] Level 1:colcon.colcon_core.environment:checking '/home/unitree/navigation_ws/install/linefit_ground_segmentation/bin'
[57.347s] INFO:colcon.colcon_core.shell:Creating package script '/home/unitree/navigation_ws/install/linefit_ground_segmentation/share/linefit_ground_segmentation/package.ps1'
[57.348s] INFO:colcon.colcon_core.shell:Creating package descriptor '/home/unitree/navigation_ws/install/linefit_ground_segmentation/share/linefit_ground_segmentation/package.dsv'
[57.349s] INFO:colcon.colcon_core.shell:Creating package script '/home/unitree/navigation_ws/install/linefit_ground_segmentation/share/linefit_ground_segmentation/package.sh'
[57.350s] INFO:colcon.colcon_core.shell:Creating package script '/home/unitree/navigation_ws/install/linefit_ground_segmentation/share/linefit_ground_segmentation/package.bash'
[57.350s] INFO:colcon.colcon_core.shell:Creating package script '/home/unitree/navigation_ws/install/linefit_ground_segmentation/share/linefit_ground_segmentation/package.zsh'
[57.351s] Level 1:colcon.colcon_core.environment:create_file_with_runtime_dependencies(/home/unitree/navigation_ws/install/linefit_ground_segmentation/share/colcon-core/packages/linefit_ground_segmentation)
[57.384s] DEBUG:colcon.colcon_core.event_handler.log_command:Invoking command in '/home/unitree/navigation_ws/build/bringup': AMENT_PREFIX_PATH=/home/unitree/navigation_ws/install/pointcloud_to_laserscan:${AMENT_PREFIX_PATH} CMAKE_PREFIX_PATH=/home/unitree/navigation_ws/install/pointcloud_to_laserscan:/home/unitree/cyclonedds_ws/install/rmw_cyclonedds_cpp:/home/unitree/cyclonedds_ws/install/cyclonedds:/opt/ros/foxy LD_LIBRARY_PATH=/home/unitree/navigation_ws/install/pointcloud_to_laserscan/lib:/usr/local/cuda-11.4/lib64:/usr/local/lib:/home/unitree/cyclonedds_ws/install/rmw_cyclonedds_cpp/lib:/home/unitree/cyclonedds_ws/install/cyclonedds/lib:/opt/ros/foxy/opt/yaml_cpp_vendor/lib:/opt/ros/foxy/opt/rviz_ogre_vendor/lib:/opt/ros/foxy/lib/aarch64-linux-gnu:/opt/ros/foxy/lib:/usr/local/cuda-11.4/lib64 /usr/bin/cmake --install /home/unitree/navigation_ws/build/bringup
[57.441s] Level 1:colcon.colcon_core.environment:create_environment_scripts_only(linefit_ground_segmentation)
[57.442s] Level 1:colcon.colcon_core.environment:checking '/home/unitree/navigation_ws/install/linefit_ground_segmentation' for CMake module files
[57.443s] Level 1:colcon.colcon_core.environment:checking '/home/unitree/navigation_ws/install/linefit_ground_segmentation' for CMake config files
[57.443s] Level 1:colcon.colcon_core.shell:create_environment_hook('linefit_ground_segmentation', 'cmake_prefix_path')
[57.445s] INFO:colcon.colcon_core.shell:Creating environment hook '/home/unitree/navigation_ws/install/linefit_ground_segmentation/share/linefit_ground_segmentation/hook/cmake_prefix_path.ps1'
[57.447s] INFO:colcon.colcon_core.shell:Creating environment descriptor '/home/unitree/navigation_ws/install/linefit_ground_segmentation/share/linefit_ground_segmentation/hook/cmake_prefix_path.dsv'
[57.448s] INFO:colcon.colcon_core.shell:Creating environment hook '/home/unitree/navigation_ws/install/linefit_ground_segmentation/share/linefit_ground_segmentation/hook/cmake_prefix_path.sh'
[57.449s] Level 1:colcon.colcon_core.environment:checking '/home/unitree/navigation_ws/install/linefit_ground_segmentation/lib'
[57.449s] Level 1:colcon.colcon_core.shell:create_environment_hook('linefit_ground_segmentation', 'ld_library_path_lib')
[57.450s] INFO:colcon.colcon_core.shell:Creating environment hook '/home/unitree/navigation_ws/install/linefit_ground_segmentation/share/linefit_ground_segmentation/hook/ld_library_path_lib.ps1'
[57.451s] INFO:colcon.colcon_core.shell:Creating environment descriptor '/home/unitree/navigation_ws/install/linefit_ground_segmentation/share/linefit_ground_segmentation/hook/ld_library_path_lib.dsv'
[57.451s] INFO:colcon.colcon_core.shell:Creating environment hook '/home/unitree/navigation_ws/install/linefit_ground_segmentation/share/linefit_ground_segmentation/hook/ld_library_path_lib.sh'
[57.452s] Level 1:colcon.colcon_core.environment:checking '/home/unitree/navigation_ws/install/linefit_ground_segmentation/bin'
[57.452s] Level 1:colcon.colcon_core.environment:checking '/home/unitree/navigation_ws/install/linefit_ground_segmentation/lib/pkgconfig/linefit_ground_segmentation.pc'
[57.452s] Level 1:colcon.colcon_core.environment:checking '/home/unitree/navigation_ws/install/linefit_ground_segmentation/lib/python3.8/site-packages'
[57.453s] Level 1:colcon.colcon_core.environment:checking '/home/unitree/navigation_ws/install/linefit_ground_segmentation/bin'
[57.454s] INFO:colcon.colcon_core.shell:Creating package script '/home/unitree/navigation_ws/install/linefit_ground_segmentation/share/linefit_ground_segmentation/package.ps1'
[57.457s] INFO:colcon.colcon_core.shell:Creating package descriptor '/home/unitree/navigation_ws/install/linefit_ground_segmentation/share/linefit_ground_segmentation/package.dsv'
[57.458s] INFO:colcon.colcon_core.shell:Creating package script '/home/unitree/navigation_ws/install/linefit_ground_segmentation/share/linefit_ground_segmentation/package.sh'
[57.460s] INFO:colcon.colcon_core.shell:Creating package script '/home/unitree/navigation_ws/install/linefit_ground_segmentation/share/linefit_ground_segmentation/package.bash'
[57.461s] INFO:colcon.colcon_core.shell:Creating package script '/home/unitree/navigation_ws/install/linefit_ground_segmentation/share/linefit_ground_segmentation/package.zsh'
[57.462s] Level 1:colcon.colcon_core.environment:create_file_with_runtime_dependencies(/home/unitree/navigation_ws/install/linefit_ground_segmentation/share/colcon-core/packages/linefit_ground_segmentation)
[57.463s] INFO:colcon.colcon_ros.task.ament_cmake.build:Building ROS package in '/home/unitree/navigation_ws/src/reconstruction/linefit_ground_segmentation_ros2/linefit_ground_segmentation_ros' with build type 'ament_cmake'
[57.464s] INFO:colcon.colcon_cmake.task.cmake.build:Building CMake package in '/home/unitree/navigation_ws/src/reconstruction/linefit_ground_segmentation_ros2/linefit_ground_segmentation_ros'
[57.464s] INFO:colcon.colcon_core.shell:Skip shell extension 'powershell' for command environment: Not usable outside of PowerShell
[57.465s] DEBUG:colcon.colcon_core.shell:Skip shell extension 'dsv' for command environment
[57.519s] DEBUG:colcon.colcon_core.event_handler.log_command:Invoking command in '/home/unitree/navigation_ws/build/linefit_ground_segmentation_ros': AMENT_PREFIX_PATH=/home/unitree/navigation_ws/install/linefit_ground_segmentation:${AMENT_PREFIX_PATH} CMAKE_PREFIX_PATH=/home/unitree/navigation_ws/install/linefit_ground_segmentation:/home/unitree/cyclonedds_ws/install/rmw_cyclonedds_cpp:/home/unitree/cyclonedds_ws/install/cyclonedds:/opt/ros/foxy LD_LIBRARY_PATH=/home/unitree/navigation_ws/install/linefit_ground_segmentation/lib:/usr/local/cuda-11.4/lib64:/usr/local/lib:/home/unitree/cyclonedds_ws/install/rmw_cyclonedds_cpp/lib:/home/unitree/cyclonedds_ws/install/cyclonedds/lib:/opt/ros/foxy/opt/yaml_cpp_vendor/lib:/opt/ros/foxy/opt/rviz_ogre_vendor/lib:/opt/ros/foxy/lib/aarch64-linux-gnu:/opt/ros/foxy/lib:/usr/local/cuda-11.4/lib64 /usr/bin/cmake /home/unitree/navigation_ws/src/reconstruction/linefit_ground_segmentation_ros2/linefit_ground_segmentation_ros -DAMENT_CMAKE_SYMLINK_INSTALL=1 -DCMAKE_INSTALL_PREFIX=/home/unitree/navigation_ws/install/linefit_ground_segmentation_ros
[82.961s] DEBUG:colcon.colcon_core.event_handler.log_command:Invoked command in '/home/unitree/navigation_ws/build/nav2_voxel_grid' returned '0': AMENT_PREFIX_PATH=/home/unitree/navigation_ws/install/nav2_common:${AMENT_PREFIX_PATH} CMAKE_PREFIX_PATH=/home/unitree/navigation_ws/install/nav2_common:/home/unitree/cyclonedds_ws/install/rmw_cyclonedds_cpp:/home/unitree/cyclonedds_ws/install/cyclonedds:/opt/ros/foxy PYTHONPATH=/home/unitree/navigation_ws/install/nav2_common/lib/python3.8/site-packages:${PYTHONPATH} /usr/bin/cmake --build /home/unitree/navigation_ws/build/nav2_voxel_grid -- -j8 -l8
[82.985s] Level 1:colcon.colcon_core.environment:create_environment_scripts_only(bringup)
[82.986s] Level 1:colcon.colcon_core.environment:checking '/home/unitree/navigation_ws/install/bringup' for CMake module files
[82.987s] Level 1:colcon.colcon_core.environment:checking '/home/unitree/navigation_ws/install/bringup' for CMake config files
[82.990s] Level 1:colcon.colcon_core.shell:create_environment_hook('bringup', 'cmake_prefix_path')
[82.991s] INFO:colcon.colcon_core.shell:Creating environment hook '/home/unitree/navigation_ws/install/bringup/share/bringup/hook/cmake_prefix_path.ps1'
[82.993s] INFO:colcon.colcon_core.shell:Creating environment descriptor '/home/unitree/navigation_ws/install/bringup/share/bringup/hook/cmake_prefix_path.dsv'
[82.993s] INFO:colcon.colcon_core.shell:Creating environment hook '/home/unitree/navigation_ws/install/bringup/share/bringup/hook/cmake_prefix_path.sh'
[82.994s] Level 1:colcon.colcon_core.environment:checking '/home/unitree/navigation_ws/install/bringup/bin'
[82.995s] Level 1:colcon.colcon_core.environment:checking '/home/unitree/navigation_ws/install/bringup/lib/pkgconfig/bringup.pc'
[82.995s] Level 1:colcon.colcon_core.environment:checking '/home/unitree/navigation_ws/install/bringup/lib/python3.8/site-packages'
[82.995s] Level 1:colcon.colcon_core.environment:checking '/home/unitree/navigation_ws/install/bringup/bin'
[82.996s] INFO:colcon.colcon_core.shell:Creating package script '/home/unitree/navigation_ws/install/bringup/share/bringup/package.ps1'
[82.997s] INFO:colcon.colcon_core.shell:Creating package descriptor '/home/unitree/navigation_ws/install/bringup/share/bringup/package.dsv'
[82.998s] INFO:colcon.colcon_core.shell:Creating package script '/home/unitree/navigation_ws/install/bringup/share/bringup/package.sh'
[82.998s] INFO:colcon.colcon_core.shell:Creating package script '/home/unitree/navigation_ws/install/bringup/share/bringup/package.bash'
[82.999s] INFO:colcon.colcon_core.shell:Creating package script '/home/unitree/navigation_ws/install/bringup/share/bringup/package.zsh'
[82.999s] Level 1:colcon.colcon_core.environment:create_file_with_runtime_dependencies(/home/unitree/navigation_ws/install/bringup/share/colcon-core/packages/bringup)
[83.014s] DEBUG:colcon.colcon_core.event_handler.log_command:Invoked command in '/home/unitree/navigation_ws/build/bringup' returned '0': AMENT_PREFIX_PATH=/home/unitree/navigation_ws/install/pointcloud_to_laserscan:${AMENT_PREFIX_PATH} CMAKE_PREFIX_PATH=/home/unitree/navigation_ws/install/pointcloud_to_laserscan:/home/unitree/cyclonedds_ws/install/rmw_cyclonedds_cpp:/home/unitree/cyclonedds_ws/install/cyclonedds:/opt/ros/foxy LD_LIBRARY_PATH=/home/unitree/navigation_ws/install/pointcloud_to_laserscan/lib:/usr/local/cuda-11.4/lib64:/usr/local/lib:/home/unitree/cyclonedds_ws/install/rmw_cyclonedds_cpp/lib:/home/unitree/cyclonedds_ws/install/cyclonedds/lib:/opt/ros/foxy/opt/yaml_cpp_vendor/lib:/opt/ros/foxy/opt/rviz_ogre_vendor/lib:/opt/ros/foxy/lib/aarch64-linux-gnu:/opt/ros/foxy/lib:/usr/local/cuda-11.4/lib64 /usr/bin/cmake --install /home/unitree/navigation_ws/build/bringup
[83.021s] DEBUG:colcon.colcon_core.event_handler.log_command:Invoked command in '/home/unitree/navigation_ws/build/linefit_ground_segmentation_ros' returned '0': AMENT_PREFIX_PATH=/home/unitree/navigation_ws/install/linefit_ground_segmentation:${AMENT_PREFIX_PATH} CMAKE_PREFIX_PATH=/home/unitree/navigation_ws/install/linefit_ground_segmentation:/home/unitree/cyclonedds_ws/install/rmw_cyclonedds_cpp:/home/unitree/cyclonedds_ws/install/cyclonedds:/opt/ros/foxy LD_LIBRARY_PATH=/home/unitree/navigation_ws/install/linefit_ground_segmentation/lib:/usr/local/cuda-11.4/lib64:/usr/local/lib:/home/unitree/cyclonedds_ws/install/rmw_cyclonedds_cpp/lib:/home/unitree/cyclonedds_ws/install/cyclonedds/lib:/opt/ros/foxy/opt/yaml_cpp_vendor/lib:/opt/ros/foxy/opt/rviz_ogre_vendor/lib:/opt/ros/foxy/lib/aarch64-linux-gnu:/opt/ros/foxy/lib:/usr/local/cuda-11.4/lib64 /usr/bin/cmake /home/unitree/navigation_ws/src/reconstruction/linefit_ground_segmentation_ros2/linefit_ground_segmentation_ros -DAMENT_CMAKE_SYMLINK_INSTALL=1 -DCMAKE_INSTALL_PREFIX=/home/unitree/navigation_ws/install/linefit_ground_segmentation_ros
[83.023s] DEBUG:colcon.colcon_core.event_handler.log_command:Invoking command in '/home/unitree/navigation_ws/build/linefit_ground_segmentation_ros': AMENT_PREFIX_PATH=/home/unitree/navigation_ws/install/linefit_ground_segmentation:${AMENT_PREFIX_PATH} CMAKE_PREFIX_PATH=/home/unitree/navigation_ws/install/linefit_ground_segmentation:/home/unitree/cyclonedds_ws/install/rmw_cyclonedds_cpp:/home/unitree/cyclonedds_ws/install/cyclonedds:/opt/ros/foxy LD_LIBRARY_PATH=/home/unitree/navigation_ws/install/linefit_ground_segmentation/lib:/usr/local/cuda-11.4/lib64:/usr/local/lib:/home/unitree/cyclonedds_ws/install/rmw_cyclonedds_cpp/lib:/home/unitree/cyclonedds_ws/install/cyclonedds/lib:/opt/ros/foxy/opt/yaml_cpp_vendor/lib:/opt/ros/foxy/opt/rviz_ogre_vendor/lib:/opt/ros/foxy/lib/aarch64-linux-gnu:/opt/ros/foxy/lib:/usr/local/cuda-11.4/lib64 /usr/bin/cmake --build /home/unitree/navigation_ws/build/linefit_ground_segmentation_ros -- -j8 -l8
[83.066s] DEBUG:colcon.colcon_core.event_handler.log_command:Invoking command in '/home/unitree/navigation_ws/build/nav2_voxel_grid': AMENT_PREFIX_PATH=/home/unitree/navigation_ws/install/nav2_common:${AMENT_PREFIX_PATH} CMAKE_PREFIX_PATH=/home/unitree/navigation_ws/install/nav2_common:/home/unitree/cyclonedds_ws/install/rmw_cyclonedds_cpp:/home/unitree/cyclonedds_ws/install/cyclonedds:/opt/ros/foxy PYTHONPATH=/home/unitree/navigation_ws/install/nav2_common/lib/python3.8/site-packages:${PYTHONPATH} /usr/bin/cmake --install /home/unitree/navigation_ws/build/nav2_voxel_grid
[83.096s] Level 1:colcon.colcon_core.environment:create_environment_scripts_only(bringup)
[83.097s] Level 1:colcon.colcon_core.environment:checking '/home/unitree/navigation_ws/install/bringup' for CMake module files
[83.098s] Level 1:colcon.colcon_core.environment:checking '/home/unitree/navigation_ws/install/bringup' for CMake config files
[83.099s] Level 1:colcon.colcon_core.shell:create_environment_hook('bringup', 'cmake_prefix_path')
[83.100s] INFO:colcon.colcon_core.shell:Creating environment hook '/home/unitree/navigation_ws/install/bringup/share/bringup/hook/cmake_prefix_path.ps1'
[83.102s] INFO:colcon.colcon_core.shell:Creating environment descriptor '/home/unitree/navigation_ws/install/bringup/share/bringup/hook/cmake_prefix_path.dsv'
[83.104s] INFO:colcon.colcon_core.shell:Creating environment hook '/home/unitree/navigation_ws/install/bringup/share/bringup/hook/cmake_prefix_path.sh'
[83.106s] Level 1:colcon.colcon_core.environment:checking '/home/unitree/navigation_ws/install/bringup/bin'
[83.106s] Level 1:colcon.colcon_core.environment:checking '/home/unitree/navigation_ws/install/bringup/lib/pkgconfig/bringup.pc'
[83.107s] Level 1:colcon.colcon_core.environment:checking '/home/unitree/navigation_ws/install/bringup/lib/python3.8/site-packages'
[83.107s] Level 1:colcon.colcon_core.environment:checking '/home/unitree/navigation_ws/install/bringup/bin'
[83.108s] INFO:colcon.colcon_core.shell:Creating package script '/home/unitree/navigation_ws/install/bringup/share/bringup/package.ps1'
[83.110s] INFO:colcon.colcon_core.shell:Creating package descriptor '/home/unitree/navigation_ws/install/bringup/share/bringup/package.dsv'
[83.111s] INFO:colcon.colcon_core.shell:Creating package script '/home/unitree/navigation_ws/install/bringup/share/bringup/package.sh'
[83.112s] INFO:colcon.colcon_core.shell:Creating package script '/home/unitree/navigation_ws/install/bringup/share/bringup/package.bash'
[83.113s] INFO:colcon.colcon_core.shell:Creating package script '/home/unitree/navigation_ws/install/bringup/share/bringup/package.zsh'
[83.115s] Level 1:colcon.colcon_core.environment:create_file_with_runtime_dependencies(/home/unitree/navigation_ws/install/bringup/share/colcon-core/packages/bringup)
[94.069s] DEBUG:colcon.colcon_core.event_handler.log_command:Invoked command in '/home/unitree/navigation_ws/build/rm_autonomy_interfaces' returned '0': CMAKE_PREFIX_PATH=${CMAKE_PREFIX_PATH}:/opt/ros/foxy /usr/bin/cmake --build /home/unitree/navigation_ws/build/rm_autonomy_interfaces -- -j8 -l8
[94.071s] Level 1:colcon.colcon_core.environment:create_environment_scripts_only(nav2_voxel_grid)
[94.073s] Level 1:colcon.colcon_core.environment:checking '/home/unitree/navigation_ws/install/nav2_voxel_grid' for CMake module files
[94.074s] DEBUG:colcon.colcon_core.event_handler.log_command:Invoked command in '/home/unitree/navigation_ws/build/nav2_voxel_grid' returned '0': AMENT_PREFIX_PATH=/home/unitree/navigation_ws/install/nav2_common:${AMENT_PREFIX_PATH} CMAKE_PREFIX_PATH=/home/unitree/navigation_ws/install/nav2_common:/home/unitree/cyclonedds_ws/install/rmw_cyclonedds_cpp:/home/unitree/cyclonedds_ws/install/cyclonedds:/opt/ros/foxy PYTHONPATH=/home/unitree/navigation_ws/install/nav2_common/lib/python3.8/site-packages:${PYTHONPATH} /usr/bin/cmake --install /home/unitree/navigation_ws/build/nav2_voxel_grid
[94.076s] Level 1:colcon.colcon_core.environment:checking '/home/unitree/navigation_ws/install/nav2_voxel_grid' for CMake config files
[94.076s] Level 1:colcon.colcon_core.shell:create_environment_hook('nav2_voxel_grid', 'cmake_prefix_path')
[94.077s] INFO:colcon.colcon_core.shell:Creating environment hook '/home/unitree/navigation_ws/install/nav2_voxel_grid/share/nav2_voxel_grid/hook/cmake_prefix_path.ps1'
[94.079s] INFO:colcon.colcon_core.shell:Creating environment descriptor '/home/unitree/navigation_ws/install/nav2_voxel_grid/share/nav2_voxel_grid/hook/cmake_prefix_path.dsv'
[94.080s] INFO:colcon.colcon_core.shell:Creating environment hook '/home/unitree/navigation_ws/install/nav2_voxel_grid/share/nav2_voxel_grid/hook/cmake_prefix_path.sh'
[94.081s] Level 1:colcon.colcon_core.environment:checking '/home/unitree/navigation_ws/install/nav2_voxel_grid/lib'
[94.081s] Level 1:colcon.colcon_core.shell:create_environment_hook('nav2_voxel_grid', 'ld_library_path_lib')
[94.082s] INFO:colcon.colcon_core.shell:Creating environment hook '/home/unitree/navigation_ws/install/nav2_voxel_grid/share/nav2_voxel_grid/hook/ld_library_path_lib.ps1'
[94.084s] INFO:colcon.colcon_core.shell:Creating environment descriptor '/home/unitree/navigation_ws/install/nav2_voxel_grid/share/nav2_voxel_grid/hook/ld_library_path_lib.dsv'
[94.084s] INFO:colcon.colcon_core.shell:Creating environment hook '/home/unitree/navigation_ws/install/nav2_voxel_grid/share/nav2_voxel_grid/hook/ld_library_path_lib.sh'
[94.085s] Level 1:colcon.colcon_core.environment:checking '/home/unitree/navigation_ws/install/nav2_voxel_grid/bin'
[94.085s] Level 1:colcon.colcon_core.environment:checking '/home/unitree/navigation_ws/install/nav2_voxel_grid/lib/pkgconfig/nav2_voxel_grid.pc'
[94.086s] Level 1:colcon.colcon_core.environment:checking '/home/unitree/navigation_ws/install/nav2_voxel_grid/lib/python3.8/site-packages'
[94.086s] Level 1:colcon.colcon_core.environment:checking '/home/unitree/navigation_ws/install/nav2_voxel_grid/bin'
[94.087s] INFO:colcon.colcon_core.shell:Creating package script '/home/unitree/navigation_ws/install/nav2_voxel_grid/share/nav2_voxel_grid/package.ps1'
[94.088s] INFO:colcon.colcon_core.shell:Creating package descriptor '/home/unitree/navigation_ws/install/nav2_voxel_grid/share/nav2_voxel_grid/package.dsv'
[94.089s] INFO:colcon.colcon_core.shell:Creating package script '/home/unitree/navigation_ws/install/nav2_voxel_grid/share/nav2_voxel_grid/package.sh'
[94.090s] INFO:colcon.colcon_core.shell:Creating package script '/home/unitree/navigation_ws/install/nav2_voxel_grid/share/nav2_voxel_grid/package.bash'
[94.091s] INFO:colcon.colcon_core.shell:Creating package script '/home/unitree/navigation_ws/install/nav2_voxel_grid/share/nav2_voxel_grid/package.zsh'
[94.092s] Level 1:colcon.colcon_core.environment:create_file_with_runtime_dependencies(/home/unitree/navigation_ws/install/nav2_voxel_grid/share/colcon-core/packages/nav2_voxel_grid)
[94.161s] Level 1:colcon.colcon_core.environment:create_environment_scripts_only(nav2_voxel_grid)
[94.161s] Level 1:colcon.colcon_core.environment:checking '/home/unitree/navigation_ws/install/nav2_voxel_grid' for CMake module files
[94.162s] Level 1:colcon.colcon_core.environment:checking '/home/unitree/navigation_ws/install/nav2_voxel_grid' for CMake config files
[94.163s] Level 1:colcon.colcon_core.shell:create_environment_hook('nav2_voxel_grid', 'cmake_prefix_path')
[94.164s] INFO:colcon.colcon_core.shell:Creating environment hook '/home/unitree/navigation_ws/install/nav2_voxel_grid/share/nav2_voxel_grid/hook/cmake_prefix_path.ps1'
[94.165s] INFO:colcon.colcon_core.shell:Creating environment descriptor '/home/unitree/navigation_ws/install/nav2_voxel_grid/share/nav2_voxel_grid/hook/cmake_prefix_path.dsv'
[94.166s] INFO:colcon.colcon_core.shell:Creating environment hook '/home/unitree/navigation_ws/install/nav2_voxel_grid/share/nav2_voxel_grid/hook/cmake_prefix_path.sh'
[94.168s] Level 1:colcon.colcon_core.environment:checking '/home/unitree/navigation_ws/install/nav2_voxel_grid/lib'
[94.168s] Level 1:colcon.colcon_core.shell:create_environment_hook('nav2_voxel_grid', 'ld_library_path_lib')
[94.169s] INFO:colcon.colcon_core.shell:Creating environment hook '/home/unitree/navigation_ws/install/nav2_voxel_grid/share/nav2_voxel_grid/hook/ld_library_path_lib.ps1'
[94.169s] INFO:colcon.colcon_core.shell:Creating environment descriptor '/home/unitree/navigation_ws/install/nav2_voxel_grid/share/nav2_voxel_grid/hook/ld_library_path_lib.dsv'
[94.170s] INFO:colcon.colcon_core.shell:Creating environment hook '/home/unitree/navigation_ws/install/nav2_voxel_grid/share/nav2_voxel_grid/hook/ld_library_path_lib.sh'
[94.171s] Level 1:colcon.colcon_core.environment:checking '/home/unitree/navigation_ws/install/nav2_voxel_grid/bin'
[94.171s] Level 1:colcon.colcon_core.environment:checking '/home/unitree/navigation_ws/install/nav2_voxel_grid/lib/pkgconfig/nav2_voxel_grid.pc'
[94.172s] Level 1:colcon.colcon_core.environment:checking '/home/unitree/navigation_ws/install/nav2_voxel_grid/lib/python3.8/site-packages'
[94.172s] Level 1:colcon.colcon_core.environment:checking '/home/unitree/navigation_ws/install/nav2_voxel_grid/bin'
[94.173s] INFO:colcon.colcon_core.shell:Creating package script '/home/unitree/navigation_ws/install/nav2_voxel_grid/share/nav2_voxel_grid/package.ps1'
[94.175s] INFO:colcon.colcon_core.shell:Creating package descriptor '/home/unitree/navigation_ws/install/nav2_voxel_grid/share/nav2_voxel_grid/package.dsv'
[94.177s] INFO:colcon.colcon_core.shell:Creating package script '/home/unitree/navigation_ws/install/nav2_voxel_grid/share/nav2_voxel_grid/package.sh'
[94.178s] INFO:colcon.colcon_core.shell:Creating package script '/home/unitree/navigation_ws/install/nav2_voxel_grid/share/nav2_voxel_grid/package.bash'
[94.179s] INFO:colcon.colcon_core.shell:Creating package script '/home/unitree/navigation_ws/install/nav2_voxel_grid/share/nav2_voxel_grid/package.zsh'
[94.180s] Level 1:colcon.colcon_core.environment:create_file_with_runtime_dependencies(/home/unitree/navigation_ws/install/nav2_voxel_grid/share/colcon-core/packages/nav2_voxel_grid)
[94.606s] DEBUG:colcon.colcon_core.event_handler.log_command:Invoking command in '/home/unitree/navigation_ws/build/rm_autonomy_interfaces': CMAKE_PREFIX_PATH=${CMAKE_PREFIX_PATH}:/opt/ros/foxy /usr/bin/cmake --install /home/unitree/navigation_ws/build/rm_autonomy_interfaces
[101.868s] Level 1:colcon.colcon_core.environment:create_environment_scripts_only(rm_autonomy_interfaces)
[101.869s] Level 1:colcon.colcon_core.environment:checking '/home/unitree/navigation_ws/install/rm_autonomy_interfaces' for CMake module files
[101.872s] Level 1:colcon.colcon_core.environment:checking '/home/unitree/navigation_ws/install/rm_autonomy_interfaces' for CMake config files
[101.873s] DEBUG:colcon.colcon_core.event_handler.log_command:Invoked command in '/home/unitree/navigation_ws/build/rm_autonomy_interfaces' returned '0': CMAKE_PREFIX_PATH=${CMAKE_PREFIX_PATH}:/opt/ros/foxy /usr/bin/cmake --install /home/unitree/navigation_ws/build/rm_autonomy_interfaces
[101.875s] Level 1:colcon.colcon_core.shell:create_environment_hook('rm_autonomy_interfaces', 'cmake_prefix_path')
[101.876s] INFO:colcon.colcon_core.shell:Creating environment hook '/home/unitree/navigation_ws/install/rm_autonomy_interfaces/share/rm_autonomy_interfaces/hook/cmake_prefix_path.ps1'
[101.877s] INFO:colcon.colcon_core.shell:Creating environment descriptor '/home/unitree/navigation_ws/install/rm_autonomy_interfaces/share/rm_autonomy_interfaces/hook/cmake_prefix_path.dsv'
[101.878s] INFO:colcon.colcon_core.shell:Creating environment hook '/home/unitree/navigation_ws/install/rm_autonomy_interfaces/share/rm_autonomy_interfaces/hook/cmake_prefix_path.sh'
[101.879s] Level 1:colcon.colcon_core.environment:checking '/home/unitree/navigation_ws/install/rm_autonomy_interfaces/lib'
[101.879s] Level 1:colcon.colcon_core.shell:create_environment_hook('rm_autonomy_interfaces', 'ld_library_path_lib')
[101.879s] INFO:colcon.colcon_core.shell:Creating environment hook '/home/unitree/navigation_ws/install/rm_autonomy_interfaces/share/rm_autonomy_interfaces/hook/ld_library_path_lib.ps1'
[101.880s] INFO:colcon.colcon_core.shell:Creating environment descriptor '/home/unitree/navigation_ws/install/rm_autonomy_interfaces/share/rm_autonomy_interfaces/hook/ld_library_path_lib.dsv'
[101.881s] INFO:colcon.colcon_core.shell:Creating environment hook '/home/unitree/navigation_ws/install/rm_autonomy_interfaces/share/rm_autonomy_interfaces/hook/ld_library_path_lib.sh'
[101.881s] Level 1:colcon.colcon_core.environment:checking '/home/unitree/navigation_ws/install/rm_autonomy_interfaces/bin'
[101.881s] Level 1:colcon.colcon_core.environment:checking '/home/unitree/navigation_ws/install/rm_autonomy_interfaces/lib/pkgconfig/rm_autonomy_interfaces.pc'
[101.882s] Level 1:colcon.colcon_core.environment:checking '/home/unitree/navigation_ws/install/rm_autonomy_interfaces/lib/python3.8/site-packages'
[101.882s] Level 1:colcon.colcon_core.shell:create_environment_hook('rm_autonomy_interfaces', 'pythonpath')
[101.882s] INFO:colcon.colcon_core.shell:Creating environment hook '/home/unitree/navigation_ws/install/rm_autonomy_interfaces/share/rm_autonomy_interfaces/hook/pythonpath.ps1'
[101.883s] INFO:colcon.colcon_core.shell:Creating environment descriptor '/home/unitree/navigation_ws/install/rm_autonomy_interfaces/share/rm_autonomy_interfaces/hook/pythonpath.dsv'
[101.884s] INFO:colcon.colcon_core.shell:Creating environment hook '/home/unitree/navigation_ws/install/rm_autonomy_interfaces/share/rm_autonomy_interfaces/hook/pythonpath.sh'
[101.885s] Level 1:colcon.colcon_core.environment:checking '/home/unitree/navigation_ws/install/rm_autonomy_interfaces/bin'
[101.885s] INFO:colcon.colcon_core.shell:Creating package script '/home/unitree/navigation_ws/install/rm_autonomy_interfaces/share/rm_autonomy_interfaces/package.ps1'
[101.886s] INFO:colcon.colcon_core.shell:Creating package descriptor '/home/unitree/navigation_ws/install/rm_autonomy_interfaces/share/rm_autonomy_interfaces/package.dsv'
[101.887s] INFO:colcon.colcon_core.shell:Creating package script '/home/unitree/navigation_ws/install/rm_autonomy_interfaces/share/rm_autonomy_interfaces/package.sh'
[101.888s] INFO:colcon.colcon_core.shell:Creating package script '/home/unitree/navigation_ws/install/rm_autonomy_interfaces/share/rm_autonomy_interfaces/package.bash'
[101.889s] INFO:colcon.colcon_core.shell:Creating package script '/home/unitree/navigation_ws/install/rm_autonomy_interfaces/share/rm_autonomy_interfaces/package.zsh'
[101.889s] Level 1:colcon.colcon_core.environment:create_file_with_runtime_dependencies(/home/unitree/navigation_ws/install/rm_autonomy_interfaces/share/colcon-core/packages/rm_autonomy_interfaces)
[102.489s] Level 1:colcon.colcon_core.environment:create_environment_scripts_only(rm_autonomy_interfaces)
[102.489s] Level 1:colcon.colcon_core.environment:checking '/home/unitree/navigation_ws/install/rm_autonomy_interfaces' for CMake module files
[102.491s] Level 1:colcon.colcon_core.environment:checking '/home/unitree/navigation_ws/install/rm_autonomy_interfaces' for CMake config files
[102.492s] Level 1:colcon.colcon_core.shell:create_environment_hook('rm_autonomy_interfaces', 'cmake_prefix_path')
[102.493s] INFO:colcon.colcon_core.shell:Creating environment hook '/home/unitree/navigation_ws/install/rm_autonomy_interfaces/share/rm_autonomy_interfaces/hook/cmake_prefix_path.ps1'
[102.494s] INFO:colcon.colcon_core.shell:Creating environment descriptor '/home/unitree/navigation_ws/install/rm_autonomy_interfaces/share/rm_autonomy_interfaces/hook/cmake_prefix_path.dsv'
[102.495s] INFO:colcon.colcon_core.shell:Creating environment hook '/home/unitree/navigation_ws/install/rm_autonomy_interfaces/share/rm_autonomy_interfaces/hook/cmake_prefix_path.sh'
[102.496s] Level 1:colcon.colcon_core.environment:checking '/home/unitree/navigation_ws/install/rm_autonomy_interfaces/lib'
[102.496s] Level 1:colcon.colcon_core.shell:create_environment_hook('rm_autonomy_interfaces', 'ld_library_path_lib')
[102.496s] INFO:colcon.colcon_core.shell:Creating environment hook '/home/unitree/navigation_ws/install/rm_autonomy_interfaces/share/rm_autonomy_interfaces/hook/ld_library_path_lib.ps1'
[102.497s] INFO:colcon.colcon_core.shell:Creating environment descriptor '/home/unitree/navigation_ws/install/rm_autonomy_interfaces/share/rm_autonomy_interfaces/hook/ld_library_path_lib.dsv'
[102.500s] INFO:colcon.colcon_core.shell:Creating environment hook '/home/unitree/navigation_ws/install/rm_autonomy_interfaces/share/rm_autonomy_interfaces/hook/ld_library_path_lib.sh'
[102.501s] Level 1:colcon.colcon_core.environment:checking '/home/unitree/navigation_ws/install/rm_autonomy_interfaces/bin'
[102.501s] Level 1:colcon.colcon_core.environment:checking '/home/unitree/navigation_ws/install/rm_autonomy_interfaces/lib/pkgconfig/rm_autonomy_interfaces.pc'
[102.502s] Level 1:colcon.colcon_core.environment:checking '/home/unitree/navigation_ws/install/rm_autonomy_interfaces/lib/python3.8/site-packages'
[102.502s] Level 1:colcon.colcon_core.shell:create_environment_hook('rm_autonomy_interfaces', 'pythonpath')
[102.502s] INFO:colcon.colcon_core.shell:Creating environment hook '/home/unitree/navigation_ws/install/rm_autonomy_interfaces/share/rm_autonomy_interfaces/hook/pythonpath.ps1'
[102.504s] INFO:colcon.colcon_core.shell:Creating environment descriptor '/home/unitree/navigation_ws/install/rm_autonomy_interfaces/share/rm_autonomy_interfaces/hook/pythonpath.dsv'
[102.505s] INFO:colcon.colcon_core.shell:Creating environment hook '/home/unitree/navigation_ws/install/rm_autonomy_interfaces/share/rm_autonomy_interfaces/hook/pythonpath.sh'
[102.506s] Level 1:colcon.colcon_core.environment:checking '/home/unitree/navigation_ws/install/rm_autonomy_interfaces/bin'
[102.507s] INFO:colcon.colcon_core.shell:Creating package script '/home/unitree/navigation_ws/install/rm_autonomy_interfaces/share/rm_autonomy_interfaces/package.ps1'
[102.508s] INFO:colcon.colcon_core.shell:Creating package descriptor '/home/unitree/navigation_ws/install/rm_autonomy_interfaces/share/rm_autonomy_interfaces/package.dsv'
[102.509s] INFO:colcon.colcon_core.shell:Creating package script '/home/unitree/navigation_ws/install/rm_autonomy_interfaces/share/rm_autonomy_interfaces/package.sh'
[102.511s] INFO:colcon.colcon_core.shell:Creating package script '/home/unitree/navigation_ws/install/rm_autonomy_interfaces/share/rm_autonomy_interfaces/package.bash'
[102.511s] INFO:colcon.colcon_core.shell:Creating package script '/home/unitree/navigation_ws/install/rm_autonomy_interfaces/share/rm_autonomy_interfaces/package.zsh'
[102.513s] Level 1:colcon.colcon_core.environment:create_file_with_runtime_dependencies(/home/unitree/navigation_ws/install/rm_autonomy_interfaces/share/colcon-core/packages/rm_autonomy_interfaces)
[106.664s] DEBUG:colcon.colcon_core.event_handler.log_command:Invoked command in '/home/unitree/navigation_ws/build/dwb_msgs' returned '0': AMENT_PREFIX_PATH=/home/unitree/navigation_ws/install/nav_2d_msgs:${AMENT_PREFIX_PATH} CMAKE_PREFIX_PATH=/home/unitree/navigation_ws/install/nav_2d_msgs:/home/unitree/cyclonedds_ws/install/rmw_cyclonedds_cpp:/home/unitree/cyclonedds_ws/install/cyclonedds:/opt/ros/foxy LD_LIBRARY_PATH=/home/unitree/navigation_ws/install/nav_2d_msgs/lib:/usr/local/cuda-11.4/lib64:/usr/local/lib:/home/unitree/cyclonedds_ws/install/rmw_cyclonedds_cpp/lib:/home/unitree/cyclonedds_ws/install/cyclonedds/lib:/opt/ros/foxy/opt/yaml_cpp_vendor/lib:/opt/ros/foxy/opt/rviz_ogre_vendor/lib:/opt/ros/foxy/lib/aarch64-linux-gnu:/opt/ros/foxy/lib:/usr/local/cuda-11.4/lib64 PYTHONPATH=/home/unitree/navigation_ws/install/nav_2d_msgs/lib/python3.8/site-packages:${PYTHONPATH} /usr/bin/cmake --build /home/unitree/navigation_ws/build/dwb_msgs -- -j8 -l8
[107.008s] DEBUG:colcon.colcon_core.event_handler.log_command:Invoking command in '/home/unitree/navigation_ws/build/dwb_msgs': AMENT_PREFIX_PATH=/home/unitree/navigation_ws/install/nav_2d_msgs:${AMENT_PREFIX_PATH} CMAKE_PREFIX_PATH=/home/unitree/navigation_ws/install/nav_2d_msgs:/home/unitree/cyclonedds_ws/install/rmw_cyclonedds_cpp:/home/unitree/cyclonedds_ws/install/cyclonedds:/opt/ros/foxy LD_LIBRARY_PATH=/home/unitree/navigation_ws/install/nav_2d_msgs/lib:/usr/local/cuda-11.4/lib64:/usr/local/lib:/home/unitree/cyclonedds_ws/install/rmw_cyclonedds_cpp/lib:/home/unitree/cyclonedds_ws/install/cyclonedds/lib:/opt/ros/foxy/opt/yaml_cpp_vendor/lib:/opt/ros/foxy/opt/rviz_ogre_vendor/lib:/opt/ros/foxy/lib/aarch64-linux-gnu:/opt/ros/foxy/lib:/usr/local/cuda-11.4/lib64 PYTHONPATH=/home/unitree/navigation_ws/install/nav_2d_msgs/lib/python3.8/site-packages:${PYTHONPATH} /usr/bin/cmake --install /home/unitree/navigation_ws/build/dwb_msgs
[111.427s] Level 1:colcon.colcon_core.environment:create_environment_scripts_only(dwb_msgs)
[111.428s] Level 1:colcon.colcon_core.environment:checking '/home/unitree/navigation_ws/install/dwb_msgs' for CMake module files
[111.429s] DEBUG:colcon.colcon_core.event_handler.log_command:Invoked command in '/home/unitree/navigation_ws/build/dwb_msgs' returned '0': AMENT_PREFIX_PATH=/home/unitree/navigation_ws/install/nav_2d_msgs:${AMENT_PREFIX_PATH} CMAKE_PREFIX_PATH=/home/unitree/navigation_ws/install/nav_2d_msgs:/home/unitree/cyclonedds_ws/install/rmw_cyclonedds_cpp:/home/unitree/cyclonedds_ws/install/cyclonedds:/opt/ros/foxy LD_LIBRARY_PATH=/home/unitree/navigation_ws/install/nav_2d_msgs/lib:/usr/local/cuda-11.4/lib64:/usr/local/lib:/home/unitree/cyclonedds_ws/install/rmw_cyclonedds_cpp/lib:/home/unitree/cyclonedds_ws/install/cyclonedds/lib:/opt/ros/foxy/opt/yaml_cpp_vendor/lib:/opt/ros/foxy/opt/rviz_ogre_vendor/lib:/opt/ros/foxy/lib/aarch64-linux-gnu:/opt/ros/foxy/lib:/usr/local/cuda-11.4/lib64 PYTHONPATH=/home/unitree/navigation_ws/install/nav_2d_msgs/lib/python3.8/site-packages:${PYTHONPATH} /usr/bin/cmake --install /home/unitree/navigation_ws/build/dwb_msgs
[111.430s] Level 1:colcon.colcon_core.environment:checking '/home/unitree/navigation_ws/install/dwb_msgs' for CMake config files
[111.432s] Level 1:colcon.colcon_core.shell:create_environment_hook('dwb_msgs', 'cmake_prefix_path')
[111.433s] INFO:colcon.colcon_core.shell:Creating environment hook '/home/unitree/navigation_ws/install/dwb_msgs/share/dwb_msgs/hook/cmake_prefix_path.ps1'
[111.435s] INFO:colcon.colcon_core.shell:Creating environment descriptor '/home/unitree/navigation_ws/install/dwb_msgs/share/dwb_msgs/hook/cmake_prefix_path.dsv'
[111.437s] INFO:colcon.colcon_core.shell:Creating environment hook '/home/unitree/navigation_ws/install/dwb_msgs/share/dwb_msgs/hook/cmake_prefix_path.sh'
[111.438s] Level 1:colcon.colcon_core.environment:checking '/home/unitree/navigation_ws/install/dwb_msgs/lib'
[111.439s] Level 1:colcon.colcon_core.shell:create_environment_hook('dwb_msgs', 'ld_library_path_lib')
[111.439s] INFO:colcon.colcon_core.shell:Creating environment hook '/home/unitree/navigation_ws/install/dwb_msgs/share/dwb_msgs/hook/ld_library_path_lib.ps1'
[111.440s] INFO:colcon.colcon_core.shell:Creating environment descriptor '/home/unitree/navigation_ws/install/dwb_msgs/share/dwb_msgs/hook/ld_library_path_lib.dsv'
[111.441s] INFO:colcon.colcon_core.shell:Creating environment hook '/home/unitree/navigation_ws/install/dwb_msgs/share/dwb_msgs/hook/ld_library_path_lib.sh'
[111.442s] Level 1:colcon.colcon_core.environment:checking '/home/unitree/navigation_ws/install/dwb_msgs/bin'
[111.443s] Level 1:colcon.colcon_core.environment:checking '/home/unitree/navigation_ws/install/dwb_msgs/lib/pkgconfig/dwb_msgs.pc'
[111.444s] Level 1:colcon.colcon_core.environment:checking '/home/unitree/navigation_ws/install/dwb_msgs/lib/python3.8/site-packages'
[111.444s] Level 1:colcon.colcon_core.shell:create_environment_hook('dwb_msgs', 'pythonpath')
[111.445s] INFO:colcon.colcon_core.shell:Creating environment hook '/home/unitree/navigation_ws/install/dwb_msgs/share/dwb_msgs/hook/pythonpath.ps1'
[111.446s] INFO:colcon.colcon_core.shell:Creating environment descriptor '/home/unitree/navigation_ws/install/dwb_msgs/share/dwb_msgs/hook/pythonpath.dsv'
[111.446s] INFO:colcon.colcon_core.shell:Creating environment hook '/home/unitree/navigation_ws/install/dwb_msgs/share/dwb_msgs/hook/pythonpath.sh'
[111.447s] Level 1:colcon.colcon_core.environment:checking '/home/unitree/navigation_ws/install/dwb_msgs/bin'
[111.448s] INFO:colcon.colcon_core.shell:Creating package script '/home/unitree/navigation_ws/install/dwb_msgs/share/dwb_msgs/package.ps1'
[111.449s] INFO:colcon.colcon_core.shell:Creating package descriptor '/home/unitree/navigation_ws/install/dwb_msgs/share/dwb_msgs/package.dsv'
[111.451s] INFO:colcon.colcon_core.shell:Creating package script '/home/unitree/navigation_ws/install/dwb_msgs/share/dwb_msgs/package.sh'
[111.451s] INFO:colcon.colcon_core.shell:Creating package script '/home/unitree/navigation_ws/install/dwb_msgs/share/dwb_msgs/package.bash'
[111.452s] INFO:colcon.colcon_core.shell:Creating package script '/home/unitree/navigation_ws/install/dwb_msgs/share/dwb_msgs/package.zsh'
[111.453s] Level 1:colcon.colcon_core.environment:create_file_with_runtime_dependencies(/home/unitree/navigation_ws/install/dwb_msgs/share/colcon-core/packages/dwb_msgs)
[111.815s] Level 1:colcon.colcon_core.environment:create_environment_scripts_only(dwb_msgs)
[111.816s] Level 1:colcon.colcon_core.environment:checking '/home/unitree/navigation_ws/install/dwb_msgs' for CMake module files
[111.817s] Level 1:colcon.colcon_core.environment:checking '/home/unitree/navigation_ws/install/dwb_msgs' for CMake config files
[111.819s] Level 1:colcon.colcon_core.shell:create_environment_hook('dwb_msgs', 'cmake_prefix_path')
[111.819s] INFO:colcon.colcon_core.shell:Creating environment hook '/home/unitree/navigation_ws/install/dwb_msgs/share/dwb_msgs/hook/cmake_prefix_path.ps1'
[111.821s] INFO:colcon.colcon_core.shell:Creating environment descriptor '/home/unitree/navigation_ws/install/dwb_msgs/share/dwb_msgs/hook/cmake_prefix_path.dsv'
[111.821s] INFO:colcon.colcon_core.shell:Creating environment hook '/home/unitree/navigation_ws/install/dwb_msgs/share/dwb_msgs/hook/cmake_prefix_path.sh'
[111.822s] Level 1:colcon.colcon_core.environment:checking '/home/unitree/navigation_ws/install/dwb_msgs/lib'
[111.823s] Level 1:colcon.colcon_core.shell:create_environment_hook('dwb_msgs', 'ld_library_path_lib')
[111.823s] INFO:colcon.colcon_core.shell:Creating environment hook '/home/unitree/navigation_ws/install/dwb_msgs/share/dwb_msgs/hook/ld_library_path_lib.ps1'
[111.824s] INFO:colcon.colcon_core.shell:Creating environment descriptor '/home/unitree/navigation_ws/install/dwb_msgs/share/dwb_msgs/hook/ld_library_path_lib.dsv'
[111.824s] INFO:colcon.colcon_core.shell:Creating environment hook '/home/unitree/navigation_ws/install/dwb_msgs/share/dwb_msgs/hook/ld_library_path_lib.sh'
[111.825s] Level 1:colcon.colcon_core.environment:checking '/home/unitree/navigation_ws/install/dwb_msgs/bin'
[111.825s] Level 1:colcon.colcon_core.environment:checking '/home/unitree/navigation_ws/install/dwb_msgs/lib/pkgconfig/dwb_msgs.pc'
[111.827s] Level 1:colcon.colcon_core.environment:checking '/home/unitree/navigation_ws/install/dwb_msgs/lib/python3.8/site-packages'
[111.827s] Level 1:colcon.colcon_core.shell:create_environment_hook('dwb_msgs', 'pythonpath')
[111.828s] INFO:colcon.colcon_core.shell:Creating environment hook '/home/unitree/navigation_ws/install/dwb_msgs/share/dwb_msgs/hook/pythonpath.ps1'
[111.830s] INFO:colcon.colcon_core.shell:Creating environment descriptor '/home/unitree/navigation_ws/install/dwb_msgs/share/dwb_msgs/hook/pythonpath.dsv'
[111.830s] INFO:colcon.colcon_core.shell:Creating environment hook '/home/unitree/navigation_ws/install/dwb_msgs/share/dwb_msgs/hook/pythonpath.sh'
[111.831s] Level 1:colcon.colcon_core.environment:checking '/home/unitree/navigation_ws/install/dwb_msgs/bin'
[111.832s] INFO:colcon.colcon_core.shell:Creating package script '/home/unitree/navigation_ws/install/dwb_msgs/share/dwb_msgs/package.ps1'
[111.833s] INFO:colcon.colcon_core.shell:Creating package descriptor '/home/unitree/navigation_ws/install/dwb_msgs/share/dwb_msgs/package.dsv'
[111.835s] INFO:colcon.colcon_core.shell:Creating package script '/home/unitree/navigation_ws/install/dwb_msgs/share/dwb_msgs/package.sh'
[111.836s] INFO:colcon.colcon_core.shell:Creating package script '/home/unitree/navigation_ws/install/dwb_msgs/share/dwb_msgs/package.bash'
[111.837s] INFO:colcon.colcon_core.shell:Creating package script '/home/unitree/navigation_ws/install/dwb_msgs/share/dwb_msgs/package.zsh'
[111.837s] Level 1:colcon.colcon_core.environment:create_file_with_runtime_dependencies(/home/unitree/navigation_ws/install/dwb_msgs/share/colcon-core/packages/dwb_msgs)
[115.383s] DEBUG:colcon.colcon_core.event_handler.log_command:Invoked command in '/home/unitree/navigation_ws/build/livox_ros_driver2' returned '0': CMAKE_PREFIX_PATH=${CMAKE_PREFIX_PATH}:/opt/ros/foxy /usr/bin/cmake --build /home/unitree/navigation_ws/build/livox_ros_driver2 -- -j8 -l8
[115.545s] DEBUG:colcon.colcon_core.event_handler.log_command:Invoking command in '/home/unitree/navigation_ws/build/livox_ros_driver2': CMAKE_PREFIX_PATH=${CMAKE_PREFIX_PATH}:/opt/ros/foxy /usr/bin/cmake --install /home/unitree/navigation_ws/build/livox_ros_driver2
[117.367s] Level 1:colcon.colcon_core.environment:create_environment_scripts_only(livox_ros_driver2)
[117.368s] DEBUG:colcon.colcon_core.event_handler.log_command:Invoked command in '/home/unitree/navigation_ws/build/livox_ros_driver2' returned '0': CMAKE_PREFIX_PATH=${CMAKE_PREFIX_PATH}:/opt/ros/foxy /usr/bin/cmake --install /home/unitree/navigation_ws/build/livox_ros_driver2
[117.370s] Level 1:colcon.colcon_core.environment:checking '/home/unitree/navigation_ws/install/livox_ros_driver2' for CMake module files
[117.371s] Level 1:colcon.colcon_core.environment:checking '/home/unitree/navigation_ws/install/livox_ros_driver2' for CMake config files
[117.372s] Level 1:colcon.colcon_core.shell:create_environment_hook('livox_ros_driver2', 'cmake_prefix_path')
[117.373s] INFO:colcon.colcon_core.shell:Creating environment hook '/home/unitree/navigation_ws/install/livox_ros_driver2/share/livox_ros_driver2/hook/cmake_prefix_path.ps1'
[117.375s] INFO:colcon.colcon_core.shell:Creating environment descriptor '/home/unitree/navigation_ws/install/livox_ros_driver2/share/livox_ros_driver2/hook/cmake_prefix_path.dsv'
[117.375s] INFO:colcon.colcon_core.shell:Creating environment hook '/home/unitree/navigation_ws/install/livox_ros_driver2/share/livox_ros_driver2/hook/cmake_prefix_path.sh'
[117.376s] Level 1:colcon.colcon_core.environment:checking '/home/unitree/navigation_ws/install/livox_ros_driver2/lib'
[117.377s] Level 1:colcon.colcon_core.shell:create_environment_hook('livox_ros_driver2', 'ld_library_path_lib')
[117.377s] INFO:colcon.colcon_core.shell:Creating environment hook '/home/unitree/navigation_ws/install/livox_ros_driver2/share/livox_ros_driver2/hook/ld_library_path_lib.ps1'
[117.378s] INFO:colcon.colcon_core.shell:Creating environment descriptor '/home/unitree/navigation_ws/install/livox_ros_driver2/share/livox_ros_driver2/hook/ld_library_path_lib.dsv'
[117.378s] INFO:colcon.colcon_core.shell:Creating environment hook '/home/unitree/navigation_ws/install/livox_ros_driver2/share/livox_ros_driver2/hook/ld_library_path_lib.sh'
[117.379s] Level 1:colcon.colcon_core.environment:checking '/home/unitree/navigation_ws/install/livox_ros_driver2/bin'
[117.379s] Level 1:colcon.colcon_core.environment:checking '/home/unitree/navigation_ws/install/livox_ros_driver2/lib/pkgconfig/livox_ros_driver2.pc'
[117.380s] Level 1:colcon.colcon_core.environment:checking '/home/unitree/navigation_ws/install/livox_ros_driver2/lib/python3.8/site-packages'
[117.380s] Level 1:colcon.colcon_core.shell:create_environment_hook('livox_ros_driver2', 'pythonpath')
[117.381s] INFO:colcon.colcon_core.shell:Creating environment hook '/home/unitree/navigation_ws/install/livox_ros_driver2/share/livox_ros_driver2/hook/pythonpath.ps1'
[117.381s] INFO:colcon.colcon_core.shell:Creating environment descriptor '/home/unitree/navigation_ws/install/livox_ros_driver2/share/livox_ros_driver2/hook/pythonpath.dsv'
[117.382s] INFO:colcon.colcon_core.shell:Creating environment hook '/home/unitree/navigation_ws/install/livox_ros_driver2/share/livox_ros_driver2/hook/pythonpath.sh'
[117.383s] Level 1:colcon.colcon_core.environment:checking '/home/unitree/navigation_ws/install/livox_ros_driver2/bin'
[117.384s] INFO:colcon.colcon_core.shell:Creating package script '/home/unitree/navigation_ws/install/livox_ros_driver2/share/livox_ros_driver2/package.ps1'
[117.386s] INFO:colcon.colcon_core.shell:Creating package descriptor '/home/unitree/navigation_ws/install/livox_ros_driver2/share/livox_ros_driver2/package.dsv'
[117.387s] INFO:colcon.colcon_core.shell:Creating package script '/home/unitree/navigation_ws/install/livox_ros_driver2/share/livox_ros_driver2/package.sh'
[117.388s] INFO:colcon.colcon_core.shell:Creating package script '/home/unitree/navigation_ws/install/livox_ros_driver2/share/livox_ros_driver2/package.bash'
[117.388s] INFO:colcon.colcon_core.shell:Creating package script '/home/unitree/navigation_ws/install/livox_ros_driver2/share/livox_ros_driver2/package.zsh'
[117.389s] Level 1:colcon.colcon_core.environment:create_file_with_runtime_dependencies(/home/unitree/navigation_ws/install/livox_ros_driver2/share/colcon-core/packages/livox_ros_driver2)
[117.558s] Level 1:colcon.colcon_core.environment:create_environment_scripts_only(livox_ros_driver2)
[117.559s] Level 1:colcon.colcon_core.environment:checking '/home/unitree/navigation_ws/install/livox_ros_driver2' for CMake module files
[117.560s] Level 1:colcon.colcon_core.environment:checking '/home/unitree/navigation_ws/install/livox_ros_driver2' for CMake config files
[117.561s] Level 1:colcon.colcon_core.shell:create_environment_hook('livox_ros_driver2', 'cmake_prefix_path')
[117.562s] INFO:colcon.colcon_core.shell:Creating environment hook '/home/unitree/navigation_ws/install/livox_ros_driver2/share/livox_ros_driver2/hook/cmake_prefix_path.ps1'
[117.563s] INFO:colcon.colcon_core.shell:Creating environment descriptor '/home/unitree/navigation_ws/install/livox_ros_driver2/share/livox_ros_driver2/hook/cmake_prefix_path.dsv'
[117.564s] INFO:colcon.colcon_core.shell:Creating environment hook '/home/unitree/navigation_ws/install/livox_ros_driver2/share/livox_ros_driver2/hook/cmake_prefix_path.sh'
[117.566s] Level 1:colcon.colcon_core.environment:checking '/home/unitree/navigation_ws/install/livox_ros_driver2/lib'
[117.566s] Level 1:colcon.colcon_core.shell:create_environment_hook('livox_ros_driver2', 'ld_library_path_lib')
[117.566s] INFO:colcon.colcon_core.shell:Creating environment hook '/home/unitree/navigation_ws/install/livox_ros_driver2/share/livox_ros_driver2/hook/ld_library_path_lib.ps1'
[117.567s] INFO:colcon.colcon_core.shell:Creating environment descriptor '/home/unitree/navigation_ws/install/livox_ros_driver2/share/livox_ros_driver2/hook/ld_library_path_lib.dsv'
[117.568s] INFO:colcon.colcon_core.shell:Creating environment hook '/home/unitree/navigation_ws/install/livox_ros_driver2/share/livox_ros_driver2/hook/ld_library_path_lib.sh'
[117.568s] Level 1:colcon.colcon_core.environment:checking '/home/unitree/navigation_ws/install/livox_ros_driver2/bin'
[117.568s] Level 1:colcon.colcon_core.environment:checking '/home/unitree/navigation_ws/install/livox_ros_driver2/lib/pkgconfig/livox_ros_driver2.pc'
[117.569s] Level 1:colcon.colcon_core.environment:checking '/home/unitree/navigation_ws/install/livox_ros_driver2/lib/python3.8/site-packages'
[117.569s] Level 1:colcon.colcon_core.shell:create_environment_hook('livox_ros_driver2', 'pythonpath')
[117.569s] INFO:colcon.colcon_core.shell:Creating environment hook '/home/unitree/navigation_ws/install/livox_ros_driver2/share/livox_ros_driver2/hook/pythonpath.ps1'
[117.570s] INFO:colcon.colcon_core.shell:Creating environment descriptor '/home/unitree/navigation_ws/install/livox_ros_driver2/share/livox_ros_driver2/hook/pythonpath.dsv'
[117.571s] INFO:colcon.colcon_core.shell:Creating environment hook '/home/unitree/navigation_ws/install/livox_ros_driver2/share/livox_ros_driver2/hook/pythonpath.sh'
[117.573s] Level 1:colcon.colcon_core.environment:checking '/home/unitree/navigation_ws/install/livox_ros_driver2/bin'
[117.573s] INFO:colcon.colcon_core.shell:Creating package script '/home/unitree/navigation_ws/install/livox_ros_driver2/share/livox_ros_driver2/package.ps1'
[117.575s] INFO:colcon.colcon_core.shell:Creating package descriptor '/home/unitree/navigation_ws/install/livox_ros_driver2/share/livox_ros_driver2/package.dsv'
[117.576s] INFO:colcon.colcon_core.shell:Creating package script '/home/unitree/navigation_ws/install/livox_ros_driver2/share/livox_ros_driver2/package.sh'
[117.577s] INFO:colcon.colcon_core.shell:Creating package script '/home/unitree/navigation_ws/install/livox_ros_driver2/share/livox_ros_driver2/package.bash'
[117.578s] INFO:colcon.colcon_core.shell:Creating package script '/home/unitree/navigation_ws/install/livox_ros_driver2/share/livox_ros_driver2/package.zsh'
[117.579s] Level 1:colcon.colcon_core.environment:create_file_with_runtime_dependencies(/home/unitree/navigation_ws/install/livox_ros_driver2/share/colcon-core/packages/livox_ros_driver2)
[117.581s] INFO:colcon.colcon_ros.task.ament_cmake.build:Building ROS package in '/home/unitree/navigation_ws/src/localization/FAST_LIO' with build type 'ament_cmake'
[117.581s] INFO:colcon.colcon_cmake.task.cmake.build:Building CMake package in '/home/unitree/navigation_ws/src/localization/FAST_LIO'
[117.582s] INFO:colcon.colcon_core.shell:Skip shell extension 'powershell' for command environment: Not usable outside of PowerShell
[117.582s] DEBUG:colcon.colcon_core.shell:Skip shell extension 'dsv' for command environment
[117.594s] INFO:colcon.colcon_ros.task.ament_cmake.build:Building ROS package in '/home/unitree/navigation_ws/src/localization/loam_interface' with build type 'ament_cmake'
[117.595s] INFO:colcon.colcon_cmake.task.cmake.build:Building CMake package in '/home/unitree/navigation_ws/src/localization/loam_interface'
[117.596s] INFO:colcon.colcon_core.shell:Skip shell extension 'powershell' for command environment: Not usable outside of PowerShell
[117.597s] DEBUG:colcon.colcon_core.shell:Skip shell extension 'dsv' for command environment
[117.616s] DEBUG:colcon.colcon_core.event_handler.log_command:Invoking command in '/home/unitree/navigation_ws/build/fast_lio': AMENT_PREFIX_PATH=/home/unitree/navigation_ws/install/livox_ros_driver2:${AMENT_PREFIX_PATH} CMAKE_PREFIX_PATH=/home/unitree/navigation_ws/install/livox_ros_driver2:/home/unitree/cyclonedds_ws/install/rmw_cyclonedds_cpp:/home/unitree/cyclonedds_ws/install/cyclonedds:/opt/ros/foxy LD_LIBRARY_PATH=/home/unitree/navigation_ws/install/livox_ros_driver2/lib:/usr/local/cuda-11.4/lib64:/usr/local/lib:/home/unitree/cyclonedds_ws/install/rmw_cyclonedds_cpp/lib:/home/unitree/cyclonedds_ws/install/cyclonedds/lib:/opt/ros/foxy/opt/yaml_cpp_vendor/lib:/opt/ros/foxy/opt/rviz_ogre_vendor/lib:/opt/ros/foxy/lib/aarch64-linux-gnu:/opt/ros/foxy/lib:/usr/local/cuda-11.4/lib64 PYTHONPATH=/home/unitree/navigation_ws/install/livox_ros_driver2/lib/python3.8/site-packages:${PYTHONPATH} /usr/bin/cmake /home/unitree/navigation_ws/src/localization/FAST_LIO -DAMENT_CMAKE_SYMLINK_INSTALL=1 -DCMAKE_INSTALL_PREFIX=/home/unitree/navigation_ws/install/fast_lio
[117.622s] DEBUG:colcon.colcon_core.event_handler.log_command:Invoking command in '/home/unitree/navigation_ws/build/loam_interface': AMENT_PREFIX_PATH=/home/unitree/navigation_ws/install/livox_ros_driver2:${AMENT_PREFIX_PATH} CMAKE_PREFIX_PATH=/home/unitree/navigation_ws/install/livox_ros_driver2:/home/unitree/cyclonedds_ws/install/rmw_cyclonedds_cpp:/home/unitree/cyclonedds_ws/install/cyclonedds:/opt/ros/foxy LD_LIBRARY_PATH=/home/unitree/navigation_ws/install/livox_ros_driver2/lib:/usr/local/cuda-11.4/lib64:/usr/local/lib:/home/unitree/cyclonedds_ws/install/rmw_cyclonedds_cpp/lib:/home/unitree/cyclonedds_ws/install/cyclonedds/lib:/opt/ros/foxy/opt/yaml_cpp_vendor/lib:/opt/ros/foxy/opt/rviz_ogre_vendor/lib:/opt/ros/foxy/lib/aarch64-linux-gnu:/opt/ros/foxy/lib:/usr/local/cuda-11.4/lib64 PYTHONPATH=/home/unitree/navigation_ws/install/livox_ros_driver2/lib/python3.8/site-packages:${PYTHONPATH} /usr/bin/cmake /home/unitree/navigation_ws/src/localization/loam_interface -DAMENT_CMAKE_SYMLINK_INSTALL=1 -DCMAKE_INSTALL_PREFIX=/home/unitree/navigation_ws/install/loam_interface
[123.942s] DEBUG:colcon.colcon_core.event_handler.log_command:Invoked command in '/home/unitree/navigation_ws/build/loam_interface' returned '0': AMENT_PREFIX_PATH=/home/unitree/navigation_ws/install/livox_ros_driver2:${AMENT_PREFIX_PATH} CMAKE_PREFIX_PATH=/home/unitree/navigation_ws/install/livox_ros_driver2:/home/unitree/cyclonedds_ws/install/rmw_cyclonedds_cpp:/home/unitree/cyclonedds_ws/install/cyclonedds:/opt/ros/foxy LD_LIBRARY_PATH=/home/unitree/navigation_ws/install/livox_ros_driver2/lib:/usr/local/cuda-11.4/lib64:/usr/local/lib:/home/unitree/cyclonedds_ws/install/rmw_cyclonedds_cpp/lib:/home/unitree/cyclonedds_ws/install/cyclonedds/lib:/opt/ros/foxy/opt/yaml_cpp_vendor/lib:/opt/ros/foxy/opt/rviz_ogre_vendor/lib:/opt/ros/foxy/lib/aarch64-linux-gnu:/opt/ros/foxy/lib:/usr/local/cuda-11.4/lib64 PYTHONPATH=/home/unitree/navigation_ws/install/livox_ros_driver2/lib/python3.8/site-packages:${PYTHONPATH} /usr/bin/cmake /home/unitree/navigation_ws/src/localization/loam_interface -DAMENT_CMAKE_SYMLINK_INSTALL=1 -DCMAKE_INSTALL_PREFIX=/home/unitree/navigation_ws/install/loam_interface
[123.948s] DEBUG:colcon.colcon_core.event_handler.log_command:Invoking command in '/home/unitree/navigation_ws/build/loam_interface': AMENT_PREFIX_PATH=/home/unitree/navigation_ws/install/livox_ros_driver2:${AMENT_PREFIX_PATH} CMAKE_PREFIX_PATH=/home/unitree/navigation_ws/install/livox_ros_driver2:/home/unitree/cyclonedds_ws/install/rmw_cyclonedds_cpp:/home/unitree/cyclonedds_ws/install/cyclonedds:/opt/ros/foxy LD_LIBRARY_PATH=/home/unitree/navigation_ws/install/livox_ros_driver2/lib:/usr/local/cuda-11.4/lib64:/usr/local/lib:/home/unitree/cyclonedds_ws/install/rmw_cyclonedds_cpp/lib:/home/unitree/cyclonedds_ws/install/cyclonedds/lib:/opt/ros/foxy/opt/yaml_cpp_vendor/lib:/opt/ros/foxy/opt/rviz_ogre_vendor/lib:/opt/ros/foxy/lib/aarch64-linux-gnu:/opt/ros/foxy/lib:/usr/local/cuda-11.4/lib64 PYTHONPATH=/home/unitree/navigation_ws/install/livox_ros_driver2/lib/python3.8/site-packages:${PYTHONPATH} /usr/bin/cmake --build /home/unitree/navigation_ws/build/loam_interface -- -j8 -l8
[124.592s] DEBUG:colcon.colcon_core.event_handler.log_command:Invoked command in '/home/unitree/navigation_ws/build/fast_lio' returned '0': AMENT_PREFIX_PATH=/home/unitree/navigation_ws/install/livox_ros_driver2:${AMENT_PREFIX_PATH} CMAKE_PREFIX_PATH=/home/unitree/navigation_ws/install/livox_ros_driver2:/home/unitree/cyclonedds_ws/install/rmw_cyclonedds_cpp:/home/unitree/cyclonedds_ws/install/cyclonedds:/opt/ros/foxy LD_LIBRARY_PATH=/home/unitree/navigation_ws/install/livox_ros_driver2/lib:/usr/local/cuda-11.4/lib64:/usr/local/lib:/home/unitree/cyclonedds_ws/install/rmw_cyclonedds_cpp/lib:/home/unitree/cyclonedds_ws/install/cyclonedds/lib:/opt/ros/foxy/opt/yaml_cpp_vendor/lib:/opt/ros/foxy/opt/rviz_ogre_vendor/lib:/opt/ros/foxy/lib/aarch64-linux-gnu:/opt/ros/foxy/lib:/usr/local/cuda-11.4/lib64 PYTHONPATH=/home/unitree/navigation_ws/install/livox_ros_driver2/lib/python3.8/site-packages:${PYTHONPATH} /usr/bin/cmake /home/unitree/navigation_ws/src/localization/FAST_LIO -DAMENT_CMAKE_SYMLINK_INSTALL=1 -DCMAKE_INSTALL_PREFIX=/home/unitree/navigation_ws/install/fast_lio
[124.598s] DEBUG:colcon.colcon_core.event_handler.log_command:Invoking command in '/home/unitree/navigation_ws/build/fast_lio': AMENT_PREFIX_PATH=/home/unitree/navigation_ws/install/livox_ros_driver2:${AMENT_PREFIX_PATH} CMAKE_PREFIX_PATH=/home/unitree/navigation_ws/install/livox_ros_driver2:/home/unitree/cyclonedds_ws/install/rmw_cyclonedds_cpp:/home/unitree/cyclonedds_ws/install/cyclonedds:/opt/ros/foxy LD_LIBRARY_PATH=/home/unitree/navigation_ws/install/livox_ros_driver2/lib:/usr/local/cuda-11.4/lib64:/usr/local/lib:/home/unitree/cyclonedds_ws/install/rmw_cyclonedds_cpp/lib:/home/unitree/cyclonedds_ws/install/cyclonedds/lib:/opt/ros/foxy/opt/yaml_cpp_vendor/lib:/opt/ros/foxy/opt/rviz_ogre_vendor/lib:/opt/ros/foxy/lib/aarch64-linux-gnu:/opt/ros/foxy/lib:/usr/local/cuda-11.4/lib64 PYTHONPATH=/home/unitree/navigation_ws/install/livox_ros_driver2/lib/python3.8/site-packages:${PYTHONPATH} /usr/bin/cmake --build /home/unitree/navigation_ws/build/fast_lio -- -j8 -l8
[142.777s] DEBUG:colcon.colcon_core.event_handler.log_command:Invoked command in '/home/unitree/navigation_ws/build/linefit_ground_segmentation_ros' returned '0': AMENT_PREFIX_PATH=/home/unitree/navigation_ws/install/linefit_ground_segmentation:${AMENT_PREFIX_PATH} CMAKE_PREFIX_PATH=/home/unitree/navigation_ws/install/linefit_ground_segmentation:/home/unitree/cyclonedds_ws/install/rmw_cyclonedds_cpp:/home/unitree/cyclonedds_ws/install/cyclonedds:/opt/ros/foxy LD_LIBRARY_PATH=/home/unitree/navigation_ws/install/linefit_ground_segmentation/lib:/usr/local/cuda-11.4/lib64:/usr/local/lib:/home/unitree/cyclonedds_ws/install/rmw_cyclonedds_cpp/lib:/home/unitree/cyclonedds_ws/install/cyclonedds/lib:/opt/ros/foxy/opt/yaml_cpp_vendor/lib:/opt/ros/foxy/opt/rviz_ogre_vendor/lib:/opt/ros/foxy/lib/aarch64-linux-gnu:/opt/ros/foxy/lib:/usr/local/cuda-11.4/lib64 /usr/bin/cmake --build /home/unitree/navigation_ws/build/linefit_ground_segmentation_ros -- -j8 -l8
[143.008s] DEBUG:colcon.colcon_core.event_handler.log_command:Invoking command in '/home/unitree/navigation_ws/build/linefit_ground_segmentation_ros': AMENT_PREFIX_PATH=/home/unitree/navigation_ws/install/linefit_ground_segmentation:${AMENT_PREFIX_PATH} CMAKE_PREFIX_PATH=/home/unitree/navigation_ws/install/linefit_ground_segmentation:/home/unitree/cyclonedds_ws/install/rmw_cyclonedds_cpp:/home/unitree/cyclonedds_ws/install/cyclonedds:/opt/ros/foxy LD_LIBRARY_PATH=/home/unitree/navigation_ws/install/linefit_ground_segmentation/lib:/usr/local/cuda-11.4/lib64:/usr/local/lib:/home/unitree/cyclonedds_ws/install/rmw_cyclonedds_cpp/lib:/home/unitree/cyclonedds_ws/install/cyclonedds/lib:/opt/ros/foxy/opt/yaml_cpp_vendor/lib:/opt/ros/foxy/opt/rviz_ogre_vendor/lib:/opt/ros/foxy/lib/aarch64-linux-gnu:/opt/ros/foxy/lib:/usr/local/cuda-11.4/lib64 /usr/bin/cmake --install /home/unitree/navigation_ws/build/linefit_ground_segmentation_ros
[144.147s] Level 1:colcon.colcon_core.environment:create_environment_scripts_only(linefit_ground_segmentation_ros)
[144.148s] Level 1:colcon.colcon_core.environment:checking '/home/unitree/navigation_ws/install/linefit_ground_segmentation_ros' for CMake module files
[144.149s] Level 1:colcon.colcon_core.environment:checking '/home/unitree/navigation_ws/install/linefit_ground_segmentation_ros' for CMake config files
[144.150s] Level 1:colcon.colcon_core.shell:create_environment_hook('linefit_ground_segmentation_ros', 'cmake_prefix_path')
[144.151s] INFO:colcon.colcon_core.shell:Creating environment hook '/home/unitree/navigation_ws/install/linefit_ground_segmentation_ros/share/linefit_ground_segmentation_ros/hook/cmake_prefix_path.ps1'
[144.152s] INFO:colcon.colcon_core.shell:Creating environment descriptor '/home/unitree/navigation_ws/install/linefit_ground_segmentation_ros/share/linefit_ground_segmentation_ros/hook/cmake_prefix_path.dsv'
[144.153s] INFO:colcon.colcon_core.shell:Creating environment hook '/home/unitree/navigation_ws/install/linefit_ground_segmentation_ros/share/linefit_ground_segmentation_ros/hook/cmake_prefix_path.sh'
[144.154s] Level 1:colcon.colcon_core.environment:checking '/home/unitree/navigation_ws/install/linefit_ground_segmentation_ros/lib'
[144.154s] Level 1:colcon.colcon_core.environment:checking '/home/unitree/navigation_ws/install/linefit_ground_segmentation_ros/bin'
[144.154s] Level 1:colcon.colcon_core.environment:checking '/home/unitree/navigation_ws/install/linefit_ground_segmentation_ros/lib/pkgconfig/linefit_ground_segmentation_ros.pc'
[144.154s] Level 1:colcon.colcon_core.environment:checking '/home/unitree/navigation_ws/install/linefit_ground_segmentation_ros/lib/python3.8/site-packages'
[144.155s] Level 1:colcon.colcon_core.environment:checking '/home/unitree/navigation_ws/install/linefit_ground_segmentation_ros/bin'
[144.155s] INFO:colcon.colcon_core.shell:Creating package script '/home/unitree/navigation_ws/install/linefit_ground_segmentation_ros/share/linefit_ground_segmentation_ros/package.ps1'
[144.156s] DEBUG:colcon.colcon_core.event_handler.log_command:Invoked command in '/home/unitree/navigation_ws/build/linefit_ground_segmentation_ros' returned '0': AMENT_PREFIX_PATH=/home/unitree/navigation_ws/install/linefit_ground_segmentation:${AMENT_PREFIX_PATH} CMAKE_PREFIX_PATH=/home/unitree/navigation_ws/install/linefit_ground_segmentation:/home/unitree/cyclonedds_ws/install/rmw_cyclonedds_cpp:/home/unitree/cyclonedds_ws/install/cyclonedds:/opt/ros/foxy LD_LIBRARY_PATH=/home/unitree/navigation_ws/install/linefit_ground_segmentation/lib:/usr/local/cuda-11.4/lib64:/usr/local/lib:/home/unitree/cyclonedds_ws/install/rmw_cyclonedds_cpp/lib:/home/unitree/cyclonedds_ws/install/cyclonedds/lib:/opt/ros/foxy/opt/yaml_cpp_vendor/lib:/opt/ros/foxy/opt/rviz_ogre_vendor/lib:/opt/ros/foxy/lib/aarch64-linux-gnu:/opt/ros/foxy/lib:/usr/local/cuda-11.4/lib64 /usr/bin/cmake --install /home/unitree/navigation_ws/build/linefit_ground_segmentation_ros
[144.157s] INFO:colcon.colcon_core.shell:Creating package descriptor '/home/unitree/navigation_ws/install/linefit_ground_segmentation_ros/share/linefit_ground_segmentation_ros/package.dsv'
[144.158s] INFO:colcon.colcon_core.shell:Creating package script '/home/unitree/navigation_ws/install/linefit_ground_segmentation_ros/share/linefit_ground_segmentation_ros/package.sh'
[144.159s] INFO:colcon.colcon_core.shell:Creating package script '/home/unitree/navigation_ws/install/linefit_ground_segmentation_ros/share/linefit_ground_segmentation_ros/package.bash'
[144.159s] INFO:colcon.colcon_core.shell:Creating package script '/home/unitree/navigation_ws/install/linefit_ground_segmentation_ros/share/linefit_ground_segmentation_ros/package.zsh'
[144.160s] Level 1:colcon.colcon_core.environment:create_file_with_runtime_dependencies(/home/unitree/navigation_ws/install/linefit_ground_segmentation_ros/share/colcon-core/packages/linefit_ground_segmentation_ros)
[144.579s] Level 1:colcon.colcon_core.environment:create_environment_scripts_only(linefit_ground_segmentation_ros)
[144.580s] Level 1:colcon.colcon_core.environment:checking '/home/unitree/navigation_ws/install/linefit_ground_segmentation_ros' for CMake module files
[144.581s] Level 1:colcon.colcon_core.environment:checking '/home/unitree/navigation_ws/install/linefit_ground_segmentation_ros' for CMake config files
[144.582s] Level 1:colcon.colcon_core.shell:create_environment_hook('linefit_ground_segmentation_ros', 'cmake_prefix_path')
[144.583s] INFO:colcon.colcon_core.shell:Creating environment hook '/home/unitree/navigation_ws/install/linefit_ground_segmentation_ros/share/linefit_ground_segmentation_ros/hook/cmake_prefix_path.ps1'
[144.585s] INFO:colcon.colcon_core.shell:Creating environment descriptor '/home/unitree/navigation_ws/install/linefit_ground_segmentation_ros/share/linefit_ground_segmentation_ros/hook/cmake_prefix_path.dsv'
[144.586s] INFO:colcon.colcon_core.shell:Creating environment hook '/home/unitree/navigation_ws/install/linefit_ground_segmentation_ros/share/linefit_ground_segmentation_ros/hook/cmake_prefix_path.sh'
[144.588s] Level 1:colcon.colcon_core.environment:checking '/home/unitree/navigation_ws/install/linefit_ground_segmentation_ros/lib'
[144.588s] Level 1:colcon.colcon_core.environment:checking '/home/unitree/navigation_ws/install/linefit_ground_segmentation_ros/bin'
[144.589s] Level 1:colcon.colcon_core.environment:checking '/home/unitree/navigation_ws/install/linefit_ground_segmentation_ros/lib/pkgconfig/linefit_ground_segmentation_ros.pc'
[144.589s] Level 1:colcon.colcon_core.environment:checking '/home/unitree/navigation_ws/install/linefit_ground_segmentation_ros/lib/python3.8/site-packages'
[144.589s] Level 1:colcon.colcon_core.environment:checking '/home/unitree/navigation_ws/install/linefit_ground_segmentation_ros/bin'
[144.590s] INFO:colcon.colcon_core.shell:Creating package script '/home/unitree/navigation_ws/install/linefit_ground_segmentation_ros/share/linefit_ground_segmentation_ros/package.ps1'
[144.592s] INFO:colcon.colcon_core.shell:Creating package descriptor '/home/unitree/navigation_ws/install/linefit_ground_segmentation_ros/share/linefit_ground_segmentation_ros/package.dsv'
[144.594s] INFO:colcon.colcon_core.shell:Creating package script '/home/unitree/navigation_ws/install/linefit_ground_segmentation_ros/share/linefit_ground_segmentation_ros/package.sh'
[144.595s] INFO:colcon.colcon_core.shell:Creating package script '/home/unitree/navigation_ws/install/linefit_ground_segmentation_ros/share/linefit_ground_segmentation_ros/package.bash'
[144.596s] INFO:colcon.colcon_core.shell:Creating package script '/home/unitree/navigation_ws/install/linefit_ground_segmentation_ros/share/linefit_ground_segmentation_ros/package.zsh'
[144.597s] Level 1:colcon.colcon_core.environment:create_file_with_runtime_dependencies(/home/unitree/navigation_ws/install/linefit_ground_segmentation_ros/share/colcon-core/packages/linefit_ground_segmentation_ros)
[168.258s] DEBUG:colcon.colcon_core.event_handler.log_command:Invoked command in '/home/unitree/navigation_ws/build/loam_interface' returned '0': AMENT_PREFIX_PATH=/home/unitree/navigation_ws/install/livox_ros_driver2:${AMENT_PREFIX_PATH} CMAKE_PREFIX_PATH=/home/unitree/navigation_ws/install/livox_ros_driver2:/home/unitree/cyclonedds_ws/install/rmw_cyclonedds_cpp:/home/unitree/cyclonedds_ws/install/cyclonedds:/opt/ros/foxy LD_LIBRARY_PATH=/home/unitree/navigation_ws/install/livox_ros_driver2/lib:/usr/local/cuda-11.4/lib64:/usr/local/lib:/home/unitree/cyclonedds_ws/install/rmw_cyclonedds_cpp/lib:/home/unitree/cyclonedds_ws/install/cyclonedds/lib:/opt/ros/foxy/opt/yaml_cpp_vendor/lib:/opt/ros/foxy/opt/rviz_ogre_vendor/lib:/opt/ros/foxy/lib/aarch64-linux-gnu:/opt/ros/foxy/lib:/usr/local/cuda-11.4/lib64 PYTHONPATH=/home/unitree/navigation_ws/install/livox_ros_driver2/lib/python3.8/site-packages:${PYTHONPATH} /usr/bin/cmake --build /home/unitree/navigation_ws/build/loam_interface -- -j8 -l8
[168.325s] DEBUG:colcon.colcon_core.event_handler.log_command:Invoking command in '/home/unitree/navigation_ws/build/loam_interface': AMENT_PREFIX_PATH=/home/unitree/navigation_ws/install/livox_ros_driver2:${AMENT_PREFIX_PATH} CMAKE_PREFIX_PATH=/home/unitree/navigation_ws/install/livox_ros_driver2:/home/unitree/cyclonedds_ws/install/rmw_cyclonedds_cpp:/home/unitree/cyclonedds_ws/install/cyclonedds:/opt/ros/foxy LD_LIBRARY_PATH=/home/unitree/navigation_ws/install/livox_ros_driver2/lib:/usr/local/cuda-11.4/lib64:/usr/local/lib:/home/unitree/cyclonedds_ws/install/rmw_cyclonedds_cpp/lib:/home/unitree/cyclonedds_ws/install/cyclonedds/lib:/opt/ros/foxy/opt/yaml_cpp_vendor/lib:/opt/ros/foxy/opt/rviz_ogre_vendor/lib:/opt/ros/foxy/lib/aarch64-linux-gnu:/opt/ros/foxy/lib:/usr/local/cuda-11.4/lib64 PYTHONPATH=/home/unitree/navigation_ws/install/livox_ros_driver2/lib/python3.8/site-packages:${PYTHONPATH} /usr/bin/cmake --install /home/unitree/navigation_ws/build/loam_interface
[168.986s] Level 1:colcon.colcon_core.environment:create_environment_scripts_only(loam_interface)
[168.989s] Level 1:colcon.colcon_core.environment:checking '/home/unitree/navigation_ws/install/loam_interface' for CMake module files
[168.989s] DEBUG:colcon.colcon_core.event_handler.log_command:Invoked command in '/home/unitree/navigation_ws/build/loam_interface' returned '0': AMENT_PREFIX_PATH=/home/unitree/navigation_ws/install/livox_ros_driver2:${AMENT_PREFIX_PATH} CMAKE_PREFIX_PATH=/home/unitree/navigation_ws/install/livox_ros_driver2:/home/unitree/cyclonedds_ws/install/rmw_cyclonedds_cpp:/home/unitree/cyclonedds_ws/install/cyclonedds:/opt/ros/foxy LD_LIBRARY_PATH=/home/unitree/navigation_ws/install/livox_ros_driver2/lib:/usr/local/cuda-11.4/lib64:/usr/local/lib:/home/unitree/cyclonedds_ws/install/rmw_cyclonedds_cpp/lib:/home/unitree/cyclonedds_ws/install/cyclonedds/lib:/opt/ros/foxy/opt/yaml_cpp_vendor/lib:/opt/ros/foxy/opt/rviz_ogre_vendor/lib:/opt/ros/foxy/lib/aarch64-linux-gnu:/opt/ros/foxy/lib:/usr/local/cuda-11.4/lib64 PYTHONPATH=/home/unitree/navigation_ws/install/livox_ros_driver2/lib/python3.8/site-packages:${PYTHONPATH} /usr/bin/cmake --install /home/unitree/navigation_ws/build/loam_interface
[168.991s] Level 1:colcon.colcon_core.environment:checking '/home/unitree/navigation_ws/install/loam_interface' for CMake config files
[168.992s] Level 1:colcon.colcon_core.shell:create_environment_hook('loam_interface', 'cmake_prefix_path')
[168.992s] INFO:colcon.colcon_core.shell:Creating environment hook '/home/unitree/navigation_ws/install/loam_interface/share/loam_interface/hook/cmake_prefix_path.ps1'
[168.994s] INFO:colcon.colcon_core.shell:Creating environment descriptor '/home/unitree/navigation_ws/install/loam_interface/share/loam_interface/hook/cmake_prefix_path.dsv'
[168.995s] INFO:colcon.colcon_core.shell:Creating environment hook '/home/unitree/navigation_ws/install/loam_interface/share/loam_interface/hook/cmake_prefix_path.sh'
[168.997s] Level 1:colcon.colcon_core.environment:checking '/home/unitree/navigation_ws/install/loam_interface/lib'
[168.997s] Level 1:colcon.colcon_core.shell:create_environment_hook('loam_interface', 'ld_library_path_lib')
[168.998s] INFO:colcon.colcon_core.shell:Creating environment hook '/home/unitree/navigation_ws/install/loam_interface/share/loam_interface/hook/ld_library_path_lib.ps1'
[169.000s] INFO:colcon.colcon_core.shell:Creating environment descriptor '/home/unitree/navigation_ws/install/loam_interface/share/loam_interface/hook/ld_library_path_lib.dsv'
[169.001s] INFO:colcon.colcon_core.shell:Creating environment hook '/home/unitree/navigation_ws/install/loam_interface/share/loam_interface/hook/ld_library_path_lib.sh'
[169.001s] Level 1:colcon.colcon_core.environment:checking '/home/unitree/navigation_ws/install/loam_interface/bin'
[169.002s] Level 1:colcon.colcon_core.environment:checking '/home/unitree/navigation_ws/install/loam_interface/lib/pkgconfig/loam_interface.pc'
[169.002s] Level 1:colcon.colcon_core.environment:checking '/home/unitree/navigation_ws/install/loam_interface/lib/python3.8/site-packages'
[169.003s] Level 1:colcon.colcon_core.environment:checking '/home/unitree/navigation_ws/install/loam_interface/bin'
[169.004s] INFO:colcon.colcon_core.shell:Creating package script '/home/unitree/navigation_ws/install/loam_interface/share/loam_interface/package.ps1'
[169.005s] INFO:colcon.colcon_core.shell:Creating package descriptor '/home/unitree/navigation_ws/install/loam_interface/share/loam_interface/package.dsv'
[169.006s] INFO:colcon.colcon_core.shell:Creating package script '/home/unitree/navigation_ws/install/loam_interface/share/loam_interface/package.sh'
[169.007s] INFO:colcon.colcon_core.shell:Creating package script '/home/unitree/navigation_ws/install/loam_interface/share/loam_interface/package.bash'
[169.008s] INFO:colcon.colcon_core.shell:Creating package script '/home/unitree/navigation_ws/install/loam_interface/share/loam_interface/package.zsh'
[169.009s] Level 1:colcon.colcon_core.environment:create_file_with_runtime_dependencies(/home/unitree/navigation_ws/install/loam_interface/share/colcon-core/packages/loam_interface)
[169.095s] Level 1:colcon.colcon_core.environment:create_environment_scripts_only(loam_interface)
[169.096s] Level 1:colcon.colcon_core.environment:checking '/home/unitree/navigation_ws/install/loam_interface' for CMake module files
[169.097s] Level 1:colcon.colcon_core.environment:checking '/home/unitree/navigation_ws/install/loam_interface' for CMake config files
[169.098s] Level 1:colcon.colcon_core.shell:create_environment_hook('loam_interface', 'cmake_prefix_path')
[169.098s] INFO:colcon.colcon_core.shell:Creating environment hook '/home/unitree/navigation_ws/install/loam_interface/share/loam_interface/hook/cmake_prefix_path.ps1'
[169.102s] INFO:colcon.colcon_core.shell:Creating environment descriptor '/home/unitree/navigation_ws/install/loam_interface/share/loam_interface/hook/cmake_prefix_path.dsv'
[169.104s] INFO:colcon.colcon_core.shell:Creating environment hook '/home/unitree/navigation_ws/install/loam_interface/share/loam_interface/hook/cmake_prefix_path.sh'
[169.106s] Level 1:colcon.colcon_core.environment:checking '/home/unitree/navigation_ws/install/loam_interface/lib'
[169.107s] Level 1:colcon.colcon_core.shell:create_environment_hook('loam_interface', 'ld_library_path_lib')
[169.107s] INFO:colcon.colcon_core.shell:Creating environment hook '/home/unitree/navigation_ws/install/loam_interface/share/loam_interface/hook/ld_library_path_lib.ps1'
[169.109s] INFO:colcon.colcon_core.shell:Creating environment descriptor '/home/unitree/navigation_ws/install/loam_interface/share/loam_interface/hook/ld_library_path_lib.dsv'
[169.110s] INFO:colcon.colcon_core.shell:Creating environment hook '/home/unitree/navigation_ws/install/loam_interface/share/loam_interface/hook/ld_library_path_lib.sh'
[169.113s] Level 1:colcon.colcon_core.environment:checking '/home/unitree/navigation_ws/install/loam_interface/bin'
[169.114s] Level 1:colcon.colcon_core.environment:checking '/home/unitree/navigation_ws/install/loam_interface/lib/pkgconfig/loam_interface.pc'
[169.114s] Level 1:colcon.colcon_core.environment:checking '/home/unitree/navigation_ws/install/loam_interface/lib/python3.8/site-packages'
[169.115s] Level 1:colcon.colcon_core.environment:checking '/home/unitree/navigation_ws/install/loam_interface/bin'
[169.115s] INFO:colcon.colcon_core.shell:Creating package script '/home/unitree/navigation_ws/install/loam_interface/share/loam_interface/package.ps1'
[169.117s] INFO:colcon.colcon_core.shell:Creating package descriptor '/home/unitree/navigation_ws/install/loam_interface/share/loam_interface/package.dsv'
[169.119s] INFO:colcon.colcon_core.shell:Creating package script '/home/unitree/navigation_ws/install/loam_interface/share/loam_interface/package.sh'
[169.121s] INFO:colcon.colcon_core.shell:Creating package script '/home/unitree/navigation_ws/install/loam_interface/share/loam_interface/package.bash'
[169.123s] INFO:colcon.colcon_core.shell:Creating package script '/home/unitree/navigation_ws/install/loam_interface/share/loam_interface/package.zsh'
[169.124s] Level 1:colcon.colcon_core.environment:create_file_with_runtime_dependencies(/home/unitree/navigation_ws/install/loam_interface/share/colcon-core/packages/loam_interface)
[178.733s] DEBUG:colcon.colcon_core.event_handler.log_command:Invoked command in '/home/unitree/navigation_ws/build/nav2_msgs' returned '0': AMENT_PREFIX_PATH=/home/unitree/navigation_ws/install/nav2_common:${AMENT_PREFIX_PATH} CMAKE_PREFIX_PATH=/home/unitree/navigation_ws/install/nav2_common:/home/unitree/cyclonedds_ws/install/rmw_cyclonedds_cpp:/home/unitree/cyclonedds_ws/install/cyclonedds:/opt/ros/foxy PYTHONPATH=/home/unitree/navigation_ws/install/nav2_common/lib/python3.8/site-packages:${PYTHONPATH} /usr/bin/cmake --build /home/unitree/navigation_ws/build/nav2_msgs -- -j8 -l8
[179.337s] DEBUG:colcon.colcon_core.event_handler.log_command:Invoking command in '/home/unitree/navigation_ws/build/nav2_msgs': AMENT_PREFIX_PATH=/home/unitree/navigation_ws/install/nav2_common:${AMENT_PREFIX_PATH} CMAKE_PREFIX_PATH=/home/unitree/navigation_ws/install/nav2_common:/home/unitree/cyclonedds_ws/install/rmw_cyclonedds_cpp:/home/unitree/cyclonedds_ws/install/cyclonedds:/opt/ros/foxy PYTHONPATH=/home/unitree/navigation_ws/install/nav2_common/lib/python3.8/site-packages:${PYTHONPATH} /usr/bin/cmake --install /home/unitree/navigation_ws/build/nav2_msgs
[188.947s] Level 1:colcon.colcon_core.environment:create_environment_scripts_only(nav2_msgs)
[188.948s] Level 1:colcon.colcon_core.environment:checking '/home/unitree/navigation_ws/install/nav2_msgs' for CMake module files
[188.949s] Level 1:colcon.colcon_core.environment:checking '/home/unitree/navigation_ws/install/nav2_msgs' for CMake config files
[188.952s] Level 1:colcon.colcon_core.shell:create_environment_hook('nav2_msgs', 'cmake_prefix_path')
[188.952s] INFO:colcon.colcon_core.shell:Creating environment hook '/home/unitree/navigation_ws/install/nav2_msgs/share/nav2_msgs/hook/cmake_prefix_path.ps1'
[188.954s] DEBUG:colcon.colcon_core.event_handler.log_command:Invoked command in '/home/unitree/navigation_ws/build/nav2_msgs' returned '0': AMENT_PREFIX_PATH=/home/unitree/navigation_ws/install/nav2_common:${AMENT_PREFIX_PATH} CMAKE_PREFIX_PATH=/home/unitree/navigation_ws/install/nav2_common:/home/unitree/cyclonedds_ws/install/rmw_cyclonedds_cpp:/home/unitree/cyclonedds_ws/install/cyclonedds:/opt/ros/foxy PYTHONPATH=/home/unitree/navigation_ws/install/nav2_common/lib/python3.8/site-packages:${PYTHONPATH} /usr/bin/cmake --install /home/unitree/navigation_ws/build/nav2_msgs
[188.955s] INFO:colcon.colcon_core.shell:Creating environment descriptor '/home/unitree/navigation_ws/install/nav2_msgs/share/nav2_msgs/hook/cmake_prefix_path.dsv'
[188.955s] INFO:colcon.colcon_core.shell:Creating environment hook '/home/unitree/navigation_ws/install/nav2_msgs/share/nav2_msgs/hook/cmake_prefix_path.sh'
[188.957s] Level 1:colcon.colcon_core.environment:checking '/home/unitree/navigation_ws/install/nav2_msgs/lib'
[188.957s] Level 1:colcon.colcon_core.shell:create_environment_hook('nav2_msgs', 'ld_library_path_lib')
[188.957s] INFO:colcon.colcon_core.shell:Creating environment hook '/home/unitree/navigation_ws/install/nav2_msgs/share/nav2_msgs/hook/ld_library_path_lib.ps1'
[188.958s] INFO:colcon.colcon_core.shell:Creating environment descriptor '/home/unitree/navigation_ws/install/nav2_msgs/share/nav2_msgs/hook/ld_library_path_lib.dsv'
[188.959s] INFO:colcon.colcon_core.shell:Creating environment hook '/home/unitree/navigation_ws/install/nav2_msgs/share/nav2_msgs/hook/ld_library_path_lib.sh'
[188.959s] Level 1:colcon.colcon_core.environment:checking '/home/unitree/navigation_ws/install/nav2_msgs/bin'
[188.960s] Level 1:colcon.colcon_core.environment:checking '/home/unitree/navigation_ws/install/nav2_msgs/lib/pkgconfig/nav2_msgs.pc'
[188.960s] Level 1:colcon.colcon_core.environment:checking '/home/unitree/navigation_ws/install/nav2_msgs/lib/python3.8/site-packages'
[188.960s] Level 1:colcon.colcon_core.shell:create_environment_hook('nav2_msgs', 'pythonpath')
[188.961s] INFO:colcon.colcon_core.shell:Creating environment hook '/home/unitree/navigation_ws/install/nav2_msgs/share/nav2_msgs/hook/pythonpath.ps1'
[188.962s] INFO:colcon.colcon_core.shell:Creating environment descriptor '/home/unitree/navigation_ws/install/nav2_msgs/share/nav2_msgs/hook/pythonpath.dsv'
[188.962s] INFO:colcon.colcon_core.shell:Creating environment hook '/home/unitree/navigation_ws/install/nav2_msgs/share/nav2_msgs/hook/pythonpath.sh'
[188.963s] Level 1:colcon.colcon_core.environment:checking '/home/unitree/navigation_ws/install/nav2_msgs/bin'
[188.964s] INFO:colcon.colcon_core.shell:Creating package script '/home/unitree/navigation_ws/install/nav2_msgs/share/nav2_msgs/package.ps1'
[188.965s] INFO:colcon.colcon_core.shell:Creating package descriptor '/home/unitree/navigation_ws/install/nav2_msgs/share/nav2_msgs/package.dsv'
[188.966s] INFO:colcon.colcon_core.shell:Creating package script '/home/unitree/navigation_ws/install/nav2_msgs/share/nav2_msgs/package.sh'
[188.967s] INFO:colcon.colcon_core.shell:Creating package script '/home/unitree/navigation_ws/install/nav2_msgs/share/nav2_msgs/package.bash'
[188.968s] INFO:colcon.colcon_core.shell:Creating package script '/home/unitree/navigation_ws/install/nav2_msgs/share/nav2_msgs/package.zsh'
[188.968s] Level 1:colcon.colcon_core.environment:create_file_with_runtime_dependencies(/home/unitree/navigation_ws/install/nav2_msgs/share/colcon-core/packages/nav2_msgs)
[191.332s] Level 1:colcon.colcon_core.environment:create_environment_scripts_only(nav2_msgs)
[191.332s] Level 1:colcon.colcon_core.environment:checking '/home/unitree/navigation_ws/install/nav2_msgs' for CMake module files
[191.334s] Level 1:colcon.colcon_core.environment:checking '/home/unitree/navigation_ws/install/nav2_msgs' for CMake config files
[191.336s] Level 1:colcon.colcon_core.shell:create_environment_hook('nav2_msgs', 'cmake_prefix_path')
[191.336s] INFO:colcon.colcon_core.shell:Creating environment hook '/home/unitree/navigation_ws/install/nav2_msgs/share/nav2_msgs/hook/cmake_prefix_path.ps1'
[191.338s] INFO:colcon.colcon_core.shell:Creating environment descriptor '/home/unitree/navigation_ws/install/nav2_msgs/share/nav2_msgs/hook/cmake_prefix_path.dsv'
[191.339s] INFO:colcon.colcon_core.shell:Creating environment hook '/home/unitree/navigation_ws/install/nav2_msgs/share/nav2_msgs/hook/cmake_prefix_path.sh'
[191.340s] Level 1:colcon.colcon_core.environment:checking '/home/unitree/navigation_ws/install/nav2_msgs/lib'
[191.341s] Level 1:colcon.colcon_core.shell:create_environment_hook('nav2_msgs', 'ld_library_path_lib')
[191.341s] INFO:colcon.colcon_core.shell:Creating environment hook '/home/unitree/navigation_ws/install/nav2_msgs/share/nav2_msgs/hook/ld_library_path_lib.ps1'
[191.342s] INFO:colcon.colcon_core.shell:Creating environment descriptor '/home/unitree/navigation_ws/install/nav2_msgs/share/nav2_msgs/hook/ld_library_path_lib.dsv'
[191.343s] INFO:colcon.colcon_core.shell:Creating environment hook '/home/unitree/navigation_ws/install/nav2_msgs/share/nav2_msgs/hook/ld_library_path_lib.sh'
[191.343s] Level 1:colcon.colcon_core.environment:checking '/home/unitree/navigation_ws/install/nav2_msgs/bin'
[191.344s] Level 1:colcon.colcon_core.environment:checking '/home/unitree/navigation_ws/install/nav2_msgs/lib/pkgconfig/nav2_msgs.pc'
[191.344s] Level 1:colcon.colcon_core.environment:checking '/home/unitree/navigation_ws/install/nav2_msgs/lib/python3.8/site-packages'
[191.344s] Level 1:colcon.colcon_core.shell:create_environment_hook('nav2_msgs', 'pythonpath')
[191.345s] INFO:colcon.colcon_core.shell:Creating environment hook '/home/unitree/navigation_ws/install/nav2_msgs/share/nav2_msgs/hook/pythonpath.ps1'
[191.346s] INFO:colcon.colcon_core.shell:Creating environment descriptor '/home/unitree/navigation_ws/install/nav2_msgs/share/nav2_msgs/hook/pythonpath.dsv'
[191.348s] INFO:colcon.colcon_core.shell:Creating environment hook '/home/unitree/navigation_ws/install/nav2_msgs/share/nav2_msgs/hook/pythonpath.sh'
[191.349s] Level 1:colcon.colcon_core.environment:checking '/home/unitree/navigation_ws/install/nav2_msgs/bin'
[191.350s] INFO:colcon.colcon_core.shell:Creating package script '/home/unitree/navigation_ws/install/nav2_msgs/share/nav2_msgs/package.ps1'
[191.352s] INFO:colcon.colcon_core.shell:Creating package descriptor '/home/unitree/navigation_ws/install/nav2_msgs/share/nav2_msgs/package.dsv'
[191.354s] INFO:colcon.colcon_core.shell:Creating package script '/home/unitree/navigation_ws/install/nav2_msgs/share/nav2_msgs/package.sh'
[191.355s] INFO:colcon.colcon_core.shell:Creating package script '/home/unitree/navigation_ws/install/nav2_msgs/share/nav2_msgs/package.bash'
[191.356s] INFO:colcon.colcon_core.shell:Creating package script '/home/unitree/navigation_ws/install/nav2_msgs/share/nav2_msgs/package.zsh'
[191.357s] Level 1:colcon.colcon_core.environment:create_file_with_runtime_dependencies(/home/unitree/navigation_ws/install/nav2_msgs/share/colcon-core/packages/nav2_msgs)
[191.360s] INFO:colcon.colcon_ros.task.ament_cmake.build:Building ROS package in '/home/unitree/navigation_ws/src/navigation2/nav2_util' with build type 'ament_cmake'
[191.361s] INFO:colcon.colcon_cmake.task.cmake.build:Building CMake package in '/home/unitree/navigation_ws/src/navigation2/nav2_util'
[191.362s] INFO:colcon.colcon_core.shell:Skip shell extension 'powershell' for command environment: Not usable outside of PowerShell
[191.362s] DEBUG:colcon.colcon_core.shell:Skip shell extension 'dsv' for command environment
[191.400s] DEBUG:colcon.colcon_core.event_handler.log_command:Invoking command in '/home/unitree/navigation_ws/build/nav2_util': AMENT_PREFIX_PATH=/home/unitree/navigation_ws/install/nav2_msgs:/home/unitree/navigation_ws/install/nav2_common:${AMENT_PREFIX_PATH} CMAKE_PREFIX_PATH=/home/unitree/navigation_ws/install/nav2_msgs:/home/unitree/navigation_ws/install/nav2_common:/home/unitree/cyclonedds_ws/install/rmw_cyclonedds_cpp:/home/unitree/cyclonedds_ws/install/cyclonedds:/opt/ros/foxy LD_LIBRARY_PATH=/home/unitree/navigation_ws/install/nav2_msgs/lib:/usr/local/cuda-11.4/lib64:/usr/local/lib:/home/unitree/cyclonedds_ws/install/rmw_cyclonedds_cpp/lib:/home/unitree/cyclonedds_ws/install/cyclonedds/lib:/opt/ros/foxy/opt/yaml_cpp_vendor/lib:/opt/ros/foxy/opt/rviz_ogre_vendor/lib:/opt/ros/foxy/lib/aarch64-linux-gnu:/opt/ros/foxy/lib:/usr/local/cuda-11.4/lib64 PYTHONPATH=/home/unitree/navigation_ws/install/nav2_msgs/lib/python3.8/site-packages:/home/unitree/navigation_ws/install/nav2_common/lib/python3.8/site-packages:${PYTHONPATH} /usr/bin/cmake /home/unitree/navigation_ws/src/navigation2/nav2_util -DAMENT_CMAKE_SYMLINK_INSTALL=1 -DCMAKE_INSTALL_PREFIX=/home/unitree/navigation_ws/install/nav2_util
[197.426s] DEBUG:colcon.colcon_core.event_handler.log_command:Invoked command in '/home/unitree/navigation_ws/build/nav2_util' returned '0': AMENT_PREFIX_PATH=/home/unitree/navigation_ws/install/nav2_msgs:/home/unitree/navigation_ws/install/nav2_common:${AMENT_PREFIX_PATH} CMAKE_PREFIX_PATH=/home/unitree/navigation_ws/install/nav2_msgs:/home/unitree/navigation_ws/install/nav2_common:/home/unitree/cyclonedds_ws/install/rmw_cyclonedds_cpp:/home/unitree/cyclonedds_ws/install/cyclonedds:/opt/ros/foxy LD_LIBRARY_PATH=/home/unitree/navigation_ws/install/nav2_msgs/lib:/usr/local/cuda-11.4/lib64:/usr/local/lib:/home/unitree/cyclonedds_ws/install/rmw_cyclonedds_cpp/lib:/home/unitree/cyclonedds_ws/install/cyclonedds/lib:/opt/ros/foxy/opt/yaml_cpp_vendor/lib:/opt/ros/foxy/opt/rviz_ogre_vendor/lib:/opt/ros/foxy/lib/aarch64-linux-gnu:/opt/ros/foxy/lib:/usr/local/cuda-11.4/lib64 PYTHONPATH=/home/unitree/navigation_ws/install/nav2_msgs/lib/python3.8/site-packages:/home/unitree/navigation_ws/install/nav2_common/lib/python3.8/site-packages:${PYTHONPATH} /usr/bin/cmake /home/unitree/navigation_ws/src/navigation2/nav2_util -DAMENT_CMAKE_SYMLINK_INSTALL=1 -DCMAKE_INSTALL_PREFIX=/home/unitree/navigation_ws/install/nav2_util
[197.436s] DEBUG:colcon.colcon_core.event_handler.log_command:Invoking command in '/home/unitree/navigation_ws/build/nav2_util': AMENT_PREFIX_PATH=/home/unitree/navigation_ws/install/nav2_msgs:/home/unitree/navigation_ws/install/nav2_common:${AMENT_PREFIX_PATH} CMAKE_PREFIX_PATH=/home/unitree/navigation_ws/install/nav2_msgs:/home/unitree/navigation_ws/install/nav2_common:/home/unitree/cyclonedds_ws/install/rmw_cyclonedds_cpp:/home/unitree/cyclonedds_ws/install/cyclonedds:/opt/ros/foxy LD_LIBRARY_PATH=/home/unitree/navigation_ws/install/nav2_msgs/lib:/usr/local/cuda-11.4/lib64:/usr/local/lib:/home/unitree/cyclonedds_ws/install/rmw_cyclonedds_cpp/lib:/home/unitree/cyclonedds_ws/install/cyclonedds/lib:/opt/ros/foxy/opt/yaml_cpp_vendor/lib:/opt/ros/foxy/opt/rviz_ogre_vendor/lib:/opt/ros/foxy/lib/aarch64-linux-gnu:/opt/ros/foxy/lib:/usr/local/cuda-11.4/lib64 PYTHONPATH=/home/unitree/navigation_ws/install/nav2_msgs/lib/python3.8/site-packages:/home/unitree/navigation_ws/install/nav2_common/lib/python3.8/site-packages:${PYTHONPATH} /usr/bin/cmake --build /home/unitree/navigation_ws/build/nav2_util -- -j8 -l8
[296.897s] DEBUG:colcon.colcon_core.event_handler.log_command:Invoked command in '/home/unitree/navigation_ws/build/nav2_util' returned '0': AMENT_PREFIX_PATH=/home/unitree/navigation_ws/install/nav2_msgs:/home/unitree/navigation_ws/install/nav2_common:${AMENT_PREFIX_PATH} CMAKE_PREFIX_PATH=/home/unitree/navigation_ws/install/nav2_msgs:/home/unitree/navigation_ws/install/nav2_common:/home/unitree/cyclonedds_ws/install/rmw_cyclonedds_cpp:/home/unitree/cyclonedds_ws/install/cyclonedds:/opt/ros/foxy LD_LIBRARY_PATH=/home/unitree/navigation_ws/install/nav2_msgs/lib:/usr/local/cuda-11.4/lib64:/usr/local/lib:/home/unitree/cyclonedds_ws/install/rmw_cyclonedds_cpp/lib:/home/unitree/cyclonedds_ws/install/cyclonedds/lib:/opt/ros/foxy/opt/yaml_cpp_vendor/lib:/opt/ros/foxy/opt/rviz_ogre_vendor/lib:/opt/ros/foxy/lib/aarch64-linux-gnu:/opt/ros/foxy/lib:/usr/local/cuda-11.4/lib64 PYTHONPATH=/home/unitree/navigation_ws/install/nav2_msgs/lib/python3.8/site-packages:/home/unitree/navigation_ws/install/nav2_common/lib/python3.8/site-packages:${PYTHONPATH} /usr/bin/cmake --build /home/unitree/navigation_ws/build/nav2_util -- -j8 -l8
[296.962s] DEBUG:colcon.colcon_core.event_handler.log_command:Invoking command in '/home/unitree/navigation_ws/build/nav2_util': AMENT_PREFIX_PATH=/home/unitree/navigation_ws/install/nav2_msgs:/home/unitree/navigation_ws/install/nav2_common:${AMENT_PREFIX_PATH} CMAKE_PREFIX_PATH=/home/unitree/navigation_ws/install/nav2_msgs:/home/unitree/navigation_ws/install/nav2_common:/home/unitree/cyclonedds_ws/install/rmw_cyclonedds_cpp:/home/unitree/cyclonedds_ws/install/cyclonedds:/opt/ros/foxy LD_LIBRARY_PATH=/home/unitree/navigation_ws/install/nav2_msgs/lib:/usr/local/cuda-11.4/lib64:/usr/local/lib:/home/unitree/cyclonedds_ws/install/rmw_cyclonedds_cpp/lib:/home/unitree/cyclonedds_ws/install/cyclonedds/lib:/opt/ros/foxy/opt/yaml_cpp_vendor/lib:/opt/ros/foxy/opt/rviz_ogre_vendor/lib:/opt/ros/foxy/lib/aarch64-linux-gnu:/opt/ros/foxy/lib:/usr/local/cuda-11.4/lib64 PYTHONPATH=/home/unitree/navigation_ws/install/nav2_msgs/lib/python3.8/site-packages:/home/unitree/navigation_ws/install/nav2_common/lib/python3.8/site-packages:${PYTHONPATH} /usr/bin/cmake --install /home/unitree/navigation_ws/build/nav2_util
[297.716s] Level 1:colcon.colcon_core.environment:create_environment_scripts_only(nav2_util)
[297.717s] Level 1:colcon.colcon_core.environment:checking '/home/unitree/navigation_ws/install/nav2_util' for CMake module files
[297.718s] DEBUG:colcon.colcon_core.event_handler.log_command:Invoked command in '/home/unitree/navigation_ws/build/nav2_util' returned '0': AMENT_PREFIX_PATH=/home/unitree/navigation_ws/install/nav2_msgs:/home/unitree/navigation_ws/install/nav2_common:${AMENT_PREFIX_PATH} CMAKE_PREFIX_PATH=/home/unitree/navigation_ws/install/nav2_msgs:/home/unitree/navigation_ws/install/nav2_common:/home/unitree/cyclonedds_ws/install/rmw_cyclonedds_cpp:/home/unitree/cyclonedds_ws/install/cyclonedds:/opt/ros/foxy LD_LIBRARY_PATH=/home/unitree/navigation_ws/install/nav2_msgs/lib:/usr/local/cuda-11.4/lib64:/usr/local/lib:/home/unitree/cyclonedds_ws/install/rmw_cyclonedds_cpp/lib:/home/unitree/cyclonedds_ws/install/cyclonedds/lib:/opt/ros/foxy/opt/yaml_cpp_vendor/lib:/opt/ros/foxy/opt/rviz_ogre_vendor/lib:/opt/ros/foxy/lib/aarch64-linux-gnu:/opt/ros/foxy/lib:/usr/local/cuda-11.4/lib64 PYTHONPATH=/home/unitree/navigation_ws/install/nav2_msgs/lib/python3.8/site-packages:/home/unitree/navigation_ws/install/nav2_common/lib/python3.8/site-packages:${PYTHONPATH} /usr/bin/cmake --install /home/unitree/navigation_ws/build/nav2_util
[297.718s] Level 1:colcon.colcon_core.environment:checking '/home/unitree/navigation_ws/install/nav2_util' for CMake config files
[297.719s] Level 1:colcon.colcon_core.shell:create_environment_hook('nav2_util', 'cmake_prefix_path')
[297.720s] INFO:colcon.colcon_core.shell:Creating environment hook '/home/unitree/navigation_ws/install/nav2_util/share/nav2_util/hook/cmake_prefix_path.ps1'
[297.722s] INFO:colcon.colcon_core.shell:Creating environment descriptor '/home/unitree/navigation_ws/install/nav2_util/share/nav2_util/hook/cmake_prefix_path.dsv'
[297.723s] INFO:colcon.colcon_core.shell:Creating environment hook '/home/unitree/navigation_ws/install/nav2_util/share/nav2_util/hook/cmake_prefix_path.sh'
[297.725s] Level 1:colcon.colcon_core.environment:checking '/home/unitree/navigation_ws/install/nav2_util/lib'
[297.726s] Level 1:colcon.colcon_core.shell:create_environment_hook('nav2_util', 'ld_library_path_lib')
[297.726s] INFO:colcon.colcon_core.shell:Creating environment hook '/home/unitree/navigation_ws/install/nav2_util/share/nav2_util/hook/ld_library_path_lib.ps1'
[297.727s] INFO:colcon.colcon_core.shell:Creating environment descriptor '/home/unitree/navigation_ws/install/nav2_util/share/nav2_util/hook/ld_library_path_lib.dsv'
[297.727s] INFO:colcon.colcon_core.shell:Creating environment hook '/home/unitree/navigation_ws/install/nav2_util/share/nav2_util/hook/ld_library_path_lib.sh'
[297.728s] Level 1:colcon.colcon_core.environment:checking '/home/unitree/navigation_ws/install/nav2_util/bin'
[297.728s] Level 1:colcon.colcon_core.environment:checking '/home/unitree/navigation_ws/install/nav2_util/lib/pkgconfig/nav2_util.pc'
[297.728s] Level 1:colcon.colcon_core.environment:checking '/home/unitree/navigation_ws/install/nav2_util/lib/python3.8/site-packages'
[297.729s] Level 1:colcon.colcon_core.environment:checking '/home/unitree/navigation_ws/install/nav2_util/bin'
[297.729s] INFO:colcon.colcon_core.shell:Creating package script '/home/unitree/navigation_ws/install/nav2_util/share/nav2_util/package.ps1'
[297.730s] INFO:colcon.colcon_core.shell:Creating package descriptor '/home/unitree/navigation_ws/install/nav2_util/share/nav2_util/package.dsv'
[297.731s] INFO:colcon.colcon_core.shell:Creating package script '/home/unitree/navigation_ws/install/nav2_util/share/nav2_util/package.sh'
[297.731s] INFO:colcon.colcon_core.shell:Creating package script '/home/unitree/navigation_ws/install/nav2_util/share/nav2_util/package.bash'
[297.732s] INFO:colcon.colcon_core.shell:Creating package script '/home/unitree/navigation_ws/install/nav2_util/share/nav2_util/package.zsh'
[297.732s] Level 1:colcon.colcon_core.environment:create_file_with_runtime_dependencies(/home/unitree/navigation_ws/install/nav2_util/share/colcon-core/packages/nav2_util)
[297.790s] Level 1:colcon.colcon_core.environment:create_environment_scripts_only(nav2_util)
[297.790s] Level 1:colcon.colcon_core.environment:checking '/home/unitree/navigation_ws/install/nav2_util' for CMake module files
[297.791s] Level 1:colcon.colcon_core.environment:checking '/home/unitree/navigation_ws/install/nav2_util' for CMake config files
[297.792s] Level 1:colcon.colcon_core.shell:create_environment_hook('nav2_util', 'cmake_prefix_path')
[297.792s] INFO:colcon.colcon_core.shell:Creating environment hook '/home/unitree/navigation_ws/install/nav2_util/share/nav2_util/hook/cmake_prefix_path.ps1'
[297.794s] INFO:colcon.colcon_core.shell:Creating environment descriptor '/home/unitree/navigation_ws/install/nav2_util/share/nav2_util/hook/cmake_prefix_path.dsv'
[297.794s] INFO:colcon.colcon_core.shell:Creating environment hook '/home/unitree/navigation_ws/install/nav2_util/share/nav2_util/hook/cmake_prefix_path.sh'
[297.795s] Level 1:colcon.colcon_core.environment:checking '/home/unitree/navigation_ws/install/nav2_util/lib'
[297.796s] Level 1:colcon.colcon_core.shell:create_environment_hook('nav2_util', 'ld_library_path_lib')
[297.796s] INFO:colcon.colcon_core.shell:Creating environment hook '/home/unitree/navigation_ws/install/nav2_util/share/nav2_util/hook/ld_library_path_lib.ps1'
[297.797s] INFO:colcon.colcon_core.shell:Creating environment descriptor '/home/unitree/navigation_ws/install/nav2_util/share/nav2_util/hook/ld_library_path_lib.dsv'
[297.798s] INFO:colcon.colcon_core.shell:Creating environment hook '/home/unitree/navigation_ws/install/nav2_util/share/nav2_util/hook/ld_library_path_lib.sh'
[297.798s] Level 1:colcon.colcon_core.environment:checking '/home/unitree/navigation_ws/install/nav2_util/bin'
[297.798s] Level 1:colcon.colcon_core.environment:checking '/home/unitree/navigation_ws/install/nav2_util/lib/pkgconfig/nav2_util.pc'
[297.799s] Level 1:colcon.colcon_core.environment:checking '/home/unitree/navigation_ws/install/nav2_util/lib/python3.8/site-packages'
[297.799s] Level 1:colcon.colcon_core.environment:checking '/home/unitree/navigation_ws/install/nav2_util/bin'
[297.800s] INFO:colcon.colcon_core.shell:Creating package script '/home/unitree/navigation_ws/install/nav2_util/share/nav2_util/package.ps1'
[297.801s] INFO:colcon.colcon_core.shell:Creating package descriptor '/home/unitree/navigation_ws/install/nav2_util/share/nav2_util/package.dsv'
[297.801s] INFO:colcon.colcon_core.shell:Creating package script '/home/unitree/navigation_ws/install/nav2_util/share/nav2_util/package.sh'
[297.802s] INFO:colcon.colcon_core.shell:Creating package script '/home/unitree/navigation_ws/install/nav2_util/share/nav2_util/package.bash'
[297.803s] INFO:colcon.colcon_core.shell:Creating package script '/home/unitree/navigation_ws/install/nav2_util/share/nav2_util/package.zsh'
[297.804s] Level 1:colcon.colcon_core.environment:create_file_with_runtime_dependencies(/home/unitree/navigation_ws/install/nav2_util/share/colcon-core/packages/nav2_util)
[297.805s] INFO:colcon.colcon_ros.task.ament_cmake.build:Building ROS package in '/home/unitree/navigation_ws/src/navigation2/nav2_lifecycle_manager' with build type 'ament_cmake'
[297.805s] INFO:colcon.colcon_cmake.task.cmake.build:Building CMake package in '/home/unitree/navigation_ws/src/navigation2/nav2_lifecycle_manager'
[297.806s] INFO:colcon.colcon_core.shell:Skip shell extension 'powershell' for command environment: Not usable outside of PowerShell
[297.806s] DEBUG:colcon.colcon_core.shell:Skip shell extension 'dsv' for command environment
[297.816s] INFO:colcon.colcon_ros.task.ament_cmake.build:Building ROS package in '/home/unitree/navigation_ws/src/navigation2/nav2_map_server' with build type 'ament_cmake'
[297.817s] INFO:colcon.colcon_cmake.task.cmake.build:Building CMake package in '/home/unitree/navigation_ws/src/navigation2/nav2_map_server'
[297.818s] INFO:colcon.colcon_core.shell:Skip shell extension 'powershell' for command environment: Not usable outside of PowerShell
[297.818s] DEBUG:colcon.colcon_core.shell:Skip shell extension 'dsv' for command environment
[297.830s] INFO:colcon.colcon_ros.task.ament_cmake.build:Building ROS package in '/home/unitree/navigation_ws/src/navigation2/nav2_dwb_controller/nav_2d_utils' with build type 'ament_cmake'
[297.830s] INFO:colcon.colcon_cmake.task.cmake.build:Building CMake package in '/home/unitree/navigation_ws/src/navigation2/nav2_dwb_controller/nav_2d_utils'
[297.831s] INFO:colcon.colcon_core.shell:Skip shell extension 'powershell' for command environment: Not usable outside of PowerShell
[297.832s] DEBUG:colcon.colcon_core.shell:Skip shell extension 'dsv' for command environment
[297.843s] INFO:colcon.colcon_ros.task.ament_cmake.build:Building ROS package in '/home/unitree/navigation_ws/src/navigation2/nav2_behavior_tree' with build type 'ament_cmake'
[297.843s] INFO:colcon.colcon_cmake.task.cmake.build:Building CMake package in '/home/unitree/navigation_ws/src/navigation2/nav2_behavior_tree'
[297.845s] INFO:colcon.colcon_core.shell:Skip shell extension 'powershell' for command environment: Not usable outside of PowerShell
[297.845s] DEBUG:colcon.colcon_core.shell:Skip shell extension 'dsv' for command environment
[297.856s] INFO:colcon.colcon_ros.task.ament_cmake.build:Building ROS package in '/home/unitree/navigation_ws/src/navigation2/nav2_amcl' with build type 'ament_cmake'
[297.857s] INFO:colcon.colcon_cmake.task.cmake.build:Building CMake package in '/home/unitree/navigation_ws/src/navigation2/nav2_amcl'
[297.858s] INFO:colcon.colcon_core.shell:Skip shell extension 'powershell' for command environment: Not usable outside of PowerShell
[297.858s] DEBUG:colcon.colcon_core.shell:Skip shell extension 'dsv' for command environment
[297.868s] INFO:colcon.colcon_ros.task.ament_cmake.build:Building ROS package in '/home/unitree/navigation_ws/src/navigation2/nav2_waypoint_follower' with build type 'ament_cmake'
[297.869s] INFO:colcon.colcon_cmake.task.cmake.build:Building CMake package in '/home/unitree/navigation_ws/src/navigation2/nav2_waypoint_follower'
[297.871s] INFO:colcon.colcon_core.shell:Skip shell extension 'powershell' for command environment: Not usable outside of PowerShell
[297.871s] DEBUG:colcon.colcon_core.shell:Skip shell extension 'dsv' for command environment
[297.896s] DEBUG:colcon.colcon_core.event_handler.log_command:Invoking command in '/home/unitree/navigation_ws/build/nav2_lifecycle_manager': AMENT_PREFIX_PATH=/home/unitree/navigation_ws/install/nav2_util:/home/unitree/navigation_ws/install/nav2_msgs:/home/unitree/navigation_ws/install/nav2_common:${AMENT_PREFIX_PATH} CMAKE_PREFIX_PATH=/home/unitree/navigation_ws/install/nav2_util:/home/unitree/navigation_ws/install/nav2_msgs:/home/unitree/navigation_ws/install/nav2_common:/home/unitree/cyclonedds_ws/install/rmw_cyclonedds_cpp:/home/unitree/cyclonedds_ws/install/cyclonedds:/opt/ros/foxy LD_LIBRARY_PATH=/home/unitree/navigation_ws/install/nav2_util/lib:/home/unitree/navigation_ws/install/nav2_msgs/lib:/usr/local/cuda-11.4/lib64:/usr/local/lib:/home/unitree/cyclonedds_ws/install/rmw_cyclonedds_cpp/lib:/home/unitree/cyclonedds_ws/install/cyclonedds/lib:/opt/ros/foxy/opt/yaml_cpp_vendor/lib:/opt/ros/foxy/opt/rviz_ogre_vendor/lib:/opt/ros/foxy/lib/aarch64-linux-gnu:/opt/ros/foxy/lib:/usr/local/cuda-11.4/lib64 PYTHONPATH=/home/unitree/navigation_ws/install/nav2_msgs/lib/python3.8/site-packages:/home/unitree/navigation_ws/install/nav2_common/lib/python3.8/site-packages:${PYTHONPATH} /usr/bin/cmake /home/unitree/navigation_ws/src/navigation2/nav2_lifecycle_manager -DAMENT_CMAKE_SYMLINK_INSTALL=1 -DCMAKE_INSTALL_PREFIX=/home/unitree/navigation_ws/install/nav2_lifecycle_manager
[297.904s] DEBUG:colcon.colcon_core.event_handler.log_command:Invoking command in '/home/unitree/navigation_ws/build/nav2_map_server': AMENT_PREFIX_PATH=/home/unitree/navigation_ws/install/nav2_util:/home/unitree/navigation_ws/install/nav2_msgs:/home/unitree/navigation_ws/install/nav2_common:${AMENT_PREFIX_PATH} CMAKE_PREFIX_PATH=/home/unitree/navigation_ws/install/nav2_util:/home/unitree/navigation_ws/install/nav2_msgs:/home/unitree/navigation_ws/install/nav2_common:/home/unitree/cyclonedds_ws/install/rmw_cyclonedds_cpp:/home/unitree/cyclonedds_ws/install/cyclonedds:/opt/ros/foxy LD_LIBRARY_PATH=/home/unitree/navigation_ws/install/nav2_util/lib:/home/unitree/navigation_ws/install/nav2_msgs/lib:/usr/local/cuda-11.4/lib64:/usr/local/lib:/home/unitree/cyclonedds_ws/install/rmw_cyclonedds_cpp/lib:/home/unitree/cyclonedds_ws/install/cyclonedds/lib:/opt/ros/foxy/opt/yaml_cpp_vendor/lib:/opt/ros/foxy/opt/rviz_ogre_vendor/lib:/opt/ros/foxy/lib/aarch64-linux-gnu:/opt/ros/foxy/lib:/usr/local/cuda-11.4/lib64 PYTHONPATH=/home/unitree/navigation_ws/install/nav2_msgs/lib/python3.8/site-packages:/home/unitree/navigation_ws/install/nav2_common/lib/python3.8/site-packages:${PYTHONPATH} /usr/bin/cmake /home/unitree/navigation_ws/src/navigation2/nav2_map_server -DAMENT_CMAKE_SYMLINK_INSTALL=1 -DCMAKE_INSTALL_PREFIX=/home/unitree/navigation_ws/install/nav2_map_server
[297.912s] DEBUG:colcon.colcon_core.event_handler.log_command:Invoking command in '/home/unitree/navigation_ws/build/nav_2d_utils': AMENT_PREFIX_PATH=/home/unitree/navigation_ws/install/nav2_util:/home/unitree/navigation_ws/install/nav2_msgs:/home/unitree/navigation_ws/install/nav_2d_msgs:/home/unitree/navigation_ws/install/nav2_common:${AMENT_PREFIX_PATH} CMAKE_PREFIX_PATH=/home/unitree/navigation_ws/install/nav2_util:/home/unitree/navigation_ws/install/nav2_msgs:/home/unitree/navigation_ws/install/nav_2d_msgs:/home/unitree/navigation_ws/install/nav2_common:/home/unitree/cyclonedds_ws/install/rmw_cyclonedds_cpp:/home/unitree/cyclonedds_ws/install/cyclonedds:/opt/ros/foxy LD_LIBRARY_PATH=/home/unitree/navigation_ws/install/nav2_util/lib:/home/unitree/navigation_ws/install/nav2_msgs/lib:/home/unitree/navigation_ws/install/nav_2d_msgs/lib:/usr/local/cuda-11.4/lib64:/usr/local/lib:/home/unitree/cyclonedds_ws/install/rmw_cyclonedds_cpp/lib:/home/unitree/cyclonedds_ws/install/cyclonedds/lib:/opt/ros/foxy/opt/yaml_cpp_vendor/lib:/opt/ros/foxy/opt/rviz_ogre_vendor/lib:/opt/ros/foxy/lib/aarch64-linux-gnu:/opt/ros/foxy/lib:/usr/local/cuda-11.4/lib64 PYTHONPATH=/home/unitree/navigation_ws/install/nav2_msgs/lib/python3.8/site-packages:/home/unitree/navigation_ws/install/nav_2d_msgs/lib/python3.8/site-packages:/home/unitree/navigation_ws/install/nav2_common/lib/python3.8/site-packages:${PYTHONPATH} /usr/bin/cmake /home/unitree/navigation_ws/src/navigation2/nav2_dwb_controller/nav_2d_utils -DAMENT_CMAKE_SYMLINK_INSTALL=1 -DCMAKE_INSTALL_PREFIX=/home/unitree/navigation_ws/install/nav_2d_utils
[297.922s] DEBUG:colcon.colcon_core.event_handler.log_command:Invoking command in '/home/unitree/navigation_ws/build/nav2_behavior_tree': AMENT_PREFIX_PATH=/home/unitree/navigation_ws/install/nav2_util:/home/unitree/navigation_ws/install/nav2_msgs:/home/unitree/navigation_ws/install/nav2_common:${AMENT_PREFIX_PATH} CMAKE_PREFIX_PATH=/home/unitree/navigation_ws/install/nav2_util:/home/unitree/navigation_ws/install/nav2_msgs:/home/unitree/navigation_ws/install/nav2_common:/home/unitree/cyclonedds_ws/install/rmw_cyclonedds_cpp:/home/unitree/cyclonedds_ws/install/cyclonedds:/opt/ros/foxy LD_LIBRARY_PATH=/home/unitree/navigation_ws/install/nav2_util/lib:/home/unitree/navigation_ws/install/nav2_msgs/lib:/usr/local/cuda-11.4/lib64:/usr/local/lib:/home/unitree/cyclonedds_ws/install/rmw_cyclonedds_cpp/lib:/home/unitree/cyclonedds_ws/install/cyclonedds/lib:/opt/ros/foxy/opt/yaml_cpp_vendor/lib:/opt/ros/foxy/opt/rviz_ogre_vendor/lib:/opt/ros/foxy/lib/aarch64-linux-gnu:/opt/ros/foxy/lib:/usr/local/cuda-11.4/lib64 PYTHONPATH=/home/unitree/navigation_ws/install/nav2_msgs/lib/python3.8/site-packages:/home/unitree/navigation_ws/install/nav2_common/lib/python3.8/site-packages:${PYTHONPATH} /usr/bin/cmake /home/unitree/navigation_ws/src/navigation2/nav2_behavior_tree -DAMENT_CMAKE_SYMLINK_INSTALL=1 -DCMAKE_INSTALL_PREFIX=/home/unitree/navigation_ws/install/nav2_behavior_tree
[297.947s] DEBUG:colcon.colcon_core.event_handler.log_command:Invoking command in '/home/unitree/navigation_ws/build/nav2_amcl': AMENT_PREFIX_PATH=/home/unitree/navigation_ws/install/nav2_util:/home/unitree/navigation_ws/install/nav2_msgs:/home/unitree/navigation_ws/install/nav2_common:${AMENT_PREFIX_PATH} CMAKE_PREFIX_PATH=/home/unitree/navigation_ws/install/nav2_util:/home/unitree/navigation_ws/install/nav2_msgs:/home/unitree/navigation_ws/install/nav2_common:/home/unitree/cyclonedds_ws/install/rmw_cyclonedds_cpp:/home/unitree/cyclonedds_ws/install/cyclonedds:/opt/ros/foxy LD_LIBRARY_PATH=/home/unitree/navigation_ws/install/nav2_util/lib:/home/unitree/navigation_ws/install/nav2_msgs/lib:/usr/local/cuda-11.4/lib64:/usr/local/lib:/home/unitree/cyclonedds_ws/install/rmw_cyclonedds_cpp/lib:/home/unitree/cyclonedds_ws/install/cyclonedds/lib:/opt/ros/foxy/opt/yaml_cpp_vendor/lib:/opt/ros/foxy/opt/rviz_ogre_vendor/lib:/opt/ros/foxy/lib/aarch64-linux-gnu:/opt/ros/foxy/lib:/usr/local/cuda-11.4/lib64 PYTHONPATH=/home/unitree/navigation_ws/install/nav2_msgs/lib/python3.8/site-packages:/home/unitree/navigation_ws/install/nav2_common/lib/python3.8/site-packages:${PYTHONPATH} /usr/bin/cmake /home/unitree/navigation_ws/src/navigation2/nav2_amcl -DAMENT_CMAKE_SYMLINK_INSTALL=1 -DCMAKE_INSTALL_PREFIX=/home/unitree/navigation_ws/install/nav2_amcl
[297.966s] DEBUG:colcon.colcon_core.event_handler.log_command:Invoking command in '/home/unitree/navigation_ws/build/nav2_waypoint_follower': AMENT_PREFIX_PATH=/home/unitree/navigation_ws/install/nav2_util:/home/unitree/navigation_ws/install/nav2_msgs:/home/unitree/navigation_ws/install/nav2_common:${AMENT_PREFIX_PATH} CMAKE_PREFIX_PATH=/home/unitree/navigation_ws/install/nav2_util:/home/unitree/navigation_ws/install/nav2_msgs:/home/unitree/navigation_ws/install/nav2_common:/home/unitree/cyclonedds_ws/install/rmw_cyclonedds_cpp:/home/unitree/cyclonedds_ws/install/cyclonedds:/opt/ros/foxy LD_LIBRARY_PATH=/home/unitree/navigation_ws/install/nav2_util/lib:/home/unitree/navigation_ws/install/nav2_msgs/lib:/usr/local/cuda-11.4/lib64:/usr/local/lib:/home/unitree/cyclonedds_ws/install/rmw_cyclonedds_cpp/lib:/home/unitree/cyclonedds_ws/install/cyclonedds/lib:/opt/ros/foxy/opt/yaml_cpp_vendor/lib:/opt/ros/foxy/opt/rviz_ogre_vendor/lib:/opt/ros/foxy/lib/aarch64-linux-gnu:/opt/ros/foxy/lib:/usr/local/cuda-11.4/lib64 PYTHONPATH=/home/unitree/navigation_ws/install/nav2_msgs/lib/python3.8/site-packages:/home/unitree/navigation_ws/install/nav2_common/lib/python3.8/site-packages:${PYTHONPATH} /usr/bin/cmake /home/unitree/navigation_ws/src/navigation2/nav2_waypoint_follower -DAMENT_CMAKE_SYMLINK_INSTALL=1 -DCMAKE_INSTALL_PREFIX=/home/unitree/navigation_ws/install/nav2_waypoint_follower
[303.903s] DEBUG:colcon.colcon_core.event_handler.log_command:Invoked command in '/home/unitree/navigation_ws/build/nav_2d_utils' returned '0': AMENT_PREFIX_PATH=/home/unitree/navigation_ws/install/nav2_util:/home/unitree/navigation_ws/install/nav2_msgs:/home/unitree/navigation_ws/install/nav_2d_msgs:/home/unitree/navigation_ws/install/nav2_common:${AMENT_PREFIX_PATH} CMAKE_PREFIX_PATH=/home/unitree/navigation_ws/install/nav2_util:/home/unitree/navigation_ws/install/nav2_msgs:/home/unitree/navigation_ws/install/nav_2d_msgs:/home/unitree/navigation_ws/install/nav2_common:/home/unitree/cyclonedds_ws/install/rmw_cyclonedds_cpp:/home/unitree/cyclonedds_ws/install/cyclonedds:/opt/ros/foxy LD_LIBRARY_PATH=/home/unitree/navigation_ws/install/nav2_util/lib:/home/unitree/navigation_ws/install/nav2_msgs/lib:/home/unitree/navigation_ws/install/nav_2d_msgs/lib:/usr/local/cuda-11.4/lib64:/usr/local/lib:/home/unitree/cyclonedds_ws/install/rmw_cyclonedds_cpp/lib:/home/unitree/cyclonedds_ws/install/cyclonedds/lib:/opt/ros/foxy/opt/yaml_cpp_vendor/lib:/opt/ros/foxy/opt/rviz_ogre_vendor/lib:/opt/ros/foxy/lib/aarch64-linux-gnu:/opt/ros/foxy/lib:/usr/local/cuda-11.4/lib64 PYTHONPATH=/home/unitree/navigation_ws/install/nav2_msgs/lib/python3.8/site-packages:/home/unitree/navigation_ws/install/nav_2d_msgs/lib/python3.8/site-packages:/home/unitree/navigation_ws/install/nav2_common/lib/python3.8/site-packages:${PYTHONPATH} /usr/bin/cmake /home/unitree/navigation_ws/src/navigation2/nav2_dwb_controller/nav_2d_utils -DAMENT_CMAKE_SYMLINK_INSTALL=1 -DCMAKE_INSTALL_PREFIX=/home/unitree/navigation_ws/install/nav_2d_utils
[303.924s] DEBUG:colcon.colcon_core.event_handler.log_command:Invoking command in '/home/unitree/navigation_ws/build/nav_2d_utils': AMENT_PREFIX_PATH=/home/unitree/navigation_ws/install/nav2_util:/home/unitree/navigation_ws/install/nav2_msgs:/home/unitree/navigation_ws/install/nav_2d_msgs:/home/unitree/navigation_ws/install/nav2_common:${AMENT_PREFIX_PATH} CMAKE_PREFIX_PATH=/home/unitree/navigation_ws/install/nav2_util:/home/unitree/navigation_ws/install/nav2_msgs:/home/unitree/navigation_ws/install/nav_2d_msgs:/home/unitree/navigation_ws/install/nav2_common:/home/unitree/cyclonedds_ws/install/rmw_cyclonedds_cpp:/home/unitree/cyclonedds_ws/install/cyclonedds:/opt/ros/foxy LD_LIBRARY_PATH=/home/unitree/navigation_ws/install/nav2_util/lib:/home/unitree/navigation_ws/install/nav2_msgs/lib:/home/unitree/navigation_ws/install/nav_2d_msgs/lib:/usr/local/cuda-11.4/lib64:/usr/local/lib:/home/unitree/cyclonedds_ws/install/rmw_cyclonedds_cpp/lib:/home/unitree/cyclonedds_ws/install/cyclonedds/lib:/opt/ros/foxy/opt/yaml_cpp_vendor/lib:/opt/ros/foxy/opt/rviz_ogre_vendor/lib:/opt/ros/foxy/lib/aarch64-linux-gnu:/opt/ros/foxy/lib:/usr/local/cuda-11.4/lib64 PYTHONPATH=/home/unitree/navigation_ws/install/nav2_msgs/lib/python3.8/site-packages:/home/unitree/navigation_ws/install/nav_2d_msgs/lib/python3.8/site-packages:/home/unitree/navigation_ws/install/nav2_common/lib/python3.8/site-packages:${PYTHONPATH} /usr/bin/cmake --build /home/unitree/navigation_ws/build/nav_2d_utils -- -j8 -l8
[303.937s] DEBUG:colcon.colcon_core.event_handler.log_command:Invoked command in '/home/unitree/navigation_ws/build/nav2_lifecycle_manager' returned '0': AMENT_PREFIX_PATH=/home/unitree/navigation_ws/install/nav2_util:/home/unitree/navigation_ws/install/nav2_msgs:/home/unitree/navigation_ws/install/nav2_common:${AMENT_PREFIX_PATH} CMAKE_PREFIX_PATH=/home/unitree/navigation_ws/install/nav2_util:/home/unitree/navigation_ws/install/nav2_msgs:/home/unitree/navigation_ws/install/nav2_common:/home/unitree/cyclonedds_ws/install/rmw_cyclonedds_cpp:/home/unitree/cyclonedds_ws/install/cyclonedds:/opt/ros/foxy LD_LIBRARY_PATH=/home/unitree/navigation_ws/install/nav2_util/lib:/home/unitree/navigation_ws/install/nav2_msgs/lib:/usr/local/cuda-11.4/lib64:/usr/local/lib:/home/unitree/cyclonedds_ws/install/rmw_cyclonedds_cpp/lib:/home/unitree/cyclonedds_ws/install/cyclonedds/lib:/opt/ros/foxy/opt/yaml_cpp_vendor/lib:/opt/ros/foxy/opt/rviz_ogre_vendor/lib:/opt/ros/foxy/lib/aarch64-linux-gnu:/opt/ros/foxy/lib:/usr/local/cuda-11.4/lib64 PYTHONPATH=/home/unitree/navigation_ws/install/nav2_msgs/lib/python3.8/site-packages:/home/unitree/navigation_ws/install/nav2_common/lib/python3.8/site-packages:${PYTHONPATH} /usr/bin/cmake /home/unitree/navigation_ws/src/navigation2/nav2_lifecycle_manager -DAMENT_CMAKE_SYMLINK_INSTALL=1 -DCMAKE_INSTALL_PREFIX=/home/unitree/navigation_ws/install/nav2_lifecycle_manager
[303.940s] DEBUG:colcon.colcon_core.event_handler.log_command:Invoking command in '/home/unitree/navigation_ws/build/nav2_lifecycle_manager': AMENT_PREFIX_PATH=/home/unitree/navigation_ws/install/nav2_util:/home/unitree/navigation_ws/install/nav2_msgs:/home/unitree/navigation_ws/install/nav2_common:${AMENT_PREFIX_PATH} CMAKE_PREFIX_PATH=/home/unitree/navigation_ws/install/nav2_util:/home/unitree/navigation_ws/install/nav2_msgs:/home/unitree/navigation_ws/install/nav2_common:/home/unitree/cyclonedds_ws/install/rmw_cyclonedds_cpp:/home/unitree/cyclonedds_ws/install/cyclonedds:/opt/ros/foxy LD_LIBRARY_PATH=/home/unitree/navigation_ws/install/nav2_util/lib:/home/unitree/navigation_ws/install/nav2_msgs/lib:/usr/local/cuda-11.4/lib64:/usr/local/lib:/home/unitree/cyclonedds_ws/install/rmw_cyclonedds_cpp/lib:/home/unitree/cyclonedds_ws/install/cyclonedds/lib:/opt/ros/foxy/opt/yaml_cpp_vendor/lib:/opt/ros/foxy/opt/rviz_ogre_vendor/lib:/opt/ros/foxy/lib/aarch64-linux-gnu:/opt/ros/foxy/lib:/usr/local/cuda-11.4/lib64 PYTHONPATH=/home/unitree/navigation_ws/install/nav2_msgs/lib/python3.8/site-packages:/home/unitree/navigation_ws/install/nav2_common/lib/python3.8/site-packages:${PYTHONPATH} /usr/bin/cmake --build /home/unitree/navigation_ws/build/nav2_lifecycle_manager -- -j8 -l8
[303.940s] DEBUG:colcon.colcon_core.event_handler.log_command:Invoked command in '/home/unitree/navigation_ws/build/nav2_waypoint_follower' returned '0': AMENT_PREFIX_PATH=/home/unitree/navigation_ws/install/nav2_util:/home/unitree/navigation_ws/install/nav2_msgs:/home/unitree/navigation_ws/install/nav2_common:${AMENT_PREFIX_PATH} CMAKE_PREFIX_PATH=/home/unitree/navigation_ws/install/nav2_util:/home/unitree/navigation_ws/install/nav2_msgs:/home/unitree/navigation_ws/install/nav2_common:/home/unitree/cyclonedds_ws/install/rmw_cyclonedds_cpp:/home/unitree/cyclonedds_ws/install/cyclonedds:/opt/ros/foxy LD_LIBRARY_PATH=/home/unitree/navigation_ws/install/nav2_util/lib:/home/unitree/navigation_ws/install/nav2_msgs/lib:/usr/local/cuda-11.4/lib64:/usr/local/lib:/home/unitree/cyclonedds_ws/install/rmw_cyclonedds_cpp/lib:/home/unitree/cyclonedds_ws/install/cyclonedds/lib:/opt/ros/foxy/opt/yaml_cpp_vendor/lib:/opt/ros/foxy/opt/rviz_ogre_vendor/lib:/opt/ros/foxy/lib/aarch64-linux-gnu:/opt/ros/foxy/lib:/usr/local/cuda-11.4/lib64 PYTHONPATH=/home/unitree/navigation_ws/install/nav2_msgs/lib/python3.8/site-packages:/home/unitree/navigation_ws/install/nav2_common/lib/python3.8/site-packages:${PYTHONPATH} /usr/bin/cmake /home/unitree/navigation_ws/src/navigation2/nav2_waypoint_follower -DAMENT_CMAKE_SYMLINK_INSTALL=1 -DCMAKE_INSTALL_PREFIX=/home/unitree/navigation_ws/install/nav2_waypoint_follower
[303.941s] DEBUG:colcon.colcon_core.event_handler.log_command:Invoking command in '/home/unitree/navigation_ws/build/nav2_waypoint_follower': AMENT_PREFIX_PATH=/home/unitree/navigation_ws/install/nav2_util:/home/unitree/navigation_ws/install/nav2_msgs:/home/unitree/navigation_ws/install/nav2_common:${AMENT_PREFIX_PATH} CMAKE_PREFIX_PATH=/home/unitree/navigation_ws/install/nav2_util:/home/unitree/navigation_ws/install/nav2_msgs:/home/unitree/navigation_ws/install/nav2_common:/home/unitree/cyclonedds_ws/install/rmw_cyclonedds_cpp:/home/unitree/cyclonedds_ws/install/cyclonedds:/opt/ros/foxy LD_LIBRARY_PATH=/home/unitree/navigation_ws/install/nav2_util/lib:/home/unitree/navigation_ws/install/nav2_msgs/lib:/usr/local/cuda-11.4/lib64:/usr/local/lib:/home/unitree/cyclonedds_ws/install/rmw_cyclonedds_cpp/lib:/home/unitree/cyclonedds_ws/install/cyclonedds/lib:/opt/ros/foxy/opt/yaml_cpp_vendor/lib:/opt/ros/foxy/opt/rviz_ogre_vendor/lib:/opt/ros/foxy/lib/aarch64-linux-gnu:/opt/ros/foxy/lib:/usr/local/cuda-11.4/lib64 PYTHONPATH=/home/unitree/navigation_ws/install/nav2_msgs/lib/python3.8/site-packages:/home/unitree/navigation_ws/install/nav2_common/lib/python3.8/site-packages:${PYTHONPATH} /usr/bin/cmake --build /home/unitree/navigation_ws/build/nav2_waypoint_follower -- -j8 -l8
[305.270s] DEBUG:colcon.colcon_core.event_handler.log_command:Invoked command in '/home/unitree/navigation_ws/build/nav2_map_server' returned '0': AMENT_PREFIX_PATH=/home/unitree/navigation_ws/install/nav2_util:/home/unitree/navigation_ws/install/nav2_msgs:/home/unitree/navigation_ws/install/nav2_common:${AMENT_PREFIX_PATH} CMAKE_PREFIX_PATH=/home/unitree/navigation_ws/install/nav2_util:/home/unitree/navigation_ws/install/nav2_msgs:/home/unitree/navigation_ws/install/nav2_common:/home/unitree/cyclonedds_ws/install/rmw_cyclonedds_cpp:/home/unitree/cyclonedds_ws/install/cyclonedds:/opt/ros/foxy LD_LIBRARY_PATH=/home/unitree/navigation_ws/install/nav2_util/lib:/home/unitree/navigation_ws/install/nav2_msgs/lib:/usr/local/cuda-11.4/lib64:/usr/local/lib:/home/unitree/cyclonedds_ws/install/rmw_cyclonedds_cpp/lib:/home/unitree/cyclonedds_ws/install/cyclonedds/lib:/opt/ros/foxy/opt/yaml_cpp_vendor/lib:/opt/ros/foxy/opt/rviz_ogre_vendor/lib:/opt/ros/foxy/lib/aarch64-linux-gnu:/opt/ros/foxy/lib:/usr/local/cuda-11.4/lib64 PYTHONPATH=/home/unitree/navigation_ws/install/nav2_msgs/lib/python3.8/site-packages:/home/unitree/navigation_ws/install/nav2_common/lib/python3.8/site-packages:${PYTHONPATH} /usr/bin/cmake /home/unitree/navigation_ws/src/navigation2/nav2_map_server -DAMENT_CMAKE_SYMLINK_INSTALL=1 -DCMAKE_INSTALL_PREFIX=/home/unitree/navigation_ws/install/nav2_map_server
[305.272s] DEBUG:colcon.colcon_core.event_handler.log_command:Invoking command in '/home/unitree/navigation_ws/build/nav2_map_server': AMENT_PREFIX_PATH=/home/unitree/navigation_ws/install/nav2_util:/home/unitree/navigation_ws/install/nav2_msgs:/home/unitree/navigation_ws/install/nav2_common:${AMENT_PREFIX_PATH} CMAKE_PREFIX_PATH=/home/unitree/navigation_ws/install/nav2_util:/home/unitree/navigation_ws/install/nav2_msgs:/home/unitree/navigation_ws/install/nav2_common:/home/unitree/cyclonedds_ws/install/rmw_cyclonedds_cpp:/home/unitree/cyclonedds_ws/install/cyclonedds:/opt/ros/foxy LD_LIBRARY_PATH=/home/unitree/navigation_ws/install/nav2_util/lib:/home/unitree/navigation_ws/install/nav2_msgs/lib:/usr/local/cuda-11.4/lib64:/usr/local/lib:/home/unitree/cyclonedds_ws/install/rmw_cyclonedds_cpp/lib:/home/unitree/cyclonedds_ws/install/cyclonedds/lib:/opt/ros/foxy/opt/yaml_cpp_vendor/lib:/opt/ros/foxy/opt/rviz_ogre_vendor/lib:/opt/ros/foxy/lib/aarch64-linux-gnu:/opt/ros/foxy/lib:/usr/local/cuda-11.4/lib64 PYTHONPATH=/home/unitree/navigation_ws/install/nav2_msgs/lib/python3.8/site-packages:/home/unitree/navigation_ws/install/nav2_common/lib/python3.8/site-packages:${PYTHONPATH} /usr/bin/cmake --build /home/unitree/navigation_ws/build/nav2_map_server -- -j8 -l8
[306.001s] DEBUG:colcon.colcon_core.event_handler.log_command:Invoked command in '/home/unitree/navigation_ws/build/nav2_amcl' returned '0': AMENT_PREFIX_PATH=/home/unitree/navigation_ws/install/nav2_util:/home/unitree/navigation_ws/install/nav2_msgs:/home/unitree/navigation_ws/install/nav2_common:${AMENT_PREFIX_PATH} CMAKE_PREFIX_PATH=/home/unitree/navigation_ws/install/nav2_util:/home/unitree/navigation_ws/install/nav2_msgs:/home/unitree/navigation_ws/install/nav2_common:/home/unitree/cyclonedds_ws/install/rmw_cyclonedds_cpp:/home/unitree/cyclonedds_ws/install/cyclonedds:/opt/ros/foxy LD_LIBRARY_PATH=/home/unitree/navigation_ws/install/nav2_util/lib:/home/unitree/navigation_ws/install/nav2_msgs/lib:/usr/local/cuda-11.4/lib64:/usr/local/lib:/home/unitree/cyclonedds_ws/install/rmw_cyclonedds_cpp/lib:/home/unitree/cyclonedds_ws/install/cyclonedds/lib:/opt/ros/foxy/opt/yaml_cpp_vendor/lib:/opt/ros/foxy/opt/rviz_ogre_vendor/lib:/opt/ros/foxy/lib/aarch64-linux-gnu:/opt/ros/foxy/lib:/usr/local/cuda-11.4/lib64 PYTHONPATH=/home/unitree/navigation_ws/install/nav2_msgs/lib/python3.8/site-packages:/home/unitree/navigation_ws/install/nav2_common/lib/python3.8/site-packages:${PYTHONPATH} /usr/bin/cmake /home/unitree/navigation_ws/src/navigation2/nav2_amcl -DAMENT_CMAKE_SYMLINK_INSTALL=1 -DCMAKE_INSTALL_PREFIX=/home/unitree/navigation_ws/install/nav2_amcl
[306.002s] DEBUG:colcon.colcon_core.event_handler.log_command:Invoking command in '/home/unitree/navigation_ws/build/nav2_amcl': AMENT_PREFIX_PATH=/home/unitree/navigation_ws/install/nav2_util:/home/unitree/navigation_ws/install/nav2_msgs:/home/unitree/navigation_ws/install/nav2_common:${AMENT_PREFIX_PATH} CMAKE_PREFIX_PATH=/home/unitree/navigation_ws/install/nav2_util:/home/unitree/navigation_ws/install/nav2_msgs:/home/unitree/navigation_ws/install/nav2_common:/home/unitree/cyclonedds_ws/install/rmw_cyclonedds_cpp:/home/unitree/cyclonedds_ws/install/cyclonedds:/opt/ros/foxy LD_LIBRARY_PATH=/home/unitree/navigation_ws/install/nav2_util/lib:/home/unitree/navigation_ws/install/nav2_msgs/lib:/usr/local/cuda-11.4/lib64:/usr/local/lib:/home/unitree/cyclonedds_ws/install/rmw_cyclonedds_cpp/lib:/home/unitree/cyclonedds_ws/install/cyclonedds/lib:/opt/ros/foxy/opt/yaml_cpp_vendor/lib:/opt/ros/foxy/opt/rviz_ogre_vendor/lib:/opt/ros/foxy/lib/aarch64-linux-gnu:/opt/ros/foxy/lib:/usr/local/cuda-11.4/lib64 PYTHONPATH=/home/unitree/navigation_ws/install/nav2_msgs/lib/python3.8/site-packages:/home/unitree/navigation_ws/install/nav2_common/lib/python3.8/site-packages:${PYTHONPATH} /usr/bin/cmake --build /home/unitree/navigation_ws/build/nav2_amcl -- -j8 -l8
[319.950s] DEBUG:colcon.colcon_core.event_handler.log_command:Invoked command in '/home/unitree/navigation_ws/build/nav_2d_utils' returned '0': AMENT_PREFIX_PATH=/home/unitree/navigation_ws/install/nav2_util:/home/unitree/navigation_ws/install/nav2_msgs:/home/unitree/navigation_ws/install/nav_2d_msgs:/home/unitree/navigation_ws/install/nav2_common:${AMENT_PREFIX_PATH} CMAKE_PREFIX_PATH=/home/unitree/navigation_ws/install/nav2_util:/home/unitree/navigation_ws/install/nav2_msgs:/home/unitree/navigation_ws/install/nav_2d_msgs:/home/unitree/navigation_ws/install/nav2_common:/home/unitree/cyclonedds_ws/install/rmw_cyclonedds_cpp:/home/unitree/cyclonedds_ws/install/cyclonedds:/opt/ros/foxy LD_LIBRARY_PATH=/home/unitree/navigation_ws/install/nav2_util/lib:/home/unitree/navigation_ws/install/nav2_msgs/lib:/home/unitree/navigation_ws/install/nav_2d_msgs/lib:/usr/local/cuda-11.4/lib64:/usr/local/lib:/home/unitree/cyclonedds_ws/install/rmw_cyclonedds_cpp/lib:/home/unitree/cyclonedds_ws/install/cyclonedds/lib:/opt/ros/foxy/opt/yaml_cpp_vendor/lib:/opt/ros/foxy/opt/rviz_ogre_vendor/lib:/opt/ros/foxy/lib/aarch64-linux-gnu:/opt/ros/foxy/lib:/usr/local/cuda-11.4/lib64 PYTHONPATH=/home/unitree/navigation_ws/install/nav2_msgs/lib/python3.8/site-packages:/home/unitree/navigation_ws/install/nav_2d_msgs/lib/python3.8/site-packages:/home/unitree/navigation_ws/install/nav2_common/lib/python3.8/site-packages:${PYTHONPATH} /usr/bin/cmake --build /home/unitree/navigation_ws/build/nav_2d_utils -- -j8 -l8
[319.974s] DEBUG:colcon.colcon_core.event_handler.log_command:Invoked command in '/home/unitree/navigation_ws/build/fast_lio' returned '0': AMENT_PREFIX_PATH=/home/unitree/navigation_ws/install/livox_ros_driver2:${AMENT_PREFIX_PATH} CMAKE_PREFIX_PATH=/home/unitree/navigation_ws/install/livox_ros_driver2:/home/unitree/cyclonedds_ws/install/rmw_cyclonedds_cpp:/home/unitree/cyclonedds_ws/install/cyclonedds:/opt/ros/foxy LD_LIBRARY_PATH=/home/unitree/navigation_ws/install/livox_ros_driver2/lib:/usr/local/cuda-11.4/lib64:/usr/local/lib:/home/unitree/cyclonedds_ws/install/rmw_cyclonedds_cpp/lib:/home/unitree/cyclonedds_ws/install/cyclonedds/lib:/opt/ros/foxy/opt/yaml_cpp_vendor/lib:/opt/ros/foxy/opt/rviz_ogre_vendor/lib:/opt/ros/foxy/lib/aarch64-linux-gnu:/opt/ros/foxy/lib:/usr/local/cuda-11.4/lib64 PYTHONPATH=/home/unitree/navigation_ws/install/livox_ros_driver2/lib/python3.8/site-packages:${PYTHONPATH} /usr/bin/cmake --build /home/unitree/navigation_ws/build/fast_lio -- -j8 -l8
[320.065s] DEBUG:colcon.colcon_core.event_handler.log_command:Invoking command in '/home/unitree/navigation_ws/build/nav_2d_utils': AMENT_PREFIX_PATH=/home/unitree/navigation_ws/install/nav2_util:/home/unitree/navigation_ws/install/nav2_msgs:/home/unitree/navigation_ws/install/nav_2d_msgs:/home/unitree/navigation_ws/install/nav2_common:${AMENT_PREFIX_PATH} CMAKE_PREFIX_PATH=/home/unitree/navigation_ws/install/nav2_util:/home/unitree/navigation_ws/install/nav2_msgs:/home/unitree/navigation_ws/install/nav_2d_msgs:/home/unitree/navigation_ws/install/nav2_common:/home/unitree/cyclonedds_ws/install/rmw_cyclonedds_cpp:/home/unitree/cyclonedds_ws/install/cyclonedds:/opt/ros/foxy LD_LIBRARY_PATH=/home/unitree/navigation_ws/install/nav2_util/lib:/home/unitree/navigation_ws/install/nav2_msgs/lib:/home/unitree/navigation_ws/install/nav_2d_msgs/lib:/usr/local/cuda-11.4/lib64:/usr/local/lib:/home/unitree/cyclonedds_ws/install/rmw_cyclonedds_cpp/lib:/home/unitree/cyclonedds_ws/install/cyclonedds/lib:/opt/ros/foxy/opt/yaml_cpp_vendor/lib:/opt/ros/foxy/opt/rviz_ogre_vendor/lib:/opt/ros/foxy/lib/aarch64-linux-gnu:/opt/ros/foxy/lib:/usr/local/cuda-11.4/lib64 PYTHONPATH=/home/unitree/navigation_ws/install/nav2_msgs/lib/python3.8/site-packages:/home/unitree/navigation_ws/install/nav_2d_msgs/lib/python3.8/site-packages:/home/unitree/navigation_ws/install/nav2_common/lib/python3.8/site-packages:${PYTHONPATH} /usr/bin/cmake --install /home/unitree/navigation_ws/build/nav_2d_utils
[320.155s] DEBUG:colcon.colcon_core.event_handler.log_command:Invoking command in '/home/unitree/navigation_ws/build/fast_lio': AMENT_PREFIX_PATH=/home/unitree/navigation_ws/install/livox_ros_driver2:${AMENT_PREFIX_PATH} CMAKE_PREFIX_PATH=/home/unitree/navigation_ws/install/livox_ros_driver2:/home/unitree/cyclonedds_ws/install/rmw_cyclonedds_cpp:/home/unitree/cyclonedds_ws/install/cyclonedds:/opt/ros/foxy LD_LIBRARY_PATH=/home/unitree/navigation_ws/install/livox_ros_driver2/lib:/usr/local/cuda-11.4/lib64:/usr/local/lib:/home/unitree/cyclonedds_ws/install/rmw_cyclonedds_cpp/lib:/home/unitree/cyclonedds_ws/install/cyclonedds/lib:/opt/ros/foxy/opt/yaml_cpp_vendor/lib:/opt/ros/foxy/opt/rviz_ogre_vendor/lib:/opt/ros/foxy/lib/aarch64-linux-gnu:/opt/ros/foxy/lib:/usr/local/cuda-11.4/lib64 PYTHONPATH=/home/unitree/navigation_ws/install/livox_ros_driver2/lib/python3.8/site-packages:${PYTHONPATH} /usr/bin/cmake --install /home/unitree/navigation_ws/build/fast_lio
[320.841s] DEBUG:colcon.colcon_core.event_handler.log_command:Invoked command in '/home/unitree/navigation_ws/build/nav2_behavior_tree' returned '0': AMENT_PREFIX_PATH=/home/unitree/navigation_ws/install/nav2_util:/home/unitree/navigation_ws/install/nav2_msgs:/home/unitree/navigation_ws/install/nav2_common:${AMENT_PREFIX_PATH} CMAKE_PREFIX_PATH=/home/unitree/navigation_ws/install/nav2_util:/home/unitree/navigation_ws/install/nav2_msgs:/home/unitree/navigation_ws/install/nav2_common:/home/unitree/cyclonedds_ws/install/rmw_cyclonedds_cpp:/home/unitree/cyclonedds_ws/install/cyclonedds:/opt/ros/foxy LD_LIBRARY_PATH=/home/unitree/navigation_ws/install/nav2_util/lib:/home/unitree/navigation_ws/install/nav2_msgs/lib:/usr/local/cuda-11.4/lib64:/usr/local/lib:/home/unitree/cyclonedds_ws/install/rmw_cyclonedds_cpp/lib:/home/unitree/cyclonedds_ws/install/cyclonedds/lib:/opt/ros/foxy/opt/yaml_cpp_vendor/lib:/opt/ros/foxy/opt/rviz_ogre_vendor/lib:/opt/ros/foxy/lib/aarch64-linux-gnu:/opt/ros/foxy/lib:/usr/local/cuda-11.4/lib64 PYTHONPATH=/home/unitree/navigation_ws/install/nav2_msgs/lib/python3.8/site-packages:/home/unitree/navigation_ws/install/nav2_common/lib/python3.8/site-packages:${PYTHONPATH} /usr/bin/cmake /home/unitree/navigation_ws/src/navigation2/nav2_behavior_tree -DAMENT_CMAKE_SYMLINK_INSTALL=1 -DCMAKE_INSTALL_PREFIX=/home/unitree/navigation_ws/install/nav2_behavior_tree
[320.842s] DEBUG:colcon.colcon_core.event_handler.log_command:Invoking command in '/home/unitree/navigation_ws/build/nav2_behavior_tree': AMENT_PREFIX_PATH=/home/unitree/navigation_ws/install/nav2_util:/home/unitree/navigation_ws/install/nav2_msgs:/home/unitree/navigation_ws/install/nav2_common:${AMENT_PREFIX_PATH} CMAKE_PREFIX_PATH=/home/unitree/navigation_ws/install/nav2_util:/home/unitree/navigation_ws/install/nav2_msgs:/home/unitree/navigation_ws/install/nav2_common:/home/unitree/cyclonedds_ws/install/rmw_cyclonedds_cpp:/home/unitree/cyclonedds_ws/install/cyclonedds:/opt/ros/foxy LD_LIBRARY_PATH=/home/unitree/navigation_ws/install/nav2_util/lib:/home/unitree/navigation_ws/install/nav2_msgs/lib:/usr/local/cuda-11.4/lib64:/usr/local/lib:/home/unitree/cyclonedds_ws/install/rmw_cyclonedds_cpp/lib:/home/unitree/cyclonedds_ws/install/cyclonedds/lib:/opt/ros/foxy/opt/yaml_cpp_vendor/lib:/opt/ros/foxy/opt/rviz_ogre_vendor/lib:/opt/ros/foxy/lib/aarch64-linux-gnu:/opt/ros/foxy/lib:/usr/local/cuda-11.4/lib64 PYTHONPATH=/home/unitree/navigation_ws/install/nav2_msgs/lib/python3.8/site-packages:/home/unitree/navigation_ws/install/nav2_common/lib/python3.8/site-packages:${PYTHONPATH} /usr/bin/cmake --build /home/unitree/navigation_ws/build/nav2_behavior_tree -- -j8 -l8
[320.979s] Level 1:colcon.colcon_core.environment:create_environment_scripts_only(nav_2d_utils)
[320.980s] Level 1:colcon.colcon_core.environment:checking '/home/unitree/navigation_ws/install/nav_2d_utils' for CMake module files
[320.985s] DEBUG:colcon.colcon_core.event_handler.log_command:Invoked command in '/home/unitree/navigation_ws/build/nav_2d_utils' returned '0': AMENT_PREFIX_PATH=/home/unitree/navigation_ws/install/nav2_util:/home/unitree/navigation_ws/install/nav2_msgs:/home/unitree/navigation_ws/install/nav_2d_msgs:/home/unitree/navigation_ws/install/nav2_common:${AMENT_PREFIX_PATH} CMAKE_PREFIX_PATH=/home/unitree/navigation_ws/install/nav2_util:/home/unitree/navigation_ws/install/nav2_msgs:/home/unitree/navigation_ws/install/nav_2d_msgs:/home/unitree/navigation_ws/install/nav2_common:/home/unitree/cyclonedds_ws/install/rmw_cyclonedds_cpp:/home/unitree/cyclonedds_ws/install/cyclonedds:/opt/ros/foxy LD_LIBRARY_PATH=/home/unitree/navigation_ws/install/nav2_util/lib:/home/unitree/navigation_ws/install/nav2_msgs/lib:/home/unitree/navigation_ws/install/nav_2d_msgs/lib:/usr/local/cuda-11.4/lib64:/usr/local/lib:/home/unitree/cyclonedds_ws/install/rmw_cyclonedds_cpp/lib:/home/unitree/cyclonedds_ws/install/cyclonedds/lib:/opt/ros/foxy/opt/yaml_cpp_vendor/lib:/opt/ros/foxy/opt/rviz_ogre_vendor/lib:/opt/ros/foxy/lib/aarch64-linux-gnu:/opt/ros/foxy/lib:/usr/local/cuda-11.4/lib64 PYTHONPATH=/home/unitree/navigation_ws/install/nav2_msgs/lib/python3.8/site-packages:/home/unitree/navigation_ws/install/nav_2d_msgs/lib/python3.8/site-packages:/home/unitree/navigation_ws/install/nav2_common/lib/python3.8/site-packages:${PYTHONPATH} /usr/bin/cmake --install /home/unitree/navigation_ws/build/nav_2d_utils
[320.986s] Level 1:colcon.colcon_core.environment:checking '/home/unitree/navigation_ws/install/nav_2d_utils' for CMake config files
[320.987s] Level 1:colcon.colcon_core.shell:create_environment_hook('nav_2d_utils', 'cmake_prefix_path')
[320.987s] INFO:colcon.colcon_core.shell:Creating environment hook '/home/unitree/navigation_ws/install/nav_2d_utils/share/nav_2d_utils/hook/cmake_prefix_path.ps1'
[320.989s] INFO:colcon.colcon_core.shell:Creating environment descriptor '/home/unitree/navigation_ws/install/nav_2d_utils/share/nav_2d_utils/hook/cmake_prefix_path.dsv'
[320.990s] INFO:colcon.colcon_core.shell:Creating environment hook '/home/unitree/navigation_ws/install/nav_2d_utils/share/nav_2d_utils/hook/cmake_prefix_path.sh'
[320.992s] Level 1:colcon.colcon_core.environment:checking '/home/unitree/navigation_ws/install/nav_2d_utils/lib'
[320.992s] Level 1:colcon.colcon_core.shell:create_environment_hook('nav_2d_utils', 'ld_library_path_lib')
[320.993s] INFO:colcon.colcon_core.shell:Creating environment hook '/home/unitree/navigation_ws/install/nav_2d_utils/share/nav_2d_utils/hook/ld_library_path_lib.ps1'
[320.994s] INFO:colcon.colcon_core.shell:Creating environment descriptor '/home/unitree/navigation_ws/install/nav_2d_utils/share/nav_2d_utils/hook/ld_library_path_lib.dsv'
[320.994s] INFO:colcon.colcon_core.shell:Creating environment hook '/home/unitree/navigation_ws/install/nav_2d_utils/share/nav_2d_utils/hook/ld_library_path_lib.sh'
[320.995s] Level 1:colcon.colcon_core.environment:checking '/home/unitree/navigation_ws/install/nav_2d_utils/bin'
[320.995s] Level 1:colcon.colcon_core.environment:checking '/home/unitree/navigation_ws/install/nav_2d_utils/lib/pkgconfig/nav_2d_utils.pc'
[320.996s] Level 1:colcon.colcon_core.environment:checking '/home/unitree/navigation_ws/install/nav_2d_utils/lib/python3.8/site-packages'
[320.996s] Level 1:colcon.colcon_core.environment:checking '/home/unitree/navigation_ws/install/nav_2d_utils/bin'
[320.997s] INFO:colcon.colcon_core.shell:Creating package script '/home/unitree/navigation_ws/install/nav_2d_utils/share/nav_2d_utils/package.ps1'
[320.998s] INFO:colcon.colcon_core.shell:Creating package descriptor '/home/unitree/navigation_ws/install/nav_2d_utils/share/nav_2d_utils/package.dsv'
[320.998s] INFO:colcon.colcon_core.shell:Creating package script '/home/unitree/navigation_ws/install/nav_2d_utils/share/nav_2d_utils/package.sh'
[320.999s] INFO:colcon.colcon_core.shell:Creating package script '/home/unitree/navigation_ws/install/nav_2d_utils/share/nav_2d_utils/package.bash'
[321.000s] INFO:colcon.colcon_core.shell:Creating package script '/home/unitree/navigation_ws/install/nav_2d_utils/share/nav_2d_utils/package.zsh'
[321.001s] Level 1:colcon.colcon_core.environment:create_file_with_runtime_dependencies(/home/unitree/navigation_ws/install/nav_2d_utils/share/colcon-core/packages/nav_2d_utils)
[321.181s] Level 1:colcon.colcon_core.environment:create_environment_scripts_only(nav_2d_utils)
[321.182s] Level 1:colcon.colcon_core.environment:checking '/home/unitree/navigation_ws/install/nav_2d_utils' for CMake module files
[321.183s] Level 1:colcon.colcon_core.environment:checking '/home/unitree/navigation_ws/install/nav_2d_utils' for CMake config files
[321.184s] Level 1:colcon.colcon_core.shell:create_environment_hook('nav_2d_utils', 'cmake_prefix_path')
[321.184s] INFO:colcon.colcon_core.shell:Creating environment hook '/home/unitree/navigation_ws/install/nav_2d_utils/share/nav_2d_utils/hook/cmake_prefix_path.ps1'
[321.191s] INFO:colcon.colcon_core.shell:Creating environment descriptor '/home/unitree/navigation_ws/install/nav_2d_utils/share/nav_2d_utils/hook/cmake_prefix_path.dsv'
[321.193s] INFO:colcon.colcon_core.shell:Creating environment hook '/home/unitree/navigation_ws/install/nav_2d_utils/share/nav_2d_utils/hook/cmake_prefix_path.sh'
[321.195s] Level 1:colcon.colcon_core.environment:checking '/home/unitree/navigation_ws/install/nav_2d_utils/lib'
[321.195s] Level 1:colcon.colcon_core.shell:create_environment_hook('nav_2d_utils', 'ld_library_path_lib')
[321.196s] INFO:colcon.colcon_core.shell:Creating environment hook '/home/unitree/navigation_ws/install/nav_2d_utils/share/nav_2d_utils/hook/ld_library_path_lib.ps1'
[321.197s] INFO:colcon.colcon_core.shell:Creating environment descriptor '/home/unitree/navigation_ws/install/nav_2d_utils/share/nav_2d_utils/hook/ld_library_path_lib.dsv'
[321.197s] INFO:colcon.colcon_core.shell:Creating environment hook '/home/unitree/navigation_ws/install/nav_2d_utils/share/nav_2d_utils/hook/ld_library_path_lib.sh'
[321.198s] Level 1:colcon.colcon_core.environment:checking '/home/unitree/navigation_ws/install/nav_2d_utils/bin'
[321.198s] Level 1:colcon.colcon_core.environment:checking '/home/unitree/navigation_ws/install/nav_2d_utils/lib/pkgconfig/nav_2d_utils.pc'
[321.199s] Level 1:colcon.colcon_core.environment:checking '/home/unitree/navigation_ws/install/nav_2d_utils/lib/python3.8/site-packages'
[321.199s] Level 1:colcon.colcon_core.environment:checking '/home/unitree/navigation_ws/install/nav_2d_utils/bin'
[321.200s] INFO:colcon.colcon_core.shell:Creating package script '/home/unitree/navigation_ws/install/nav_2d_utils/share/nav_2d_utils/package.ps1'
[321.201s] INFO:colcon.colcon_core.shell:Creating package descriptor '/home/unitree/navigation_ws/install/nav_2d_utils/share/nav_2d_utils/package.dsv'
[321.202s] INFO:colcon.colcon_core.shell:Creating package script '/home/unitree/navigation_ws/install/nav_2d_utils/share/nav_2d_utils/package.sh'
[321.203s] INFO:colcon.colcon_core.shell:Creating package script '/home/unitree/navigation_ws/install/nav_2d_utils/share/nav_2d_utils/package.bash'
[321.203s] INFO:colcon.colcon_core.shell:Creating package script '/home/unitree/navigation_ws/install/nav_2d_utils/share/nav_2d_utils/package.zsh'
[321.204s] Level 1:colcon.colcon_core.environment:create_file_with_runtime_dependencies(/home/unitree/navigation_ws/install/nav_2d_utils/share/colcon-core/packages/nav_2d_utils)
[322.291s] Level 1:colcon.colcon_core.environment:create_environment_scripts_only(fast_lio)
[322.292s] Level 1:colcon.colcon_core.environment:checking '/home/unitree/navigation_ws/install/fast_lio' for CMake module files
[322.293s] Level 1:colcon.colcon_core.environment:checking '/home/unitree/navigation_ws/install/fast_lio' for CMake config files
[322.294s] Level 1:colcon.colcon_core.shell:create_environment_hook('fast_lio', 'cmake_prefix_path')
[322.295s] INFO:colcon.colcon_core.shell:Creating environment hook '/home/unitree/navigation_ws/install/fast_lio/share/fast_lio/hook/cmake_prefix_path.ps1'
[322.296s] DEBUG:colcon.colcon_core.event_handler.log_command:Invoked command in '/home/unitree/navigation_ws/build/fast_lio' returned '0': AMENT_PREFIX_PATH=/home/unitree/navigation_ws/install/livox_ros_driver2:${AMENT_PREFIX_PATH} CMAKE_PREFIX_PATH=/home/unitree/navigation_ws/install/livox_ros_driver2:/home/unitree/cyclonedds_ws/install/rmw_cyclonedds_cpp:/home/unitree/cyclonedds_ws/install/cyclonedds:/opt/ros/foxy LD_LIBRARY_PATH=/home/unitree/navigation_ws/install/livox_ros_driver2/lib:/usr/local/cuda-11.4/lib64:/usr/local/lib:/home/unitree/cyclonedds_ws/install/rmw_cyclonedds_cpp/lib:/home/unitree/cyclonedds_ws/install/cyclonedds/lib:/opt/ros/foxy/opt/yaml_cpp_vendor/lib:/opt/ros/foxy/opt/rviz_ogre_vendor/lib:/opt/ros/foxy/lib/aarch64-linux-gnu:/opt/ros/foxy/lib:/usr/local/cuda-11.4/lib64 PYTHONPATH=/home/unitree/navigation_ws/install/livox_ros_driver2/lib/python3.8/site-packages:${PYTHONPATH} /usr/bin/cmake --install /home/unitree/navigation_ws/build/fast_lio
[322.297s] INFO:colcon.colcon_core.shell:Creating environment descriptor '/home/unitree/navigation_ws/install/fast_lio/share/fast_lio/hook/cmake_prefix_path.dsv'
[322.298s] INFO:colcon.colcon_core.shell:Creating environment hook '/home/unitree/navigation_ws/install/fast_lio/share/fast_lio/hook/cmake_prefix_path.sh'
[322.299s] Level 1:colcon.colcon_core.environment:checking '/home/unitree/navigation_ws/install/fast_lio/lib'
[322.299s] Level 1:colcon.colcon_core.shell:create_environment_hook('fast_lio', 'ld_library_path_lib')
[322.299s] INFO:colcon.colcon_core.shell:Creating environment hook '/home/unitree/navigation_ws/install/fast_lio/share/fast_lio/hook/ld_library_path_lib.ps1'
[322.300s] INFO:colcon.colcon_core.shell:Creating environment descriptor '/home/unitree/navigation_ws/install/fast_lio/share/fast_lio/hook/ld_library_path_lib.dsv'
[322.301s] INFO:colcon.colcon_core.shell:Creating environment hook '/home/unitree/navigation_ws/install/fast_lio/share/fast_lio/hook/ld_library_path_lib.sh'
[322.302s] Level 1:colcon.colcon_core.environment:checking '/home/unitree/navigation_ws/install/fast_lio/bin'
[322.302s] Level 1:colcon.colcon_core.environment:checking '/home/unitree/navigation_ws/install/fast_lio/lib/pkgconfig/fast_lio.pc'
[322.302s] Level 1:colcon.colcon_core.environment:checking '/home/unitree/navigation_ws/install/fast_lio/lib/python3.8/site-packages'
[322.302s] Level 1:colcon.colcon_core.shell:create_environment_hook('fast_lio', 'pythonpath')
[322.303s] INFO:colcon.colcon_core.shell:Creating environment hook '/home/unitree/navigation_ws/install/fast_lio/share/fast_lio/hook/pythonpath.ps1'
[322.303s] INFO:colcon.colcon_core.shell:Creating environment descriptor '/home/unitree/navigation_ws/install/fast_lio/share/fast_lio/hook/pythonpath.dsv'
[322.304s] INFO:colcon.colcon_core.shell:Creating environment hook '/home/unitree/navigation_ws/install/fast_lio/share/fast_lio/hook/pythonpath.sh'
[322.305s] Level 1:colcon.colcon_core.environment:checking '/home/unitree/navigation_ws/install/fast_lio/bin'
[322.305s] INFO:colcon.colcon_core.shell:Creating package script '/home/unitree/navigation_ws/install/fast_lio/share/fast_lio/package.ps1'
[322.306s] INFO:colcon.colcon_core.shell:Creating package descriptor '/home/unitree/navigation_ws/install/fast_lio/share/fast_lio/package.dsv'
[322.307s] INFO:colcon.colcon_core.shell:Creating package script '/home/unitree/navigation_ws/install/fast_lio/share/fast_lio/package.sh'
[322.308s] INFO:colcon.colcon_core.shell:Creating package script '/home/unitree/navigation_ws/install/fast_lio/share/fast_lio/package.bash'
[322.309s] INFO:colcon.colcon_core.shell:Creating package script '/home/unitree/navigation_ws/install/fast_lio/share/fast_lio/package.zsh'
[322.309s] Level 1:colcon.colcon_core.environment:create_file_with_runtime_dependencies(/home/unitree/navigation_ws/install/fast_lio/share/colcon-core/packages/fast_lio)
[322.511s] Level 1:colcon.colcon_core.environment:create_environment_scripts_only(fast_lio)
[322.512s] Level 1:colcon.colcon_core.environment:checking '/home/unitree/navigation_ws/install/fast_lio' for CMake module files
[322.513s] Level 1:colcon.colcon_core.environment:checking '/home/unitree/navigation_ws/install/fast_lio' for CMake config files
[322.514s] Level 1:colcon.colcon_core.shell:create_environment_hook('fast_lio', 'cmake_prefix_path')
[322.515s] INFO:colcon.colcon_core.shell:Creating environment hook '/home/unitree/navigation_ws/install/fast_lio/share/fast_lio/hook/cmake_prefix_path.ps1'
[322.516s] INFO:colcon.colcon_core.shell:Creating environment descriptor '/home/unitree/navigation_ws/install/fast_lio/share/fast_lio/hook/cmake_prefix_path.dsv'
[322.517s] INFO:colcon.colcon_core.shell:Creating environment hook '/home/unitree/navigation_ws/install/fast_lio/share/fast_lio/hook/cmake_prefix_path.sh'
[322.518s] Level 1:colcon.colcon_core.environment:checking '/home/unitree/navigation_ws/install/fast_lio/lib'
[322.519s] Level 1:colcon.colcon_core.shell:create_environment_hook('fast_lio', 'ld_library_path_lib')
[322.519s] INFO:colcon.colcon_core.shell:Creating environment hook '/home/unitree/navigation_ws/install/fast_lio/share/fast_lio/hook/ld_library_path_lib.ps1'
[322.520s] INFO:colcon.colcon_core.shell:Creating environment descriptor '/home/unitree/navigation_ws/install/fast_lio/share/fast_lio/hook/ld_library_path_lib.dsv'
[322.521s] INFO:colcon.colcon_core.shell:Creating environment hook '/home/unitree/navigation_ws/install/fast_lio/share/fast_lio/hook/ld_library_path_lib.sh'
[322.521s] Level 1:colcon.colcon_core.environment:checking '/home/unitree/navigation_ws/install/fast_lio/bin'
[322.522s] Level 1:colcon.colcon_core.environment:checking '/home/unitree/navigation_ws/install/fast_lio/lib/pkgconfig/fast_lio.pc'
[322.522s] Level 1:colcon.colcon_core.environment:checking '/home/unitree/navigation_ws/install/fast_lio/lib/python3.8/site-packages'
[322.522s] Level 1:colcon.colcon_core.shell:create_environment_hook('fast_lio', 'pythonpath')
[322.523s] INFO:colcon.colcon_core.shell:Creating environment hook '/home/unitree/navigation_ws/install/fast_lio/share/fast_lio/hook/pythonpath.ps1'
[322.524s] INFO:colcon.colcon_core.shell:Creating environment descriptor '/home/unitree/navigation_ws/install/fast_lio/share/fast_lio/hook/pythonpath.dsv'
[322.524s] INFO:colcon.colcon_core.shell:Creating environment hook '/home/unitree/navigation_ws/install/fast_lio/share/fast_lio/hook/pythonpath.sh'
[322.526s] Level 1:colcon.colcon_core.environment:checking '/home/unitree/navigation_ws/install/fast_lio/bin'
[322.526s] INFO:colcon.colcon_core.shell:Creating package script '/home/unitree/navigation_ws/install/fast_lio/share/fast_lio/package.ps1'
[322.528s] INFO:colcon.colcon_core.shell:Creating package descriptor '/home/unitree/navigation_ws/install/fast_lio/share/fast_lio/package.dsv'
[322.529s] INFO:colcon.colcon_core.shell:Creating package script '/home/unitree/navigation_ws/install/fast_lio/share/fast_lio/package.sh'
[322.530s] INFO:colcon.colcon_core.shell:Creating package script '/home/unitree/navigation_ws/install/fast_lio/share/fast_lio/package.bash'
[322.531s] INFO:colcon.colcon_core.shell:Creating package script '/home/unitree/navigation_ws/install/fast_lio/share/fast_lio/package.zsh'
[322.532s] Level 1:colcon.colcon_core.environment:create_file_with_runtime_dependencies(/home/unitree/navigation_ws/install/fast_lio/share/colcon-core/packages/fast_lio)
[332.929s] DEBUG:colcon.colcon_core.event_handler.log_command:Invoked command in '/home/unitree/navigation_ws/build/nav2_waypoint_follower' returned '0': AMENT_PREFIX_PATH=/home/unitree/navigation_ws/install/nav2_util:/home/unitree/navigation_ws/install/nav2_msgs:/home/unitree/navigation_ws/install/nav2_common:${AMENT_PREFIX_PATH} CMAKE_PREFIX_PATH=/home/unitree/navigation_ws/install/nav2_util:/home/unitree/navigation_ws/install/nav2_msgs:/home/unitree/navigation_ws/install/nav2_common:/home/unitree/cyclonedds_ws/install/rmw_cyclonedds_cpp:/home/unitree/cyclonedds_ws/install/cyclonedds:/opt/ros/foxy LD_LIBRARY_PATH=/home/unitree/navigation_ws/install/nav2_util/lib:/home/unitree/navigation_ws/install/nav2_msgs/lib:/usr/local/cuda-11.4/lib64:/usr/local/lib:/home/unitree/cyclonedds_ws/install/rmw_cyclonedds_cpp/lib:/home/unitree/cyclonedds_ws/install/cyclonedds/lib:/opt/ros/foxy/opt/yaml_cpp_vendor/lib:/opt/ros/foxy/opt/rviz_ogre_vendor/lib:/opt/ros/foxy/lib/aarch64-linux-gnu:/opt/ros/foxy/lib:/usr/local/cuda-11.4/lib64 PYTHONPATH=/home/unitree/navigation_ws/install/nav2_msgs/lib/python3.8/site-packages:/home/unitree/navigation_ws/install/nav2_common/lib/python3.8/site-packages:${PYTHONPATH} /usr/bin/cmake --build /home/unitree/navigation_ws/build/nav2_waypoint_follower -- -j8 -l8
[332.999s] DEBUG:colcon.colcon_core.event_handler.log_command:Invoking command in '/home/unitree/navigation_ws/build/nav2_waypoint_follower': AMENT_PREFIX_PATH=/home/unitree/navigation_ws/install/nav2_util:/home/unitree/navigation_ws/install/nav2_msgs:/home/unitree/navigation_ws/install/nav2_common:${AMENT_PREFIX_PATH} CMAKE_PREFIX_PATH=/home/unitree/navigation_ws/install/nav2_util:/home/unitree/navigation_ws/install/nav2_msgs:/home/unitree/navigation_ws/install/nav2_common:/home/unitree/cyclonedds_ws/install/rmw_cyclonedds_cpp:/home/unitree/cyclonedds_ws/install/cyclonedds:/opt/ros/foxy LD_LIBRARY_PATH=/home/unitree/navigation_ws/install/nav2_util/lib:/home/unitree/navigation_ws/install/nav2_msgs/lib:/usr/local/cuda-11.4/lib64:/usr/local/lib:/home/unitree/cyclonedds_ws/install/rmw_cyclonedds_cpp/lib:/home/unitree/cyclonedds_ws/install/cyclonedds/lib:/opt/ros/foxy/opt/yaml_cpp_vendor/lib:/opt/ros/foxy/opt/rviz_ogre_vendor/lib:/opt/ros/foxy/lib/aarch64-linux-gnu:/opt/ros/foxy/lib:/usr/local/cuda-11.4/lib64 PYTHONPATH=/home/unitree/navigation_ws/install/nav2_msgs/lib/python3.8/site-packages:/home/unitree/navigation_ws/install/nav2_common/lib/python3.8/site-packages:${PYTHONPATH} /usr/bin/cmake --install /home/unitree/navigation_ws/build/nav2_waypoint_follower
[333.508s] Level 1:colcon.colcon_core.environment:create_environment_scripts_only(nav2_waypoint_follower)
[333.510s] Level 1:colcon.colcon_core.environment:checking '/home/unitree/navigation_ws/install/nav2_waypoint_follower' for CMake module files
[333.511s] Level 1:colcon.colcon_core.environment:checking '/home/unitree/navigation_ws/install/nav2_waypoint_follower' for CMake config files
[333.511s] Level 1:colcon.colcon_core.shell:create_environment_hook('nav2_waypoint_follower', 'cmake_prefix_path')
[333.512s] INFO:colcon.colcon_core.shell:Creating environment hook '/home/unitree/navigation_ws/install/nav2_waypoint_follower/share/nav2_waypoint_follower/hook/cmake_prefix_path.ps1'
[333.513s] INFO:colcon.colcon_core.shell:Creating environment descriptor '/home/unitree/navigation_ws/install/nav2_waypoint_follower/share/nav2_waypoint_follower/hook/cmake_prefix_path.dsv'
[333.515s] INFO:colcon.colcon_core.shell:Creating environment hook '/home/unitree/navigation_ws/install/nav2_waypoint_follower/share/nav2_waypoint_follower/hook/cmake_prefix_path.sh'
[333.516s] DEBUG:colcon.colcon_core.event_handler.log_command:Invoked command in '/home/unitree/navigation_ws/build/nav2_waypoint_follower' returned '0': AMENT_PREFIX_PATH=/home/unitree/navigation_ws/install/nav2_util:/home/unitree/navigation_ws/install/nav2_msgs:/home/unitree/navigation_ws/install/nav2_common:${AMENT_PREFIX_PATH} CMAKE_PREFIX_PATH=/home/unitree/navigation_ws/install/nav2_util:/home/unitree/navigation_ws/install/nav2_msgs:/home/unitree/navigation_ws/install/nav2_common:/home/unitree/cyclonedds_ws/install/rmw_cyclonedds_cpp:/home/unitree/cyclonedds_ws/install/cyclonedds:/opt/ros/foxy LD_LIBRARY_PATH=/home/unitree/navigation_ws/install/nav2_util/lib:/home/unitree/navigation_ws/install/nav2_msgs/lib:/usr/local/cuda-11.4/lib64:/usr/local/lib:/home/unitree/cyclonedds_ws/install/rmw_cyclonedds_cpp/lib:/home/unitree/cyclonedds_ws/install/cyclonedds/lib:/opt/ros/foxy/opt/yaml_cpp_vendor/lib:/opt/ros/foxy/opt/rviz_ogre_vendor/lib:/opt/ros/foxy/lib/aarch64-linux-gnu:/opt/ros/foxy/lib:/usr/local/cuda-11.4/lib64 PYTHONPATH=/home/unitree/navigation_ws/install/nav2_msgs/lib/python3.8/site-packages:/home/unitree/navigation_ws/install/nav2_common/lib/python3.8/site-packages:${PYTHONPATH} /usr/bin/cmake --install /home/unitree/navigation_ws/build/nav2_waypoint_follower
[333.518s] Level 1:colcon.colcon_core.environment:checking '/home/unitree/navigation_ws/install/nav2_waypoint_follower/lib'
[333.518s] Level 1:colcon.colcon_core.shell:create_environment_hook('nav2_waypoint_follower', 'ld_library_path_lib')
[333.518s] INFO:colcon.colcon_core.shell:Creating environment hook '/home/unitree/navigation_ws/install/nav2_waypoint_follower/share/nav2_waypoint_follower/hook/ld_library_path_lib.ps1'
[333.521s] INFO:colcon.colcon_core.shell:Creating environment descriptor '/home/unitree/navigation_ws/install/nav2_waypoint_follower/share/nav2_waypoint_follower/hook/ld_library_path_lib.dsv'
[333.522s] INFO:colcon.colcon_core.shell:Creating environment hook '/home/unitree/navigation_ws/install/nav2_waypoint_follower/share/nav2_waypoint_follower/hook/ld_library_path_lib.sh'
[333.523s] Level 1:colcon.colcon_core.environment:checking '/home/unitree/navigation_ws/install/nav2_waypoint_follower/bin'
[333.523s] Level 1:colcon.colcon_core.environment:checking '/home/unitree/navigation_ws/install/nav2_waypoint_follower/lib/pkgconfig/nav2_waypoint_follower.pc'
[333.523s] Level 1:colcon.colcon_core.environment:checking '/home/unitree/navigation_ws/install/nav2_waypoint_follower/lib/python3.8/site-packages'
[333.523s] Level 1:colcon.colcon_core.environment:checking '/home/unitree/navigation_ws/install/nav2_waypoint_follower/bin'
[333.524s] INFO:colcon.colcon_core.shell:Creating package script '/home/unitree/navigation_ws/install/nav2_waypoint_follower/share/nav2_waypoint_follower/package.ps1'
[333.526s] INFO:colcon.colcon_core.shell:Creating package descriptor '/home/unitree/navigation_ws/install/nav2_waypoint_follower/share/nav2_waypoint_follower/package.dsv'
[333.527s] INFO:colcon.colcon_core.shell:Creating package script '/home/unitree/navigation_ws/install/nav2_waypoint_follower/share/nav2_waypoint_follower/package.sh'
[333.528s] INFO:colcon.colcon_core.shell:Creating package script '/home/unitree/navigation_ws/install/nav2_waypoint_follower/share/nav2_waypoint_follower/package.bash'
[333.529s] INFO:colcon.colcon_core.shell:Creating package script '/home/unitree/navigation_ws/install/nav2_waypoint_follower/share/nav2_waypoint_follower/package.zsh'
[333.529s] Level 1:colcon.colcon_core.environment:create_file_with_runtime_dependencies(/home/unitree/navigation_ws/install/nav2_waypoint_follower/share/colcon-core/packages/nav2_waypoint_follower)
[333.604s] Level 1:colcon.colcon_core.environment:create_environment_scripts_only(nav2_waypoint_follower)
[333.605s] Level 1:colcon.colcon_core.environment:checking '/home/unitree/navigation_ws/install/nav2_waypoint_follower' for CMake module files
[333.607s] Level 1:colcon.colcon_core.environment:checking '/home/unitree/navigation_ws/install/nav2_waypoint_follower' for CMake config files
[333.607s] Level 1:colcon.colcon_core.shell:create_environment_hook('nav2_waypoint_follower', 'cmake_prefix_path')
[333.608s] INFO:colcon.colcon_core.shell:Creating environment hook '/home/unitree/navigation_ws/install/nav2_waypoint_follower/share/nav2_waypoint_follower/hook/cmake_prefix_path.ps1'
[333.610s] INFO:colcon.colcon_core.shell:Creating environment descriptor '/home/unitree/navigation_ws/install/nav2_waypoint_follower/share/nav2_waypoint_follower/hook/cmake_prefix_path.dsv'
[333.611s] INFO:colcon.colcon_core.shell:Creating environment hook '/home/unitree/navigation_ws/install/nav2_waypoint_follower/share/nav2_waypoint_follower/hook/cmake_prefix_path.sh'
[333.613s] Level 1:colcon.colcon_core.environment:checking '/home/unitree/navigation_ws/install/nav2_waypoint_follower/lib'
[333.613s] Level 1:colcon.colcon_core.shell:create_environment_hook('nav2_waypoint_follower', 'ld_library_path_lib')
[333.613s] INFO:colcon.colcon_core.shell:Creating environment hook '/home/unitree/navigation_ws/install/nav2_waypoint_follower/share/nav2_waypoint_follower/hook/ld_library_path_lib.ps1'
[333.615s] INFO:colcon.colcon_core.shell:Creating environment descriptor '/home/unitree/navigation_ws/install/nav2_waypoint_follower/share/nav2_waypoint_follower/hook/ld_library_path_lib.dsv'
[333.615s] INFO:colcon.colcon_core.shell:Creating environment hook '/home/unitree/navigation_ws/install/nav2_waypoint_follower/share/nav2_waypoint_follower/hook/ld_library_path_lib.sh'
[333.616s] Level 1:colcon.colcon_core.environment:checking '/home/unitree/navigation_ws/install/nav2_waypoint_follower/bin'
[333.617s] Level 1:colcon.colcon_core.environment:checking '/home/unitree/navigation_ws/install/nav2_waypoint_follower/lib/pkgconfig/nav2_waypoint_follower.pc'
[333.617s] Level 1:colcon.colcon_core.environment:checking '/home/unitree/navigation_ws/install/nav2_waypoint_follower/lib/python3.8/site-packages'
[333.617s] Level 1:colcon.colcon_core.environment:checking '/home/unitree/navigation_ws/install/nav2_waypoint_follower/bin'
[333.618s] INFO:colcon.colcon_core.shell:Creating package script '/home/unitree/navigation_ws/install/nav2_waypoint_follower/share/nav2_waypoint_follower/package.ps1'
[333.619s] INFO:colcon.colcon_core.shell:Creating package descriptor '/home/unitree/navigation_ws/install/nav2_waypoint_follower/share/nav2_waypoint_follower/package.dsv'
[333.620s] INFO:colcon.colcon_core.shell:Creating package script '/home/unitree/navigation_ws/install/nav2_waypoint_follower/share/nav2_waypoint_follower/package.sh'
[333.621s] INFO:colcon.colcon_core.shell:Creating package script '/home/unitree/navigation_ws/install/nav2_waypoint_follower/share/nav2_waypoint_follower/package.bash'
[333.622s] INFO:colcon.colcon_core.shell:Creating package script '/home/unitree/navigation_ws/install/nav2_waypoint_follower/share/nav2_waypoint_follower/package.zsh'
[333.623s] Level 1:colcon.colcon_core.environment:create_file_with_runtime_dependencies(/home/unitree/navigation_ws/install/nav2_waypoint_follower/share/colcon-core/packages/nav2_waypoint_follower)
[337.209s] DEBUG:colcon.colcon_core.event_handler.log_command:Invoked command in '/home/unitree/navigation_ws/build/nav2_lifecycle_manager' returned '0': AMENT_PREFIX_PATH=/home/unitree/navigation_ws/install/nav2_util:/home/unitree/navigation_ws/install/nav2_msgs:/home/unitree/navigation_ws/install/nav2_common:${AMENT_PREFIX_PATH} CMAKE_PREFIX_PATH=/home/unitree/navigation_ws/install/nav2_util:/home/unitree/navigation_ws/install/nav2_msgs:/home/unitree/navigation_ws/install/nav2_common:/home/unitree/cyclonedds_ws/install/rmw_cyclonedds_cpp:/home/unitree/cyclonedds_ws/install/cyclonedds:/opt/ros/foxy LD_LIBRARY_PATH=/home/unitree/navigation_ws/install/nav2_util/lib:/home/unitree/navigation_ws/install/nav2_msgs/lib:/usr/local/cuda-11.4/lib64:/usr/local/lib:/home/unitree/cyclonedds_ws/install/rmw_cyclonedds_cpp/lib:/home/unitree/cyclonedds_ws/install/cyclonedds/lib:/opt/ros/foxy/opt/yaml_cpp_vendor/lib:/opt/ros/foxy/opt/rviz_ogre_vendor/lib:/opt/ros/foxy/lib/aarch64-linux-gnu:/opt/ros/foxy/lib:/usr/local/cuda-11.4/lib64 PYTHONPATH=/home/unitree/navigation_ws/install/nav2_msgs/lib/python3.8/site-packages:/home/unitree/navigation_ws/install/nav2_common/lib/python3.8/site-packages:${PYTHONPATH} /usr/bin/cmake --build /home/unitree/navigation_ws/build/nav2_lifecycle_manager -- -j8 -l8
[337.277s] DEBUG:colcon.colcon_core.event_handler.log_command:Invoking command in '/home/unitree/navigation_ws/build/nav2_lifecycle_manager': AMENT_PREFIX_PATH=/home/unitree/navigation_ws/install/nav2_util:/home/unitree/navigation_ws/install/nav2_msgs:/home/unitree/navigation_ws/install/nav2_common:${AMENT_PREFIX_PATH} CMAKE_PREFIX_PATH=/home/unitree/navigation_ws/install/nav2_util:/home/unitree/navigation_ws/install/nav2_msgs:/home/unitree/navigation_ws/install/nav2_common:/home/unitree/cyclonedds_ws/install/rmw_cyclonedds_cpp:/home/unitree/cyclonedds_ws/install/cyclonedds:/opt/ros/foxy LD_LIBRARY_PATH=/home/unitree/navigation_ws/install/nav2_util/lib:/home/unitree/navigation_ws/install/nav2_msgs/lib:/usr/local/cuda-11.4/lib64:/usr/local/lib:/home/unitree/cyclonedds_ws/install/rmw_cyclonedds_cpp/lib:/home/unitree/cyclonedds_ws/install/cyclonedds/lib:/opt/ros/foxy/opt/yaml_cpp_vendor/lib:/opt/ros/foxy/opt/rviz_ogre_vendor/lib:/opt/ros/foxy/lib/aarch64-linux-gnu:/opt/ros/foxy/lib:/usr/local/cuda-11.4/lib64 PYTHONPATH=/home/unitree/navigation_ws/install/nav2_msgs/lib/python3.8/site-packages:/home/unitree/navigation_ws/install/nav2_common/lib/python3.8/site-packages:${PYTHONPATH} /usr/bin/cmake --install /home/unitree/navigation_ws/build/nav2_lifecycle_manager
[337.801s] Level 1:colcon.colcon_core.environment:create_environment_scripts_only(nav2_lifecycle_manager)
[337.802s] Level 1:colcon.colcon_core.environment:checking '/home/unitree/navigation_ws/install/nav2_lifecycle_manager' for CMake module files
[337.804s] Level 1:colcon.colcon_core.environment:checking '/home/unitree/navigation_ws/install/nav2_lifecycle_manager' for CMake config files
[337.804s] Level 1:colcon.colcon_core.shell:create_environment_hook('nav2_lifecycle_manager', 'cmake_prefix_path')
[337.806s] INFO:colcon.colcon_core.shell:Creating environment hook '/home/unitree/navigation_ws/install/nav2_lifecycle_manager/share/nav2_lifecycle_manager/hook/cmake_prefix_path.ps1'
[337.807s] INFO:colcon.colcon_core.shell:Creating environment descriptor '/home/unitree/navigation_ws/install/nav2_lifecycle_manager/share/nav2_lifecycle_manager/hook/cmake_prefix_path.dsv'
[337.809s] DEBUG:colcon.colcon_core.event_handler.log_command:Invoked command in '/home/unitree/navigation_ws/build/nav2_lifecycle_manager' returned '0': AMENT_PREFIX_PATH=/home/unitree/navigation_ws/install/nav2_util:/home/unitree/navigation_ws/install/nav2_msgs:/home/unitree/navigation_ws/install/nav2_common:${AMENT_PREFIX_PATH} CMAKE_PREFIX_PATH=/home/unitree/navigation_ws/install/nav2_util:/home/unitree/navigation_ws/install/nav2_msgs:/home/unitree/navigation_ws/install/nav2_common:/home/unitree/cyclonedds_ws/install/rmw_cyclonedds_cpp:/home/unitree/cyclonedds_ws/install/cyclonedds:/opt/ros/foxy LD_LIBRARY_PATH=/home/unitree/navigation_ws/install/nav2_util/lib:/home/unitree/navigation_ws/install/nav2_msgs/lib:/usr/local/cuda-11.4/lib64:/usr/local/lib:/home/unitree/cyclonedds_ws/install/rmw_cyclonedds_cpp/lib:/home/unitree/cyclonedds_ws/install/cyclonedds/lib:/opt/ros/foxy/opt/yaml_cpp_vendor/lib:/opt/ros/foxy/opt/rviz_ogre_vendor/lib:/opt/ros/foxy/lib/aarch64-linux-gnu:/opt/ros/foxy/lib:/usr/local/cuda-11.4/lib64 PYTHONPATH=/home/unitree/navigation_ws/install/nav2_msgs/lib/python3.8/site-packages:/home/unitree/navigation_ws/install/nav2_common/lib/python3.8/site-packages:${PYTHONPATH} /usr/bin/cmake --install /home/unitree/navigation_ws/build/nav2_lifecycle_manager
[337.809s] INFO:colcon.colcon_core.shell:Creating environment hook '/home/unitree/navigation_ws/install/nav2_lifecycle_manager/share/nav2_lifecycle_manager/hook/cmake_prefix_path.sh'
[337.810s] Level 1:colcon.colcon_core.environment:checking '/home/unitree/navigation_ws/install/nav2_lifecycle_manager/lib'
[337.810s] Level 1:colcon.colcon_core.shell:create_environment_hook('nav2_lifecycle_manager', 'ld_library_path_lib')
[337.811s] INFO:colcon.colcon_core.shell:Creating environment hook '/home/unitree/navigation_ws/install/nav2_lifecycle_manager/share/nav2_lifecycle_manager/hook/ld_library_path_lib.ps1'
[337.812s] INFO:colcon.colcon_core.shell:Creating environment descriptor '/home/unitree/navigation_ws/install/nav2_lifecycle_manager/share/nav2_lifecycle_manager/hook/ld_library_path_lib.dsv'
[337.812s] INFO:colcon.colcon_core.shell:Creating environment hook '/home/unitree/navigation_ws/install/nav2_lifecycle_manager/share/nav2_lifecycle_manager/hook/ld_library_path_lib.sh'
[337.813s] Level 1:colcon.colcon_core.environment:checking '/home/unitree/navigation_ws/install/nav2_lifecycle_manager/bin'
[337.813s] Level 1:colcon.colcon_core.environment:checking '/home/unitree/navigation_ws/install/nav2_lifecycle_manager/lib/pkgconfig/nav2_lifecycle_manager.pc'
[337.813s] Level 1:colcon.colcon_core.environment:checking '/home/unitree/navigation_ws/install/nav2_lifecycle_manager/lib/python3.8/site-packages'
[337.814s] Level 1:colcon.colcon_core.environment:checking '/home/unitree/navigation_ws/install/nav2_lifecycle_manager/bin'
[337.814s] INFO:colcon.colcon_core.shell:Creating package script '/home/unitree/navigation_ws/install/nav2_lifecycle_manager/share/nav2_lifecycle_manager/package.ps1'
[337.815s] INFO:colcon.colcon_core.shell:Creating package descriptor '/home/unitree/navigation_ws/install/nav2_lifecycle_manager/share/nav2_lifecycle_manager/package.dsv'
[337.816s] INFO:colcon.colcon_core.shell:Creating package script '/home/unitree/navigation_ws/install/nav2_lifecycle_manager/share/nav2_lifecycle_manager/package.sh'
[337.817s] INFO:colcon.colcon_core.shell:Creating package script '/home/unitree/navigation_ws/install/nav2_lifecycle_manager/share/nav2_lifecycle_manager/package.bash'
[337.817s] INFO:colcon.colcon_core.shell:Creating package script '/home/unitree/navigation_ws/install/nav2_lifecycle_manager/share/nav2_lifecycle_manager/package.zsh'
[337.818s] Level 1:colcon.colcon_core.environment:create_file_with_runtime_dependencies(/home/unitree/navigation_ws/install/nav2_lifecycle_manager/share/colcon-core/packages/nav2_lifecycle_manager)
[337.879s] Level 1:colcon.colcon_core.environment:create_environment_scripts_only(nav2_lifecycle_manager)
[337.880s] Level 1:colcon.colcon_core.environment:checking '/home/unitree/navigation_ws/install/nav2_lifecycle_manager' for CMake module files
[337.881s] Level 1:colcon.colcon_core.environment:checking '/home/unitree/navigation_ws/install/nav2_lifecycle_manager' for CMake config files
[337.882s] Level 1:colcon.colcon_core.shell:create_environment_hook('nav2_lifecycle_manager', 'cmake_prefix_path')
[337.882s] INFO:colcon.colcon_core.shell:Creating environment hook '/home/unitree/navigation_ws/install/nav2_lifecycle_manager/share/nav2_lifecycle_manager/hook/cmake_prefix_path.ps1'
[337.884s] INFO:colcon.colcon_core.shell:Creating environment descriptor '/home/unitree/navigation_ws/install/nav2_lifecycle_manager/share/nav2_lifecycle_manager/hook/cmake_prefix_path.dsv'
[337.884s] INFO:colcon.colcon_core.shell:Creating environment hook '/home/unitree/navigation_ws/install/nav2_lifecycle_manager/share/nav2_lifecycle_manager/hook/cmake_prefix_path.sh'
[337.886s] Level 1:colcon.colcon_core.environment:checking '/home/unitree/navigation_ws/install/nav2_lifecycle_manager/lib'
[337.886s] Level 1:colcon.colcon_core.shell:create_environment_hook('nav2_lifecycle_manager', 'ld_library_path_lib')
[337.886s] INFO:colcon.colcon_core.shell:Creating environment hook '/home/unitree/navigation_ws/install/nav2_lifecycle_manager/share/nav2_lifecycle_manager/hook/ld_library_path_lib.ps1'
[337.887s] INFO:colcon.colcon_core.shell:Creating environment descriptor '/home/unitree/navigation_ws/install/nav2_lifecycle_manager/share/nav2_lifecycle_manager/hook/ld_library_path_lib.dsv'
[337.888s] INFO:colcon.colcon_core.shell:Creating environment hook '/home/unitree/navigation_ws/install/nav2_lifecycle_manager/share/nav2_lifecycle_manager/hook/ld_library_path_lib.sh'
[337.888s] Level 1:colcon.colcon_core.environment:checking '/home/unitree/navigation_ws/install/nav2_lifecycle_manager/bin'
[337.888s] Level 1:colcon.colcon_core.environment:checking '/home/unitree/navigation_ws/install/nav2_lifecycle_manager/lib/pkgconfig/nav2_lifecycle_manager.pc'
[337.889s] Level 1:colcon.colcon_core.environment:checking '/home/unitree/navigation_ws/install/nav2_lifecycle_manager/lib/python3.8/site-packages'
[337.889s] Level 1:colcon.colcon_core.environment:checking '/home/unitree/navigation_ws/install/nav2_lifecycle_manager/bin'
[337.890s] INFO:colcon.colcon_core.shell:Creating package script '/home/unitree/navigation_ws/install/nav2_lifecycle_manager/share/nav2_lifecycle_manager/package.ps1'
[337.891s] INFO:colcon.colcon_core.shell:Creating package descriptor '/home/unitree/navigation_ws/install/nav2_lifecycle_manager/share/nav2_lifecycle_manager/package.dsv'
[337.892s] INFO:colcon.colcon_core.shell:Creating package script '/home/unitree/navigation_ws/install/nav2_lifecycle_manager/share/nav2_lifecycle_manager/package.sh'
[337.892s] INFO:colcon.colcon_core.shell:Creating package script '/home/unitree/navigation_ws/install/nav2_lifecycle_manager/share/nav2_lifecycle_manager/package.bash'
[337.893s] INFO:colcon.colcon_core.shell:Creating package script '/home/unitree/navigation_ws/install/nav2_lifecycle_manager/share/nav2_lifecycle_manager/package.zsh'
[337.894s] Level 1:colcon.colcon_core.environment:create_file_with_runtime_dependencies(/home/unitree/navigation_ws/install/nav2_lifecycle_manager/share/colcon-core/packages/nav2_lifecycle_manager)
[365.416s] DEBUG:colcon.colcon_core.event_handler.log_command:Invoked command in '/home/unitree/navigation_ws/build/nav2_amcl' returned '0': AMENT_PREFIX_PATH=/home/unitree/navigation_ws/install/nav2_util:/home/unitree/navigation_ws/install/nav2_msgs:/home/unitree/navigation_ws/install/nav2_common:${AMENT_PREFIX_PATH} CMAKE_PREFIX_PATH=/home/unitree/navigation_ws/install/nav2_util:/home/unitree/navigation_ws/install/nav2_msgs:/home/unitree/navigation_ws/install/nav2_common:/home/unitree/cyclonedds_ws/install/rmw_cyclonedds_cpp:/home/unitree/cyclonedds_ws/install/cyclonedds:/opt/ros/foxy LD_LIBRARY_PATH=/home/unitree/navigation_ws/install/nav2_util/lib:/home/unitree/navigation_ws/install/nav2_msgs/lib:/usr/local/cuda-11.4/lib64:/usr/local/lib:/home/unitree/cyclonedds_ws/install/rmw_cyclonedds_cpp/lib:/home/unitree/cyclonedds_ws/install/cyclonedds/lib:/opt/ros/foxy/opt/yaml_cpp_vendor/lib:/opt/ros/foxy/opt/rviz_ogre_vendor/lib:/opt/ros/foxy/lib/aarch64-linux-gnu:/opt/ros/foxy/lib:/usr/local/cuda-11.4/lib64 PYTHONPATH=/home/unitree/navigation_ws/install/nav2_msgs/lib/python3.8/site-packages:/home/unitree/navigation_ws/install/nav2_common/lib/python3.8/site-packages:${PYTHONPATH} /usr/bin/cmake --build /home/unitree/navigation_ws/build/nav2_amcl -- -j8 -l8
[365.828s] DEBUG:colcon.colcon_core.event_handler.log_command:Invoking command in '/home/unitree/navigation_ws/build/nav2_amcl': AMENT_PREFIX_PATH=/home/unitree/navigation_ws/install/nav2_util:/home/unitree/navigation_ws/install/nav2_msgs:/home/unitree/navigation_ws/install/nav2_common:${AMENT_PREFIX_PATH} CMAKE_PREFIX_PATH=/home/unitree/navigation_ws/install/nav2_util:/home/unitree/navigation_ws/install/nav2_msgs:/home/unitree/navigation_ws/install/nav2_common:/home/unitree/cyclonedds_ws/install/rmw_cyclonedds_cpp:/home/unitree/cyclonedds_ws/install/cyclonedds:/opt/ros/foxy LD_LIBRARY_PATH=/home/unitree/navigation_ws/install/nav2_util/lib:/home/unitree/navigation_ws/install/nav2_msgs/lib:/usr/local/cuda-11.4/lib64:/usr/local/lib:/home/unitree/cyclonedds_ws/install/rmw_cyclonedds_cpp/lib:/home/unitree/cyclonedds_ws/install/cyclonedds/lib:/opt/ros/foxy/opt/yaml_cpp_vendor/lib:/opt/ros/foxy/opt/rviz_ogre_vendor/lib:/opt/ros/foxy/lib/aarch64-linux-gnu:/opt/ros/foxy/lib:/usr/local/cuda-11.4/lib64 PYTHONPATH=/home/unitree/navigation_ws/install/nav2_msgs/lib/python3.8/site-packages:/home/unitree/navigation_ws/install/nav2_common/lib/python3.8/site-packages:${PYTHONPATH} /usr/bin/cmake --install /home/unitree/navigation_ws/build/nav2_amcl
[368.063s] Level 1:colcon.colcon_core.environment:create_environment_scripts_only(nav2_amcl)
[368.064s] Level 1:colcon.colcon_core.environment:checking '/home/unitree/navigation_ws/install/nav2_amcl' for CMake module files
[368.065s] DEBUG:colcon.colcon_core.event_handler.log_command:Invoked command in '/home/unitree/navigation_ws/build/nav2_amcl' returned '0': AMENT_PREFIX_PATH=/home/unitree/navigation_ws/install/nav2_util:/home/unitree/navigation_ws/install/nav2_msgs:/home/unitree/navigation_ws/install/nav2_common:${AMENT_PREFIX_PATH} CMAKE_PREFIX_PATH=/home/unitree/navigation_ws/install/nav2_util:/home/unitree/navigation_ws/install/nav2_msgs:/home/unitree/navigation_ws/install/nav2_common:/home/unitree/cyclonedds_ws/install/rmw_cyclonedds_cpp:/home/unitree/cyclonedds_ws/install/cyclonedds:/opt/ros/foxy LD_LIBRARY_PATH=/home/unitree/navigation_ws/install/nav2_util/lib:/home/unitree/navigation_ws/install/nav2_msgs/lib:/usr/local/cuda-11.4/lib64:/usr/local/lib:/home/unitree/cyclonedds_ws/install/rmw_cyclonedds_cpp/lib:/home/unitree/cyclonedds_ws/install/cyclonedds/lib:/opt/ros/foxy/opt/yaml_cpp_vendor/lib:/opt/ros/foxy/opt/rviz_ogre_vendor/lib:/opt/ros/foxy/lib/aarch64-linux-gnu:/opt/ros/foxy/lib:/usr/local/cuda-11.4/lib64 PYTHONPATH=/home/unitree/navigation_ws/install/nav2_msgs/lib/python3.8/site-packages:/home/unitree/navigation_ws/install/nav2_common/lib/python3.8/site-packages:${PYTHONPATH} /usr/bin/cmake --install /home/unitree/navigation_ws/build/nav2_amcl
[368.066s] Level 1:colcon.colcon_core.environment:checking '/home/unitree/navigation_ws/install/nav2_amcl' for CMake config files
[368.067s] Level 1:colcon.colcon_core.shell:create_environment_hook('nav2_amcl', 'cmake_prefix_path')
[368.068s] INFO:colcon.colcon_core.shell:Creating environment hook '/home/unitree/navigation_ws/install/nav2_amcl/share/nav2_amcl/hook/cmake_prefix_path.ps1'
[368.069s] INFO:colcon.colcon_core.shell:Creating environment descriptor '/home/unitree/navigation_ws/install/nav2_amcl/share/nav2_amcl/hook/cmake_prefix_path.dsv'
[368.070s] INFO:colcon.colcon_core.shell:Creating environment hook '/home/unitree/navigation_ws/install/nav2_amcl/share/nav2_amcl/hook/cmake_prefix_path.sh'
[368.071s] Level 1:colcon.colcon_core.environment:checking '/home/unitree/navigation_ws/install/nav2_amcl/lib'
[368.071s] Level 1:colcon.colcon_core.shell:create_environment_hook('nav2_amcl', 'ld_library_path_lib')
[368.072s] INFO:colcon.colcon_core.shell:Creating environment hook '/home/unitree/navigation_ws/install/nav2_amcl/share/nav2_amcl/hook/ld_library_path_lib.ps1'
[368.072s] INFO:colcon.colcon_core.shell:Creating environment descriptor '/home/unitree/navigation_ws/install/nav2_amcl/share/nav2_amcl/hook/ld_library_path_lib.dsv'
[368.073s] INFO:colcon.colcon_core.shell:Creating environment hook '/home/unitree/navigation_ws/install/nav2_amcl/share/nav2_amcl/hook/ld_library_path_lib.sh'
[368.073s] Level 1:colcon.colcon_core.environment:checking '/home/unitree/navigation_ws/install/nav2_amcl/bin'
[368.075s] Level 1:colcon.colcon_core.environment:checking '/home/unitree/navigation_ws/install/nav2_amcl/lib/pkgconfig/nav2_amcl.pc'
[368.075s] Level 1:colcon.colcon_core.environment:checking '/home/unitree/navigation_ws/install/nav2_amcl/lib/python3.8/site-packages'
[368.075s] Level 1:colcon.colcon_core.environment:checking '/home/unitree/navigation_ws/install/nav2_amcl/bin'
[368.076s] INFO:colcon.colcon_core.shell:Creating package script '/home/unitree/navigation_ws/install/nav2_amcl/share/nav2_amcl/package.ps1'
[368.078s] INFO:colcon.colcon_core.shell:Creating package descriptor '/home/unitree/navigation_ws/install/nav2_amcl/share/nav2_amcl/package.dsv'
[368.078s] INFO:colcon.colcon_core.shell:Creating package script '/home/unitree/navigation_ws/install/nav2_amcl/share/nav2_amcl/package.sh'
[368.079s] INFO:colcon.colcon_core.shell:Creating package script '/home/unitree/navigation_ws/install/nav2_amcl/share/nav2_amcl/package.bash'
[368.084s] INFO:colcon.colcon_core.shell:Creating package script '/home/unitree/navigation_ws/install/nav2_amcl/share/nav2_amcl/package.zsh'
[368.086s] Level 1:colcon.colcon_core.environment:create_file_with_runtime_dependencies(/home/unitree/navigation_ws/install/nav2_amcl/share/colcon-core/packages/nav2_amcl)
[368.599s] Level 1:colcon.colcon_core.environment:create_environment_scripts_only(nav2_amcl)
[368.600s] Level 1:colcon.colcon_core.environment:checking '/home/unitree/navigation_ws/install/nav2_amcl' for CMake module files
[368.601s] Level 1:colcon.colcon_core.environment:checking '/home/unitree/navigation_ws/install/nav2_amcl' for CMake config files
[368.602s] Level 1:colcon.colcon_core.shell:create_environment_hook('nav2_amcl', 'cmake_prefix_path')
[368.603s] INFO:colcon.colcon_core.shell:Creating environment hook '/home/unitree/navigation_ws/install/nav2_amcl/share/nav2_amcl/hook/cmake_prefix_path.ps1'
[368.604s] INFO:colcon.colcon_core.shell:Creating environment descriptor '/home/unitree/navigation_ws/install/nav2_amcl/share/nav2_amcl/hook/cmake_prefix_path.dsv'
[368.605s] INFO:colcon.colcon_core.shell:Creating environment hook '/home/unitree/navigation_ws/install/nav2_amcl/share/nav2_amcl/hook/cmake_prefix_path.sh'
[368.606s] Level 1:colcon.colcon_core.environment:checking '/home/unitree/navigation_ws/install/nav2_amcl/lib'
[368.607s] Level 1:colcon.colcon_core.shell:create_environment_hook('nav2_amcl', 'ld_library_path_lib')
[368.607s] INFO:colcon.colcon_core.shell:Creating environment hook '/home/unitree/navigation_ws/install/nav2_amcl/share/nav2_amcl/hook/ld_library_path_lib.ps1'
[368.608s] INFO:colcon.colcon_core.shell:Creating environment descriptor '/home/unitree/navigation_ws/install/nav2_amcl/share/nav2_amcl/hook/ld_library_path_lib.dsv'
[368.609s] INFO:colcon.colcon_core.shell:Creating environment hook '/home/unitree/navigation_ws/install/nav2_amcl/share/nav2_amcl/hook/ld_library_path_lib.sh'
[368.610s] Level 1:colcon.colcon_core.environment:checking '/home/unitree/navigation_ws/install/nav2_amcl/bin'
[368.610s] Level 1:colcon.colcon_core.environment:checking '/home/unitree/navigation_ws/install/nav2_amcl/lib/pkgconfig/nav2_amcl.pc'
[368.610s] Level 1:colcon.colcon_core.environment:checking '/home/unitree/navigation_ws/install/nav2_amcl/lib/python3.8/site-packages'
[368.611s] Level 1:colcon.colcon_core.environment:checking '/home/unitree/navigation_ws/install/nav2_amcl/bin'
[368.611s] INFO:colcon.colcon_core.shell:Creating package script '/home/unitree/navigation_ws/install/nav2_amcl/share/nav2_amcl/package.ps1'
[368.626s] INFO:colcon.colcon_core.shell:Creating package descriptor '/home/unitree/navigation_ws/install/nav2_amcl/share/nav2_amcl/package.dsv'
[368.628s] INFO:colcon.colcon_core.shell:Creating package script '/home/unitree/navigation_ws/install/nav2_amcl/share/nav2_amcl/package.sh'
[368.629s] INFO:colcon.colcon_core.shell:Creating package script '/home/unitree/navigation_ws/install/nav2_amcl/share/nav2_amcl/package.bash'
[368.630s] INFO:colcon.colcon_core.shell:Creating package script '/home/unitree/navigation_ws/install/nav2_amcl/share/nav2_amcl/package.zsh'
[368.630s] Level 1:colcon.colcon_core.environment:create_file_with_runtime_dependencies(/home/unitree/navigation_ws/install/nav2_amcl/share/colcon-core/packages/nav2_amcl)
[411.632s] DEBUG:colcon.colcon_core.event_handler.log_command:Invoked command in '/home/unitree/navigation_ws/build/nav2_map_server' returned '0': AMENT_PREFIX_PATH=/home/unitree/navigation_ws/install/nav2_util:/home/unitree/navigation_ws/install/nav2_msgs:/home/unitree/navigation_ws/install/nav2_common:${AMENT_PREFIX_PATH} CMAKE_PREFIX_PATH=/home/unitree/navigation_ws/install/nav2_util:/home/unitree/navigation_ws/install/nav2_msgs:/home/unitree/navigation_ws/install/nav2_common:/home/unitree/cyclonedds_ws/install/rmw_cyclonedds_cpp:/home/unitree/cyclonedds_ws/install/cyclonedds:/opt/ros/foxy LD_LIBRARY_PATH=/home/unitree/navigation_ws/install/nav2_util/lib:/home/unitree/navigation_ws/install/nav2_msgs/lib:/usr/local/cuda-11.4/lib64:/usr/local/lib:/home/unitree/cyclonedds_ws/install/rmw_cyclonedds_cpp/lib:/home/unitree/cyclonedds_ws/install/cyclonedds/lib:/opt/ros/foxy/opt/yaml_cpp_vendor/lib:/opt/ros/foxy/opt/rviz_ogre_vendor/lib:/opt/ros/foxy/lib/aarch64-linux-gnu:/opt/ros/foxy/lib:/usr/local/cuda-11.4/lib64 PYTHONPATH=/home/unitree/navigation_ws/install/nav2_msgs/lib/python3.8/site-packages:/home/unitree/navigation_ws/install/nav2_common/lib/python3.8/site-packages:${PYTHONPATH} /usr/bin/cmake --build /home/unitree/navigation_ws/build/nav2_map_server -- -j8 -l8
[411.710s] DEBUG:colcon.colcon_core.event_handler.log_command:Invoking command in '/home/unitree/navigation_ws/build/nav2_map_server': AMENT_PREFIX_PATH=/home/unitree/navigation_ws/install/nav2_util:/home/unitree/navigation_ws/install/nav2_msgs:/home/unitree/navigation_ws/install/nav2_common:${AMENT_PREFIX_PATH} CMAKE_PREFIX_PATH=/home/unitree/navigation_ws/install/nav2_util:/home/unitree/navigation_ws/install/nav2_msgs:/home/unitree/navigation_ws/install/nav2_common:/home/unitree/cyclonedds_ws/install/rmw_cyclonedds_cpp:/home/unitree/cyclonedds_ws/install/cyclonedds:/opt/ros/foxy LD_LIBRARY_PATH=/home/unitree/navigation_ws/install/nav2_util/lib:/home/unitree/navigation_ws/install/nav2_msgs/lib:/usr/local/cuda-11.4/lib64:/usr/local/lib:/home/unitree/cyclonedds_ws/install/rmw_cyclonedds_cpp/lib:/home/unitree/cyclonedds_ws/install/cyclonedds/lib:/opt/ros/foxy/opt/yaml_cpp_vendor/lib:/opt/ros/foxy/opt/rviz_ogre_vendor/lib:/opt/ros/foxy/lib/aarch64-linux-gnu:/opt/ros/foxy/lib:/usr/local/cuda-11.4/lib64 PYTHONPATH=/home/unitree/navigation_ws/install/nav2_msgs/lib/python3.8/site-packages:/home/unitree/navigation_ws/install/nav2_common/lib/python3.8/site-packages:${PYTHONPATH} /usr/bin/cmake --install /home/unitree/navigation_ws/build/nav2_map_server
[412.317s] Level 1:colcon.colcon_core.environment:create_environment_scripts_only(nav2_map_server)
[412.318s] Level 1:colcon.colcon_core.environment:checking '/home/unitree/navigation_ws/install/nav2_map_server' for CMake module files
[412.319s] DEBUG:colcon.colcon_core.event_handler.log_command:Invoked command in '/home/unitree/navigation_ws/build/nav2_map_server' returned '0': AMENT_PREFIX_PATH=/home/unitree/navigation_ws/install/nav2_util:/home/unitree/navigation_ws/install/nav2_msgs:/home/unitree/navigation_ws/install/nav2_common:${AMENT_PREFIX_PATH} CMAKE_PREFIX_PATH=/home/unitree/navigation_ws/install/nav2_util:/home/unitree/navigation_ws/install/nav2_msgs:/home/unitree/navigation_ws/install/nav2_common:/home/unitree/cyclonedds_ws/install/rmw_cyclonedds_cpp:/home/unitree/cyclonedds_ws/install/cyclonedds:/opt/ros/foxy LD_LIBRARY_PATH=/home/unitree/navigation_ws/install/nav2_util/lib:/home/unitree/navigation_ws/install/nav2_msgs/lib:/usr/local/cuda-11.4/lib64:/usr/local/lib:/home/unitree/cyclonedds_ws/install/rmw_cyclonedds_cpp/lib:/home/unitree/cyclonedds_ws/install/cyclonedds/lib:/opt/ros/foxy/opt/yaml_cpp_vendor/lib:/opt/ros/foxy/opt/rviz_ogre_vendor/lib:/opt/ros/foxy/lib/aarch64-linux-gnu:/opt/ros/foxy/lib:/usr/local/cuda-11.4/lib64 PYTHONPATH=/home/unitree/navigation_ws/install/nav2_msgs/lib/python3.8/site-packages:/home/unitree/navigation_ws/install/nav2_common/lib/python3.8/site-packages:${PYTHONPATH} /usr/bin/cmake --install /home/unitree/navigation_ws/build/nav2_map_server
[412.320s] Level 1:colcon.colcon_core.environment:checking '/home/unitree/navigation_ws/install/nav2_map_server' for CMake config files
[412.321s] Level 1:colcon.colcon_core.shell:create_environment_hook('nav2_map_server', 'cmake_prefix_path')
[412.321s] INFO:colcon.colcon_core.shell:Creating environment hook '/home/unitree/navigation_ws/install/nav2_map_server/share/nav2_map_server/hook/cmake_prefix_path.ps1'
[412.323s] INFO:colcon.colcon_core.shell:Creating environment descriptor '/home/unitree/navigation_ws/install/nav2_map_server/share/nav2_map_server/hook/cmake_prefix_path.dsv'
[412.323s] INFO:colcon.colcon_core.shell:Creating environment hook '/home/unitree/navigation_ws/install/nav2_map_server/share/nav2_map_server/hook/cmake_prefix_path.sh'
[412.324s] Level 1:colcon.colcon_core.environment:checking '/home/unitree/navigation_ws/install/nav2_map_server/lib'
[412.324s] Level 1:colcon.colcon_core.shell:create_environment_hook('nav2_map_server', 'ld_library_path_lib')
[412.325s] INFO:colcon.colcon_core.shell:Creating environment hook '/home/unitree/navigation_ws/install/nav2_map_server/share/nav2_map_server/hook/ld_library_path_lib.ps1'
[412.325s] INFO:colcon.colcon_core.shell:Creating environment descriptor '/home/unitree/navigation_ws/install/nav2_map_server/share/nav2_map_server/hook/ld_library_path_lib.dsv'
[412.326s] INFO:colcon.colcon_core.shell:Creating environment hook '/home/unitree/navigation_ws/install/nav2_map_server/share/nav2_map_server/hook/ld_library_path_lib.sh'
[412.326s] Level 1:colcon.colcon_core.environment:checking '/home/unitree/navigation_ws/install/nav2_map_server/bin'
[412.326s] Level 1:colcon.colcon_core.environment:checking '/home/unitree/navigation_ws/install/nav2_map_server/lib/pkgconfig/nav2_map_server.pc'
[412.327s] Level 1:colcon.colcon_core.environment:checking '/home/unitree/navigation_ws/install/nav2_map_server/lib/python3.8/site-packages'
[412.327s] Level 1:colcon.colcon_core.environment:checking '/home/unitree/navigation_ws/install/nav2_map_server/bin'
[412.328s] INFO:colcon.colcon_core.shell:Creating package script '/home/unitree/navigation_ws/install/nav2_map_server/share/nav2_map_server/package.ps1'
[412.329s] INFO:colcon.colcon_core.shell:Creating package descriptor '/home/unitree/navigation_ws/install/nav2_map_server/share/nav2_map_server/package.dsv'
[412.329s] INFO:colcon.colcon_core.shell:Creating package script '/home/unitree/navigation_ws/install/nav2_map_server/share/nav2_map_server/package.sh'
[412.330s] INFO:colcon.colcon_core.shell:Creating package script '/home/unitree/navigation_ws/install/nav2_map_server/share/nav2_map_server/package.bash'
[412.331s] INFO:colcon.colcon_core.shell:Creating package script '/home/unitree/navigation_ws/install/nav2_map_server/share/nav2_map_server/package.zsh'
[412.332s] Level 1:colcon.colcon_core.environment:create_file_with_runtime_dependencies(/home/unitree/navigation_ws/install/nav2_map_server/share/colcon-core/packages/nav2_map_server)
[412.410s] Level 1:colcon.colcon_core.environment:create_environment_scripts_only(nav2_map_server)
[412.411s] Level 1:colcon.colcon_core.environment:checking '/home/unitree/navigation_ws/install/nav2_map_server' for CMake module files
[412.412s] Level 1:colcon.colcon_core.environment:checking '/home/unitree/navigation_ws/install/nav2_map_server' for CMake config files
[412.412s] Level 1:colcon.colcon_core.shell:create_environment_hook('nav2_map_server', 'cmake_prefix_path')
[412.413s] INFO:colcon.colcon_core.shell:Creating environment hook '/home/unitree/navigation_ws/install/nav2_map_server/share/nav2_map_server/hook/cmake_prefix_path.ps1'
[412.414s] INFO:colcon.colcon_core.shell:Creating environment descriptor '/home/unitree/navigation_ws/install/nav2_map_server/share/nav2_map_server/hook/cmake_prefix_path.dsv'
[412.414s] INFO:colcon.colcon_core.shell:Creating environment hook '/home/unitree/navigation_ws/install/nav2_map_server/share/nav2_map_server/hook/cmake_prefix_path.sh'
[412.416s] Level 1:colcon.colcon_core.environment:checking '/home/unitree/navigation_ws/install/nav2_map_server/lib'
[412.416s] Level 1:colcon.colcon_core.shell:create_environment_hook('nav2_map_server', 'ld_library_path_lib')
[412.416s] INFO:colcon.colcon_core.shell:Creating environment hook '/home/unitree/navigation_ws/install/nav2_map_server/share/nav2_map_server/hook/ld_library_path_lib.ps1'
[412.417s] INFO:colcon.colcon_core.shell:Creating environment descriptor '/home/unitree/navigation_ws/install/nav2_map_server/share/nav2_map_server/hook/ld_library_path_lib.dsv'
[412.417s] INFO:colcon.colcon_core.shell:Creating environment hook '/home/unitree/navigation_ws/install/nav2_map_server/share/nav2_map_server/hook/ld_library_path_lib.sh'
[412.418s] Level 1:colcon.colcon_core.environment:checking '/home/unitree/navigation_ws/install/nav2_map_server/bin'
[412.418s] Level 1:colcon.colcon_core.environment:checking '/home/unitree/navigation_ws/install/nav2_map_server/lib/pkgconfig/nav2_map_server.pc'
[412.418s] Level 1:colcon.colcon_core.environment:checking '/home/unitree/navigation_ws/install/nav2_map_server/lib/python3.8/site-packages'
[412.419s] Level 1:colcon.colcon_core.environment:checking '/home/unitree/navigation_ws/install/nav2_map_server/bin'
[412.419s] INFO:colcon.colcon_core.shell:Creating package script '/home/unitree/navigation_ws/install/nav2_map_server/share/nav2_map_server/package.ps1'
[412.420s] INFO:colcon.colcon_core.shell:Creating package descriptor '/home/unitree/navigation_ws/install/nav2_map_server/share/nav2_map_server/package.dsv'
[412.421s] INFO:colcon.colcon_core.shell:Creating package script '/home/unitree/navigation_ws/install/nav2_map_server/share/nav2_map_server/package.sh'
[412.421s] INFO:colcon.colcon_core.shell:Creating package script '/home/unitree/navigation_ws/install/nav2_map_server/share/nav2_map_server/package.bash'
[412.422s] INFO:colcon.colcon_core.shell:Creating package script '/home/unitree/navigation_ws/install/nav2_map_server/share/nav2_map_server/package.zsh'
[412.423s] Level 1:colcon.colcon_core.environment:create_file_with_runtime_dependencies(/home/unitree/navigation_ws/install/nav2_map_server/share/colcon-core/packages/nav2_map_server)
[412.424s] INFO:colcon.colcon_ros.task.ament_cmake.build:Building ROS package in '/home/unitree/navigation_ws/src/navigation2/nav2_costmap_2d' with build type 'ament_cmake'
[412.424s] INFO:colcon.colcon_cmake.task.cmake.build:Building CMake package in '/home/unitree/navigation_ws/src/navigation2/nav2_costmap_2d'
[412.425s] INFO:colcon.colcon_core.shell:Skip shell extension 'powershell' for command environment: Not usable outside of PowerShell
[412.425s] DEBUG:colcon.colcon_core.shell:Skip shell extension 'dsv' for command environment
[412.463s] DEBUG:colcon.colcon_core.event_handler.log_command:Invoking command in '/home/unitree/navigation_ws/build/nav2_costmap_2d': AMENT_PREFIX_PATH=/home/unitree/navigation_ws/install/nav2_map_server:/home/unitree/navigation_ws/install/nav2_lifecycle_manager:/home/unitree/navigation_ws/install/nav2_util:/home/unitree/navigation_ws/install/nav2_voxel_grid:/home/unitree/navigation_ws/install/nav2_msgs:/home/unitree/navigation_ws/install/nav2_common:${AMENT_PREFIX_PATH} CMAKE_PREFIX_PATH=/home/unitree/navigation_ws/install/nav2_map_server:/home/unitree/navigation_ws/install/nav2_lifecycle_manager:/home/unitree/navigation_ws/install/nav2_util:/home/unitree/navigation_ws/install/nav2_voxel_grid:/home/unitree/navigation_ws/install/nav2_msgs:/home/unitree/navigation_ws/install/nav2_common:/home/unitree/cyclonedds_ws/install/rmw_cyclonedds_cpp:/home/unitree/cyclonedds_ws/install/cyclonedds:/opt/ros/foxy LD_LIBRARY_PATH=/home/unitree/navigation_ws/install/nav2_map_server/lib:/home/unitree/navigation_ws/install/nav2_lifecycle_manager/lib:/home/unitree/navigation_ws/install/nav2_util/lib:/home/unitree/navigation_ws/install/nav2_voxel_grid/lib:/home/unitree/navigation_ws/install/nav2_msgs/lib:/usr/local/cuda-11.4/lib64:/usr/local/lib:/home/unitree/cyclonedds_ws/install/rmw_cyclonedds_cpp/lib:/home/unitree/cyclonedds_ws/install/cyclonedds/lib:/opt/ros/foxy/opt/yaml_cpp_vendor/lib:/opt/ros/foxy/opt/rviz_ogre_vendor/lib:/opt/ros/foxy/lib/aarch64-linux-gnu:/opt/ros/foxy/lib:/usr/local/cuda-11.4/lib64 PYTHONPATH=/home/unitree/navigation_ws/install/nav2_msgs/lib/python3.8/site-packages:/home/unitree/navigation_ws/install/nav2_common/lib/python3.8/site-packages:${PYTHONPATH} /usr/bin/cmake /home/unitree/navigation_ws/src/navigation2/nav2_costmap_2d -DAMENT_CMAKE_SYMLINK_INSTALL=1 -DCMAKE_INSTALL_PREFIX=/home/unitree/navigation_ws/install/nav2_costmap_2d
[421.101s] DEBUG:colcon.colcon_core.event_handler.log_command:Invoked command in '/home/unitree/navigation_ws/build/nav2_costmap_2d' returned '0': AMENT_PREFIX_PATH=/home/unitree/navigation_ws/install/nav2_map_server:/home/unitree/navigation_ws/install/nav2_lifecycle_manager:/home/unitree/navigation_ws/install/nav2_util:/home/unitree/navigation_ws/install/nav2_voxel_grid:/home/unitree/navigation_ws/install/nav2_msgs:/home/unitree/navigation_ws/install/nav2_common:${AMENT_PREFIX_PATH} CMAKE_PREFIX_PATH=/home/unitree/navigation_ws/install/nav2_map_server:/home/unitree/navigation_ws/install/nav2_lifecycle_manager:/home/unitree/navigation_ws/install/nav2_util:/home/unitree/navigation_ws/install/nav2_voxel_grid:/home/unitree/navigation_ws/install/nav2_msgs:/home/unitree/navigation_ws/install/nav2_common:/home/unitree/cyclonedds_ws/install/rmw_cyclonedds_cpp:/home/unitree/cyclonedds_ws/install/cyclonedds:/opt/ros/foxy LD_LIBRARY_PATH=/home/unitree/navigation_ws/install/nav2_map_server/lib:/home/unitree/navigation_ws/install/nav2_lifecycle_manager/lib:/home/unitree/navigation_ws/install/nav2_util/lib:/home/unitree/navigation_ws/install/nav2_voxel_grid/lib:/home/unitree/navigation_ws/install/nav2_msgs/lib:/usr/local/cuda-11.4/lib64:/usr/local/lib:/home/unitree/cyclonedds_ws/install/rmw_cyclonedds_cpp/lib:/home/unitree/cyclonedds_ws/install/cyclonedds/lib:/opt/ros/foxy/opt/yaml_cpp_vendor/lib:/opt/ros/foxy/opt/rviz_ogre_vendor/lib:/opt/ros/foxy/lib/aarch64-linux-gnu:/opt/ros/foxy/lib:/usr/local/cuda-11.4/lib64 PYTHONPATH=/home/unitree/navigation_ws/install/nav2_msgs/lib/python3.8/site-packages:/home/unitree/navigation_ws/install/nav2_common/lib/python3.8/site-packages:${PYTHONPATH} /usr/bin/cmake /home/unitree/navigation_ws/src/navigation2/nav2_costmap_2d -DAMENT_CMAKE_SYMLINK_INSTALL=1 -DCMAKE_INSTALL_PREFIX=/home/unitree/navigation_ws/install/nav2_costmap_2d
[421.103s] DEBUG:colcon.colcon_core.event_handler.log_command:Invoking command in '/home/unitree/navigation_ws/build/nav2_costmap_2d': AMENT_PREFIX_PATH=/home/unitree/navigation_ws/install/nav2_map_server:/home/unitree/navigation_ws/install/nav2_lifecycle_manager:/home/unitree/navigation_ws/install/nav2_util:/home/unitree/navigation_ws/install/nav2_voxel_grid:/home/unitree/navigation_ws/install/nav2_msgs:/home/unitree/navigation_ws/install/nav2_common:${AMENT_PREFIX_PATH} CMAKE_PREFIX_PATH=/home/unitree/navigation_ws/install/nav2_map_server:/home/unitree/navigation_ws/install/nav2_lifecycle_manager:/home/unitree/navigation_ws/install/nav2_util:/home/unitree/navigation_ws/install/nav2_voxel_grid:/home/unitree/navigation_ws/install/nav2_msgs:/home/unitree/navigation_ws/install/nav2_common:/home/unitree/cyclonedds_ws/install/rmw_cyclonedds_cpp:/home/unitree/cyclonedds_ws/install/cyclonedds:/opt/ros/foxy LD_LIBRARY_PATH=/home/unitree/navigation_ws/install/nav2_map_server/lib:/home/unitree/navigation_ws/install/nav2_lifecycle_manager/lib:/home/unitree/navigation_ws/install/nav2_util/lib:/home/unitree/navigation_ws/install/nav2_voxel_grid/lib:/home/unitree/navigation_ws/install/nav2_msgs/lib:/usr/local/cuda-11.4/lib64:/usr/local/lib:/home/unitree/cyclonedds_ws/install/rmw_cyclonedds_cpp/lib:/home/unitree/cyclonedds_ws/install/cyclonedds/lib:/opt/ros/foxy/opt/yaml_cpp_vendor/lib:/opt/ros/foxy/opt/rviz_ogre_vendor/lib:/opt/ros/foxy/lib/aarch64-linux-gnu:/opt/ros/foxy/lib:/usr/local/cuda-11.4/lib64 PYTHONPATH=/home/unitree/navigation_ws/install/nav2_msgs/lib/python3.8/site-packages:/home/unitree/navigation_ws/install/nav2_common/lib/python3.8/site-packages:${PYTHONPATH} /usr/bin/cmake --build /home/unitree/navigation_ws/build/nav2_costmap_2d -- -j8 -l8
[528.291s] DEBUG:colcon.colcon_core.event_handler.log_command:Invoked command in '/home/unitree/navigation_ws/build/nav2_behavior_tree' returned '0': AMENT_PREFIX_PATH=/home/unitree/navigation_ws/install/nav2_util:/home/unitree/navigation_ws/install/nav2_msgs:/home/unitree/navigation_ws/install/nav2_common:${AMENT_PREFIX_PATH} CMAKE_PREFIX_PATH=/home/unitree/navigation_ws/install/nav2_util:/home/unitree/navigation_ws/install/nav2_msgs:/home/unitree/navigation_ws/install/nav2_common:/home/unitree/cyclonedds_ws/install/rmw_cyclonedds_cpp:/home/unitree/cyclonedds_ws/install/cyclonedds:/opt/ros/foxy LD_LIBRARY_PATH=/home/unitree/navigation_ws/install/nav2_util/lib:/home/unitree/navigation_ws/install/nav2_msgs/lib:/usr/local/cuda-11.4/lib64:/usr/local/lib:/home/unitree/cyclonedds_ws/install/rmw_cyclonedds_cpp/lib:/home/unitree/cyclonedds_ws/install/cyclonedds/lib:/opt/ros/foxy/opt/yaml_cpp_vendor/lib:/opt/ros/foxy/opt/rviz_ogre_vendor/lib:/opt/ros/foxy/lib/aarch64-linux-gnu:/opt/ros/foxy/lib:/usr/local/cuda-11.4/lib64 PYTHONPATH=/home/unitree/navigation_ws/install/nav2_msgs/lib/python3.8/site-packages:/home/unitree/navigation_ws/install/nav2_common/lib/python3.8/site-packages:${PYTHONPATH} /usr/bin/cmake --build /home/unitree/navigation_ws/build/nav2_behavior_tree -- -j8 -l8
[528.480s] DEBUG:colcon.colcon_core.event_handler.log_command:Invoking command in '/home/unitree/navigation_ws/build/nav2_behavior_tree': AMENT_PREFIX_PATH=/home/unitree/navigation_ws/install/nav2_util:/home/unitree/navigation_ws/install/nav2_msgs:/home/unitree/navigation_ws/install/nav2_common:${AMENT_PREFIX_PATH} CMAKE_PREFIX_PATH=/home/unitree/navigation_ws/install/nav2_util:/home/unitree/navigation_ws/install/nav2_msgs:/home/unitree/navigation_ws/install/nav2_common:/home/unitree/cyclonedds_ws/install/rmw_cyclonedds_cpp:/home/unitree/cyclonedds_ws/install/cyclonedds:/opt/ros/foxy LD_LIBRARY_PATH=/home/unitree/navigation_ws/install/nav2_util/lib:/home/unitree/navigation_ws/install/nav2_msgs/lib:/usr/local/cuda-11.4/lib64:/usr/local/lib:/home/unitree/cyclonedds_ws/install/rmw_cyclonedds_cpp/lib:/home/unitree/cyclonedds_ws/install/cyclonedds/lib:/opt/ros/foxy/opt/yaml_cpp_vendor/lib:/opt/ros/foxy/opt/rviz_ogre_vendor/lib:/opt/ros/foxy/lib/aarch64-linux-gnu:/opt/ros/foxy/lib:/usr/local/cuda-11.4/lib64 PYTHONPATH=/home/unitree/navigation_ws/install/nav2_msgs/lib/python3.8/site-packages:/home/unitree/navigation_ws/install/nav2_common/lib/python3.8/site-packages:${PYTHONPATH} /usr/bin/cmake --install /home/unitree/navigation_ws/build/nav2_behavior_tree
[531.518s] Level 1:colcon.colcon_core.environment:create_environment_scripts_only(nav2_behavior_tree)
[531.520s] Level 1:colcon.colcon_core.environment:checking '/home/unitree/navigation_ws/install/nav2_behavior_tree' for CMake module files
[531.521s] Level 1:colcon.colcon_core.environment:checking '/home/unitree/navigation_ws/install/nav2_behavior_tree' for CMake config files
[531.522s] Level 1:colcon.colcon_core.shell:create_environment_hook('nav2_behavior_tree', 'cmake_prefix_path')
[531.523s] INFO:colcon.colcon_core.shell:Creating environment hook '/home/unitree/navigation_ws/install/nav2_behavior_tree/share/nav2_behavior_tree/hook/cmake_prefix_path.ps1'
[531.524s] INFO:colcon.colcon_core.shell:Creating environment descriptor '/home/unitree/navigation_ws/install/nav2_behavior_tree/share/nav2_behavior_tree/hook/cmake_prefix_path.dsv'
[531.525s] INFO:colcon.colcon_core.shell:Creating environment hook '/home/unitree/navigation_ws/install/nav2_behavior_tree/share/nav2_behavior_tree/hook/cmake_prefix_path.sh'
[531.526s] Level 1:colcon.colcon_core.environment:checking '/home/unitree/navigation_ws/install/nav2_behavior_tree/lib'
[531.526s] Level 1:colcon.colcon_core.shell:create_environment_hook('nav2_behavior_tree', 'ld_library_path_lib')
[531.526s] INFO:colcon.colcon_core.shell:Creating environment hook '/home/unitree/navigation_ws/install/nav2_behavior_tree/share/nav2_behavior_tree/hook/ld_library_path_lib.ps1'
[531.527s] INFO:colcon.colcon_core.shell:Creating environment descriptor '/home/unitree/navigation_ws/install/nav2_behavior_tree/share/nav2_behavior_tree/hook/ld_library_path_lib.dsv'
[531.528s] INFO:colcon.colcon_core.shell:Creating environment hook '/home/unitree/navigation_ws/install/nav2_behavior_tree/share/nav2_behavior_tree/hook/ld_library_path_lib.sh'
[531.528s] Level 1:colcon.colcon_core.environment:checking '/home/unitree/navigation_ws/install/nav2_behavior_tree/bin'
[531.528s] Level 1:colcon.colcon_core.environment:checking '/home/unitree/navigation_ws/install/nav2_behavior_tree/lib/pkgconfig/nav2_behavior_tree.pc'
[531.529s] Level 1:colcon.colcon_core.environment:checking '/home/unitree/navigation_ws/install/nav2_behavior_tree/lib/python3.8/site-packages'
[531.529s] Level 1:colcon.colcon_core.environment:checking '/home/unitree/navigation_ws/install/nav2_behavior_tree/bin'
[531.530s] INFO:colcon.colcon_core.shell:Creating package script '/home/unitree/navigation_ws/install/nav2_behavior_tree/share/nav2_behavior_tree/package.ps1'
[531.532s] DEBUG:colcon.colcon_core.event_handler.log_command:Invoked command in '/home/unitree/navigation_ws/build/nav2_behavior_tree' returned '0': AMENT_PREFIX_PATH=/home/unitree/navigation_ws/install/nav2_util:/home/unitree/navigation_ws/install/nav2_msgs:/home/unitree/navigation_ws/install/nav2_common:${AMENT_PREFIX_PATH} CMAKE_PREFIX_PATH=/home/unitree/navigation_ws/install/nav2_util:/home/unitree/navigation_ws/install/nav2_msgs:/home/unitree/navigation_ws/install/nav2_common:/home/unitree/cyclonedds_ws/install/rmw_cyclonedds_cpp:/home/unitree/cyclonedds_ws/install/cyclonedds:/opt/ros/foxy LD_LIBRARY_PATH=/home/unitree/navigation_ws/install/nav2_util/lib:/home/unitree/navigation_ws/install/nav2_msgs/lib:/usr/local/cuda-11.4/lib64:/usr/local/lib:/home/unitree/cyclonedds_ws/install/rmw_cyclonedds_cpp/lib:/home/unitree/cyclonedds_ws/install/cyclonedds/lib:/opt/ros/foxy/opt/yaml_cpp_vendor/lib:/opt/ros/foxy/opt/rviz_ogre_vendor/lib:/opt/ros/foxy/lib/aarch64-linux-gnu:/opt/ros/foxy/lib:/usr/local/cuda-11.4/lib64 PYTHONPATH=/home/unitree/navigation_ws/install/nav2_msgs/lib/python3.8/site-packages:/home/unitree/navigation_ws/install/nav2_common/lib/python3.8/site-packages:${PYTHONPATH} /usr/bin/cmake --install /home/unitree/navigation_ws/build/nav2_behavior_tree
[531.533s] INFO:colcon.colcon_core.shell:Creating package descriptor '/home/unitree/navigation_ws/install/nav2_behavior_tree/share/nav2_behavior_tree/package.dsv'
[531.534s] INFO:colcon.colcon_core.shell:Creating package script '/home/unitree/navigation_ws/install/nav2_behavior_tree/share/nav2_behavior_tree/package.sh'
[531.535s] INFO:colcon.colcon_core.shell:Creating package script '/home/unitree/navigation_ws/install/nav2_behavior_tree/share/nav2_behavior_tree/package.bash'
[531.535s] INFO:colcon.colcon_core.shell:Creating package script '/home/unitree/navigation_ws/install/nav2_behavior_tree/share/nav2_behavior_tree/package.zsh'
[531.536s] Level 1:colcon.colcon_core.environment:create_file_with_runtime_dependencies(/home/unitree/navigation_ws/install/nav2_behavior_tree/share/colcon-core/packages/nav2_behavior_tree)
[534.015s] Level 1:colcon.colcon_core.environment:create_environment_scripts_only(nav2_behavior_tree)
[534.016s] Level 1:colcon.colcon_core.environment:checking '/home/unitree/navigation_ws/install/nav2_behavior_tree' for CMake module files
[534.017s] Level 1:colcon.colcon_core.environment:checking '/home/unitree/navigation_ws/install/nav2_behavior_tree' for CMake config files
[534.018s] Level 1:colcon.colcon_core.shell:create_environment_hook('nav2_behavior_tree', 'cmake_prefix_path')
[534.018s] INFO:colcon.colcon_core.shell:Creating environment hook '/home/unitree/navigation_ws/install/nav2_behavior_tree/share/nav2_behavior_tree/hook/cmake_prefix_path.ps1'
[534.020s] INFO:colcon.colcon_core.shell:Creating environment descriptor '/home/unitree/navigation_ws/install/nav2_behavior_tree/share/nav2_behavior_tree/hook/cmake_prefix_path.dsv'
[534.020s] INFO:colcon.colcon_core.shell:Creating environment hook '/home/unitree/navigation_ws/install/nav2_behavior_tree/share/nav2_behavior_tree/hook/cmake_prefix_path.sh'
[534.022s] Level 1:colcon.colcon_core.environment:checking '/home/unitree/navigation_ws/install/nav2_behavior_tree/lib'
[534.022s] Level 1:colcon.colcon_core.shell:create_environment_hook('nav2_behavior_tree', 'ld_library_path_lib')
[534.023s] INFO:colcon.colcon_core.shell:Creating environment hook '/home/unitree/navigation_ws/install/nav2_behavior_tree/share/nav2_behavior_tree/hook/ld_library_path_lib.ps1'
[534.023s] INFO:colcon.colcon_core.shell:Creating environment descriptor '/home/unitree/navigation_ws/install/nav2_behavior_tree/share/nav2_behavior_tree/hook/ld_library_path_lib.dsv'
[534.024s] INFO:colcon.colcon_core.shell:Creating environment hook '/home/unitree/navigation_ws/install/nav2_behavior_tree/share/nav2_behavior_tree/hook/ld_library_path_lib.sh'
[534.025s] Level 1:colcon.colcon_core.environment:checking '/home/unitree/navigation_ws/install/nav2_behavior_tree/bin'
[534.025s] Level 1:colcon.colcon_core.environment:checking '/home/unitree/navigation_ws/install/nav2_behavior_tree/lib/pkgconfig/nav2_behavior_tree.pc'
[534.026s] Level 1:colcon.colcon_core.environment:checking '/home/unitree/navigation_ws/install/nav2_behavior_tree/lib/python3.8/site-packages'
[534.026s] Level 1:colcon.colcon_core.environment:checking '/home/unitree/navigation_ws/install/nav2_behavior_tree/bin'
[534.040s] INFO:colcon.colcon_core.shell:Creating package script '/home/unitree/navigation_ws/install/nav2_behavior_tree/share/nav2_behavior_tree/package.ps1'
[534.042s] INFO:colcon.colcon_core.shell:Creating package descriptor '/home/unitree/navigation_ws/install/nav2_behavior_tree/share/nav2_behavior_tree/package.dsv'
[534.044s] INFO:colcon.colcon_core.shell:Creating package script '/home/unitree/navigation_ws/install/nav2_behavior_tree/share/nav2_behavior_tree/package.sh'
[534.045s] INFO:colcon.colcon_core.shell:Creating package script '/home/unitree/navigation_ws/install/nav2_behavior_tree/share/nav2_behavior_tree/package.bash'
[534.046s] INFO:colcon.colcon_core.shell:Creating package script '/home/unitree/navigation_ws/install/nav2_behavior_tree/share/nav2_behavior_tree/package.zsh'
[534.047s] Level 1:colcon.colcon_core.environment:create_file_with_runtime_dependencies(/home/unitree/navigation_ws/install/nav2_behavior_tree/share/colcon-core/packages/nav2_behavior_tree)
[534.049s] INFO:colcon.colcon_ros.task.ament_cmake.build:Building ROS package in '/home/unitree/navigation_ws/src/navigation2/nav2_bt_navigator' with build type 'ament_cmake'
[534.050s] INFO:colcon.colcon_cmake.task.cmake.build:Building CMake package in '/home/unitree/navigation_ws/src/navigation2/nav2_bt_navigator'
[534.050s] INFO:colcon.colcon_core.shell:Skip shell extension 'powershell' for command environment: Not usable outside of PowerShell
[534.050s] DEBUG:colcon.colcon_core.shell:Skip shell extension 'dsv' for command environment
[534.288s] DEBUG:colcon.colcon_core.event_handler.log_command:Invoking command in '/home/unitree/navigation_ws/build/nav2_bt_navigator': AMENT_PREFIX_PATH=/home/unitree/navigation_ws/install/nav2_behavior_tree:/home/unitree/navigation_ws/install/nav2_util:/home/unitree/navigation_ws/install/nav2_msgs:/home/unitree/navigation_ws/install/nav2_common:${AMENT_PREFIX_PATH} CMAKE_PREFIX_PATH=/home/unitree/navigation_ws/install/nav2_behavior_tree:/home/unitree/navigation_ws/install/nav2_util:/home/unitree/navigation_ws/install/nav2_msgs:/home/unitree/navigation_ws/install/nav2_common:/home/unitree/cyclonedds_ws/install/rmw_cyclonedds_cpp:/home/unitree/cyclonedds_ws/install/cyclonedds:/opt/ros/foxy LD_LIBRARY_PATH=/home/unitree/navigation_ws/install/nav2_behavior_tree/lib:/home/unitree/navigation_ws/install/nav2_util/lib:/home/unitree/navigation_ws/install/nav2_msgs/lib:/usr/local/cuda-11.4/lib64:/usr/local/lib:/home/unitree/cyclonedds_ws/install/rmw_cyclonedds_cpp/lib:/home/unitree/cyclonedds_ws/install/cyclonedds/lib:/opt/ros/foxy/opt/yaml_cpp_vendor/lib:/opt/ros/foxy/opt/rviz_ogre_vendor/lib:/opt/ros/foxy/lib/aarch64-linux-gnu:/opt/ros/foxy/lib:/usr/local/cuda-11.4/lib64 PYTHONPATH=/home/unitree/navigation_ws/install/nav2_msgs/lib/python3.8/site-packages:/home/unitree/navigation_ws/install/nav2_common/lib/python3.8/site-packages:${PYTHONPATH} /usr/bin/cmake /home/unitree/navigation_ws/src/navigation2/nav2_bt_navigator -DAMENT_CMAKE_SYMLINK_INSTALL=1 -DCMAKE_INSTALL_PREFIX=/home/unitree/navigation_ws/install/nav2_bt_navigator
[543.549s] DEBUG:colcon.colcon_core.event_handler.log_command:Invoked command in '/home/unitree/navigation_ws/build/nav2_bt_navigator' returned '0': AMENT_PREFIX_PATH=/home/unitree/navigation_ws/install/nav2_behavior_tree:/home/unitree/navigation_ws/install/nav2_util:/home/unitree/navigation_ws/install/nav2_msgs:/home/unitree/navigation_ws/install/nav2_common:${AMENT_PREFIX_PATH} CMAKE_PREFIX_PATH=/home/unitree/navigation_ws/install/nav2_behavior_tree:/home/unitree/navigation_ws/install/nav2_util:/home/unitree/navigation_ws/install/nav2_msgs:/home/unitree/navigation_ws/install/nav2_common:/home/unitree/cyclonedds_ws/install/rmw_cyclonedds_cpp:/home/unitree/cyclonedds_ws/install/cyclonedds:/opt/ros/foxy LD_LIBRARY_PATH=/home/unitree/navigation_ws/install/nav2_behavior_tree/lib:/home/unitree/navigation_ws/install/nav2_util/lib:/home/unitree/navigation_ws/install/nav2_msgs/lib:/usr/local/cuda-11.4/lib64:/usr/local/lib:/home/unitree/cyclonedds_ws/install/rmw_cyclonedds_cpp/lib:/home/unitree/cyclonedds_ws/install/cyclonedds/lib:/opt/ros/foxy/opt/yaml_cpp_vendor/lib:/opt/ros/foxy/opt/rviz_ogre_vendor/lib:/opt/ros/foxy/lib/aarch64-linux-gnu:/opt/ros/foxy/lib:/usr/local/cuda-11.4/lib64 PYTHONPATH=/home/unitree/navigation_ws/install/nav2_msgs/lib/python3.8/site-packages:/home/unitree/navigation_ws/install/nav2_common/lib/python3.8/site-packages:${PYTHONPATH} /usr/bin/cmake /home/unitree/navigation_ws/src/navigation2/nav2_bt_navigator -DAMENT_CMAKE_SYMLINK_INSTALL=1 -DCMAKE_INSTALL_PREFIX=/home/unitree/navigation_ws/install/nav2_bt_navigator
[543.555s] DEBUG:colcon.colcon_core.event_handler.log_command:Invoking command in '/home/unitree/navigation_ws/build/nav2_bt_navigator': AMENT_PREFIX_PATH=/home/unitree/navigation_ws/install/nav2_behavior_tree:/home/unitree/navigation_ws/install/nav2_util:/home/unitree/navigation_ws/install/nav2_msgs:/home/unitree/navigation_ws/install/nav2_common:${AMENT_PREFIX_PATH} CMAKE_PREFIX_PATH=/home/unitree/navigation_ws/install/nav2_behavior_tree:/home/unitree/navigation_ws/install/nav2_util:/home/unitree/navigation_ws/install/nav2_msgs:/home/unitree/navigation_ws/install/nav2_common:/home/unitree/cyclonedds_ws/install/rmw_cyclonedds_cpp:/home/unitree/cyclonedds_ws/install/cyclonedds:/opt/ros/foxy LD_LIBRARY_PATH=/home/unitree/navigation_ws/install/nav2_behavior_tree/lib:/home/unitree/navigation_ws/install/nav2_util/lib:/home/unitree/navigation_ws/install/nav2_msgs/lib:/usr/local/cuda-11.4/lib64:/usr/local/lib:/home/unitree/cyclonedds_ws/install/rmw_cyclonedds_cpp/lib:/home/unitree/cyclonedds_ws/install/cyclonedds/lib:/opt/ros/foxy/opt/yaml_cpp_vendor/lib:/opt/ros/foxy/opt/rviz_ogre_vendor/lib:/opt/ros/foxy/lib/aarch64-linux-gnu:/opt/ros/foxy/lib:/usr/local/cuda-11.4/lib64 PYTHONPATH=/home/unitree/navigation_ws/install/nav2_msgs/lib/python3.8/site-packages:/home/unitree/navigation_ws/install/nav2_common/lib/python3.8/site-packages:${PYTHONPATH} /usr/bin/cmake --build /home/unitree/navigation_ws/build/nav2_bt_navigator -- -j8 -l8
[546.317s] DEBUG:colcon.colcon_core.event_handler.log_command:Invoked command in '/home/unitree/navigation_ws/build/behaviortree_cpp' returned '0': CMAKE_PREFIX_PATH=${CMAKE_PREFIX_PATH}:/opt/ros/foxy /usr/bin/cmake --build /home/unitree/navigation_ws/build/behaviortree_cpp -- -j8 -l8
[546.551s] DEBUG:colcon.colcon_core.event_handler.log_command:Invoking command in '/home/unitree/navigation_ws/build/behaviortree_cpp': CMAKE_PREFIX_PATH=${CMAKE_PREFIX_PATH}:/opt/ros/foxy /usr/bin/cmake --install /home/unitree/navigation_ws/build/behaviortree_cpp
[547.208s] Level 1:colcon.colcon_core.environment:create_environment_scripts_only(behaviortree_cpp)
[547.209s] Level 1:colcon.colcon_core.environment:checking '/home/unitree/navigation_ws/install/behaviortree_cpp' for CMake module files
[547.210s] DEBUG:colcon.colcon_core.event_handler.log_command:Invoked command in '/home/unitree/navigation_ws/build/behaviortree_cpp' returned '0': CMAKE_PREFIX_PATH=${CMAKE_PREFIX_PATH}:/opt/ros/foxy /usr/bin/cmake --install /home/unitree/navigation_ws/build/behaviortree_cpp
[547.210s] Level 1:colcon.colcon_core.environment:checking '/home/unitree/navigation_ws/install/behaviortree_cpp' for CMake config files
[547.211s] Level 1:colcon.colcon_core.shell:create_environment_hook('behaviortree_cpp', 'cmake_prefix_path')
[547.211s] INFO:colcon.colcon_core.shell:Creating environment hook '/home/unitree/navigation_ws/install/behaviortree_cpp/share/behaviortree_cpp/hook/cmake_prefix_path.ps1'
[547.213s] INFO:colcon.colcon_core.shell:Creating environment descriptor '/home/unitree/navigation_ws/install/behaviortree_cpp/share/behaviortree_cpp/hook/cmake_prefix_path.dsv'
[547.214s] INFO:colcon.colcon_core.shell:Creating environment hook '/home/unitree/navigation_ws/install/behaviortree_cpp/share/behaviortree_cpp/hook/cmake_prefix_path.sh'
[547.215s] Level 1:colcon.colcon_core.environment:checking '/home/unitree/navigation_ws/install/behaviortree_cpp/lib'
[547.215s] Level 1:colcon.colcon_core.shell:create_environment_hook('behaviortree_cpp', 'ld_library_path_lib')
[547.215s] INFO:colcon.colcon_core.shell:Creating environment hook '/home/unitree/navigation_ws/install/behaviortree_cpp/share/behaviortree_cpp/hook/ld_library_path_lib.ps1'
[547.216s] INFO:colcon.colcon_core.shell:Creating environment descriptor '/home/unitree/navigation_ws/install/behaviortree_cpp/share/behaviortree_cpp/hook/ld_library_path_lib.dsv'
[547.217s] INFO:colcon.colcon_core.shell:Creating environment hook '/home/unitree/navigation_ws/install/behaviortree_cpp/share/behaviortree_cpp/hook/ld_library_path_lib.sh'
[547.217s] Level 1:colcon.colcon_core.environment:checking '/home/unitree/navigation_ws/install/behaviortree_cpp/bin'
[547.217s] Level 1:colcon.colcon_core.shell:create_environment_hook('behaviortree_cpp', 'path')
[547.218s] INFO:colcon.colcon_core.shell:Creating environment hook '/home/unitree/navigation_ws/install/behaviortree_cpp/share/behaviortree_cpp/hook/path.ps1'
[547.218s] INFO:colcon.colcon_core.shell:Creating environment descriptor '/home/unitree/navigation_ws/install/behaviortree_cpp/share/behaviortree_cpp/hook/path.dsv'
[547.219s] INFO:colcon.colcon_core.shell:Creating environment hook '/home/unitree/navigation_ws/install/behaviortree_cpp/share/behaviortree_cpp/hook/path.sh'
[547.219s] Level 1:colcon.colcon_core.environment:checking '/home/unitree/navigation_ws/install/behaviortree_cpp/lib/pkgconfig/behaviortree_cpp.pc'
[547.219s] Level 1:colcon.colcon_core.environment:checking '/home/unitree/navigation_ws/install/behaviortree_cpp/lib/python3.8/site-packages'
[547.220s] Level 1:colcon.colcon_core.environment:checking '/home/unitree/navigation_ws/install/behaviortree_cpp/bin'
[547.220s] Level 1:colcon.colcon_core.shell:create_environment_hook('behaviortree_cpp', 'pythonscriptspath')
[547.220s] INFO:colcon.colcon_core.shell:Creating environment hook '/home/unitree/navigation_ws/install/behaviortree_cpp/share/behaviortree_cpp/hook/pythonscriptspath.ps1'
[547.221s] INFO:colcon.colcon_core.shell:Creating environment descriptor '/home/unitree/navigation_ws/install/behaviortree_cpp/share/behaviortree_cpp/hook/pythonscriptspath.dsv'
[547.221s] INFO:colcon.colcon_core.shell:Creating environment hook '/home/unitree/navigation_ws/install/behaviortree_cpp/share/behaviortree_cpp/hook/pythonscriptspath.sh'
[547.222s] INFO:colcon.colcon_core.shell:Creating package script '/home/unitree/navigation_ws/install/behaviortree_cpp/share/behaviortree_cpp/package.ps1'
[547.223s] INFO:colcon.colcon_core.shell:Creating package descriptor '/home/unitree/navigation_ws/install/behaviortree_cpp/share/behaviortree_cpp/package.dsv'
[547.224s] INFO:colcon.colcon_core.shell:Creating package script '/home/unitree/navigation_ws/install/behaviortree_cpp/share/behaviortree_cpp/package.sh'
[547.225s] INFO:colcon.colcon_core.shell:Creating package script '/home/unitree/navigation_ws/install/behaviortree_cpp/share/behaviortree_cpp/package.bash'
[547.225s] INFO:colcon.colcon_core.shell:Creating package script '/home/unitree/navigation_ws/install/behaviortree_cpp/share/behaviortree_cpp/package.zsh'
[547.226s] Level 1:colcon.colcon_core.environment:create_file_with_runtime_dependencies(/home/unitree/navigation_ws/install/behaviortree_cpp/share/colcon-core/packages/behaviortree_cpp)
[547.452s] Level 1:colcon.colcon_core.environment:create_environment_scripts_only(behaviortree_cpp)
[547.453s] Level 1:colcon.colcon_core.environment:checking '/home/unitree/navigation_ws/install/behaviortree_cpp' for CMake module files
[547.454s] Level 1:colcon.colcon_core.environment:checking '/home/unitree/navigation_ws/install/behaviortree_cpp' for CMake config files
[547.455s] Level 1:colcon.colcon_core.shell:create_environment_hook('behaviortree_cpp', 'cmake_prefix_path')
[547.455s] INFO:colcon.colcon_core.shell:Creating environment hook '/home/unitree/navigation_ws/install/behaviortree_cpp/share/behaviortree_cpp/hook/cmake_prefix_path.ps1'
[547.457s] INFO:colcon.colcon_core.shell:Creating environment descriptor '/home/unitree/navigation_ws/install/behaviortree_cpp/share/behaviortree_cpp/hook/cmake_prefix_path.dsv'
[547.457s] INFO:colcon.colcon_core.shell:Creating environment hook '/home/unitree/navigation_ws/install/behaviortree_cpp/share/behaviortree_cpp/hook/cmake_prefix_path.sh'
[547.459s] Level 1:colcon.colcon_core.environment:checking '/home/unitree/navigation_ws/install/behaviortree_cpp/lib'
[547.459s] Level 1:colcon.colcon_core.shell:create_environment_hook('behaviortree_cpp', 'ld_library_path_lib')
[547.459s] INFO:colcon.colcon_core.shell:Creating environment hook '/home/unitree/navigation_ws/install/behaviortree_cpp/share/behaviortree_cpp/hook/ld_library_path_lib.ps1'
[547.460s] INFO:colcon.colcon_core.shell:Creating environment descriptor '/home/unitree/navigation_ws/install/behaviortree_cpp/share/behaviortree_cpp/hook/ld_library_path_lib.dsv'
[547.460s] INFO:colcon.colcon_core.shell:Creating environment hook '/home/unitree/navigation_ws/install/behaviortree_cpp/share/behaviortree_cpp/hook/ld_library_path_lib.sh'
[547.461s] Level 1:colcon.colcon_core.environment:checking '/home/unitree/navigation_ws/install/behaviortree_cpp/bin'
[547.461s] Level 1:colcon.colcon_core.shell:create_environment_hook('behaviortree_cpp', 'path')
[547.461s] INFO:colcon.colcon_core.shell:Creating environment hook '/home/unitree/navigation_ws/install/behaviortree_cpp/share/behaviortree_cpp/hook/path.ps1'
[547.462s] INFO:colcon.colcon_core.shell:Creating environment descriptor '/home/unitree/navigation_ws/install/behaviortree_cpp/share/behaviortree_cpp/hook/path.dsv'
[547.463s] INFO:colcon.colcon_core.shell:Creating environment hook '/home/unitree/navigation_ws/install/behaviortree_cpp/share/behaviortree_cpp/hook/path.sh'
[547.463s] Level 1:colcon.colcon_core.environment:checking '/home/unitree/navigation_ws/install/behaviortree_cpp/lib/pkgconfig/behaviortree_cpp.pc'
[547.464s] Level 1:colcon.colcon_core.environment:checking '/home/unitree/navigation_ws/install/behaviortree_cpp/lib/python3.8/site-packages'
[547.464s] Level 1:colcon.colcon_core.environment:checking '/home/unitree/navigation_ws/install/behaviortree_cpp/bin'
[547.464s] Level 1:colcon.colcon_core.shell:create_environment_hook('behaviortree_cpp', 'pythonscriptspath')
[547.464s] INFO:colcon.colcon_core.shell:Creating environment hook '/home/unitree/navigation_ws/install/behaviortree_cpp/share/behaviortree_cpp/hook/pythonscriptspath.ps1'
[547.465s] INFO:colcon.colcon_core.shell:Creating environment descriptor '/home/unitree/navigation_ws/install/behaviortree_cpp/share/behaviortree_cpp/hook/pythonscriptspath.dsv'
[547.466s] INFO:colcon.colcon_core.shell:Creating environment hook '/home/unitree/navigation_ws/install/behaviortree_cpp/share/behaviortree_cpp/hook/pythonscriptspath.sh'
[547.467s] INFO:colcon.colcon_core.shell:Creating package script '/home/unitree/navigation_ws/install/behaviortree_cpp/share/behaviortree_cpp/package.ps1'
[547.469s] INFO:colcon.colcon_core.shell:Creating package descriptor '/home/unitree/navigation_ws/install/behaviortree_cpp/share/behaviortree_cpp/package.dsv'
[547.470s] INFO:colcon.colcon_core.shell:Creating package script '/home/unitree/navigation_ws/install/behaviortree_cpp/share/behaviortree_cpp/package.sh'
[547.471s] INFO:colcon.colcon_core.shell:Creating package script '/home/unitree/navigation_ws/install/behaviortree_cpp/share/behaviortree_cpp/package.bash'
[547.472s] INFO:colcon.colcon_core.shell:Creating package script '/home/unitree/navigation_ws/install/behaviortree_cpp/share/behaviortree_cpp/package.zsh'
[547.473s] Level 1:colcon.colcon_core.environment:create_file_with_runtime_dependencies(/home/unitree/navigation_ws/install/behaviortree_cpp/share/colcon-core/packages/behaviortree_cpp)
[581.557s] DEBUG:colcon.colcon_core.event_handler.log_command:Invoked command in '/home/unitree/navigation_ws/build/nav2_costmap_2d' returned '0': AMENT_PREFIX_PATH=/home/unitree/navigation_ws/install/nav2_map_server:/home/unitree/navigation_ws/install/nav2_lifecycle_manager:/home/unitree/navigation_ws/install/nav2_util:/home/unitree/navigation_ws/install/nav2_voxel_grid:/home/unitree/navigation_ws/install/nav2_msgs:/home/unitree/navigation_ws/install/nav2_common:${AMENT_PREFIX_PATH} CMAKE_PREFIX_PATH=/home/unitree/navigation_ws/install/nav2_map_server:/home/unitree/navigation_ws/install/nav2_lifecycle_manager:/home/unitree/navigation_ws/install/nav2_util:/home/unitree/navigation_ws/install/nav2_voxel_grid:/home/unitree/navigation_ws/install/nav2_msgs:/home/unitree/navigation_ws/install/nav2_common:/home/unitree/cyclonedds_ws/install/rmw_cyclonedds_cpp:/home/unitree/cyclonedds_ws/install/cyclonedds:/opt/ros/foxy LD_LIBRARY_PATH=/home/unitree/navigation_ws/install/nav2_map_server/lib:/home/unitree/navigation_ws/install/nav2_lifecycle_manager/lib:/home/unitree/navigation_ws/install/nav2_util/lib:/home/unitree/navigation_ws/install/nav2_voxel_grid/lib:/home/unitree/navigation_ws/install/nav2_msgs/lib:/usr/local/cuda-11.4/lib64:/usr/local/lib:/home/unitree/cyclonedds_ws/install/rmw_cyclonedds_cpp/lib:/home/unitree/cyclonedds_ws/install/cyclonedds/lib:/opt/ros/foxy/opt/yaml_cpp_vendor/lib:/opt/ros/foxy/opt/rviz_ogre_vendor/lib:/opt/ros/foxy/lib/aarch64-linux-gnu:/opt/ros/foxy/lib:/usr/local/cuda-11.4/lib64 PYTHONPATH=/home/unitree/navigation_ws/install/nav2_msgs/lib/python3.8/site-packages:/home/unitree/navigation_ws/install/nav2_common/lib/python3.8/site-packages:${PYTHONPATH} /usr/bin/cmake --build /home/unitree/navigation_ws/build/nav2_costmap_2d -- -j8 -l8
[581.678s] DEBUG:colcon.colcon_core.event_handler.log_command:Invoking command in '/home/unitree/navigation_ws/build/nav2_costmap_2d': AMENT_PREFIX_PATH=/home/unitree/navigation_ws/install/nav2_map_server:/home/unitree/navigation_ws/install/nav2_lifecycle_manager:/home/unitree/navigation_ws/install/nav2_util:/home/unitree/navigation_ws/install/nav2_voxel_grid:/home/unitree/navigation_ws/install/nav2_msgs:/home/unitree/navigation_ws/install/nav2_common:${AMENT_PREFIX_PATH} CMAKE_PREFIX_PATH=/home/unitree/navigation_ws/install/nav2_map_server:/home/unitree/navigation_ws/install/nav2_lifecycle_manager:/home/unitree/navigation_ws/install/nav2_util:/home/unitree/navigation_ws/install/nav2_voxel_grid:/home/unitree/navigation_ws/install/nav2_msgs:/home/unitree/navigation_ws/install/nav2_common:/home/unitree/cyclonedds_ws/install/rmw_cyclonedds_cpp:/home/unitree/cyclonedds_ws/install/cyclonedds:/opt/ros/foxy LD_LIBRARY_PATH=/home/unitree/navigation_ws/install/nav2_map_server/lib:/home/unitree/navigation_ws/install/nav2_lifecycle_manager/lib:/home/unitree/navigation_ws/install/nav2_util/lib:/home/unitree/navigation_ws/install/nav2_voxel_grid/lib:/home/unitree/navigation_ws/install/nav2_msgs/lib:/usr/local/cuda-11.4/lib64:/usr/local/lib:/home/unitree/cyclonedds_ws/install/rmw_cyclonedds_cpp/lib:/home/unitree/cyclonedds_ws/install/cyclonedds/lib:/opt/ros/foxy/opt/yaml_cpp_vendor/lib:/opt/ros/foxy/opt/rviz_ogre_vendor/lib:/opt/ros/foxy/lib/aarch64-linux-gnu:/opt/ros/foxy/lib:/usr/local/cuda-11.4/lib64 PYTHONPATH=/home/unitree/navigation_ws/install/nav2_msgs/lib/python3.8/site-packages:/home/unitree/navigation_ws/install/nav2_common/lib/python3.8/site-packages:${PYTHONPATH} /usr/bin/cmake --install /home/unitree/navigation_ws/build/nav2_costmap_2d
[582.743s] Level 1:colcon.colcon_core.environment:create_environment_scripts_only(nav2_costmap_2d)
[582.744s] Level 1:colcon.colcon_core.environment:checking '/home/unitree/navigation_ws/install/nav2_costmap_2d' for CMake module files
[582.745s] DEBUG:colcon.colcon_core.event_handler.log_command:Invoked command in '/home/unitree/navigation_ws/build/nav2_costmap_2d' returned '0': AMENT_PREFIX_PATH=/home/unitree/navigation_ws/install/nav2_map_server:/home/unitree/navigation_ws/install/nav2_lifecycle_manager:/home/unitree/navigation_ws/install/nav2_util:/home/unitree/navigation_ws/install/nav2_voxel_grid:/home/unitree/navigation_ws/install/nav2_msgs:/home/unitree/navigation_ws/install/nav2_common:${AMENT_PREFIX_PATH} CMAKE_PREFIX_PATH=/home/unitree/navigation_ws/install/nav2_map_server:/home/unitree/navigation_ws/install/nav2_lifecycle_manager:/home/unitree/navigation_ws/install/nav2_util:/home/unitree/navigation_ws/install/nav2_voxel_grid:/home/unitree/navigation_ws/install/nav2_msgs:/home/unitree/navigation_ws/install/nav2_common:/home/unitree/cyclonedds_ws/install/rmw_cyclonedds_cpp:/home/unitree/cyclonedds_ws/install/cyclonedds:/opt/ros/foxy LD_LIBRARY_PATH=/home/unitree/navigation_ws/install/nav2_map_server/lib:/home/unitree/navigation_ws/install/nav2_lifecycle_manager/lib:/home/unitree/navigation_ws/install/nav2_util/lib:/home/unitree/navigation_ws/install/nav2_voxel_grid/lib:/home/unitree/navigation_ws/install/nav2_msgs/lib:/usr/local/cuda-11.4/lib64:/usr/local/lib:/home/unitree/cyclonedds_ws/install/rmw_cyclonedds_cpp/lib:/home/unitree/cyclonedds_ws/install/cyclonedds/lib:/opt/ros/foxy/opt/yaml_cpp_vendor/lib:/opt/ros/foxy/opt/rviz_ogre_vendor/lib:/opt/ros/foxy/lib/aarch64-linux-gnu:/opt/ros/foxy/lib:/usr/local/cuda-11.4/lib64 PYTHONPATH=/home/unitree/navigation_ws/install/nav2_msgs/lib/python3.8/site-packages:/home/unitree/navigation_ws/install/nav2_common/lib/python3.8/site-packages:${PYTHONPATH} /usr/bin/cmake --install /home/unitree/navigation_ws/build/nav2_costmap_2d
[582.746s] Level 1:colcon.colcon_core.environment:checking '/home/unitree/navigation_ws/install/nav2_costmap_2d' for CMake config files
[582.746s] Level 1:colcon.colcon_core.shell:create_environment_hook('nav2_costmap_2d', 'cmake_prefix_path')
[582.747s] INFO:colcon.colcon_core.shell:Creating environment hook '/home/unitree/navigation_ws/install/nav2_costmap_2d/share/nav2_costmap_2d/hook/cmake_prefix_path.ps1'
[582.748s] INFO:colcon.colcon_core.shell:Creating environment descriptor '/home/unitree/navigation_ws/install/nav2_costmap_2d/share/nav2_costmap_2d/hook/cmake_prefix_path.dsv'
[582.749s] INFO:colcon.colcon_core.shell:Creating environment hook '/home/unitree/navigation_ws/install/nav2_costmap_2d/share/nav2_costmap_2d/hook/cmake_prefix_path.sh'
[582.750s] Level 1:colcon.colcon_core.environment:checking '/home/unitree/navigation_ws/install/nav2_costmap_2d/lib'
[582.750s] Level 1:colcon.colcon_core.shell:create_environment_hook('nav2_costmap_2d', 'ld_library_path_lib')
[582.751s] INFO:colcon.colcon_core.shell:Creating environment hook '/home/unitree/navigation_ws/install/nav2_costmap_2d/share/nav2_costmap_2d/hook/ld_library_path_lib.ps1'
[582.751s] INFO:colcon.colcon_core.shell:Creating environment descriptor '/home/unitree/navigation_ws/install/nav2_costmap_2d/share/nav2_costmap_2d/hook/ld_library_path_lib.dsv'
[582.752s] INFO:colcon.colcon_core.shell:Creating environment hook '/home/unitree/navigation_ws/install/nav2_costmap_2d/share/nav2_costmap_2d/hook/ld_library_path_lib.sh'
[582.752s] Level 1:colcon.colcon_core.environment:checking '/home/unitree/navigation_ws/install/nav2_costmap_2d/bin'
[582.752s] Level 1:colcon.colcon_core.environment:checking '/home/unitree/navigation_ws/install/nav2_costmap_2d/lib/pkgconfig/nav2_costmap_2d.pc'
[582.753s] Level 1:colcon.colcon_core.environment:checking '/home/unitree/navigation_ws/install/nav2_costmap_2d/lib/python3.8/site-packages'
[582.753s] Level 1:colcon.colcon_core.environment:checking '/home/unitree/navigation_ws/install/nav2_costmap_2d/bin'
[582.754s] INFO:colcon.colcon_core.shell:Creating package script '/home/unitree/navigation_ws/install/nav2_costmap_2d/share/nav2_costmap_2d/package.ps1'
[582.755s] INFO:colcon.colcon_core.shell:Creating package descriptor '/home/unitree/navigation_ws/install/nav2_costmap_2d/share/nav2_costmap_2d/package.dsv'
[582.755s] INFO:colcon.colcon_core.shell:Creating package script '/home/unitree/navigation_ws/install/nav2_costmap_2d/share/nav2_costmap_2d/package.sh'
[582.756s] INFO:colcon.colcon_core.shell:Creating package script '/home/unitree/navigation_ws/install/nav2_costmap_2d/share/nav2_costmap_2d/package.bash'
[582.757s] INFO:colcon.colcon_core.shell:Creating package script '/home/unitree/navigation_ws/install/nav2_costmap_2d/share/nav2_costmap_2d/package.zsh'
[582.757s] Level 1:colcon.colcon_core.environment:create_file_with_runtime_dependencies(/home/unitree/navigation_ws/install/nav2_costmap_2d/share/colcon-core/packages/nav2_costmap_2d)
[582.870s] Level 1:colcon.colcon_core.environment:create_environment_scripts_only(nav2_costmap_2d)
[582.871s] Level 1:colcon.colcon_core.environment:checking '/home/unitree/navigation_ws/install/nav2_costmap_2d' for CMake module files
[582.873s] Level 1:colcon.colcon_core.environment:checking '/home/unitree/navigation_ws/install/nav2_costmap_2d' for CMake config files
[582.875s] Level 1:colcon.colcon_core.shell:create_environment_hook('nav2_costmap_2d', 'cmake_prefix_path')
[582.875s] INFO:colcon.colcon_core.shell:Creating environment hook '/home/unitree/navigation_ws/install/nav2_costmap_2d/share/nav2_costmap_2d/hook/cmake_prefix_path.ps1'
[582.878s] INFO:colcon.colcon_core.shell:Creating environment descriptor '/home/unitree/navigation_ws/install/nav2_costmap_2d/share/nav2_costmap_2d/hook/cmake_prefix_path.dsv'
[582.879s] INFO:colcon.colcon_core.shell:Creating environment hook '/home/unitree/navigation_ws/install/nav2_costmap_2d/share/nav2_costmap_2d/hook/cmake_prefix_path.sh'
[582.881s] Level 1:colcon.colcon_core.environment:checking '/home/unitree/navigation_ws/install/nav2_costmap_2d/lib'
[582.881s] Level 1:colcon.colcon_core.shell:create_environment_hook('nav2_costmap_2d', 'ld_library_path_lib')
[582.881s] INFO:colcon.colcon_core.shell:Creating environment hook '/home/unitree/navigation_ws/install/nav2_costmap_2d/share/nav2_costmap_2d/hook/ld_library_path_lib.ps1'
[582.882s] INFO:colcon.colcon_core.shell:Creating environment descriptor '/home/unitree/navigation_ws/install/nav2_costmap_2d/share/nav2_costmap_2d/hook/ld_library_path_lib.dsv'
[582.883s] INFO:colcon.colcon_core.shell:Creating environment hook '/home/unitree/navigation_ws/install/nav2_costmap_2d/share/nav2_costmap_2d/hook/ld_library_path_lib.sh'
[582.884s] Level 1:colcon.colcon_core.environment:checking '/home/unitree/navigation_ws/install/nav2_costmap_2d/bin'
[582.884s] Level 1:colcon.colcon_core.environment:checking '/home/unitree/navigation_ws/install/nav2_costmap_2d/lib/pkgconfig/nav2_costmap_2d.pc'
[582.885s] Level 1:colcon.colcon_core.environment:checking '/home/unitree/navigation_ws/install/nav2_costmap_2d/lib/python3.8/site-packages'
[582.885s] Level 1:colcon.colcon_core.environment:checking '/home/unitree/navigation_ws/install/nav2_costmap_2d/bin'
[582.886s] INFO:colcon.colcon_core.shell:Creating package script '/home/unitree/navigation_ws/install/nav2_costmap_2d/share/nav2_costmap_2d/package.ps1'
[582.887s] INFO:colcon.colcon_core.shell:Creating package descriptor '/home/unitree/navigation_ws/install/nav2_costmap_2d/share/nav2_costmap_2d/package.dsv'
[582.889s] INFO:colcon.colcon_core.shell:Creating package script '/home/unitree/navigation_ws/install/nav2_costmap_2d/share/nav2_costmap_2d/package.sh'
[582.890s] INFO:colcon.colcon_core.shell:Creating package script '/home/unitree/navigation_ws/install/nav2_costmap_2d/share/nav2_costmap_2d/package.bash'
[582.890s] INFO:colcon.colcon_core.shell:Creating package script '/home/unitree/navigation_ws/install/nav2_costmap_2d/share/nav2_costmap_2d/package.zsh'
[582.891s] Level 1:colcon.colcon_core.environment:create_file_with_runtime_dependencies(/home/unitree/navigation_ws/install/nav2_costmap_2d/share/colcon-core/packages/nav2_costmap_2d)
[582.892s] INFO:colcon.colcon_ros.task.ament_cmake.build:Building ROS package in '/home/unitree/navigation_ws/src/navigation2/nav2_core' with build type 'ament_cmake'
[582.893s] INFO:colcon.colcon_cmake.task.cmake.build:Building CMake package in '/home/unitree/navigation_ws/src/navigation2/nav2_core'
[582.893s] INFO:colcon.colcon_core.shell:Skip shell extension 'powershell' for command environment: Not usable outside of PowerShell
[582.894s] DEBUG:colcon.colcon_core.shell:Skip shell extension 'dsv' for command environment
[582.906s] INFO:colcon.colcon_ros.task.ament_cmake.build:Building ROS package in '/home/unitree/navigation_ws/src/navigation2/nav2_dwb_controller/costmap_queue' with build type 'ament_cmake'
[582.907s] INFO:colcon.colcon_cmake.task.cmake.build:Building CMake package in '/home/unitree/navigation_ws/src/navigation2/nav2_dwb_controller/costmap_queue'
[582.908s] INFO:colcon.colcon_core.shell:Skip shell extension 'powershell' for command environment: Not usable outside of PowerShell
[582.908s] DEBUG:colcon.colcon_core.shell:Skip shell extension 'dsv' for command environment
[582.918s] INFO:colcon.colcon_ros.task.ament_cmake.build:Building ROS package in '/home/unitree/navigation_ws/src/autonomy/rm_autonomy' with build type 'ament_cmake'
[582.919s] INFO:colcon.colcon_cmake.task.cmake.build:Building CMake package in '/home/unitree/navigation_ws/src/autonomy/rm_autonomy'
[582.920s] INFO:colcon.colcon_core.shell:Skip shell extension 'powershell' for command environment: Not usable outside of PowerShell
[582.920s] DEBUG:colcon.colcon_core.shell:Skip shell extension 'dsv' for command environment
[582.938s] DEBUG:colcon.colcon_core.event_handler.log_command:Invoking command in '/home/unitree/navigation_ws/build/nav2_core': AMENT_PREFIX_PATH=/home/unitree/navigation_ws/install/nav2_costmap_2d:/home/unitree/navigation_ws/install/nav2_map_server:/home/unitree/navigation_ws/install/nav2_lifecycle_manager:/home/unitree/navigation_ws/install/nav2_util:/home/unitree/navigation_ws/install/nav2_voxel_grid:/home/unitree/navigation_ws/install/nav2_msgs:/home/unitree/navigation_ws/install/nav2_common:${AMENT_PREFIX_PATH} CMAKE_PREFIX_PATH=/home/unitree/navigation_ws/install/nav2_costmap_2d:/home/unitree/navigation_ws/install/nav2_map_server:/home/unitree/navigation_ws/install/nav2_lifecycle_manager:/home/unitree/navigation_ws/install/nav2_util:/home/unitree/navigation_ws/install/nav2_voxel_grid:/home/unitree/navigation_ws/install/nav2_msgs:/home/unitree/navigation_ws/install/nav2_common:/home/unitree/cyclonedds_ws/install/rmw_cyclonedds_cpp:/home/unitree/cyclonedds_ws/install/cyclonedds:/opt/ros/foxy LD_LIBRARY_PATH=/home/unitree/navigation_ws/install/nav2_costmap_2d/lib:/home/unitree/navigation_ws/install/nav2_map_server/lib:/home/unitree/navigation_ws/install/nav2_lifecycle_manager/lib:/home/unitree/navigation_ws/install/nav2_util/lib:/home/unitree/navigation_ws/install/nav2_voxel_grid/lib:/home/unitree/navigation_ws/install/nav2_msgs/lib:/usr/local/cuda-11.4/lib64:/usr/local/lib:/home/unitree/cyclonedds_ws/install/rmw_cyclonedds_cpp/lib:/home/unitree/cyclonedds_ws/install/cyclonedds/lib:/opt/ros/foxy/opt/yaml_cpp_vendor/lib:/opt/ros/foxy/opt/rviz_ogre_vendor/lib:/opt/ros/foxy/lib/aarch64-linux-gnu:/opt/ros/foxy/lib:/usr/local/cuda-11.4/lib64 PYTHONPATH=/home/unitree/navigation_ws/install/nav2_msgs/lib/python3.8/site-packages:/home/unitree/navigation_ws/install/nav2_common/lib/python3.8/site-packages:${PYTHONPATH} /usr/bin/cmake /home/unitree/navigation_ws/src/navigation2/nav2_core -DAMENT_CMAKE_SYMLINK_INSTALL=1 -DCMAKE_INSTALL_PREFIX=/home/unitree/navigation_ws/install/nav2_core
[582.949s] DEBUG:colcon.colcon_core.event_handler.log_command:Invoking command in '/home/unitree/navigation_ws/build/costmap_queue': AMENT_PREFIX_PATH=/home/unitree/navigation_ws/install/nav2_costmap_2d:/home/unitree/navigation_ws/install/nav2_map_server:/home/unitree/navigation_ws/install/nav2_lifecycle_manager:/home/unitree/navigation_ws/install/nav2_util:/home/unitree/navigation_ws/install/nav2_voxel_grid:/home/unitree/navigation_ws/install/nav2_msgs:/home/unitree/navigation_ws/install/nav2_common:${AMENT_PREFIX_PATH} CMAKE_PREFIX_PATH=/home/unitree/navigation_ws/install/nav2_costmap_2d:/home/unitree/navigation_ws/install/nav2_map_server:/home/unitree/navigation_ws/install/nav2_lifecycle_manager:/home/unitree/navigation_ws/install/nav2_util:/home/unitree/navigation_ws/install/nav2_voxel_grid:/home/unitree/navigation_ws/install/nav2_msgs:/home/unitree/navigation_ws/install/nav2_common:/home/unitree/cyclonedds_ws/install/rmw_cyclonedds_cpp:/home/unitree/cyclonedds_ws/install/cyclonedds:/opt/ros/foxy LD_LIBRARY_PATH=/home/unitree/navigation_ws/install/nav2_costmap_2d/lib:/home/unitree/navigation_ws/install/nav2_map_server/lib:/home/unitree/navigation_ws/install/nav2_lifecycle_manager/lib:/home/unitree/navigation_ws/install/nav2_util/lib:/home/unitree/navigation_ws/install/nav2_voxel_grid/lib:/home/unitree/navigation_ws/install/nav2_msgs/lib:/usr/local/cuda-11.4/lib64:/usr/local/lib:/home/unitree/cyclonedds_ws/install/rmw_cyclonedds_cpp/lib:/home/unitree/cyclonedds_ws/install/cyclonedds/lib:/opt/ros/foxy/opt/yaml_cpp_vendor/lib:/opt/ros/foxy/opt/rviz_ogre_vendor/lib:/opt/ros/foxy/lib/aarch64-linux-gnu:/opt/ros/foxy/lib:/usr/local/cuda-11.4/lib64 PYTHONPATH=/home/unitree/navigation_ws/install/nav2_msgs/lib/python3.8/site-packages:/home/unitree/navigation_ws/install/nav2_common/lib/python3.8/site-packages:${PYTHONPATH} /usr/bin/cmake /home/unitree/navigation_ws/src/navigation2/nav2_dwb_controller/costmap_queue -DAMENT_CMAKE_SYMLINK_INSTALL=1 -DCMAKE_INSTALL_PREFIX=/home/unitree/navigation_ws/install/costmap_queue
[582.970s] DEBUG:colcon.colcon_core.event_handler.log_command:Invoking command in '/home/unitree/navigation_ws/build/rm_autonomy': AMENT_PREFIX_PATH=/home/unitree/navigation_ws/install/nav2_costmap_2d:/home/unitree/navigation_ws/install/nav2_map_server:/home/unitree/navigation_ws/install/nav2_lifecycle_manager:/home/unitree/navigation_ws/install/nav2_util:/home/unitree/navigation_ws/install/nav2_voxel_grid:/home/unitree/navigation_ws/install/nav2_msgs:/home/unitree/navigation_ws/install/rm_autonomy_interfaces:/home/unitree/navigation_ws/install/nav2_common:/home/unitree/navigation_ws/install/behaviortree_cpp:${AMENT_PREFIX_PATH} CMAKE_PREFIX_PATH=/home/unitree/navigation_ws/install/nav2_costmap_2d:/home/unitree/navigation_ws/install/nav2_map_server:/home/unitree/navigation_ws/install/nav2_lifecycle_manager:/home/unitree/navigation_ws/install/nav2_util:/home/unitree/navigation_ws/install/nav2_voxel_grid:/home/unitree/navigation_ws/install/nav2_msgs:/home/unitree/navigation_ws/install/rm_autonomy_interfaces:/home/unitree/navigation_ws/install/nav2_common:/home/unitree/navigation_ws/install/behaviortree_cpp:/home/unitree/cyclonedds_ws/install/rmw_cyclonedds_cpp:/home/unitree/cyclonedds_ws/install/cyclonedds:/opt/ros/foxy LD_LIBRARY_PATH=/home/unitree/navigation_ws/install/nav2_costmap_2d/lib:/home/unitree/navigation_ws/install/nav2_map_server/lib:/home/unitree/navigation_ws/install/nav2_lifecycle_manager/lib:/home/unitree/navigation_ws/install/nav2_util/lib:/home/unitree/navigation_ws/install/nav2_voxel_grid/lib:/home/unitree/navigation_ws/install/nav2_msgs/lib:/home/unitree/navigation_ws/install/rm_autonomy_interfaces/lib:/home/unitree/navigation_ws/install/behaviortree_cpp/lib:/usr/local/cuda-11.4/lib64:/usr/local/lib:/home/unitree/cyclonedds_ws/install/rmw_cyclonedds_cpp/lib:/home/unitree/cyclonedds_ws/install/cyclonedds/lib:/opt/ros/foxy/opt/yaml_cpp_vendor/lib:/opt/ros/foxy/opt/rviz_ogre_vendor/lib:/opt/ros/foxy/lib/aarch64-linux-gnu:/opt/ros/foxy/lib:/usr/local/cuda-11.4/lib64 PATH=/home/unitree/navigation_ws/install/behaviortree_cpp/bin:${PATH} PYTHONPATH=/home/unitree/navigation_ws/install/nav2_msgs/lib/python3.8/site-packages:/home/unitree/navigation_ws/install/rm_autonomy_interfaces/lib/python3.8/site-packages:/home/unitree/navigation_ws/install/nav2_common/lib/python3.8/site-packages:${PYTHONPATH} /usr/bin/cmake /home/unitree/navigation_ws/src/autonomy/rm_autonomy -DAMENT_CMAKE_SYMLINK_INSTALL=1 -DCMAKE_INSTALL_PREFIX=/home/unitree/navigation_ws/install/rm_autonomy
[583.876s] DEBUG:colcon.colcon_core.event_handler.log_command:Invoked command in '/home/unitree/navigation_ws/build/nav2_bt_navigator' returned '0': AMENT_PREFIX_PATH=/home/unitree/navigation_ws/install/nav2_behavior_tree:/home/unitree/navigation_ws/install/nav2_util:/home/unitree/navigation_ws/install/nav2_msgs:/home/unitree/navigation_ws/install/nav2_common:${AMENT_PREFIX_PATH} CMAKE_PREFIX_PATH=/home/unitree/navigation_ws/install/nav2_behavior_tree:/home/unitree/navigation_ws/install/nav2_util:/home/unitree/navigation_ws/install/nav2_msgs:/home/unitree/navigation_ws/install/nav2_common:/home/unitree/cyclonedds_ws/install/rmw_cyclonedds_cpp:/home/unitree/cyclonedds_ws/install/cyclonedds:/opt/ros/foxy LD_LIBRARY_PATH=/home/unitree/navigation_ws/install/nav2_behavior_tree/lib:/home/unitree/navigation_ws/install/nav2_util/lib:/home/unitree/navigation_ws/install/nav2_msgs/lib:/usr/local/cuda-11.4/lib64:/usr/local/lib:/home/unitree/cyclonedds_ws/install/rmw_cyclonedds_cpp/lib:/home/unitree/cyclonedds_ws/install/cyclonedds/lib:/opt/ros/foxy/opt/yaml_cpp_vendor/lib:/opt/ros/foxy/opt/rviz_ogre_vendor/lib:/opt/ros/foxy/lib/aarch64-linux-gnu:/opt/ros/foxy/lib:/usr/local/cuda-11.4/lib64 PYTHONPATH=/home/unitree/navigation_ws/install/nav2_msgs/lib/python3.8/site-packages:/home/unitree/navigation_ws/install/nav2_common/lib/python3.8/site-packages:${PYTHONPATH} /usr/bin/cmake --build /home/unitree/navigation_ws/build/nav2_bt_navigator -- -j8 -l8
[583.936s] DEBUG:colcon.colcon_core.event_handler.log_command:Invoking command in '/home/unitree/navigation_ws/build/nav2_bt_navigator': AMENT_PREFIX_PATH=/home/unitree/navigation_ws/install/nav2_behavior_tree:/home/unitree/navigation_ws/install/nav2_util:/home/unitree/navigation_ws/install/nav2_msgs:/home/unitree/navigation_ws/install/nav2_common:${AMENT_PREFIX_PATH} CMAKE_PREFIX_PATH=/home/unitree/navigation_ws/install/nav2_behavior_tree:/home/unitree/navigation_ws/install/nav2_util:/home/unitree/navigation_ws/install/nav2_msgs:/home/unitree/navigation_ws/install/nav2_common:/home/unitree/cyclonedds_ws/install/rmw_cyclonedds_cpp:/home/unitree/cyclonedds_ws/install/cyclonedds:/opt/ros/foxy LD_LIBRARY_PATH=/home/unitree/navigation_ws/install/nav2_behavior_tree/lib:/home/unitree/navigation_ws/install/nav2_util/lib:/home/unitree/navigation_ws/install/nav2_msgs/lib:/usr/local/cuda-11.4/lib64:/usr/local/lib:/home/unitree/cyclonedds_ws/install/rmw_cyclonedds_cpp/lib:/home/unitree/cyclonedds_ws/install/cyclonedds/lib:/opt/ros/foxy/opt/yaml_cpp_vendor/lib:/opt/ros/foxy/opt/rviz_ogre_vendor/lib:/opt/ros/foxy/lib/aarch64-linux-gnu:/opt/ros/foxy/lib:/usr/local/cuda-11.4/lib64 PYTHONPATH=/home/unitree/navigation_ws/install/nav2_msgs/lib/python3.8/site-packages:/home/unitree/navigation_ws/install/nav2_common/lib/python3.8/site-packages:${PYTHONPATH} /usr/bin/cmake --install /home/unitree/navigation_ws/build/nav2_bt_navigator
[584.560s] Level 1:colcon.colcon_core.environment:create_environment_scripts_only(nav2_bt_navigator)
[584.561s] Level 1:colcon.colcon_core.environment:checking '/home/unitree/navigation_ws/install/nav2_bt_navigator' for CMake module files
[584.562s] Level 1:colcon.colcon_core.environment:checking '/home/unitree/navigation_ws/install/nav2_bt_navigator' for CMake config files
[584.563s] Level 1:colcon.colcon_core.shell:create_environment_hook('nav2_bt_navigator', 'cmake_prefix_path')
[584.564s] INFO:colcon.colcon_core.shell:Creating environment hook '/home/unitree/navigation_ws/install/nav2_bt_navigator/share/nav2_bt_navigator/hook/cmake_prefix_path.ps1'
[584.566s] DEBUG:colcon.colcon_core.event_handler.log_command:Invoked command in '/home/unitree/navigation_ws/build/nav2_bt_navigator' returned '0': AMENT_PREFIX_PATH=/home/unitree/navigation_ws/install/nav2_behavior_tree:/home/unitree/navigation_ws/install/nav2_util:/home/unitree/navigation_ws/install/nav2_msgs:/home/unitree/navigation_ws/install/nav2_common:${AMENT_PREFIX_PATH} CMAKE_PREFIX_PATH=/home/unitree/navigation_ws/install/nav2_behavior_tree:/home/unitree/navigation_ws/install/nav2_util:/home/unitree/navigation_ws/install/nav2_msgs:/home/unitree/navigation_ws/install/nav2_common:/home/unitree/cyclonedds_ws/install/rmw_cyclonedds_cpp:/home/unitree/cyclonedds_ws/install/cyclonedds:/opt/ros/foxy LD_LIBRARY_PATH=/home/unitree/navigation_ws/install/nav2_behavior_tree/lib:/home/unitree/navigation_ws/install/nav2_util/lib:/home/unitree/navigation_ws/install/nav2_msgs/lib:/usr/local/cuda-11.4/lib64:/usr/local/lib:/home/unitree/cyclonedds_ws/install/rmw_cyclonedds_cpp/lib:/home/unitree/cyclonedds_ws/install/cyclonedds/lib:/opt/ros/foxy/opt/yaml_cpp_vendor/lib:/opt/ros/foxy/opt/rviz_ogre_vendor/lib:/opt/ros/foxy/lib/aarch64-linux-gnu:/opt/ros/foxy/lib:/usr/local/cuda-11.4/lib64 PYTHONPATH=/home/unitree/navigation_ws/install/nav2_msgs/lib/python3.8/site-packages:/home/unitree/navigation_ws/install/nav2_common/lib/python3.8/site-packages:${PYTHONPATH} /usr/bin/cmake --install /home/unitree/navigation_ws/build/nav2_bt_navigator
[584.567s] INFO:colcon.colcon_core.shell:Creating environment descriptor '/home/unitree/navigation_ws/install/nav2_bt_navigator/share/nav2_bt_navigator/hook/cmake_prefix_path.dsv'
[584.568s] INFO:colcon.colcon_core.shell:Creating environment hook '/home/unitree/navigation_ws/install/nav2_bt_navigator/share/nav2_bt_navigator/hook/cmake_prefix_path.sh'
[584.569s] Level 1:colcon.colcon_core.environment:checking '/home/unitree/navigation_ws/install/nav2_bt_navigator/lib'
[584.569s] Level 1:colcon.colcon_core.shell:create_environment_hook('nav2_bt_navigator', 'ld_library_path_lib')
[584.570s] INFO:colcon.colcon_core.shell:Creating environment hook '/home/unitree/navigation_ws/install/nav2_bt_navigator/share/nav2_bt_navigator/hook/ld_library_path_lib.ps1'
[584.570s] INFO:colcon.colcon_core.shell:Creating environment descriptor '/home/unitree/navigation_ws/install/nav2_bt_navigator/share/nav2_bt_navigator/hook/ld_library_path_lib.dsv'
[584.571s] INFO:colcon.colcon_core.shell:Creating environment hook '/home/unitree/navigation_ws/install/nav2_bt_navigator/share/nav2_bt_navigator/hook/ld_library_path_lib.sh'
[584.571s] Level 1:colcon.colcon_core.environment:checking '/home/unitree/navigation_ws/install/nav2_bt_navigator/bin'
[584.572s] Level 1:colcon.colcon_core.environment:checking '/home/unitree/navigation_ws/install/nav2_bt_navigator/lib/pkgconfig/nav2_bt_navigator.pc'
[584.572s] Level 1:colcon.colcon_core.environment:checking '/home/unitree/navigation_ws/install/nav2_bt_navigator/lib/python3.8/site-packages'
[584.572s] Level 1:colcon.colcon_core.environment:checking '/home/unitree/navigation_ws/install/nav2_bt_navigator/bin'
[584.573s] INFO:colcon.colcon_core.shell:Creating package script '/home/unitree/navigation_ws/install/nav2_bt_navigator/share/nav2_bt_navigator/package.ps1'
[584.574s] INFO:colcon.colcon_core.shell:Creating package descriptor '/home/unitree/navigation_ws/install/nav2_bt_navigator/share/nav2_bt_navigator/package.dsv'
[584.576s] INFO:colcon.colcon_core.shell:Creating package script '/home/unitree/navigation_ws/install/nav2_bt_navigator/share/nav2_bt_navigator/package.sh'
[584.576s] INFO:colcon.colcon_core.shell:Creating package script '/home/unitree/navigation_ws/install/nav2_bt_navigator/share/nav2_bt_navigator/package.bash'
[584.578s] INFO:colcon.colcon_core.shell:Creating package script '/home/unitree/navigation_ws/install/nav2_bt_navigator/share/nav2_bt_navigator/package.zsh'
[584.579s] Level 1:colcon.colcon_core.environment:create_file_with_runtime_dependencies(/home/unitree/navigation_ws/install/nav2_bt_navigator/share/colcon-core/packages/nav2_bt_navigator)
[584.632s] Level 1:colcon.colcon_core.environment:create_environment_scripts_only(nav2_bt_navigator)
[584.633s] Level 1:colcon.colcon_core.environment:checking '/home/unitree/navigation_ws/install/nav2_bt_navigator' for CMake module files
[584.634s] Level 1:colcon.colcon_core.environment:checking '/home/unitree/navigation_ws/install/nav2_bt_navigator' for CMake config files
[584.635s] Level 1:colcon.colcon_core.shell:create_environment_hook('nav2_bt_navigator', 'cmake_prefix_path')
[584.635s] INFO:colcon.colcon_core.shell:Creating environment hook '/home/unitree/navigation_ws/install/nav2_bt_navigator/share/nav2_bt_navigator/hook/cmake_prefix_path.ps1'
[584.637s] INFO:colcon.colcon_core.shell:Creating environment descriptor '/home/unitree/navigation_ws/install/nav2_bt_navigator/share/nav2_bt_navigator/hook/cmake_prefix_path.dsv'
[584.637s] INFO:colcon.colcon_core.shell:Creating environment hook '/home/unitree/navigation_ws/install/nav2_bt_navigator/share/nav2_bt_navigator/hook/cmake_prefix_path.sh'
[584.638s] Level 1:colcon.colcon_core.environment:checking '/home/unitree/navigation_ws/install/nav2_bt_navigator/lib'
[584.638s] Level 1:colcon.colcon_core.shell:create_environment_hook('nav2_bt_navigator', 'ld_library_path_lib')
[584.639s] INFO:colcon.colcon_core.shell:Creating environment hook '/home/unitree/navigation_ws/install/nav2_bt_navigator/share/nav2_bt_navigator/hook/ld_library_path_lib.ps1'
[584.640s] INFO:colcon.colcon_core.shell:Creating environment descriptor '/home/unitree/navigation_ws/install/nav2_bt_navigator/share/nav2_bt_navigator/hook/ld_library_path_lib.dsv'
[584.641s] INFO:colcon.colcon_core.shell:Creating environment hook '/home/unitree/navigation_ws/install/nav2_bt_navigator/share/nav2_bt_navigator/hook/ld_library_path_lib.sh'
[584.642s] Level 1:colcon.colcon_core.environment:checking '/home/unitree/navigation_ws/install/nav2_bt_navigator/bin'
[584.642s] Level 1:colcon.colcon_core.environment:checking '/home/unitree/navigation_ws/install/nav2_bt_navigator/lib/pkgconfig/nav2_bt_navigator.pc'
[584.643s] Level 1:colcon.colcon_core.environment:checking '/home/unitree/navigation_ws/install/nav2_bt_navigator/lib/python3.8/site-packages'
[584.643s] Level 1:colcon.colcon_core.environment:checking '/home/unitree/navigation_ws/install/nav2_bt_navigator/bin'
[584.643s] INFO:colcon.colcon_core.shell:Creating package script '/home/unitree/navigation_ws/install/nav2_bt_navigator/share/nav2_bt_navigator/package.ps1'
[584.644s] INFO:colcon.colcon_core.shell:Creating package descriptor '/home/unitree/navigation_ws/install/nav2_bt_navigator/share/nav2_bt_navigator/package.dsv'
[584.645s] INFO:colcon.colcon_core.shell:Creating package script '/home/unitree/navigation_ws/install/nav2_bt_navigator/share/nav2_bt_navigator/package.sh'
[584.646s] INFO:colcon.colcon_core.shell:Creating package script '/home/unitree/navigation_ws/install/nav2_bt_navigator/share/nav2_bt_navigator/package.bash'
[584.647s] INFO:colcon.colcon_core.shell:Creating package script '/home/unitree/navigation_ws/install/nav2_bt_navigator/share/nav2_bt_navigator/package.zsh'
[584.647s] Level 1:colcon.colcon_core.environment:create_file_with_runtime_dependencies(/home/unitree/navigation_ws/install/nav2_bt_navigator/share/colcon-core/packages/nav2_bt_navigator)
[587.994s] DEBUG:colcon.colcon_core.event_handler.log_command:Invoked command in '/home/unitree/navigation_ws/build/nav2_core' returned '0': AMENT_PREFIX_PATH=/home/unitree/navigation_ws/install/nav2_costmap_2d:/home/unitree/navigation_ws/install/nav2_map_server:/home/unitree/navigation_ws/install/nav2_lifecycle_manager:/home/unitree/navigation_ws/install/nav2_util:/home/unitree/navigation_ws/install/nav2_voxel_grid:/home/unitree/navigation_ws/install/nav2_msgs:/home/unitree/navigation_ws/install/nav2_common:${AMENT_PREFIX_PATH} CMAKE_PREFIX_PATH=/home/unitree/navigation_ws/install/nav2_costmap_2d:/home/unitree/navigation_ws/install/nav2_map_server:/home/unitree/navigation_ws/install/nav2_lifecycle_manager:/home/unitree/navigation_ws/install/nav2_util:/home/unitree/navigation_ws/install/nav2_voxel_grid:/home/unitree/navigation_ws/install/nav2_msgs:/home/unitree/navigation_ws/install/nav2_common:/home/unitree/cyclonedds_ws/install/rmw_cyclonedds_cpp:/home/unitree/cyclonedds_ws/install/cyclonedds:/opt/ros/foxy LD_LIBRARY_PATH=/home/unitree/navigation_ws/install/nav2_costmap_2d/lib:/home/unitree/navigation_ws/install/nav2_map_server/lib:/home/unitree/navigation_ws/install/nav2_lifecycle_manager/lib:/home/unitree/navigation_ws/install/nav2_util/lib:/home/unitree/navigation_ws/install/nav2_voxel_grid/lib:/home/unitree/navigation_ws/install/nav2_msgs/lib:/usr/local/cuda-11.4/lib64:/usr/local/lib:/home/unitree/cyclonedds_ws/install/rmw_cyclonedds_cpp/lib:/home/unitree/cyclonedds_ws/install/cyclonedds/lib:/opt/ros/foxy/opt/yaml_cpp_vendor/lib:/opt/ros/foxy/opt/rviz_ogre_vendor/lib:/opt/ros/foxy/lib/aarch64-linux-gnu:/opt/ros/foxy/lib:/usr/local/cuda-11.4/lib64 PYTHONPATH=/home/unitree/navigation_ws/install/nav2_msgs/lib/python3.8/site-packages:/home/unitree/navigation_ws/install/nav2_common/lib/python3.8/site-packages:${PYTHONPATH} /usr/bin/cmake /home/unitree/navigation_ws/src/navigation2/nav2_core -DAMENT_CMAKE_SYMLINK_INSTALL=1 -DCMAKE_INSTALL_PREFIX=/home/unitree/navigation_ws/install/nav2_core
[587.999s] DEBUG:colcon.colcon_core.event_handler.log_command:Invoking command in '/home/unitree/navigation_ws/build/nav2_core': AMENT_PREFIX_PATH=/home/unitree/navigation_ws/install/nav2_costmap_2d:/home/unitree/navigation_ws/install/nav2_map_server:/home/unitree/navigation_ws/install/nav2_lifecycle_manager:/home/unitree/navigation_ws/install/nav2_util:/home/unitree/navigation_ws/install/nav2_voxel_grid:/home/unitree/navigation_ws/install/nav2_msgs:/home/unitree/navigation_ws/install/nav2_common:${AMENT_PREFIX_PATH} CMAKE_PREFIX_PATH=/home/unitree/navigation_ws/install/nav2_costmap_2d:/home/unitree/navigation_ws/install/nav2_map_server:/home/unitree/navigation_ws/install/nav2_lifecycle_manager:/home/unitree/navigation_ws/install/nav2_util:/home/unitree/navigation_ws/install/nav2_voxel_grid:/home/unitree/navigation_ws/install/nav2_msgs:/home/unitree/navigation_ws/install/nav2_common:/home/unitree/cyclonedds_ws/install/rmw_cyclonedds_cpp:/home/unitree/cyclonedds_ws/install/cyclonedds:/opt/ros/foxy LD_LIBRARY_PATH=/home/unitree/navigation_ws/install/nav2_costmap_2d/lib:/home/unitree/navigation_ws/install/nav2_map_server/lib:/home/unitree/navigation_ws/install/nav2_lifecycle_manager/lib:/home/unitree/navigation_ws/install/nav2_util/lib:/home/unitree/navigation_ws/install/nav2_voxel_grid/lib:/home/unitree/navigation_ws/install/nav2_msgs/lib:/usr/local/cuda-11.4/lib64:/usr/local/lib:/home/unitree/cyclonedds_ws/install/rmw_cyclonedds_cpp/lib:/home/unitree/cyclonedds_ws/install/cyclonedds/lib:/opt/ros/foxy/opt/yaml_cpp_vendor/lib:/opt/ros/foxy/opt/rviz_ogre_vendor/lib:/opt/ros/foxy/lib/aarch64-linux-gnu:/opt/ros/foxy/lib:/usr/local/cuda-11.4/lib64 PYTHONPATH=/home/unitree/navigation_ws/install/nav2_msgs/lib/python3.8/site-packages:/home/unitree/navigation_ws/install/nav2_common/lib/python3.8/site-packages:${PYTHONPATH} /usr/bin/cmake --build /home/unitree/navigation_ws/build/nav2_core -- -j8 -l8
[588.090s] DEBUG:colcon.colcon_core.event_handler.log_command:Invoked command in '/home/unitree/navigation_ws/build/nav2_core' returned '0': AMENT_PREFIX_PATH=/home/unitree/navigation_ws/install/nav2_costmap_2d:/home/unitree/navigation_ws/install/nav2_map_server:/home/unitree/navigation_ws/install/nav2_lifecycle_manager:/home/unitree/navigation_ws/install/nav2_util:/home/unitree/navigation_ws/install/nav2_voxel_grid:/home/unitree/navigation_ws/install/nav2_msgs:/home/unitree/navigation_ws/install/nav2_common:${AMENT_PREFIX_PATH} CMAKE_PREFIX_PATH=/home/unitree/navigation_ws/install/nav2_costmap_2d:/home/unitree/navigation_ws/install/nav2_map_server:/home/unitree/navigation_ws/install/nav2_lifecycle_manager:/home/unitree/navigation_ws/install/nav2_util:/home/unitree/navigation_ws/install/nav2_voxel_grid:/home/unitree/navigation_ws/install/nav2_msgs:/home/unitree/navigation_ws/install/nav2_common:/home/unitree/cyclonedds_ws/install/rmw_cyclonedds_cpp:/home/unitree/cyclonedds_ws/install/cyclonedds:/opt/ros/foxy LD_LIBRARY_PATH=/home/unitree/navigation_ws/install/nav2_costmap_2d/lib:/home/unitree/navigation_ws/install/nav2_map_server/lib:/home/unitree/navigation_ws/install/nav2_lifecycle_manager/lib:/home/unitree/navigation_ws/install/nav2_util/lib:/home/unitree/navigation_ws/install/nav2_voxel_grid/lib:/home/unitree/navigation_ws/install/nav2_msgs/lib:/usr/local/cuda-11.4/lib64:/usr/local/lib:/home/unitree/cyclonedds_ws/install/rmw_cyclonedds_cpp/lib:/home/unitree/cyclonedds_ws/install/cyclonedds/lib:/opt/ros/foxy/opt/yaml_cpp_vendor/lib:/opt/ros/foxy/opt/rviz_ogre_vendor/lib:/opt/ros/foxy/lib/aarch64-linux-gnu:/opt/ros/foxy/lib:/usr/local/cuda-11.4/lib64 PYTHONPATH=/home/unitree/navigation_ws/install/nav2_msgs/lib/python3.8/site-packages:/home/unitree/navigation_ws/install/nav2_common/lib/python3.8/site-packages:${PYTHONPATH} /usr/bin/cmake --build /home/unitree/navigation_ws/build/nav2_core -- -j8 -l8
[588.134s] DEBUG:colcon.colcon_core.event_handler.log_command:Invoking command in '/home/unitree/navigation_ws/build/nav2_core': AMENT_PREFIX_PATH=/home/unitree/navigation_ws/install/nav2_costmap_2d:/home/unitree/navigation_ws/install/nav2_map_server:/home/unitree/navigation_ws/install/nav2_lifecycle_manager:/home/unitree/navigation_ws/install/nav2_util:/home/unitree/navigation_ws/install/nav2_voxel_grid:/home/unitree/navigation_ws/install/nav2_msgs:/home/unitree/navigation_ws/install/nav2_common:${AMENT_PREFIX_PATH} CMAKE_PREFIX_PATH=/home/unitree/navigation_ws/install/nav2_costmap_2d:/home/unitree/navigation_ws/install/nav2_map_server:/home/unitree/navigation_ws/install/nav2_lifecycle_manager:/home/unitree/navigation_ws/install/nav2_util:/home/unitree/navigation_ws/install/nav2_voxel_grid:/home/unitree/navigation_ws/install/nav2_msgs:/home/unitree/navigation_ws/install/nav2_common:/home/unitree/cyclonedds_ws/install/rmw_cyclonedds_cpp:/home/unitree/cyclonedds_ws/install/cyclonedds:/opt/ros/foxy LD_LIBRARY_PATH=/home/unitree/navigation_ws/install/nav2_costmap_2d/lib:/home/unitree/navigation_ws/install/nav2_map_server/lib:/home/unitree/navigation_ws/install/nav2_lifecycle_manager/lib:/home/unitree/navigation_ws/install/nav2_util/lib:/home/unitree/navigation_ws/install/nav2_voxel_grid/lib:/home/unitree/navigation_ws/install/nav2_msgs/lib:/usr/local/cuda-11.4/lib64:/usr/local/lib:/home/unitree/cyclonedds_ws/install/rmw_cyclonedds_cpp/lib:/home/unitree/cyclonedds_ws/install/cyclonedds/lib:/opt/ros/foxy/opt/yaml_cpp_vendor/lib:/opt/ros/foxy/opt/rviz_ogre_vendor/lib:/opt/ros/foxy/lib/aarch64-linux-gnu:/opt/ros/foxy/lib:/usr/local/cuda-11.4/lib64 PYTHONPATH=/home/unitree/navigation_ws/install/nav2_msgs/lib/python3.8/site-packages:/home/unitree/navigation_ws/install/nav2_common/lib/python3.8/site-packages:${PYTHONPATH} /usr/bin/cmake --install /home/unitree/navigation_ws/build/nav2_core
[588.608s] Level 1:colcon.colcon_core.environment:create_environment_scripts_only(nav2_core)
[588.609s] Level 1:colcon.colcon_core.environment:checking '/home/unitree/navigation_ws/install/nav2_core' for CMake module files
[588.610s] DEBUG:colcon.colcon_core.event_handler.log_command:Invoked command in '/home/unitree/navigation_ws/build/nav2_core' returned '0': AMENT_PREFIX_PATH=/home/unitree/navigation_ws/install/nav2_costmap_2d:/home/unitree/navigation_ws/install/nav2_map_server:/home/unitree/navigation_ws/install/nav2_lifecycle_manager:/home/unitree/navigation_ws/install/nav2_util:/home/unitree/navigation_ws/install/nav2_voxel_grid:/home/unitree/navigation_ws/install/nav2_msgs:/home/unitree/navigation_ws/install/nav2_common:${AMENT_PREFIX_PATH} CMAKE_PREFIX_PATH=/home/unitree/navigation_ws/install/nav2_costmap_2d:/home/unitree/navigation_ws/install/nav2_map_server:/home/unitree/navigation_ws/install/nav2_lifecycle_manager:/home/unitree/navigation_ws/install/nav2_util:/home/unitree/navigation_ws/install/nav2_voxel_grid:/home/unitree/navigation_ws/install/nav2_msgs:/home/unitree/navigation_ws/install/nav2_common:/home/unitree/cyclonedds_ws/install/rmw_cyclonedds_cpp:/home/unitree/cyclonedds_ws/install/cyclonedds:/opt/ros/foxy LD_LIBRARY_PATH=/home/unitree/navigation_ws/install/nav2_costmap_2d/lib:/home/unitree/navigation_ws/install/nav2_map_server/lib:/home/unitree/navigation_ws/install/nav2_lifecycle_manager/lib:/home/unitree/navigation_ws/install/nav2_util/lib:/home/unitree/navigation_ws/install/nav2_voxel_grid/lib:/home/unitree/navigation_ws/install/nav2_msgs/lib:/usr/local/cuda-11.4/lib64:/usr/local/lib:/home/unitree/cyclonedds_ws/install/rmw_cyclonedds_cpp/lib:/home/unitree/cyclonedds_ws/install/cyclonedds/lib:/opt/ros/foxy/opt/yaml_cpp_vendor/lib:/opt/ros/foxy/opt/rviz_ogre_vendor/lib:/opt/ros/foxy/lib/aarch64-linux-gnu:/opt/ros/foxy/lib:/usr/local/cuda-11.4/lib64 PYTHONPATH=/home/unitree/navigation_ws/install/nav2_msgs/lib/python3.8/site-packages:/home/unitree/navigation_ws/install/nav2_common/lib/python3.8/site-packages:${PYTHONPATH} /usr/bin/cmake --install /home/unitree/navigation_ws/build/nav2_core
[588.611s] Level 1:colcon.colcon_core.environment:checking '/home/unitree/navigation_ws/install/nav2_core' for CMake config files
[588.611s] Level 1:colcon.colcon_core.shell:create_environment_hook('nav2_core', 'cmake_prefix_path')
[588.612s] INFO:colcon.colcon_core.shell:Creating environment hook '/home/unitree/navigation_ws/install/nav2_core/share/nav2_core/hook/cmake_prefix_path.ps1'
[588.613s] INFO:colcon.colcon_core.shell:Creating environment descriptor '/home/unitree/navigation_ws/install/nav2_core/share/nav2_core/hook/cmake_prefix_path.dsv'
[588.613s] INFO:colcon.colcon_core.shell:Creating environment hook '/home/unitree/navigation_ws/install/nav2_core/share/nav2_core/hook/cmake_prefix_path.sh'
[588.614s] Level 1:colcon.colcon_core.environment:checking '/home/unitree/navigation_ws/install/nav2_core/bin'
[588.614s] Level 1:colcon.colcon_core.environment:checking '/home/unitree/navigation_ws/install/nav2_core/lib/pkgconfig/nav2_core.pc'
[588.615s] Level 1:colcon.colcon_core.environment:checking '/home/unitree/navigation_ws/install/nav2_core/lib/python3.8/site-packages'
[588.615s] Level 1:colcon.colcon_core.environment:checking '/home/unitree/navigation_ws/install/nav2_core/bin'
[588.616s] INFO:colcon.colcon_core.shell:Creating package script '/home/unitree/navigation_ws/install/nav2_core/share/nav2_core/package.ps1'
[588.616s] INFO:colcon.colcon_core.shell:Creating package descriptor '/home/unitree/navigation_ws/install/nav2_core/share/nav2_core/package.dsv'
[588.617s] INFO:colcon.colcon_core.shell:Creating package script '/home/unitree/navigation_ws/install/nav2_core/share/nav2_core/package.sh'
[588.618s] INFO:colcon.colcon_core.shell:Creating package script '/home/unitree/navigation_ws/install/nav2_core/share/nav2_core/package.bash'
[588.618s] INFO:colcon.colcon_core.shell:Creating package script '/home/unitree/navigation_ws/install/nav2_core/share/nav2_core/package.zsh'
[588.619s] Level 1:colcon.colcon_core.environment:create_file_with_runtime_dependencies(/home/unitree/navigation_ws/install/nav2_core/share/colcon-core/packages/nav2_core)
[588.659s] Level 1:colcon.colcon_core.environment:create_environment_scripts_only(nav2_core)
[588.659s] Level 1:colcon.colcon_core.environment:checking '/home/unitree/navigation_ws/install/nav2_core' for CMake module files
[588.660s] Level 1:colcon.colcon_core.environment:checking '/home/unitree/navigation_ws/install/nav2_core' for CMake config files
[588.661s] Level 1:colcon.colcon_core.shell:create_environment_hook('nav2_core', 'cmake_prefix_path')
[588.661s] INFO:colcon.colcon_core.shell:Creating environment hook '/home/unitree/navigation_ws/install/nav2_core/share/nav2_core/hook/cmake_prefix_path.ps1'
[588.662s] INFO:colcon.colcon_core.shell:Creating environment descriptor '/home/unitree/navigation_ws/install/nav2_core/share/nav2_core/hook/cmake_prefix_path.dsv'
[588.663s] INFO:colcon.colcon_core.shell:Creating environment hook '/home/unitree/navigation_ws/install/nav2_core/share/nav2_core/hook/cmake_prefix_path.sh'
[588.664s] Level 1:colcon.colcon_core.environment:checking '/home/unitree/navigation_ws/install/nav2_core/bin'
[588.664s] Level 1:colcon.colcon_core.environment:checking '/home/unitree/navigation_ws/install/nav2_core/lib/pkgconfig/nav2_core.pc'
[588.664s] Level 1:colcon.colcon_core.environment:checking '/home/unitree/navigation_ws/install/nav2_core/lib/python3.8/site-packages'
[588.664s] Level 1:colcon.colcon_core.environment:checking '/home/unitree/navigation_ws/install/nav2_core/bin'
[588.665s] INFO:colcon.colcon_core.shell:Creating package script '/home/unitree/navigation_ws/install/nav2_core/share/nav2_core/package.ps1'
[588.666s] INFO:colcon.colcon_core.shell:Creating package descriptor '/home/unitree/navigation_ws/install/nav2_core/share/nav2_core/package.dsv'
[588.666s] INFO:colcon.colcon_core.shell:Creating package script '/home/unitree/navigation_ws/install/nav2_core/share/nav2_core/package.sh'
[588.667s] INFO:colcon.colcon_core.shell:Creating package script '/home/unitree/navigation_ws/install/nav2_core/share/nav2_core/package.bash'
[588.668s] INFO:colcon.colcon_core.shell:Creating package script '/home/unitree/navigation_ws/install/nav2_core/share/nav2_core/package.zsh'
[588.668s] Level 1:colcon.colcon_core.environment:create_file_with_runtime_dependencies(/home/unitree/navigation_ws/install/nav2_core/share/colcon-core/packages/nav2_core)
[588.669s] INFO:colcon.colcon_ros.task.ament_cmake.build:Building ROS package in '/home/unitree/navigation_ws/src/navigation2/nav2_dwb_controller/dwb_core' with build type 'ament_cmake'
[588.670s] INFO:colcon.colcon_cmake.task.cmake.build:Building CMake package in '/home/unitree/navigation_ws/src/navigation2/nav2_dwb_controller/dwb_core'
[588.670s] INFO:colcon.colcon_core.shell:Skip shell extension 'powershell' for command environment: Not usable outside of PowerShell
[588.670s] DEBUG:colcon.colcon_core.shell:Skip shell extension 'dsv' for command environment
[588.681s] INFO:colcon.colcon_ros.task.ament_cmake.build:Building ROS package in '/home/unitree/navigation_ws/src/navigation2/nav2_controller' with build type 'ament_cmake'
[588.682s] INFO:colcon.colcon_cmake.task.cmake.build:Building CMake package in '/home/unitree/navigation_ws/src/navigation2/nav2_controller'
[588.683s] INFO:colcon.colcon_core.shell:Skip shell extension 'powershell' for command environment: Not usable outside of PowerShell
[588.683s] DEBUG:colcon.colcon_core.shell:Skip shell extension 'dsv' for command environment
[588.695s] INFO:colcon.colcon_ros.task.ament_cmake.build:Building ROS package in '/home/unitree/navigation_ws/src/navigation2/nav2_navfn_planner' with build type 'ament_cmake'
[588.696s] INFO:colcon.colcon_cmake.task.cmake.build:Building CMake package in '/home/unitree/navigation_ws/src/navigation2/nav2_navfn_planner'
[588.697s] INFO:colcon.colcon_core.shell:Skip shell extension 'powershell' for command environment: Not usable outside of PowerShell
[588.698s] DEBUG:colcon.colcon_core.shell:Skip shell extension 'dsv' for command environment
[588.711s] INFO:colcon.colcon_ros.task.ament_cmake.build:Building ROS package in '/home/unitree/navigation_ws/src/navigation2/nav2_planner' with build type 'ament_cmake'
[588.712s] INFO:colcon.colcon_cmake.task.cmake.build:Building CMake package in '/home/unitree/navigation_ws/src/navigation2/nav2_planner'
[588.713s] INFO:colcon.colcon_core.shell:Skip shell extension 'powershell' for command environment: Not usable outside of PowerShell
[588.713s] DEBUG:colcon.colcon_core.shell:Skip shell extension 'dsv' for command environment
[588.725s] INFO:colcon.colcon_ros.task.ament_cmake.build:Building ROS package in '/home/unitree/navigation_ws/src/navigation2/nav2_recoveries' with build type 'ament_cmake'
[588.726s] INFO:colcon.colcon_cmake.task.cmake.build:Building CMake package in '/home/unitree/navigation_ws/src/navigation2/nav2_recoveries'
[588.728s] INFO:colcon.colcon_core.shell:Skip shell extension 'powershell' for command environment: Not usable outside of PowerShell
[588.728s] DEBUG:colcon.colcon_core.shell:Skip shell extension 'dsv' for command environment
[588.748s] INFO:colcon.colcon_ros.task.ament_cmake.build:Building ROS package in '/home/unitree/navigation_ws/src/navigation2/nav2_regulated_pure_pursuit_controller' with build type 'ament_cmake'
[588.749s] INFO:colcon.colcon_cmake.task.cmake.build:Building CMake package in '/home/unitree/navigation_ws/src/navigation2/nav2_regulated_pure_pursuit_controller'
[588.750s] INFO:colcon.colcon_core.shell:Skip shell extension 'powershell' for command environment: Not usable outside of PowerShell
[588.750s] DEBUG:colcon.colcon_core.shell:Skip shell extension 'dsv' for command environment
[588.772s] DEBUG:colcon.colcon_core.event_handler.log_command:Invoking command in '/home/unitree/navigation_ws/build/dwb_core': AMENT_PREFIX_PATH=/home/unitree/navigation_ws/install/nav2_core:/home/unitree/navigation_ws/install/nav2_costmap_2d:/home/unitree/navigation_ws/install/nav_2d_utils:/home/unitree/navigation_ws/install/nav2_map_server:/home/unitree/navigation_ws/install/nav2_lifecycle_manager:/home/unitree/navigation_ws/install/nav2_util:/home/unitree/navigation_ws/install/nav2_voxel_grid:/home/unitree/navigation_ws/install/nav2_msgs:/home/unitree/navigation_ws/install/dwb_msgs:/home/unitree/navigation_ws/install/nav_2d_msgs:/home/unitree/navigation_ws/install/nav2_common:${AMENT_PREFIX_PATH} CMAKE_PREFIX_PATH=/home/unitree/navigation_ws/install/nav2_core:/home/unitree/navigation_ws/install/nav2_costmap_2d:/home/unitree/navigation_ws/install/nav_2d_utils:/home/unitree/navigation_ws/install/nav2_map_server:/home/unitree/navigation_ws/install/nav2_lifecycle_manager:/home/unitree/navigation_ws/install/nav2_util:/home/unitree/navigation_ws/install/nav2_voxel_grid:/home/unitree/navigation_ws/install/nav2_msgs:/home/unitree/navigation_ws/install/dwb_msgs:/home/unitree/navigation_ws/install/nav_2d_msgs:/home/unitree/navigation_ws/install/nav2_common:/home/unitree/cyclonedds_ws/install/rmw_cyclonedds_cpp:/home/unitree/cyclonedds_ws/install/cyclonedds:/opt/ros/foxy LD_LIBRARY_PATH=/home/unitree/navigation_ws/install/nav2_costmap_2d/lib:/home/unitree/navigation_ws/install/nav_2d_utils/lib:/home/unitree/navigation_ws/install/nav2_map_server/lib:/home/unitree/navigation_ws/install/nav2_lifecycle_manager/lib:/home/unitree/navigation_ws/install/nav2_util/lib:/home/unitree/navigation_ws/install/nav2_voxel_grid/lib:/home/unitree/navigation_ws/install/nav2_msgs/lib:/home/unitree/navigation_ws/install/dwb_msgs/lib:/home/unitree/navigation_ws/install/nav_2d_msgs/lib:/usr/local/cuda-11.4/lib64:/usr/local/lib:/home/unitree/cyclonedds_ws/install/rmw_cyclonedds_cpp/lib:/home/unitree/cyclonedds_ws/install/cyclonedds/lib:/opt/ros/foxy/opt/yaml_cpp_vendor/lib:/opt/ros/foxy/opt/rviz_ogre_vendor/lib:/opt/ros/foxy/lib/aarch64-linux-gnu:/opt/ros/foxy/lib:/usr/local/cuda-11.4/lib64 PYTHONPATH=/home/unitree/navigation_ws/install/nav2_msgs/lib/python3.8/site-packages:/home/unitree/navigation_ws/install/dwb_msgs/lib/python3.8/site-packages:/home/unitree/navigation_ws/install/nav_2d_msgs/lib/python3.8/site-packages:/home/unitree/navigation_ws/install/nav2_common/lib/python3.8/site-packages:${PYTHONPATH} /usr/bin/cmake /home/unitree/navigation_ws/src/navigation2/nav2_dwb_controller/dwb_core -DAMENT_CMAKE_SYMLINK_INSTALL=1 -DCMAKE_INSTALL_PREFIX=/home/unitree/navigation_ws/install/dwb_core
[588.776s] DEBUG:colcon.colcon_core.event_handler.log_command:Invoking command in '/home/unitree/navigation_ws/build/nav2_controller': AMENT_PREFIX_PATH=/home/unitree/navigation_ws/install/nav2_core:/home/unitree/navigation_ws/install/nav2_costmap_2d:/home/unitree/navigation_ws/install/nav_2d_utils:/home/unitree/navigation_ws/install/nav2_map_server:/home/unitree/navigation_ws/install/nav2_lifecycle_manager:/home/unitree/navigation_ws/install/nav2_util:/home/unitree/navigation_ws/install/nav2_voxel_grid:/home/unitree/navigation_ws/install/nav2_msgs:/home/unitree/navigation_ws/install/nav_2d_msgs:/home/unitree/navigation_ws/install/nav2_common:${AMENT_PREFIX_PATH} CMAKE_PREFIX_PATH=/home/unitree/navigation_ws/install/nav2_core:/home/unitree/navigation_ws/install/nav2_costmap_2d:/home/unitree/navigation_ws/install/nav_2d_utils:/home/unitree/navigation_ws/install/nav2_map_server:/home/unitree/navigation_ws/install/nav2_lifecycle_manager:/home/unitree/navigation_ws/install/nav2_util:/home/unitree/navigation_ws/install/nav2_voxel_grid:/home/unitree/navigation_ws/install/nav2_msgs:/home/unitree/navigation_ws/install/nav_2d_msgs:/home/unitree/navigation_ws/install/nav2_common:/home/unitree/cyclonedds_ws/install/rmw_cyclonedds_cpp:/home/unitree/cyclonedds_ws/install/cyclonedds:/opt/ros/foxy LD_LIBRARY_PATH=/home/unitree/navigation_ws/install/nav2_costmap_2d/lib:/home/unitree/navigation_ws/install/nav_2d_utils/lib:/home/unitree/navigation_ws/install/nav2_map_server/lib:/home/unitree/navigation_ws/install/nav2_lifecycle_manager/lib:/home/unitree/navigation_ws/install/nav2_util/lib:/home/unitree/navigation_ws/install/nav2_voxel_grid/lib:/home/unitree/navigation_ws/install/nav2_msgs/lib:/home/unitree/navigation_ws/install/nav_2d_msgs/lib:/usr/local/cuda-11.4/lib64:/usr/local/lib:/home/unitree/cyclonedds_ws/install/rmw_cyclonedds_cpp/lib:/home/unitree/cyclonedds_ws/install/cyclonedds/lib:/opt/ros/foxy/opt/yaml_cpp_vendor/lib:/opt/ros/foxy/opt/rviz_ogre_vendor/lib:/opt/ros/foxy/lib/aarch64-linux-gnu:/opt/ros/foxy/lib:/usr/local/cuda-11.4/lib64 PYTHONPATH=/home/unitree/navigation_ws/install/nav2_msgs/lib/python3.8/site-packages:/home/unitree/navigation_ws/install/nav_2d_msgs/lib/python3.8/site-packages:/home/unitree/navigation_ws/install/nav2_common/lib/python3.8/site-packages:${PYTHONPATH} /usr/bin/cmake /home/unitree/navigation_ws/src/navigation2/nav2_controller -DAMENT_CMAKE_SYMLINK_INSTALL=1 -DCMAKE_INSTALL_PREFIX=/home/unitree/navigation_ws/install/nav2_controller
[588.788s] DEBUG:colcon.colcon_core.event_handler.log_command:Invoking command in '/home/unitree/navigation_ws/build/nav2_navfn_planner': AMENT_PREFIX_PATH=/home/unitree/navigation_ws/install/nav2_core:/home/unitree/navigation_ws/install/nav2_costmap_2d:/home/unitree/navigation_ws/install/nav2_map_server:/home/unitree/navigation_ws/install/nav2_lifecycle_manager:/home/unitree/navigation_ws/install/nav2_util:/home/unitree/navigation_ws/install/nav2_voxel_grid:/home/unitree/navigation_ws/install/nav2_msgs:/home/unitree/navigation_ws/install/nav2_common:${AMENT_PREFIX_PATH} CMAKE_PREFIX_PATH=/home/unitree/navigation_ws/install/nav2_core:/home/unitree/navigation_ws/install/nav2_costmap_2d:/home/unitree/navigation_ws/install/nav2_map_server:/home/unitree/navigation_ws/install/nav2_lifecycle_manager:/home/unitree/navigation_ws/install/nav2_util:/home/unitree/navigation_ws/install/nav2_voxel_grid:/home/unitree/navigation_ws/install/nav2_msgs:/home/unitree/navigation_ws/install/nav2_common:/home/unitree/cyclonedds_ws/install/rmw_cyclonedds_cpp:/home/unitree/cyclonedds_ws/install/cyclonedds:/opt/ros/foxy LD_LIBRARY_PATH=/home/unitree/navigation_ws/install/nav2_costmap_2d/lib:/home/unitree/navigation_ws/install/nav2_map_server/lib:/home/unitree/navigation_ws/install/nav2_lifecycle_manager/lib:/home/unitree/navigation_ws/install/nav2_util/lib:/home/unitree/navigation_ws/install/nav2_voxel_grid/lib:/home/unitree/navigation_ws/install/nav2_msgs/lib:/usr/local/cuda-11.4/lib64:/usr/local/lib:/home/unitree/cyclonedds_ws/install/rmw_cyclonedds_cpp/lib:/home/unitree/cyclonedds_ws/install/cyclonedds/lib:/opt/ros/foxy/opt/yaml_cpp_vendor/lib:/opt/ros/foxy/opt/rviz_ogre_vendor/lib:/opt/ros/foxy/lib/aarch64-linux-gnu:/opt/ros/foxy/lib:/usr/local/cuda-11.4/lib64 PYTHONPATH=/home/unitree/navigation_ws/install/nav2_msgs/lib/python3.8/site-packages:/home/unitree/navigation_ws/install/nav2_common/lib/python3.8/site-packages:${PYTHONPATH} /usr/bin/cmake /home/unitree/navigation_ws/src/navigation2/nav2_navfn_planner -DAMENT_CMAKE_SYMLINK_INSTALL=1 -DCMAKE_INSTALL_PREFIX=/home/unitree/navigation_ws/install/nav2_navfn_planner
[588.792s] DEBUG:colcon.colcon_core.event_handler.log_command:Invoking command in '/home/unitree/navigation_ws/build/nav2_planner': AMENT_PREFIX_PATH=/home/unitree/navigation_ws/install/nav2_core:/home/unitree/navigation_ws/install/nav2_costmap_2d:/home/unitree/navigation_ws/install/nav2_map_server:/home/unitree/navigation_ws/install/nav2_lifecycle_manager:/home/unitree/navigation_ws/install/nav2_util:/home/unitree/navigation_ws/install/nav2_voxel_grid:/home/unitree/navigation_ws/install/nav2_msgs:/home/unitree/navigation_ws/install/nav2_common:${AMENT_PREFIX_PATH} CMAKE_PREFIX_PATH=/home/unitree/navigation_ws/install/nav2_core:/home/unitree/navigation_ws/install/nav2_costmap_2d:/home/unitree/navigation_ws/install/nav2_map_server:/home/unitree/navigation_ws/install/nav2_lifecycle_manager:/home/unitree/navigation_ws/install/nav2_util:/home/unitree/navigation_ws/install/nav2_voxel_grid:/home/unitree/navigation_ws/install/nav2_msgs:/home/unitree/navigation_ws/install/nav2_common:/home/unitree/cyclonedds_ws/install/rmw_cyclonedds_cpp:/home/unitree/cyclonedds_ws/install/cyclonedds:/opt/ros/foxy LD_LIBRARY_PATH=/home/unitree/navigation_ws/install/nav2_costmap_2d/lib:/home/unitree/navigation_ws/install/nav2_map_server/lib:/home/unitree/navigation_ws/install/nav2_lifecycle_manager/lib:/home/unitree/navigation_ws/install/nav2_util/lib:/home/unitree/navigation_ws/install/nav2_voxel_grid/lib:/home/unitree/navigation_ws/install/nav2_msgs/lib:/usr/local/cuda-11.4/lib64:/usr/local/lib:/home/unitree/cyclonedds_ws/install/rmw_cyclonedds_cpp/lib:/home/unitree/cyclonedds_ws/install/cyclonedds/lib:/opt/ros/foxy/opt/yaml_cpp_vendor/lib:/opt/ros/foxy/opt/rviz_ogre_vendor/lib:/opt/ros/foxy/lib/aarch64-linux-gnu:/opt/ros/foxy/lib:/usr/local/cuda-11.4/lib64 PYTHONPATH=/home/unitree/navigation_ws/install/nav2_msgs/lib/python3.8/site-packages:/home/unitree/navigation_ws/install/nav2_common/lib/python3.8/site-packages:${PYTHONPATH} /usr/bin/cmake /home/unitree/navigation_ws/src/navigation2/nav2_planner -DAMENT_CMAKE_SYMLINK_INSTALL=1 -DCMAKE_INSTALL_PREFIX=/home/unitree/navigation_ws/install/nav2_planner
[588.805s] DEBUG:colcon.colcon_core.event_handler.log_command:Invoking command in '/home/unitree/navigation_ws/build/nav2_recoveries': AMENT_PREFIX_PATH=/home/unitree/navigation_ws/install/nav2_core:/home/unitree/navigation_ws/install/nav2_costmap_2d:/home/unitree/navigation_ws/install/nav2_map_server:/home/unitree/navigation_ws/install/nav2_lifecycle_manager:/home/unitree/navigation_ws/install/nav2_behavior_tree:/home/unitree/navigation_ws/install/nav2_util:/home/unitree/navigation_ws/install/nav2_voxel_grid:/home/unitree/navigation_ws/install/nav2_msgs:/home/unitree/navigation_ws/install/nav2_common:${AMENT_PREFIX_PATH} CMAKE_PREFIX_PATH=/home/unitree/navigation_ws/install/nav2_core:/home/unitree/navigation_ws/install/nav2_costmap_2d:/home/unitree/navigation_ws/install/nav2_map_server:/home/unitree/navigation_ws/install/nav2_lifecycle_manager:/home/unitree/navigation_ws/install/nav2_behavior_tree:/home/unitree/navigation_ws/install/nav2_util:/home/unitree/navigation_ws/install/nav2_voxel_grid:/home/unitree/navigation_ws/install/nav2_msgs:/home/unitree/navigation_ws/install/nav2_common:/home/unitree/cyclonedds_ws/install/rmw_cyclonedds_cpp:/home/unitree/cyclonedds_ws/install/cyclonedds:/opt/ros/foxy LD_LIBRARY_PATH=/home/unitree/navigation_ws/install/nav2_costmap_2d/lib:/home/unitree/navigation_ws/install/nav2_map_server/lib:/home/unitree/navigation_ws/install/nav2_lifecycle_manager/lib:/home/unitree/navigation_ws/install/nav2_behavior_tree/lib:/home/unitree/navigation_ws/install/nav2_util/lib:/home/unitree/navigation_ws/install/nav2_voxel_grid/lib:/home/unitree/navigation_ws/install/nav2_msgs/lib:/usr/local/cuda-11.4/lib64:/usr/local/lib:/home/unitree/cyclonedds_ws/install/rmw_cyclonedds_cpp/lib:/home/unitree/cyclonedds_ws/install/cyclonedds/lib:/opt/ros/foxy/opt/yaml_cpp_vendor/lib:/opt/ros/foxy/opt/rviz_ogre_vendor/lib:/opt/ros/foxy/lib/aarch64-linux-gnu:/opt/ros/foxy/lib:/usr/local/cuda-11.4/lib64 PYTHONPATH=/home/unitree/navigation_ws/install/nav2_msgs/lib/python3.8/site-packages:/home/unitree/navigation_ws/install/nav2_common/lib/python3.8/site-packages:${PYTHONPATH} /usr/bin/cmake /home/unitree/navigation_ws/src/navigation2/nav2_recoveries -DAMENT_CMAKE_SYMLINK_INSTALL=1 -DCMAKE_INSTALL_PREFIX=/home/unitree/navigation_ws/install/nav2_recoveries
[588.820s] DEBUG:colcon.colcon_core.event_handler.log_command:Invoking command in '/home/unitree/navigation_ws/build/nav2_regulated_pure_pursuit_controller': AMENT_PREFIX_PATH=/home/unitree/navigation_ws/install/nav2_core:/home/unitree/navigation_ws/install/nav2_costmap_2d:/home/unitree/navigation_ws/install/nav2_map_server:/home/unitree/navigation_ws/install/nav2_lifecycle_manager:/home/unitree/navigation_ws/install/nav2_util:/home/unitree/navigation_ws/install/nav2_voxel_grid:/home/unitree/navigation_ws/install/nav2_msgs:/home/unitree/navigation_ws/install/nav2_common:${AMENT_PREFIX_PATH} CMAKE_PREFIX_PATH=/home/unitree/navigation_ws/install/nav2_core:/home/unitree/navigation_ws/install/nav2_costmap_2d:/home/unitree/navigation_ws/install/nav2_map_server:/home/unitree/navigation_ws/install/nav2_lifecycle_manager:/home/unitree/navigation_ws/install/nav2_util:/home/unitree/navigation_ws/install/nav2_voxel_grid:/home/unitree/navigation_ws/install/nav2_msgs:/home/unitree/navigation_ws/install/nav2_common:/home/unitree/cyclonedds_ws/install/rmw_cyclonedds_cpp:/home/unitree/cyclonedds_ws/install/cyclonedds:/opt/ros/foxy LD_LIBRARY_PATH=/home/unitree/navigation_ws/install/nav2_costmap_2d/lib:/home/unitree/navigation_ws/install/nav2_map_server/lib:/home/unitree/navigation_ws/install/nav2_lifecycle_manager/lib:/home/unitree/navigation_ws/install/nav2_util/lib:/home/unitree/navigation_ws/install/nav2_voxel_grid/lib:/home/unitree/navigation_ws/install/nav2_msgs/lib:/usr/local/cuda-11.4/lib64:/usr/local/lib:/home/unitree/cyclonedds_ws/install/rmw_cyclonedds_cpp/lib:/home/unitree/cyclonedds_ws/install/cyclonedds/lib:/opt/ros/foxy/opt/yaml_cpp_vendor/lib:/opt/ros/foxy/opt/rviz_ogre_vendor/lib:/opt/ros/foxy/lib/aarch64-linux-gnu:/opt/ros/foxy/lib:/usr/local/cuda-11.4/lib64 PYTHONPATH=/home/unitree/navigation_ws/install/nav2_msgs/lib/python3.8/site-packages:/home/unitree/navigation_ws/install/nav2_common/lib/python3.8/site-packages:${PYTHONPATH} /usr/bin/cmake /home/unitree/navigation_ws/src/navigation2/nav2_regulated_pure_pursuit_controller -DAMENT_CMAKE_SYMLINK_INSTALL=1 -DCMAKE_INSTALL_PREFIX=/home/unitree/navigation_ws/install/nav2_regulated_pure_pursuit_controller
[589.586s] DEBUG:colcon.colcon_core.event_handler.log_command:Invoked command in '/home/unitree/navigation_ws/build/costmap_queue' returned '0': AMENT_PREFIX_PATH=/home/unitree/navigation_ws/install/nav2_costmap_2d:/home/unitree/navigation_ws/install/nav2_map_server:/home/unitree/navigation_ws/install/nav2_lifecycle_manager:/home/unitree/navigation_ws/install/nav2_util:/home/unitree/navigation_ws/install/nav2_voxel_grid:/home/unitree/navigation_ws/install/nav2_msgs:/home/unitree/navigation_ws/install/nav2_common:${AMENT_PREFIX_PATH} CMAKE_PREFIX_PATH=/home/unitree/navigation_ws/install/nav2_costmap_2d:/home/unitree/navigation_ws/install/nav2_map_server:/home/unitree/navigation_ws/install/nav2_lifecycle_manager:/home/unitree/navigation_ws/install/nav2_util:/home/unitree/navigation_ws/install/nav2_voxel_grid:/home/unitree/navigation_ws/install/nav2_msgs:/home/unitree/navigation_ws/install/nav2_common:/home/unitree/cyclonedds_ws/install/rmw_cyclonedds_cpp:/home/unitree/cyclonedds_ws/install/cyclonedds:/opt/ros/foxy LD_LIBRARY_PATH=/home/unitree/navigation_ws/install/nav2_costmap_2d/lib:/home/unitree/navigation_ws/install/nav2_map_server/lib:/home/unitree/navigation_ws/install/nav2_lifecycle_manager/lib:/home/unitree/navigation_ws/install/nav2_util/lib:/home/unitree/navigation_ws/install/nav2_voxel_grid/lib:/home/unitree/navigation_ws/install/nav2_msgs/lib:/usr/local/cuda-11.4/lib64:/usr/local/lib:/home/unitree/cyclonedds_ws/install/rmw_cyclonedds_cpp/lib:/home/unitree/cyclonedds_ws/install/cyclonedds/lib:/opt/ros/foxy/opt/yaml_cpp_vendor/lib:/opt/ros/foxy/opt/rviz_ogre_vendor/lib:/opt/ros/foxy/lib/aarch64-linux-gnu:/opt/ros/foxy/lib:/usr/local/cuda-11.4/lib64 PYTHONPATH=/home/unitree/navigation_ws/install/nav2_msgs/lib/python3.8/site-packages:/home/unitree/navigation_ws/install/nav2_common/lib/python3.8/site-packages:${PYTHONPATH} /usr/bin/cmake /home/unitree/navigation_ws/src/navigation2/nav2_dwb_controller/costmap_queue -DAMENT_CMAKE_SYMLINK_INSTALL=1 -DCMAKE_INSTALL_PREFIX=/home/unitree/navigation_ws/install/costmap_queue
[589.588s] DEBUG:colcon.colcon_core.event_handler.log_command:Invoking command in '/home/unitree/navigation_ws/build/costmap_queue': AMENT_PREFIX_PATH=/home/unitree/navigation_ws/install/nav2_costmap_2d:/home/unitree/navigation_ws/install/nav2_map_server:/home/unitree/navigation_ws/install/nav2_lifecycle_manager:/home/unitree/navigation_ws/install/nav2_util:/home/unitree/navigation_ws/install/nav2_voxel_grid:/home/unitree/navigation_ws/install/nav2_msgs:/home/unitree/navigation_ws/install/nav2_common:${AMENT_PREFIX_PATH} CMAKE_PREFIX_PATH=/home/unitree/navigation_ws/install/nav2_costmap_2d:/home/unitree/navigation_ws/install/nav2_map_server:/home/unitree/navigation_ws/install/nav2_lifecycle_manager:/home/unitree/navigation_ws/install/nav2_util:/home/unitree/navigation_ws/install/nav2_voxel_grid:/home/unitree/navigation_ws/install/nav2_msgs:/home/unitree/navigation_ws/install/nav2_common:/home/unitree/cyclonedds_ws/install/rmw_cyclonedds_cpp:/home/unitree/cyclonedds_ws/install/cyclonedds:/opt/ros/foxy LD_LIBRARY_PATH=/home/unitree/navigation_ws/install/nav2_costmap_2d/lib:/home/unitree/navigation_ws/install/nav2_map_server/lib:/home/unitree/navigation_ws/install/nav2_lifecycle_manager/lib:/home/unitree/navigation_ws/install/nav2_util/lib:/home/unitree/navigation_ws/install/nav2_voxel_grid/lib:/home/unitree/navigation_ws/install/nav2_msgs/lib:/usr/local/cuda-11.4/lib64:/usr/local/lib:/home/unitree/cyclonedds_ws/install/rmw_cyclonedds_cpp/lib:/home/unitree/cyclonedds_ws/install/cyclonedds/lib:/opt/ros/foxy/opt/yaml_cpp_vendor/lib:/opt/ros/foxy/opt/rviz_ogre_vendor/lib:/opt/ros/foxy/lib/aarch64-linux-gnu:/opt/ros/foxy/lib:/usr/local/cuda-11.4/lib64 PYTHONPATH=/home/unitree/navigation_ws/install/nav2_msgs/lib/python3.8/site-packages:/home/unitree/navigation_ws/install/nav2_common/lib/python3.8/site-packages:${PYTHONPATH} /usr/bin/cmake --build /home/unitree/navigation_ws/build/costmap_queue -- -j8 -l8
[599.534s] DEBUG:colcon.colcon_core.event_handler.log_command:Invoked command in '/home/unitree/navigation_ws/build/nav2_navfn_planner' returned '0': AMENT_PREFIX_PATH=/home/unitree/navigation_ws/install/nav2_core:/home/unitree/navigation_ws/install/nav2_costmap_2d:/home/unitree/navigation_ws/install/nav2_map_server:/home/unitree/navigation_ws/install/nav2_lifecycle_manager:/home/unitree/navigation_ws/install/nav2_util:/home/unitree/navigation_ws/install/nav2_voxel_grid:/home/unitree/navigation_ws/install/nav2_msgs:/home/unitree/navigation_ws/install/nav2_common:${AMENT_PREFIX_PATH} CMAKE_PREFIX_PATH=/home/unitree/navigation_ws/install/nav2_core:/home/unitree/navigation_ws/install/nav2_costmap_2d:/home/unitree/navigation_ws/install/nav2_map_server:/home/unitree/navigation_ws/install/nav2_lifecycle_manager:/home/unitree/navigation_ws/install/nav2_util:/home/unitree/navigation_ws/install/nav2_voxel_grid:/home/unitree/navigation_ws/install/nav2_msgs:/home/unitree/navigation_ws/install/nav2_common:/home/unitree/cyclonedds_ws/install/rmw_cyclonedds_cpp:/home/unitree/cyclonedds_ws/install/cyclonedds:/opt/ros/foxy LD_LIBRARY_PATH=/home/unitree/navigation_ws/install/nav2_costmap_2d/lib:/home/unitree/navigation_ws/install/nav2_map_server/lib:/home/unitree/navigation_ws/install/nav2_lifecycle_manager/lib:/home/unitree/navigation_ws/install/nav2_util/lib:/home/unitree/navigation_ws/install/nav2_voxel_grid/lib:/home/unitree/navigation_ws/install/nav2_msgs/lib:/usr/local/cuda-11.4/lib64:/usr/local/lib:/home/unitree/cyclonedds_ws/install/rmw_cyclonedds_cpp/lib:/home/unitree/cyclonedds_ws/install/cyclonedds/lib:/opt/ros/foxy/opt/yaml_cpp_vendor/lib:/opt/ros/foxy/opt/rviz_ogre_vendor/lib:/opt/ros/foxy/lib/aarch64-linux-gnu:/opt/ros/foxy/lib:/usr/local/cuda-11.4/lib64 PYTHONPATH=/home/unitree/navigation_ws/install/nav2_msgs/lib/python3.8/site-packages:/home/unitree/navigation_ws/install/nav2_common/lib/python3.8/site-packages:${PYTHONPATH} /usr/bin/cmake /home/unitree/navigation_ws/src/navigation2/nav2_navfn_planner -DAMENT_CMAKE_SYMLINK_INSTALL=1 -DCMAKE_INSTALL_PREFIX=/home/unitree/navigation_ws/install/nav2_navfn_planner
[599.536s] DEBUG:colcon.colcon_core.event_handler.log_command:Invoking command in '/home/unitree/navigation_ws/build/nav2_navfn_planner': AMENT_PREFIX_PATH=/home/unitree/navigation_ws/install/nav2_core:/home/unitree/navigation_ws/install/nav2_costmap_2d:/home/unitree/navigation_ws/install/nav2_map_server:/home/unitree/navigation_ws/install/nav2_lifecycle_manager:/home/unitree/navigation_ws/install/nav2_util:/home/unitree/navigation_ws/install/nav2_voxel_grid:/home/unitree/navigation_ws/install/nav2_msgs:/home/unitree/navigation_ws/install/nav2_common:${AMENT_PREFIX_PATH} CMAKE_PREFIX_PATH=/home/unitree/navigation_ws/install/nav2_core:/home/unitree/navigation_ws/install/nav2_costmap_2d:/home/unitree/navigation_ws/install/nav2_map_server:/home/unitree/navigation_ws/install/nav2_lifecycle_manager:/home/unitree/navigation_ws/install/nav2_util:/home/unitree/navigation_ws/install/nav2_voxel_grid:/home/unitree/navigation_ws/install/nav2_msgs:/home/unitree/navigation_ws/install/nav2_common:/home/unitree/cyclonedds_ws/install/rmw_cyclonedds_cpp:/home/unitree/cyclonedds_ws/install/cyclonedds:/opt/ros/foxy LD_LIBRARY_PATH=/home/unitree/navigation_ws/install/nav2_costmap_2d/lib:/home/unitree/navigation_ws/install/nav2_map_server/lib:/home/unitree/navigation_ws/install/nav2_lifecycle_manager/lib:/home/unitree/navigation_ws/install/nav2_util/lib:/home/unitree/navigation_ws/install/nav2_voxel_grid/lib:/home/unitree/navigation_ws/install/nav2_msgs/lib:/usr/local/cuda-11.4/lib64:/usr/local/lib:/home/unitree/cyclonedds_ws/install/rmw_cyclonedds_cpp/lib:/home/unitree/cyclonedds_ws/install/cyclonedds/lib:/opt/ros/foxy/opt/yaml_cpp_vendor/lib:/opt/ros/foxy/opt/rviz_ogre_vendor/lib:/opt/ros/foxy/lib/aarch64-linux-gnu:/opt/ros/foxy/lib:/usr/local/cuda-11.4/lib64 PYTHONPATH=/home/unitree/navigation_ws/install/nav2_msgs/lib/python3.8/site-packages:/home/unitree/navigation_ws/install/nav2_common/lib/python3.8/site-packages:${PYTHONPATH} /usr/bin/cmake --build /home/unitree/navigation_ws/build/nav2_navfn_planner -- -j8 -l8
[601.940s] DEBUG:colcon.colcon_core.event_handler.log_command:Invoked command in '/home/unitree/navigation_ws/build/dwb_core' returned '0': AMENT_PREFIX_PATH=/home/unitree/navigation_ws/install/nav2_core:/home/unitree/navigation_ws/install/nav2_costmap_2d:/home/unitree/navigation_ws/install/nav_2d_utils:/home/unitree/navigation_ws/install/nav2_map_server:/home/unitree/navigation_ws/install/nav2_lifecycle_manager:/home/unitree/navigation_ws/install/nav2_util:/home/unitree/navigation_ws/install/nav2_voxel_grid:/home/unitree/navigation_ws/install/nav2_msgs:/home/unitree/navigation_ws/install/dwb_msgs:/home/unitree/navigation_ws/install/nav_2d_msgs:/home/unitree/navigation_ws/install/nav2_common:${AMENT_PREFIX_PATH} CMAKE_PREFIX_PATH=/home/unitree/navigation_ws/install/nav2_core:/home/unitree/navigation_ws/install/nav2_costmap_2d:/home/unitree/navigation_ws/install/nav_2d_utils:/home/unitree/navigation_ws/install/nav2_map_server:/home/unitree/navigation_ws/install/nav2_lifecycle_manager:/home/unitree/navigation_ws/install/nav2_util:/home/unitree/navigation_ws/install/nav2_voxel_grid:/home/unitree/navigation_ws/install/nav2_msgs:/home/unitree/navigation_ws/install/dwb_msgs:/home/unitree/navigation_ws/install/nav_2d_msgs:/home/unitree/navigation_ws/install/nav2_common:/home/unitree/cyclonedds_ws/install/rmw_cyclonedds_cpp:/home/unitree/cyclonedds_ws/install/cyclonedds:/opt/ros/foxy LD_LIBRARY_PATH=/home/unitree/navigation_ws/install/nav2_costmap_2d/lib:/home/unitree/navigation_ws/install/nav_2d_utils/lib:/home/unitree/navigation_ws/install/nav2_map_server/lib:/home/unitree/navigation_ws/install/nav2_lifecycle_manager/lib:/home/unitree/navigation_ws/install/nav2_util/lib:/home/unitree/navigation_ws/install/nav2_voxel_grid/lib:/home/unitree/navigation_ws/install/nav2_msgs/lib:/home/unitree/navigation_ws/install/dwb_msgs/lib:/home/unitree/navigation_ws/install/nav_2d_msgs/lib:/usr/local/cuda-11.4/lib64:/usr/local/lib:/home/unitree/cyclonedds_ws/install/rmw_cyclonedds_cpp/lib:/home/unitree/cyclonedds_ws/install/cyclonedds/lib:/opt/ros/foxy/opt/yaml_cpp_vendor/lib:/opt/ros/foxy/opt/rviz_ogre_vendor/lib:/opt/ros/foxy/lib/aarch64-linux-gnu:/opt/ros/foxy/lib:/usr/local/cuda-11.4/lib64 PYTHONPATH=/home/unitree/navigation_ws/install/nav2_msgs/lib/python3.8/site-packages:/home/unitree/navigation_ws/install/dwb_msgs/lib/python3.8/site-packages:/home/unitree/navigation_ws/install/nav_2d_msgs/lib/python3.8/site-packages:/home/unitree/navigation_ws/install/nav2_common/lib/python3.8/site-packages:${PYTHONPATH} /usr/bin/cmake /home/unitree/navigation_ws/src/navigation2/nav2_dwb_controller/dwb_core -DAMENT_CMAKE_SYMLINK_INSTALL=1 -DCMAKE_INSTALL_PREFIX=/home/unitree/navigation_ws/install/dwb_core
[601.941s] DEBUG:colcon.colcon_core.event_handler.log_command:Invoking command in '/home/unitree/navigation_ws/build/dwb_core': AMENT_PREFIX_PATH=/home/unitree/navigation_ws/install/nav2_core:/home/unitree/navigation_ws/install/nav2_costmap_2d:/home/unitree/navigation_ws/install/nav_2d_utils:/home/unitree/navigation_ws/install/nav2_map_server:/home/unitree/navigation_ws/install/nav2_lifecycle_manager:/home/unitree/navigation_ws/install/nav2_util:/home/unitree/navigation_ws/install/nav2_voxel_grid:/home/unitree/navigation_ws/install/nav2_msgs:/home/unitree/navigation_ws/install/dwb_msgs:/home/unitree/navigation_ws/install/nav_2d_msgs:/home/unitree/navigation_ws/install/nav2_common:${AMENT_PREFIX_PATH} CMAKE_PREFIX_PATH=/home/unitree/navigation_ws/install/nav2_core:/home/unitree/navigation_ws/install/nav2_costmap_2d:/home/unitree/navigation_ws/install/nav_2d_utils:/home/unitree/navigation_ws/install/nav2_map_server:/home/unitree/navigation_ws/install/nav2_lifecycle_manager:/home/unitree/navigation_ws/install/nav2_util:/home/unitree/navigation_ws/install/nav2_voxel_grid:/home/unitree/navigation_ws/install/nav2_msgs:/home/unitree/navigation_ws/install/dwb_msgs:/home/unitree/navigation_ws/install/nav_2d_msgs:/home/unitree/navigation_ws/install/nav2_common:/home/unitree/cyclonedds_ws/install/rmw_cyclonedds_cpp:/home/unitree/cyclonedds_ws/install/cyclonedds:/opt/ros/foxy LD_LIBRARY_PATH=/home/unitree/navigation_ws/install/nav2_costmap_2d/lib:/home/unitree/navigation_ws/install/nav_2d_utils/lib:/home/unitree/navigation_ws/install/nav2_map_server/lib:/home/unitree/navigation_ws/install/nav2_lifecycle_manager/lib:/home/unitree/navigation_ws/install/nav2_util/lib:/home/unitree/navigation_ws/install/nav2_voxel_grid/lib:/home/unitree/navigation_ws/install/nav2_msgs/lib:/home/unitree/navigation_ws/install/dwb_msgs/lib:/home/unitree/navigation_ws/install/nav_2d_msgs/lib:/usr/local/cuda-11.4/lib64:/usr/local/lib:/home/unitree/cyclonedds_ws/install/rmw_cyclonedds_cpp/lib:/home/unitree/cyclonedds_ws/install/cyclonedds/lib:/opt/ros/foxy/opt/yaml_cpp_vendor/lib:/opt/ros/foxy/opt/rviz_ogre_vendor/lib:/opt/ros/foxy/lib/aarch64-linux-gnu:/opt/ros/foxy/lib:/usr/local/cuda-11.4/lib64 PYTHONPATH=/home/unitree/navigation_ws/install/nav2_msgs/lib/python3.8/site-packages:/home/unitree/navigation_ws/install/dwb_msgs/lib/python3.8/site-packages:/home/unitree/navigation_ws/install/nav_2d_msgs/lib/python3.8/site-packages:/home/unitree/navigation_ws/install/nav2_common/lib/python3.8/site-packages:${PYTHONPATH} /usr/bin/cmake --build /home/unitree/navigation_ws/build/dwb_core -- -j8 -l8
[602.497s] DEBUG:colcon.colcon_core.event_handler.log_command:Invoked command in '/home/unitree/navigation_ws/build/rm_autonomy' returned '0': AMENT_PREFIX_PATH=/home/unitree/navigation_ws/install/nav2_costmap_2d:/home/unitree/navigation_ws/install/nav2_map_server:/home/unitree/navigation_ws/install/nav2_lifecycle_manager:/home/unitree/navigation_ws/install/nav2_util:/home/unitree/navigation_ws/install/nav2_voxel_grid:/home/unitree/navigation_ws/install/nav2_msgs:/home/unitree/navigation_ws/install/rm_autonomy_interfaces:/home/unitree/navigation_ws/install/nav2_common:/home/unitree/navigation_ws/install/behaviortree_cpp:${AMENT_PREFIX_PATH} CMAKE_PREFIX_PATH=/home/unitree/navigation_ws/install/nav2_costmap_2d:/home/unitree/navigation_ws/install/nav2_map_server:/home/unitree/navigation_ws/install/nav2_lifecycle_manager:/home/unitree/navigation_ws/install/nav2_util:/home/unitree/navigation_ws/install/nav2_voxel_grid:/home/unitree/navigation_ws/install/nav2_msgs:/home/unitree/navigation_ws/install/rm_autonomy_interfaces:/home/unitree/navigation_ws/install/nav2_common:/home/unitree/navigation_ws/install/behaviortree_cpp:/home/unitree/cyclonedds_ws/install/rmw_cyclonedds_cpp:/home/unitree/cyclonedds_ws/install/cyclonedds:/opt/ros/foxy LD_LIBRARY_PATH=/home/unitree/navigation_ws/install/nav2_costmap_2d/lib:/home/unitree/navigation_ws/install/nav2_map_server/lib:/home/unitree/navigation_ws/install/nav2_lifecycle_manager/lib:/home/unitree/navigation_ws/install/nav2_util/lib:/home/unitree/navigation_ws/install/nav2_voxel_grid/lib:/home/unitree/navigation_ws/install/nav2_msgs/lib:/home/unitree/navigation_ws/install/rm_autonomy_interfaces/lib:/home/unitree/navigation_ws/install/behaviortree_cpp/lib:/usr/local/cuda-11.4/lib64:/usr/local/lib:/home/unitree/cyclonedds_ws/install/rmw_cyclonedds_cpp/lib:/home/unitree/cyclonedds_ws/install/cyclonedds/lib:/opt/ros/foxy/opt/yaml_cpp_vendor/lib:/opt/ros/foxy/opt/rviz_ogre_vendor/lib:/opt/ros/foxy/lib/aarch64-linux-gnu:/opt/ros/foxy/lib:/usr/local/cuda-11.4/lib64 PATH=/home/unitree/navigation_ws/install/behaviortree_cpp/bin:${PATH} PYTHONPATH=/home/unitree/navigation_ws/install/nav2_msgs/lib/python3.8/site-packages:/home/unitree/navigation_ws/install/rm_autonomy_interfaces/lib/python3.8/site-packages:/home/unitree/navigation_ws/install/nav2_common/lib/python3.8/site-packages:${PYTHONPATH} /usr/bin/cmake /home/unitree/navigation_ws/src/autonomy/rm_autonomy -DAMENT_CMAKE_SYMLINK_INSTALL=1 -DCMAKE_INSTALL_PREFIX=/home/unitree/navigation_ws/install/rm_autonomy
[602.499s] DEBUG:colcon.colcon_core.event_handler.log_command:Invoking command in '/home/unitree/navigation_ws/build/rm_autonomy': AMENT_PREFIX_PATH=/home/unitree/navigation_ws/install/nav2_costmap_2d:/home/unitree/navigation_ws/install/nav2_map_server:/home/unitree/navigation_ws/install/nav2_lifecycle_manager:/home/unitree/navigation_ws/install/nav2_util:/home/unitree/navigation_ws/install/nav2_voxel_grid:/home/unitree/navigation_ws/install/nav2_msgs:/home/unitree/navigation_ws/install/rm_autonomy_interfaces:/home/unitree/navigation_ws/install/nav2_common:/home/unitree/navigation_ws/install/behaviortree_cpp:${AMENT_PREFIX_PATH} CMAKE_PREFIX_PATH=/home/unitree/navigation_ws/install/nav2_costmap_2d:/home/unitree/navigation_ws/install/nav2_map_server:/home/unitree/navigation_ws/install/nav2_lifecycle_manager:/home/unitree/navigation_ws/install/nav2_util:/home/unitree/navigation_ws/install/nav2_voxel_grid:/home/unitree/navigation_ws/install/nav2_msgs:/home/unitree/navigation_ws/install/rm_autonomy_interfaces:/home/unitree/navigation_ws/install/nav2_common:/home/unitree/navigation_ws/install/behaviortree_cpp:/home/unitree/cyclonedds_ws/install/rmw_cyclonedds_cpp:/home/unitree/cyclonedds_ws/install/cyclonedds:/opt/ros/foxy LD_LIBRARY_PATH=/home/unitree/navigation_ws/install/nav2_costmap_2d/lib:/home/unitree/navigation_ws/install/nav2_map_server/lib:/home/unitree/navigation_ws/install/nav2_lifecycle_manager/lib:/home/unitree/navigation_ws/install/nav2_util/lib:/home/unitree/navigation_ws/install/nav2_voxel_grid/lib:/home/unitree/navigation_ws/install/nav2_msgs/lib:/home/unitree/navigation_ws/install/rm_autonomy_interfaces/lib:/home/unitree/navigation_ws/install/behaviortree_cpp/lib:/usr/local/cuda-11.4/lib64:/usr/local/lib:/home/unitree/cyclonedds_ws/install/rmw_cyclonedds_cpp/lib:/home/unitree/cyclonedds_ws/install/cyclonedds/lib:/opt/ros/foxy/opt/yaml_cpp_vendor/lib:/opt/ros/foxy/opt/rviz_ogre_vendor/lib:/opt/ros/foxy/lib/aarch64-linux-gnu:/opt/ros/foxy/lib:/usr/local/cuda-11.4/lib64 PATH=/home/unitree/navigation_ws/install/behaviortree_cpp/bin:${PATH} PYTHONPATH=/home/unitree/navigation_ws/install/nav2_msgs/lib/python3.8/site-packages:/home/unitree/navigation_ws/install/rm_autonomy_interfaces/lib/python3.8/site-packages:/home/unitree/navigation_ws/install/nav2_common/lib/python3.8/site-packages:${PYTHONPATH} /usr/bin/cmake --build /home/unitree/navigation_ws/build/rm_autonomy -- -j8 -l8
[602.529s] DEBUG:colcon.colcon_core.event_handler.log_command:Invoked command in '/home/unitree/navigation_ws/build/nav2_regulated_pure_pursuit_controller' returned '0': AMENT_PREFIX_PATH=/home/unitree/navigation_ws/install/nav2_core:/home/unitree/navigation_ws/install/nav2_costmap_2d:/home/unitree/navigation_ws/install/nav2_map_server:/home/unitree/navigation_ws/install/nav2_lifecycle_manager:/home/unitree/navigation_ws/install/nav2_util:/home/unitree/navigation_ws/install/nav2_voxel_grid:/home/unitree/navigation_ws/install/nav2_msgs:/home/unitree/navigation_ws/install/nav2_common:${AMENT_PREFIX_PATH} CMAKE_PREFIX_PATH=/home/unitree/navigation_ws/install/nav2_core:/home/unitree/navigation_ws/install/nav2_costmap_2d:/home/unitree/navigation_ws/install/nav2_map_server:/home/unitree/navigation_ws/install/nav2_lifecycle_manager:/home/unitree/navigation_ws/install/nav2_util:/home/unitree/navigation_ws/install/nav2_voxel_grid:/home/unitree/navigation_ws/install/nav2_msgs:/home/unitree/navigation_ws/install/nav2_common:/home/unitree/cyclonedds_ws/install/rmw_cyclonedds_cpp:/home/unitree/cyclonedds_ws/install/cyclonedds:/opt/ros/foxy LD_LIBRARY_PATH=/home/unitree/navigation_ws/install/nav2_costmap_2d/lib:/home/unitree/navigation_ws/install/nav2_map_server/lib:/home/unitree/navigation_ws/install/nav2_lifecycle_manager/lib:/home/unitree/navigation_ws/install/nav2_util/lib:/home/unitree/navigation_ws/install/nav2_voxel_grid/lib:/home/unitree/navigation_ws/install/nav2_msgs/lib:/usr/local/cuda-11.4/lib64:/usr/local/lib:/home/unitree/cyclonedds_ws/install/rmw_cyclonedds_cpp/lib:/home/unitree/cyclonedds_ws/install/cyclonedds/lib:/opt/ros/foxy/opt/yaml_cpp_vendor/lib:/opt/ros/foxy/opt/rviz_ogre_vendor/lib:/opt/ros/foxy/lib/aarch64-linux-gnu:/opt/ros/foxy/lib:/usr/local/cuda-11.4/lib64 PYTHONPATH=/home/unitree/navigation_ws/install/nav2_msgs/lib/python3.8/site-packages:/home/unitree/navigation_ws/install/nav2_common/lib/python3.8/site-packages:${PYTHONPATH} /usr/bin/cmake /home/unitree/navigation_ws/src/navigation2/nav2_regulated_pure_pursuit_controller -DAMENT_CMAKE_SYMLINK_INSTALL=1 -DCMAKE_INSTALL_PREFIX=/home/unitree/navigation_ws/install/nav2_regulated_pure_pursuit_controller
[602.531s] DEBUG:colcon.colcon_core.event_handler.log_command:Invoking command in '/home/unitree/navigation_ws/build/nav2_regulated_pure_pursuit_controller': AMENT_PREFIX_PATH=/home/unitree/navigation_ws/install/nav2_core:/home/unitree/navigation_ws/install/nav2_costmap_2d:/home/unitree/navigation_ws/install/nav2_map_server:/home/unitree/navigation_ws/install/nav2_lifecycle_manager:/home/unitree/navigation_ws/install/nav2_util:/home/unitree/navigation_ws/install/nav2_voxel_grid:/home/unitree/navigation_ws/install/nav2_msgs:/home/unitree/navigation_ws/install/nav2_common:${AMENT_PREFIX_PATH} CMAKE_PREFIX_PATH=/home/unitree/navigation_ws/install/nav2_core:/home/unitree/navigation_ws/install/nav2_costmap_2d:/home/unitree/navigation_ws/install/nav2_map_server:/home/unitree/navigation_ws/install/nav2_lifecycle_manager:/home/unitree/navigation_ws/install/nav2_util:/home/unitree/navigation_ws/install/nav2_voxel_grid:/home/unitree/navigation_ws/install/nav2_msgs:/home/unitree/navigation_ws/install/nav2_common:/home/unitree/cyclonedds_ws/install/rmw_cyclonedds_cpp:/home/unitree/cyclonedds_ws/install/cyclonedds:/opt/ros/foxy LD_LIBRARY_PATH=/home/unitree/navigation_ws/install/nav2_costmap_2d/lib:/home/unitree/navigation_ws/install/nav2_map_server/lib:/home/unitree/navigation_ws/install/nav2_lifecycle_manager/lib:/home/unitree/navigation_ws/install/nav2_util/lib:/home/unitree/navigation_ws/install/nav2_voxel_grid/lib:/home/unitree/navigation_ws/install/nav2_msgs/lib:/usr/local/cuda-11.4/lib64:/usr/local/lib:/home/unitree/cyclonedds_ws/install/rmw_cyclonedds_cpp/lib:/home/unitree/cyclonedds_ws/install/cyclonedds/lib:/opt/ros/foxy/opt/yaml_cpp_vendor/lib:/opt/ros/foxy/opt/rviz_ogre_vendor/lib:/opt/ros/foxy/lib/aarch64-linux-gnu:/opt/ros/foxy/lib:/usr/local/cuda-11.4/lib64 PYTHONPATH=/home/unitree/navigation_ws/install/nav2_msgs/lib/python3.8/site-packages:/home/unitree/navigation_ws/install/nav2_common/lib/python3.8/site-packages:${PYTHONPATH} /usr/bin/cmake --build /home/unitree/navigation_ws/build/nav2_regulated_pure_pursuit_controller -- -j8 -l8
[604.137s] DEBUG:colcon.colcon_core.event_handler.log_command:Invoked command in '/home/unitree/navigation_ws/build/nav2_planner' returned '0': AMENT_PREFIX_PATH=/home/unitree/navigation_ws/install/nav2_core:/home/unitree/navigation_ws/install/nav2_costmap_2d:/home/unitree/navigation_ws/install/nav2_map_server:/home/unitree/navigation_ws/install/nav2_lifecycle_manager:/home/unitree/navigation_ws/install/nav2_util:/home/unitree/navigation_ws/install/nav2_voxel_grid:/home/unitree/navigation_ws/install/nav2_msgs:/home/unitree/navigation_ws/install/nav2_common:${AMENT_PREFIX_PATH} CMAKE_PREFIX_PATH=/home/unitree/navigation_ws/install/nav2_core:/home/unitree/navigation_ws/install/nav2_costmap_2d:/home/unitree/navigation_ws/install/nav2_map_server:/home/unitree/navigation_ws/install/nav2_lifecycle_manager:/home/unitree/navigation_ws/install/nav2_util:/home/unitree/navigation_ws/install/nav2_voxel_grid:/home/unitree/navigation_ws/install/nav2_msgs:/home/unitree/navigation_ws/install/nav2_common:/home/unitree/cyclonedds_ws/install/rmw_cyclonedds_cpp:/home/unitree/cyclonedds_ws/install/cyclonedds:/opt/ros/foxy LD_LIBRARY_PATH=/home/unitree/navigation_ws/install/nav2_costmap_2d/lib:/home/unitree/navigation_ws/install/nav2_map_server/lib:/home/unitree/navigation_ws/install/nav2_lifecycle_manager/lib:/home/unitree/navigation_ws/install/nav2_util/lib:/home/unitree/navigation_ws/install/nav2_voxel_grid/lib:/home/unitree/navigation_ws/install/nav2_msgs/lib:/usr/local/cuda-11.4/lib64:/usr/local/lib:/home/unitree/cyclonedds_ws/install/rmw_cyclonedds_cpp/lib:/home/unitree/cyclonedds_ws/install/cyclonedds/lib:/opt/ros/foxy/opt/yaml_cpp_vendor/lib:/opt/ros/foxy/opt/rviz_ogre_vendor/lib:/opt/ros/foxy/lib/aarch64-linux-gnu:/opt/ros/foxy/lib:/usr/local/cuda-11.4/lib64 PYTHONPATH=/home/unitree/navigation_ws/install/nav2_msgs/lib/python3.8/site-packages:/home/unitree/navigation_ws/install/nav2_common/lib/python3.8/site-packages:${PYTHONPATH} /usr/bin/cmake /home/unitree/navigation_ws/src/navigation2/nav2_planner -DAMENT_CMAKE_SYMLINK_INSTALL=1 -DCMAKE_INSTALL_PREFIX=/home/unitree/navigation_ws/install/nav2_planner
[604.139s] DEBUG:colcon.colcon_core.event_handler.log_command:Invoking command in '/home/unitree/navigation_ws/build/nav2_planner': AMENT_PREFIX_PATH=/home/unitree/navigation_ws/install/nav2_core:/home/unitree/navigation_ws/install/nav2_costmap_2d:/home/unitree/navigation_ws/install/nav2_map_server:/home/unitree/navigation_ws/install/nav2_lifecycle_manager:/home/unitree/navigation_ws/install/nav2_util:/home/unitree/navigation_ws/install/nav2_voxel_grid:/home/unitree/navigation_ws/install/nav2_msgs:/home/unitree/navigation_ws/install/nav2_common:${AMENT_PREFIX_PATH} CMAKE_PREFIX_PATH=/home/unitree/navigation_ws/install/nav2_core:/home/unitree/navigation_ws/install/nav2_costmap_2d:/home/unitree/navigation_ws/install/nav2_map_server:/home/unitree/navigation_ws/install/nav2_lifecycle_manager:/home/unitree/navigation_ws/install/nav2_util:/home/unitree/navigation_ws/install/nav2_voxel_grid:/home/unitree/navigation_ws/install/nav2_msgs:/home/unitree/navigation_ws/install/nav2_common:/home/unitree/cyclonedds_ws/install/rmw_cyclonedds_cpp:/home/unitree/cyclonedds_ws/install/cyclonedds:/opt/ros/foxy LD_LIBRARY_PATH=/home/unitree/navigation_ws/install/nav2_costmap_2d/lib:/home/unitree/navigation_ws/install/nav2_map_server/lib:/home/unitree/navigation_ws/install/nav2_lifecycle_manager/lib:/home/unitree/navigation_ws/install/nav2_util/lib:/home/unitree/navigation_ws/install/nav2_voxel_grid/lib:/home/unitree/navigation_ws/install/nav2_msgs/lib:/usr/local/cuda-11.4/lib64:/usr/local/lib:/home/unitree/cyclonedds_ws/install/rmw_cyclonedds_cpp/lib:/home/unitree/cyclonedds_ws/install/cyclonedds/lib:/opt/ros/foxy/opt/yaml_cpp_vendor/lib:/opt/ros/foxy/opt/rviz_ogre_vendor/lib:/opt/ros/foxy/lib/aarch64-linux-gnu:/opt/ros/foxy/lib:/usr/local/cuda-11.4/lib64 PYTHONPATH=/home/unitree/navigation_ws/install/nav2_msgs/lib/python3.8/site-packages:/home/unitree/navigation_ws/install/nav2_common/lib/python3.8/site-packages:${PYTHONPATH} /usr/bin/cmake --build /home/unitree/navigation_ws/build/nav2_planner -- -j8 -l8
[614.175s] DEBUG:colcon.colcon_core.event_handler.log_command:Invoked command in '/home/unitree/navigation_ws/build/nav2_controller' returned '0': AMENT_PREFIX_PATH=/home/unitree/navigation_ws/install/nav2_core:/home/unitree/navigation_ws/install/nav2_costmap_2d:/home/unitree/navigation_ws/install/nav_2d_utils:/home/unitree/navigation_ws/install/nav2_map_server:/home/unitree/navigation_ws/install/nav2_lifecycle_manager:/home/unitree/navigation_ws/install/nav2_util:/home/unitree/navigation_ws/install/nav2_voxel_grid:/home/unitree/navigation_ws/install/nav2_msgs:/home/unitree/navigation_ws/install/nav_2d_msgs:/home/unitree/navigation_ws/install/nav2_common:${AMENT_PREFIX_PATH} CMAKE_PREFIX_PATH=/home/unitree/navigation_ws/install/nav2_core:/home/unitree/navigation_ws/install/nav2_costmap_2d:/home/unitree/navigation_ws/install/nav_2d_utils:/home/unitree/navigation_ws/install/nav2_map_server:/home/unitree/navigation_ws/install/nav2_lifecycle_manager:/home/unitree/navigation_ws/install/nav2_util:/home/unitree/navigation_ws/install/nav2_voxel_grid:/home/unitree/navigation_ws/install/nav2_msgs:/home/unitree/navigation_ws/install/nav_2d_msgs:/home/unitree/navigation_ws/install/nav2_common:/home/unitree/cyclonedds_ws/install/rmw_cyclonedds_cpp:/home/unitree/cyclonedds_ws/install/cyclonedds:/opt/ros/foxy LD_LIBRARY_PATH=/home/unitree/navigation_ws/install/nav2_costmap_2d/lib:/home/unitree/navigation_ws/install/nav_2d_utils/lib:/home/unitree/navigation_ws/install/nav2_map_server/lib:/home/unitree/navigation_ws/install/nav2_lifecycle_manager/lib:/home/unitree/navigation_ws/install/nav2_util/lib:/home/unitree/navigation_ws/install/nav2_voxel_grid/lib:/home/unitree/navigation_ws/install/nav2_msgs/lib:/home/unitree/navigation_ws/install/nav_2d_msgs/lib:/usr/local/cuda-11.4/lib64:/usr/local/lib:/home/unitree/cyclonedds_ws/install/rmw_cyclonedds_cpp/lib:/home/unitree/cyclonedds_ws/install/cyclonedds/lib:/opt/ros/foxy/opt/yaml_cpp_vendor/lib:/opt/ros/foxy/opt/rviz_ogre_vendor/lib:/opt/ros/foxy/lib/aarch64-linux-gnu:/opt/ros/foxy/lib:/usr/local/cuda-11.4/lib64 PYTHONPATH=/home/unitree/navigation_ws/install/nav2_msgs/lib/python3.8/site-packages:/home/unitree/navigation_ws/install/nav_2d_msgs/lib/python3.8/site-packages:/home/unitree/navigation_ws/install/nav2_common/lib/python3.8/site-packages:${PYTHONPATH} /usr/bin/cmake /home/unitree/navigation_ws/src/navigation2/nav2_controller -DAMENT_CMAKE_SYMLINK_INSTALL=1 -DCMAKE_INSTALL_PREFIX=/home/unitree/navigation_ws/install/nav2_controller
[614.176s] DEBUG:colcon.colcon_core.event_handler.log_command:Invoking command in '/home/unitree/navigation_ws/build/nav2_controller': AMENT_PREFIX_PATH=/home/unitree/navigation_ws/install/nav2_core:/home/unitree/navigation_ws/install/nav2_costmap_2d:/home/unitree/navigation_ws/install/nav_2d_utils:/home/unitree/navigation_ws/install/nav2_map_server:/home/unitree/navigation_ws/install/nav2_lifecycle_manager:/home/unitree/navigation_ws/install/nav2_util:/home/unitree/navigation_ws/install/nav2_voxel_grid:/home/unitree/navigation_ws/install/nav2_msgs:/home/unitree/navigation_ws/install/nav_2d_msgs:/home/unitree/navigation_ws/install/nav2_common:${AMENT_PREFIX_PATH} CMAKE_PREFIX_PATH=/home/unitree/navigation_ws/install/nav2_core:/home/unitree/navigation_ws/install/nav2_costmap_2d:/home/unitree/navigation_ws/install/nav_2d_utils:/home/unitree/navigation_ws/install/nav2_map_server:/home/unitree/navigation_ws/install/nav2_lifecycle_manager:/home/unitree/navigation_ws/install/nav2_util:/home/unitree/navigation_ws/install/nav2_voxel_grid:/home/unitree/navigation_ws/install/nav2_msgs:/home/unitree/navigation_ws/install/nav_2d_msgs:/home/unitree/navigation_ws/install/nav2_common:/home/unitree/cyclonedds_ws/install/rmw_cyclonedds_cpp:/home/unitree/cyclonedds_ws/install/cyclonedds:/opt/ros/foxy LD_LIBRARY_PATH=/home/unitree/navigation_ws/install/nav2_costmap_2d/lib:/home/unitree/navigation_ws/install/nav_2d_utils/lib:/home/unitree/navigation_ws/install/nav2_map_server/lib:/home/unitree/navigation_ws/install/nav2_lifecycle_manager/lib:/home/unitree/navigation_ws/install/nav2_util/lib:/home/unitree/navigation_ws/install/nav2_voxel_grid/lib:/home/unitree/navigation_ws/install/nav2_msgs/lib:/home/unitree/navigation_ws/install/nav_2d_msgs/lib:/usr/local/cuda-11.4/lib64:/usr/local/lib:/home/unitree/cyclonedds_ws/install/rmw_cyclonedds_cpp/lib:/home/unitree/cyclonedds_ws/install/cyclonedds/lib:/opt/ros/foxy/opt/yaml_cpp_vendor/lib:/opt/ros/foxy/opt/rviz_ogre_vendor/lib:/opt/ros/foxy/lib/aarch64-linux-gnu:/opt/ros/foxy/lib:/usr/local/cuda-11.4/lib64 PYTHONPATH=/home/unitree/navigation_ws/install/nav2_msgs/lib/python3.8/site-packages:/home/unitree/navigation_ws/install/nav_2d_msgs/lib/python3.8/site-packages:/home/unitree/navigation_ws/install/nav2_common/lib/python3.8/site-packages:${PYTHONPATH} /usr/bin/cmake --build /home/unitree/navigation_ws/build/nav2_controller -- -j8 -l8
[618.716s] DEBUG:colcon.colcon_core.event_handler.log_command:Invoked command in '/home/unitree/navigation_ws/build/costmap_queue' returned '0': AMENT_PREFIX_PATH=/home/unitree/navigation_ws/install/nav2_costmap_2d:/home/unitree/navigation_ws/install/nav2_map_server:/home/unitree/navigation_ws/install/nav2_lifecycle_manager:/home/unitree/navigation_ws/install/nav2_util:/home/unitree/navigation_ws/install/nav2_voxel_grid:/home/unitree/navigation_ws/install/nav2_msgs:/home/unitree/navigation_ws/install/nav2_common:${AMENT_PREFIX_PATH} CMAKE_PREFIX_PATH=/home/unitree/navigation_ws/install/nav2_costmap_2d:/home/unitree/navigation_ws/install/nav2_map_server:/home/unitree/navigation_ws/install/nav2_lifecycle_manager:/home/unitree/navigation_ws/install/nav2_util:/home/unitree/navigation_ws/install/nav2_voxel_grid:/home/unitree/navigation_ws/install/nav2_msgs:/home/unitree/navigation_ws/install/nav2_common:/home/unitree/cyclonedds_ws/install/rmw_cyclonedds_cpp:/home/unitree/cyclonedds_ws/install/cyclonedds:/opt/ros/foxy LD_LIBRARY_PATH=/home/unitree/navigation_ws/install/nav2_costmap_2d/lib:/home/unitree/navigation_ws/install/nav2_map_server/lib:/home/unitree/navigation_ws/install/nav2_lifecycle_manager/lib:/home/unitree/navigation_ws/install/nav2_util/lib:/home/unitree/navigation_ws/install/nav2_voxel_grid/lib:/home/unitree/navigation_ws/install/nav2_msgs/lib:/usr/local/cuda-11.4/lib64:/usr/local/lib:/home/unitree/cyclonedds_ws/install/rmw_cyclonedds_cpp/lib:/home/unitree/cyclonedds_ws/install/cyclonedds/lib:/opt/ros/foxy/opt/yaml_cpp_vendor/lib:/opt/ros/foxy/opt/rviz_ogre_vendor/lib:/opt/ros/foxy/lib/aarch64-linux-gnu:/opt/ros/foxy/lib:/usr/local/cuda-11.4/lib64 PYTHONPATH=/home/unitree/navigation_ws/install/nav2_msgs/lib/python3.8/site-packages:/home/unitree/navigation_ws/install/nav2_common/lib/python3.8/site-packages:${PYTHONPATH} /usr/bin/cmake --build /home/unitree/navigation_ws/build/costmap_queue -- -j8 -l8
[619.413s] DEBUG:colcon.colcon_core.event_handler.log_command:Invoking command in '/home/unitree/navigation_ws/build/costmap_queue': AMENT_PREFIX_PATH=/home/unitree/navigation_ws/install/nav2_costmap_2d:/home/unitree/navigation_ws/install/nav2_map_server:/home/unitree/navigation_ws/install/nav2_lifecycle_manager:/home/unitree/navigation_ws/install/nav2_util:/home/unitree/navigation_ws/install/nav2_voxel_grid:/home/unitree/navigation_ws/install/nav2_msgs:/home/unitree/navigation_ws/install/nav2_common:${AMENT_PREFIX_PATH} CMAKE_PREFIX_PATH=/home/unitree/navigation_ws/install/nav2_costmap_2d:/home/unitree/navigation_ws/install/nav2_map_server:/home/unitree/navigation_ws/install/nav2_lifecycle_manager:/home/unitree/navigation_ws/install/nav2_util:/home/unitree/navigation_ws/install/nav2_voxel_grid:/home/unitree/navigation_ws/install/nav2_msgs:/home/unitree/navigation_ws/install/nav2_common:/home/unitree/cyclonedds_ws/install/rmw_cyclonedds_cpp:/home/unitree/cyclonedds_ws/install/cyclonedds:/opt/ros/foxy LD_LIBRARY_PATH=/home/unitree/navigation_ws/install/nav2_costmap_2d/lib:/home/unitree/navigation_ws/install/nav2_map_server/lib:/home/unitree/navigation_ws/install/nav2_lifecycle_manager/lib:/home/unitree/navigation_ws/install/nav2_util/lib:/home/unitree/navigation_ws/install/nav2_voxel_grid/lib:/home/unitree/navigation_ws/install/nav2_msgs/lib:/usr/local/cuda-11.4/lib64:/usr/local/lib:/home/unitree/cyclonedds_ws/install/rmw_cyclonedds_cpp/lib:/home/unitree/cyclonedds_ws/install/cyclonedds/lib:/opt/ros/foxy/opt/yaml_cpp_vendor/lib:/opt/ros/foxy/opt/rviz_ogre_vendor/lib:/opt/ros/foxy/lib/aarch64-linux-gnu:/opt/ros/foxy/lib:/usr/local/cuda-11.4/lib64 PYTHONPATH=/home/unitree/navigation_ws/install/nav2_msgs/lib/python3.8/site-packages:/home/unitree/navigation_ws/install/nav2_common/lib/python3.8/site-packages:${PYTHONPATH} /usr/bin/cmake --install /home/unitree/navigation_ws/build/costmap_queue
[633.489s] DEBUG:colcon.colcon_core.event_handler.log_command:Invoked command in '/home/unitree/navigation_ws/build/nav2_navfn_planner' returned '0': AMENT_PREFIX_PATH=/home/unitree/navigation_ws/install/nav2_core:/home/unitree/navigation_ws/install/nav2_costmap_2d:/home/unitree/navigation_ws/install/nav2_map_server:/home/unitree/navigation_ws/install/nav2_lifecycle_manager:/home/unitree/navigation_ws/install/nav2_util:/home/unitree/navigation_ws/install/nav2_voxel_grid:/home/unitree/navigation_ws/install/nav2_msgs:/home/unitree/navigation_ws/install/nav2_common:${AMENT_PREFIX_PATH} CMAKE_PREFIX_PATH=/home/unitree/navigation_ws/install/nav2_core:/home/unitree/navigation_ws/install/nav2_costmap_2d:/home/unitree/navigation_ws/install/nav2_map_server:/home/unitree/navigation_ws/install/nav2_lifecycle_manager:/home/unitree/navigation_ws/install/nav2_util:/home/unitree/navigation_ws/install/nav2_voxel_grid:/home/unitree/navigation_ws/install/nav2_msgs:/home/unitree/navigation_ws/install/nav2_common:/home/unitree/cyclonedds_ws/install/rmw_cyclonedds_cpp:/home/unitree/cyclonedds_ws/install/cyclonedds:/opt/ros/foxy LD_LIBRARY_PATH=/home/unitree/navigation_ws/install/nav2_costmap_2d/lib:/home/unitree/navigation_ws/install/nav2_map_server/lib:/home/unitree/navigation_ws/install/nav2_lifecycle_manager/lib:/home/unitree/navigation_ws/install/nav2_util/lib:/home/unitree/navigation_ws/install/nav2_voxel_grid/lib:/home/unitree/navigation_ws/install/nav2_msgs/lib:/usr/local/cuda-11.4/lib64:/usr/local/lib:/home/unitree/cyclonedds_ws/install/rmw_cyclonedds_cpp/lib:/home/unitree/cyclonedds_ws/install/cyclonedds/lib:/opt/ros/foxy/opt/yaml_cpp_vendor/lib:/opt/ros/foxy/opt/rviz_ogre_vendor/lib:/opt/ros/foxy/lib/aarch64-linux-gnu:/opt/ros/foxy/lib:/usr/local/cuda-11.4/lib64 PYTHONPATH=/home/unitree/navigation_ws/install/nav2_msgs/lib/python3.8/site-packages:/home/unitree/navigation_ws/install/nav2_common/lib/python3.8/site-packages:${PYTHONPATH} /usr/bin/cmake --build /home/unitree/navigation_ws/build/nav2_navfn_planner -- -j8 -l8
[633.561s] DEBUG:colcon.colcon_core.event_handler.log_command:Invoking command in '/home/unitree/navigation_ws/build/nav2_navfn_planner': AMENT_PREFIX_PATH=/home/unitree/navigation_ws/install/nav2_core:/home/unitree/navigation_ws/install/nav2_costmap_2d:/home/unitree/navigation_ws/install/nav2_map_server:/home/unitree/navigation_ws/install/nav2_lifecycle_manager:/home/unitree/navigation_ws/install/nav2_util:/home/unitree/navigation_ws/install/nav2_voxel_grid:/home/unitree/navigation_ws/install/nav2_msgs:/home/unitree/navigation_ws/install/nav2_common:${AMENT_PREFIX_PATH} CMAKE_PREFIX_PATH=/home/unitree/navigation_ws/install/nav2_core:/home/unitree/navigation_ws/install/nav2_costmap_2d:/home/unitree/navigation_ws/install/nav2_map_server:/home/unitree/navigation_ws/install/nav2_lifecycle_manager:/home/unitree/navigation_ws/install/nav2_util:/home/unitree/navigation_ws/install/nav2_voxel_grid:/home/unitree/navigation_ws/install/nav2_msgs:/home/unitree/navigation_ws/install/nav2_common:/home/unitree/cyclonedds_ws/install/rmw_cyclonedds_cpp:/home/unitree/cyclonedds_ws/install/cyclonedds:/opt/ros/foxy LD_LIBRARY_PATH=/home/unitree/navigation_ws/install/nav2_costmap_2d/lib:/home/unitree/navigation_ws/install/nav2_map_server/lib:/home/unitree/navigation_ws/install/nav2_lifecycle_manager/lib:/home/unitree/navigation_ws/install/nav2_util/lib:/home/unitree/navigation_ws/install/nav2_voxel_grid/lib:/home/unitree/navigation_ws/install/nav2_msgs/lib:/usr/local/cuda-11.4/lib64:/usr/local/lib:/home/unitree/cyclonedds_ws/install/rmw_cyclonedds_cpp/lib:/home/unitree/cyclonedds_ws/install/cyclonedds/lib:/opt/ros/foxy/opt/yaml_cpp_vendor/lib:/opt/ros/foxy/opt/rviz_ogre_vendor/lib:/opt/ros/foxy/lib/aarch64-linux-gnu:/opt/ros/foxy/lib:/usr/local/cuda-11.4/lib64 PYTHONPATH=/home/unitree/navigation_ws/install/nav2_msgs/lib/python3.8/site-packages:/home/unitree/navigation_ws/install/nav2_common/lib/python3.8/site-packages:${PYTHONPATH} /usr/bin/cmake --install /home/unitree/navigation_ws/build/nav2_navfn_planner
[633.714s] DEBUG:colcon.colcon_core.event_handler.log_command:Invoked command in '/home/unitree/navigation_ws/build/nav2_recoveries' returned '0': AMENT_PREFIX_PATH=/home/unitree/navigation_ws/install/nav2_core:/home/unitree/navigation_ws/install/nav2_costmap_2d:/home/unitree/navigation_ws/install/nav2_map_server:/home/unitree/navigation_ws/install/nav2_lifecycle_manager:/home/unitree/navigation_ws/install/nav2_behavior_tree:/home/unitree/navigation_ws/install/nav2_util:/home/unitree/navigation_ws/install/nav2_voxel_grid:/home/unitree/navigation_ws/install/nav2_msgs:/home/unitree/navigation_ws/install/nav2_common:${AMENT_PREFIX_PATH} CMAKE_PREFIX_PATH=/home/unitree/navigation_ws/install/nav2_core:/home/unitree/navigation_ws/install/nav2_costmap_2d:/home/unitree/navigation_ws/install/nav2_map_server:/home/unitree/navigation_ws/install/nav2_lifecycle_manager:/home/unitree/navigation_ws/install/nav2_behavior_tree:/home/unitree/navigation_ws/install/nav2_util:/home/unitree/navigation_ws/install/nav2_voxel_grid:/home/unitree/navigation_ws/install/nav2_msgs:/home/unitree/navigation_ws/install/nav2_common:/home/unitree/cyclonedds_ws/install/rmw_cyclonedds_cpp:/home/unitree/cyclonedds_ws/install/cyclonedds:/opt/ros/foxy LD_LIBRARY_PATH=/home/unitree/navigation_ws/install/nav2_costmap_2d/lib:/home/unitree/navigation_ws/install/nav2_map_server/lib:/home/unitree/navigation_ws/install/nav2_lifecycle_manager/lib:/home/unitree/navigation_ws/install/nav2_behavior_tree/lib:/home/unitree/navigation_ws/install/nav2_util/lib:/home/unitree/navigation_ws/install/nav2_voxel_grid/lib:/home/unitree/navigation_ws/install/nav2_msgs/lib:/usr/local/cuda-11.4/lib64:/usr/local/lib:/home/unitree/cyclonedds_ws/install/rmw_cyclonedds_cpp/lib:/home/unitree/cyclonedds_ws/install/cyclonedds/lib:/opt/ros/foxy/opt/yaml_cpp_vendor/lib:/opt/ros/foxy/opt/rviz_ogre_vendor/lib:/opt/ros/foxy/lib/aarch64-linux-gnu:/opt/ros/foxy/lib:/usr/local/cuda-11.4/lib64 PYTHONPATH=/home/unitree/navigation_ws/install/nav2_msgs/lib/python3.8/site-packages:/home/unitree/navigation_ws/install/nav2_common/lib/python3.8/site-packages:${PYTHONPATH} /usr/bin/cmake /home/unitree/navigation_ws/src/navigation2/nav2_recoveries -DAMENT_CMAKE_SYMLINK_INSTALL=1 -DCMAKE_INSTALL_PREFIX=/home/unitree/navigation_ws/install/nav2_recoveries
[633.728s] DEBUG:colcon.colcon_core.event_handler.log_command:Invoking command in '/home/unitree/navigation_ws/build/nav2_recoveries': AMENT_PREFIX_PATH=/home/unitree/navigation_ws/install/nav2_core:/home/unitree/navigation_ws/install/nav2_costmap_2d:/home/unitree/navigation_ws/install/nav2_map_server:/home/unitree/navigation_ws/install/nav2_lifecycle_manager:/home/unitree/navigation_ws/install/nav2_behavior_tree:/home/unitree/navigation_ws/install/nav2_util:/home/unitree/navigation_ws/install/nav2_voxel_grid:/home/unitree/navigation_ws/install/nav2_msgs:/home/unitree/navigation_ws/install/nav2_common:${AMENT_PREFIX_PATH} CMAKE_PREFIX_PATH=/home/unitree/navigation_ws/install/nav2_core:/home/unitree/navigation_ws/install/nav2_costmap_2d:/home/unitree/navigation_ws/install/nav2_map_server:/home/unitree/navigation_ws/install/nav2_lifecycle_manager:/home/unitree/navigation_ws/install/nav2_behavior_tree:/home/unitree/navigation_ws/install/nav2_util:/home/unitree/navigation_ws/install/nav2_voxel_grid:/home/unitree/navigation_ws/install/nav2_msgs:/home/unitree/navigation_ws/install/nav2_common:/home/unitree/cyclonedds_ws/install/rmw_cyclonedds_cpp:/home/unitree/cyclonedds_ws/install/cyclonedds:/opt/ros/foxy LD_LIBRARY_PATH=/home/unitree/navigation_ws/install/nav2_costmap_2d/lib:/home/unitree/navigation_ws/install/nav2_map_server/lib:/home/unitree/navigation_ws/install/nav2_lifecycle_manager/lib:/home/unitree/navigation_ws/install/nav2_behavior_tree/lib:/home/unitree/navigation_ws/install/nav2_util/lib:/home/unitree/navigation_ws/install/nav2_voxel_grid/lib:/home/unitree/navigation_ws/install/nav2_msgs/lib:/usr/local/cuda-11.4/lib64:/usr/local/lib:/home/unitree/cyclonedds_ws/install/rmw_cyclonedds_cpp/lib:/home/unitree/cyclonedds_ws/install/cyclonedds/lib:/opt/ros/foxy/opt/yaml_cpp_vendor/lib:/opt/ros/foxy/opt/rviz_ogre_vendor/lib:/opt/ros/foxy/lib/aarch64-linux-gnu:/opt/ros/foxy/lib:/usr/local/cuda-11.4/lib64 PYTHONPATH=/home/unitree/navigation_ws/install/nav2_msgs/lib/python3.8/site-packages:/home/unitree/navigation_ws/install/nav2_common/lib/python3.8/site-packages:${PYTHONPATH} /usr/bin/cmake --build /home/unitree/navigation_ws/build/nav2_recoveries -- -j8 -l8
[633.730s] Level 1:colcon.colcon_core.environment:create_environment_scripts_only(costmap_queue)
[633.731s] Level 1:colcon.colcon_core.environment:checking '/home/unitree/navigation_ws/install/costmap_queue' for CMake module files
[633.732s] Level 1:colcon.colcon_core.environment:checking '/home/unitree/navigation_ws/install/costmap_queue' for CMake config files
[633.733s] Level 1:colcon.colcon_core.shell:create_environment_hook('costmap_queue', 'cmake_prefix_path')
[633.734s] INFO:colcon.colcon_core.shell:Creating environment hook '/home/unitree/navigation_ws/install/costmap_queue/share/costmap_queue/hook/cmake_prefix_path.ps1'
[633.735s] INFO:colcon.colcon_core.shell:Creating environment descriptor '/home/unitree/navigation_ws/install/costmap_queue/share/costmap_queue/hook/cmake_prefix_path.dsv'
[633.736s] INFO:colcon.colcon_core.shell:Creating environment hook '/home/unitree/navigation_ws/install/costmap_queue/share/costmap_queue/hook/cmake_prefix_path.sh'
[633.737s] Level 1:colcon.colcon_core.environment:checking '/home/unitree/navigation_ws/install/costmap_queue/lib'
[633.737s] Level 1:colcon.colcon_core.environment:checking '/home/unitree/navigation_ws/install/costmap_queue/bin'
[633.737s] Level 1:colcon.colcon_core.environment:checking '/home/unitree/navigation_ws/install/costmap_queue/lib/pkgconfig/costmap_queue.pc'
[633.738s] Level 1:colcon.colcon_core.environment:checking '/home/unitree/navigation_ws/install/costmap_queue/lib/python3.8/site-packages'
[633.738s] Level 1:colcon.colcon_core.environment:checking '/home/unitree/navigation_ws/install/costmap_queue/bin'
[633.739s] INFO:colcon.colcon_core.shell:Creating package script '/home/unitree/navigation_ws/install/costmap_queue/share/costmap_queue/package.ps1'
[633.740s] INFO:colcon.colcon_core.shell:Creating package descriptor '/home/unitree/navigation_ws/install/costmap_queue/share/costmap_queue/package.dsv'
[633.741s] DEBUG:colcon.colcon_core.event_handler.log_command:Invoked command in '/home/unitree/navigation_ws/build/costmap_queue' returned '0': AMENT_PREFIX_PATH=/home/unitree/navigation_ws/install/nav2_costmap_2d:/home/unitree/navigation_ws/install/nav2_map_server:/home/unitree/navigation_ws/install/nav2_lifecycle_manager:/home/unitree/navigation_ws/install/nav2_util:/home/unitree/navigation_ws/install/nav2_voxel_grid:/home/unitree/navigation_ws/install/nav2_msgs:/home/unitree/navigation_ws/install/nav2_common:${AMENT_PREFIX_PATH} CMAKE_PREFIX_PATH=/home/unitree/navigation_ws/install/nav2_costmap_2d:/home/unitree/navigation_ws/install/nav2_map_server:/home/unitree/navigation_ws/install/nav2_lifecycle_manager:/home/unitree/navigation_ws/install/nav2_util:/home/unitree/navigation_ws/install/nav2_voxel_grid:/home/unitree/navigation_ws/install/nav2_msgs:/home/unitree/navigation_ws/install/nav2_common:/home/unitree/cyclonedds_ws/install/rmw_cyclonedds_cpp:/home/unitree/cyclonedds_ws/install/cyclonedds:/opt/ros/foxy LD_LIBRARY_PATH=/home/unitree/navigation_ws/install/nav2_costmap_2d/lib:/home/unitree/navigation_ws/install/nav2_map_server/lib:/home/unitree/navigation_ws/install/nav2_lifecycle_manager/lib:/home/unitree/navigation_ws/install/nav2_util/lib:/home/unitree/navigation_ws/install/nav2_voxel_grid/lib:/home/unitree/navigation_ws/install/nav2_msgs/lib:/usr/local/cuda-11.4/lib64:/usr/local/lib:/home/unitree/cyclonedds_ws/install/rmw_cyclonedds_cpp/lib:/home/unitree/cyclonedds_ws/install/cyclonedds/lib:/opt/ros/foxy/opt/yaml_cpp_vendor/lib:/opt/ros/foxy/opt/rviz_ogre_vendor/lib:/opt/ros/foxy/lib/aarch64-linux-gnu:/opt/ros/foxy/lib:/usr/local/cuda-11.4/lib64 PYTHONPATH=/home/unitree/navigation_ws/install/nav2_msgs/lib/python3.8/site-packages:/home/unitree/navigation_ws/install/nav2_common/lib/python3.8/site-packages:${PYTHONPATH} /usr/bin/cmake --install /home/unitree/navigation_ws/build/costmap_queue
[633.742s] INFO:colcon.colcon_core.shell:Creating package script '/home/unitree/navigation_ws/install/costmap_queue/share/costmap_queue/package.sh'
[633.743s] INFO:colcon.colcon_core.shell:Creating package script '/home/unitree/navigation_ws/install/costmap_queue/share/costmap_queue/package.bash'
[633.744s] INFO:colcon.colcon_core.shell:Creating package script '/home/unitree/navigation_ws/install/costmap_queue/share/costmap_queue/package.zsh'
[633.744s] Level 1:colcon.colcon_core.environment:create_file_with_runtime_dependencies(/home/unitree/navigation_ws/install/costmap_queue/share/colcon-core/packages/costmap_queue)
[633.861s] Level 1:colcon.colcon_core.environment:create_environment_scripts_only(costmap_queue)
[633.862s] Level 1:colcon.colcon_core.environment:checking '/home/unitree/navigation_ws/install/costmap_queue' for CMake module files
[633.863s] Level 1:colcon.colcon_core.environment:checking '/home/unitree/navigation_ws/install/costmap_queue' for CMake config files
[633.865s] Level 1:colcon.colcon_core.shell:create_environment_hook('costmap_queue', 'cmake_prefix_path')
[633.866s] INFO:colcon.colcon_core.shell:Creating environment hook '/home/unitree/navigation_ws/install/costmap_queue/share/costmap_queue/hook/cmake_prefix_path.ps1'
[633.867s] INFO:colcon.colcon_core.shell:Creating environment descriptor '/home/unitree/navigation_ws/install/costmap_queue/share/costmap_queue/hook/cmake_prefix_path.dsv'
[633.871s] INFO:colcon.colcon_core.shell:Creating environment hook '/home/unitree/navigation_ws/install/costmap_queue/share/costmap_queue/hook/cmake_prefix_path.sh'
[633.874s] Level 1:colcon.colcon_core.environment:checking '/home/unitree/navigation_ws/install/costmap_queue/lib'
[633.874s] Level 1:colcon.colcon_core.environment:checking '/home/unitree/navigation_ws/install/costmap_queue/bin'
[633.880s] Level 1:colcon.colcon_core.environment:checking '/home/unitree/navigation_ws/install/costmap_queue/lib/pkgconfig/costmap_queue.pc'
[633.881s] Level 1:colcon.colcon_core.environment:checking '/home/unitree/navigation_ws/install/costmap_queue/lib/python3.8/site-packages'
[633.882s] Level 1:colcon.colcon_core.environment:checking '/home/unitree/navigation_ws/install/costmap_queue/bin'
[633.883s] INFO:colcon.colcon_core.shell:Creating package script '/home/unitree/navigation_ws/install/costmap_queue/share/costmap_queue/package.ps1'
[633.886s] INFO:colcon.colcon_core.shell:Creating package descriptor '/home/unitree/navigation_ws/install/costmap_queue/share/costmap_queue/package.dsv'
[633.887s] INFO:colcon.colcon_core.shell:Creating package script '/home/unitree/navigation_ws/install/costmap_queue/share/costmap_queue/package.sh'
[633.888s] INFO:colcon.colcon_core.shell:Creating package script '/home/unitree/navigation_ws/install/costmap_queue/share/costmap_queue/package.bash'
[633.889s] INFO:colcon.colcon_core.shell:Creating package script '/home/unitree/navigation_ws/install/costmap_queue/share/costmap_queue/package.zsh'
[633.890s] Level 1:colcon.colcon_core.environment:create_file_with_runtime_dependencies(/home/unitree/navigation_ws/install/costmap_queue/share/colcon-core/packages/costmap_queue)
[633.898s] INFO:colcon.colcon_ros.task.ament_cmake.build:Building ROS package in '/home/unitree/navigation_ws/src/navigation2/smac_planner' with build type 'ament_cmake'
[633.901s] INFO:colcon.colcon_cmake.task.cmake.build:Building CMake package in '/home/unitree/navigation_ws/src/navigation2/smac_planner'
[633.902s] INFO:colcon.colcon_core.shell:Skip shell extension 'powershell' for command environment: Not usable outside of PowerShell
[633.903s] DEBUG:colcon.colcon_core.shell:Skip shell extension 'dsv' for command environment
[634.048s] DEBUG:colcon.colcon_core.event_handler.log_command:Invoking command in '/home/unitree/navigation_ws/build/smac_planner': AMENT_PREFIX_PATH=/home/unitree/navigation_ws/install/nav2_core:/home/unitree/navigation_ws/install/nav2_costmap_2d:/home/unitree/navigation_ws/install/nav2_map_server:/home/unitree/navigation_ws/install/nav2_lifecycle_manager:/home/unitree/navigation_ws/install/nav2_util:/home/unitree/navigation_ws/install/nav2_voxel_grid:/home/unitree/navigation_ws/install/nav2_msgs:/home/unitree/navigation_ws/install/nav2_common:${AMENT_PREFIX_PATH} CMAKE_PREFIX_PATH=/home/unitree/navigation_ws/install/nav2_core:/home/unitree/navigation_ws/install/nav2_costmap_2d:/home/unitree/navigation_ws/install/nav2_map_server:/home/unitree/navigation_ws/install/nav2_lifecycle_manager:/home/unitree/navigation_ws/install/nav2_util:/home/unitree/navigation_ws/install/nav2_voxel_grid:/home/unitree/navigation_ws/install/nav2_msgs:/home/unitree/navigation_ws/install/nav2_common:/home/unitree/cyclonedds_ws/install/rmw_cyclonedds_cpp:/home/unitree/cyclonedds_ws/install/cyclonedds:/opt/ros/foxy LD_LIBRARY_PATH=/home/unitree/navigation_ws/install/nav2_costmap_2d/lib:/home/unitree/navigation_ws/install/nav2_map_server/lib:/home/unitree/navigation_ws/install/nav2_lifecycle_manager/lib:/home/unitree/navigation_ws/install/nav2_util/lib:/home/unitree/navigation_ws/install/nav2_voxel_grid/lib:/home/unitree/navigation_ws/install/nav2_msgs/lib:/usr/local/cuda-11.4/lib64:/usr/local/lib:/home/unitree/cyclonedds_ws/install/rmw_cyclonedds_cpp/lib:/home/unitree/cyclonedds_ws/install/cyclonedds/lib:/opt/ros/foxy/opt/yaml_cpp_vendor/lib:/opt/ros/foxy/opt/rviz_ogre_vendor/lib:/opt/ros/foxy/lib/aarch64-linux-gnu:/opt/ros/foxy/lib:/usr/local/cuda-11.4/lib64 PYTHONPATH=/home/unitree/navigation_ws/install/nav2_msgs/lib/python3.8/site-packages:/home/unitree/navigation_ws/install/nav2_common/lib/python3.8/site-packages:${PYTHONPATH} /usr/bin/cmake /home/unitree/navigation_ws/src/navigation2/smac_planner -DAMENT_CMAKE_SYMLINK_INSTALL=1 -DCMAKE_INSTALL_PREFIX=/home/unitree/navigation_ws/install/smac_planner
[634.369s] Level 1:colcon.colcon_core.environment:create_environment_scripts_only(nav2_navfn_planner)
[634.370s] Level 1:colcon.colcon_core.environment:checking '/home/unitree/navigation_ws/install/nav2_navfn_planner' for CMake module files
[634.372s] Level 1:colcon.colcon_core.environment:checking '/home/unitree/navigation_ws/install/nav2_navfn_planner' for CMake config files
[634.373s] Level 1:colcon.colcon_core.shell:create_environment_hook('nav2_navfn_planner', 'cmake_prefix_path')
[634.373s] INFO:colcon.colcon_core.shell:Creating environment hook '/home/unitree/navigation_ws/install/nav2_navfn_planner/share/nav2_navfn_planner/hook/cmake_prefix_path.ps1'
[634.375s] INFO:colcon.colcon_core.shell:Creating environment descriptor '/home/unitree/navigation_ws/install/nav2_navfn_planner/share/nav2_navfn_planner/hook/cmake_prefix_path.dsv'
[634.375s] INFO:colcon.colcon_core.shell:Creating environment hook '/home/unitree/navigation_ws/install/nav2_navfn_planner/share/nav2_navfn_planner/hook/cmake_prefix_path.sh'
[634.376s] DEBUG:colcon.colcon_core.event_handler.log_command:Invoked command in '/home/unitree/navigation_ws/build/nav2_navfn_planner' returned '0': AMENT_PREFIX_PATH=/home/unitree/navigation_ws/install/nav2_core:/home/unitree/navigation_ws/install/nav2_costmap_2d:/home/unitree/navigation_ws/install/nav2_map_server:/home/unitree/navigation_ws/install/nav2_lifecycle_manager:/home/unitree/navigation_ws/install/nav2_util:/home/unitree/navigation_ws/install/nav2_voxel_grid:/home/unitree/navigation_ws/install/nav2_msgs:/home/unitree/navigation_ws/install/nav2_common:${AMENT_PREFIX_PATH} CMAKE_PREFIX_PATH=/home/unitree/navigation_ws/install/nav2_core:/home/unitree/navigation_ws/install/nav2_costmap_2d:/home/unitree/navigation_ws/install/nav2_map_server:/home/unitree/navigation_ws/install/nav2_lifecycle_manager:/home/unitree/navigation_ws/install/nav2_util:/home/unitree/navigation_ws/install/nav2_voxel_grid:/home/unitree/navigation_ws/install/nav2_msgs:/home/unitree/navigation_ws/install/nav2_common:/home/unitree/cyclonedds_ws/install/rmw_cyclonedds_cpp:/home/unitree/cyclonedds_ws/install/cyclonedds:/opt/ros/foxy LD_LIBRARY_PATH=/home/unitree/navigation_ws/install/nav2_costmap_2d/lib:/home/unitree/navigation_ws/install/nav2_map_server/lib:/home/unitree/navigation_ws/install/nav2_lifecycle_manager/lib:/home/unitree/navigation_ws/install/nav2_util/lib:/home/unitree/navigation_ws/install/nav2_voxel_grid/lib:/home/unitree/navigation_ws/install/nav2_msgs/lib:/usr/local/cuda-11.4/lib64:/usr/local/lib:/home/unitree/cyclonedds_ws/install/rmw_cyclonedds_cpp/lib:/home/unitree/cyclonedds_ws/install/cyclonedds/lib:/opt/ros/foxy/opt/yaml_cpp_vendor/lib:/opt/ros/foxy/opt/rviz_ogre_vendor/lib:/opt/ros/foxy/lib/aarch64-linux-gnu:/opt/ros/foxy/lib:/usr/local/cuda-11.4/lib64 PYTHONPATH=/home/unitree/navigation_ws/install/nav2_msgs/lib/python3.8/site-packages:/home/unitree/navigation_ws/install/nav2_common/lib/python3.8/site-packages:${PYTHONPATH} /usr/bin/cmake --install /home/unitree/navigation_ws/build/nav2_navfn_planner
[634.379s] Level 1:colcon.colcon_core.environment:checking '/home/unitree/navigation_ws/install/nav2_navfn_planner/lib'
[634.379s] Level 1:colcon.colcon_core.shell:create_environment_hook('nav2_navfn_planner', 'ld_library_path_lib')
[634.380s] INFO:colcon.colcon_core.shell:Creating environment hook '/home/unitree/navigation_ws/install/nav2_navfn_planner/share/nav2_navfn_planner/hook/ld_library_path_lib.ps1'
[634.380s] INFO:colcon.colcon_core.shell:Creating environment descriptor '/home/unitree/navigation_ws/install/nav2_navfn_planner/share/nav2_navfn_planner/hook/ld_library_path_lib.dsv'
[634.381s] INFO:colcon.colcon_core.shell:Creating environment hook '/home/unitree/navigation_ws/install/nav2_navfn_planner/share/nav2_navfn_planner/hook/ld_library_path_lib.sh'
[634.382s] Level 1:colcon.colcon_core.environment:checking '/home/unitree/navigation_ws/install/nav2_navfn_planner/bin'
[634.382s] Level 1:colcon.colcon_core.environment:checking '/home/unitree/navigation_ws/install/nav2_navfn_planner/lib/pkgconfig/nav2_navfn_planner.pc'
[634.382s] Level 1:colcon.colcon_core.environment:checking '/home/unitree/navigation_ws/install/nav2_navfn_planner/lib/python3.8/site-packages'
[634.383s] Level 1:colcon.colcon_core.environment:checking '/home/unitree/navigation_ws/install/nav2_navfn_planner/bin'
[634.383s] INFO:colcon.colcon_core.shell:Creating package script '/home/unitree/navigation_ws/install/nav2_navfn_planner/share/nav2_navfn_planner/package.ps1'
[634.384s] INFO:colcon.colcon_core.shell:Creating package descriptor '/home/unitree/navigation_ws/install/nav2_navfn_planner/share/nav2_navfn_planner/package.dsv'
[634.385s] INFO:colcon.colcon_core.shell:Creating package script '/home/unitree/navigation_ws/install/nav2_navfn_planner/share/nav2_navfn_planner/package.sh'
[634.386s] INFO:colcon.colcon_core.shell:Creating package script '/home/unitree/navigation_ws/install/nav2_navfn_planner/share/nav2_navfn_planner/package.bash'
[634.387s] INFO:colcon.colcon_core.shell:Creating package script '/home/unitree/navigation_ws/install/nav2_navfn_planner/share/nav2_navfn_planner/package.zsh'
[634.388s] Level 1:colcon.colcon_core.environment:create_file_with_runtime_dependencies(/home/unitree/navigation_ws/install/nav2_navfn_planner/share/colcon-core/packages/nav2_navfn_planner)
[634.480s] Level 1:colcon.colcon_core.environment:create_environment_scripts_only(nav2_navfn_planner)
[634.481s] Level 1:colcon.colcon_core.environment:checking '/home/unitree/navigation_ws/install/nav2_navfn_planner' for CMake module files
[634.482s] Level 1:colcon.colcon_core.environment:checking '/home/unitree/navigation_ws/install/nav2_navfn_planner' for CMake config files
[634.483s] Level 1:colcon.colcon_core.shell:create_environment_hook('nav2_navfn_planner', 'cmake_prefix_path')
[634.483s] INFO:colcon.colcon_core.shell:Creating environment hook '/home/unitree/navigation_ws/install/nav2_navfn_planner/share/nav2_navfn_planner/hook/cmake_prefix_path.ps1'
[634.485s] INFO:colcon.colcon_core.shell:Creating environment descriptor '/home/unitree/navigation_ws/install/nav2_navfn_planner/share/nav2_navfn_planner/hook/cmake_prefix_path.dsv'
[634.485s] INFO:colcon.colcon_core.shell:Creating environment hook '/home/unitree/navigation_ws/install/nav2_navfn_planner/share/nav2_navfn_planner/hook/cmake_prefix_path.sh'
[634.487s] Level 1:colcon.colcon_core.environment:checking '/home/unitree/navigation_ws/install/nav2_navfn_planner/lib'
[634.487s] Level 1:colcon.colcon_core.shell:create_environment_hook('nav2_navfn_planner', 'ld_library_path_lib')
[634.488s] INFO:colcon.colcon_core.shell:Creating environment hook '/home/unitree/navigation_ws/install/nav2_navfn_planner/share/nav2_navfn_planner/hook/ld_library_path_lib.ps1'
[634.489s] INFO:colcon.colcon_core.shell:Creating environment descriptor '/home/unitree/navigation_ws/install/nav2_navfn_planner/share/nav2_navfn_planner/hook/ld_library_path_lib.dsv'
[634.489s] INFO:colcon.colcon_core.shell:Creating environment hook '/home/unitree/navigation_ws/install/nav2_navfn_planner/share/nav2_navfn_planner/hook/ld_library_path_lib.sh'
[634.490s] Level 1:colcon.colcon_core.environment:checking '/home/unitree/navigation_ws/install/nav2_navfn_planner/bin'
[634.490s] Level 1:colcon.colcon_core.environment:checking '/home/unitree/navigation_ws/install/nav2_navfn_planner/lib/pkgconfig/nav2_navfn_planner.pc'
[634.491s] Level 1:colcon.colcon_core.environment:checking '/home/unitree/navigation_ws/install/nav2_navfn_planner/lib/python3.8/site-packages'
[634.491s] Level 1:colcon.colcon_core.environment:checking '/home/unitree/navigation_ws/install/nav2_navfn_planner/bin'
[634.492s] INFO:colcon.colcon_core.shell:Creating package script '/home/unitree/navigation_ws/install/nav2_navfn_planner/share/nav2_navfn_planner/package.ps1'
[634.494s] INFO:colcon.colcon_core.shell:Creating package descriptor '/home/unitree/navigation_ws/install/nav2_navfn_planner/share/nav2_navfn_planner/package.dsv'
[634.495s] INFO:colcon.colcon_core.shell:Creating package script '/home/unitree/navigation_ws/install/nav2_navfn_planner/share/nav2_navfn_planner/package.sh'
[634.496s] INFO:colcon.colcon_core.shell:Creating package script '/home/unitree/navigation_ws/install/nav2_navfn_planner/share/nav2_navfn_planner/package.bash'
[634.497s] INFO:colcon.colcon_core.shell:Creating package script '/home/unitree/navigation_ws/install/nav2_navfn_planner/share/nav2_navfn_planner/package.zsh'
[634.498s] Level 1:colcon.colcon_core.environment:create_file_with_runtime_dependencies(/home/unitree/navigation_ws/install/nav2_navfn_planner/share/colcon-core/packages/nav2_navfn_planner)
[642.488s] DEBUG:colcon.colcon_core.event_handler.log_command:Invoked command in '/home/unitree/navigation_ws/build/dwb_core' returned '0': AMENT_PREFIX_PATH=/home/unitree/navigation_ws/install/nav2_core:/home/unitree/navigation_ws/install/nav2_costmap_2d:/home/unitree/navigation_ws/install/nav_2d_utils:/home/unitree/navigation_ws/install/nav2_map_server:/home/unitree/navigation_ws/install/nav2_lifecycle_manager:/home/unitree/navigation_ws/install/nav2_util:/home/unitree/navigation_ws/install/nav2_voxel_grid:/home/unitree/navigation_ws/install/nav2_msgs:/home/unitree/navigation_ws/install/dwb_msgs:/home/unitree/navigation_ws/install/nav_2d_msgs:/home/unitree/navigation_ws/install/nav2_common:${AMENT_PREFIX_PATH} CMAKE_PREFIX_PATH=/home/unitree/navigation_ws/install/nav2_core:/home/unitree/navigation_ws/install/nav2_costmap_2d:/home/unitree/navigation_ws/install/nav_2d_utils:/home/unitree/navigation_ws/install/nav2_map_server:/home/unitree/navigation_ws/install/nav2_lifecycle_manager:/home/unitree/navigation_ws/install/nav2_util:/home/unitree/navigation_ws/install/nav2_voxel_grid:/home/unitree/navigation_ws/install/nav2_msgs:/home/unitree/navigation_ws/install/dwb_msgs:/home/unitree/navigation_ws/install/nav_2d_msgs:/home/unitree/navigation_ws/install/nav2_common:/home/unitree/cyclonedds_ws/install/rmw_cyclonedds_cpp:/home/unitree/cyclonedds_ws/install/cyclonedds:/opt/ros/foxy LD_LIBRARY_PATH=/home/unitree/navigation_ws/install/nav2_costmap_2d/lib:/home/unitree/navigation_ws/install/nav_2d_utils/lib:/home/unitree/navigation_ws/install/nav2_map_server/lib:/home/unitree/navigation_ws/install/nav2_lifecycle_manager/lib:/home/unitree/navigation_ws/install/nav2_util/lib:/home/unitree/navigation_ws/install/nav2_voxel_grid/lib:/home/unitree/navigation_ws/install/nav2_msgs/lib:/home/unitree/navigation_ws/install/dwb_msgs/lib:/home/unitree/navigation_ws/install/nav_2d_msgs/lib:/usr/local/cuda-11.4/lib64:/usr/local/lib:/home/unitree/cyclonedds_ws/install/rmw_cyclonedds_cpp/lib:/home/unitree/cyclonedds_ws/install/cyclonedds/lib:/opt/ros/foxy/opt/yaml_cpp_vendor/lib:/opt/ros/foxy/opt/rviz_ogre_vendor/lib:/opt/ros/foxy/lib/aarch64-linux-gnu:/opt/ros/foxy/lib:/usr/local/cuda-11.4/lib64 PYTHONPATH=/home/unitree/navigation_ws/install/nav2_msgs/lib/python3.8/site-packages:/home/unitree/navigation_ws/install/dwb_msgs/lib/python3.8/site-packages:/home/unitree/navigation_ws/install/nav_2d_msgs/lib/python3.8/site-packages:/home/unitree/navigation_ws/install/nav2_common/lib/python3.8/site-packages:${PYTHONPATH} /usr/bin/cmake --build /home/unitree/navigation_ws/build/dwb_core -- -j8 -l8
[642.569s] DEBUG:colcon.colcon_core.event_handler.log_command:Invoking command in '/home/unitree/navigation_ws/build/dwb_core': AMENT_PREFIX_PATH=/home/unitree/navigation_ws/install/nav2_core:/home/unitree/navigation_ws/install/nav2_costmap_2d:/home/unitree/navigation_ws/install/nav_2d_utils:/home/unitree/navigation_ws/install/nav2_map_server:/home/unitree/navigation_ws/install/nav2_lifecycle_manager:/home/unitree/navigation_ws/install/nav2_util:/home/unitree/navigation_ws/install/nav2_voxel_grid:/home/unitree/navigation_ws/install/nav2_msgs:/home/unitree/navigation_ws/install/dwb_msgs:/home/unitree/navigation_ws/install/nav_2d_msgs:/home/unitree/navigation_ws/install/nav2_common:${AMENT_PREFIX_PATH} CMAKE_PREFIX_PATH=/home/unitree/navigation_ws/install/nav2_core:/home/unitree/navigation_ws/install/nav2_costmap_2d:/home/unitree/navigation_ws/install/nav_2d_utils:/home/unitree/navigation_ws/install/nav2_map_server:/home/unitree/navigation_ws/install/nav2_lifecycle_manager:/home/unitree/navigation_ws/install/nav2_util:/home/unitree/navigation_ws/install/nav2_voxel_grid:/home/unitree/navigation_ws/install/nav2_msgs:/home/unitree/navigation_ws/install/dwb_msgs:/home/unitree/navigation_ws/install/nav_2d_msgs:/home/unitree/navigation_ws/install/nav2_common:/home/unitree/cyclonedds_ws/install/rmw_cyclonedds_cpp:/home/unitree/cyclonedds_ws/install/cyclonedds:/opt/ros/foxy LD_LIBRARY_PATH=/home/unitree/navigation_ws/install/nav2_costmap_2d/lib:/home/unitree/navigation_ws/install/nav_2d_utils/lib:/home/unitree/navigation_ws/install/nav2_map_server/lib:/home/unitree/navigation_ws/install/nav2_lifecycle_manager/lib:/home/unitree/navigation_ws/install/nav2_util/lib:/home/unitree/navigation_ws/install/nav2_voxel_grid/lib:/home/unitree/navigation_ws/install/nav2_msgs/lib:/home/unitree/navigation_ws/install/dwb_msgs/lib:/home/unitree/navigation_ws/install/nav_2d_msgs/lib:/usr/local/cuda-11.4/lib64:/usr/local/lib:/home/unitree/cyclonedds_ws/install/rmw_cyclonedds_cpp/lib:/home/unitree/cyclonedds_ws/install/cyclonedds/lib:/opt/ros/foxy/opt/yaml_cpp_vendor/lib:/opt/ros/foxy/opt/rviz_ogre_vendor/lib:/opt/ros/foxy/lib/aarch64-linux-gnu:/opt/ros/foxy/lib:/usr/local/cuda-11.4/lib64 PYTHONPATH=/home/unitree/navigation_ws/install/nav2_msgs/lib/python3.8/site-packages:/home/unitree/navigation_ws/install/dwb_msgs/lib/python3.8/site-packages:/home/unitree/navigation_ws/install/nav_2d_msgs/lib/python3.8/site-packages:/home/unitree/navigation_ws/install/nav2_common/lib/python3.8/site-packages:${PYTHONPATH} /usr/bin/cmake --install /home/unitree/navigation_ws/build/dwb_core
[644.643s] DEBUG:colcon.colcon_core.event_handler.log_command:Invoked command in '/home/unitree/navigation_ws/build/nav2_regulated_pure_pursuit_controller' returned '0': AMENT_PREFIX_PATH=/home/unitree/navigation_ws/install/nav2_core:/home/unitree/navigation_ws/install/nav2_costmap_2d:/home/unitree/navigation_ws/install/nav2_map_server:/home/unitree/navigation_ws/install/nav2_lifecycle_manager:/home/unitree/navigation_ws/install/nav2_util:/home/unitree/navigation_ws/install/nav2_voxel_grid:/home/unitree/navigation_ws/install/nav2_msgs:/home/unitree/navigation_ws/install/nav2_common:${AMENT_PREFIX_PATH} CMAKE_PREFIX_PATH=/home/unitree/navigation_ws/install/nav2_core:/home/unitree/navigation_ws/install/nav2_costmap_2d:/home/unitree/navigation_ws/install/nav2_map_server:/home/unitree/navigation_ws/install/nav2_lifecycle_manager:/home/unitree/navigation_ws/install/nav2_util:/home/unitree/navigation_ws/install/nav2_voxel_grid:/home/unitree/navigation_ws/install/nav2_msgs:/home/unitree/navigation_ws/install/nav2_common:/home/unitree/cyclonedds_ws/install/rmw_cyclonedds_cpp:/home/unitree/cyclonedds_ws/install/cyclonedds:/opt/ros/foxy LD_LIBRARY_PATH=/home/unitree/navigation_ws/install/nav2_costmap_2d/lib:/home/unitree/navigation_ws/install/nav2_map_server/lib:/home/unitree/navigation_ws/install/nav2_lifecycle_manager/lib:/home/unitree/navigation_ws/install/nav2_util/lib:/home/unitree/navigation_ws/install/nav2_voxel_grid/lib:/home/unitree/navigation_ws/install/nav2_msgs/lib:/usr/local/cuda-11.4/lib64:/usr/local/lib:/home/unitree/cyclonedds_ws/install/rmw_cyclonedds_cpp/lib:/home/unitree/cyclonedds_ws/install/cyclonedds/lib:/opt/ros/foxy/opt/yaml_cpp_vendor/lib:/opt/ros/foxy/opt/rviz_ogre_vendor/lib:/opt/ros/foxy/lib/aarch64-linux-gnu:/opt/ros/foxy/lib:/usr/local/cuda-11.4/lib64 PYTHONPATH=/home/unitree/navigation_ws/install/nav2_msgs/lib/python3.8/site-packages:/home/unitree/navigation_ws/install/nav2_common/lib/python3.8/site-packages:${PYTHONPATH} /usr/bin/cmake --build /home/unitree/navigation_ws/build/nav2_regulated_pure_pursuit_controller -- -j8 -l8
[644.655s] Level 1:colcon.colcon_core.environment:create_environment_scripts_only(dwb_core)
[644.657s] Level 1:colcon.colcon_core.environment:checking '/home/unitree/navigation_ws/install/dwb_core' for CMake module files
[644.658s] Level 1:colcon.colcon_core.environment:checking '/home/unitree/navigation_ws/install/dwb_core' for CMake config files
[644.659s] Level 1:colcon.colcon_core.shell:create_environment_hook('dwb_core', 'cmake_prefix_path')
[644.660s] INFO:colcon.colcon_core.shell:Creating environment hook '/home/unitree/navigation_ws/install/dwb_core/share/dwb_core/hook/cmake_prefix_path.ps1'
[644.662s] INFO:colcon.colcon_core.shell:Creating environment descriptor '/home/unitree/navigation_ws/install/dwb_core/share/dwb_core/hook/cmake_prefix_path.dsv'
[644.663s] INFO:colcon.colcon_core.shell:Creating environment hook '/home/unitree/navigation_ws/install/dwb_core/share/dwb_core/hook/cmake_prefix_path.sh'
[644.661s] DEBUG:colcon.colcon_core.event_handler.log_command:Invoked command in '/home/unitree/navigation_ws/build/dwb_core' returned '0': AMENT_PREFIX_PATH=/home/unitree/navigation_ws/install/nav2_core:/home/unitree/navigation_ws/install/nav2_costmap_2d:/home/unitree/navigation_ws/install/nav_2d_utils:/home/unitree/navigation_ws/install/nav2_map_server:/home/unitree/navigation_ws/install/nav2_lifecycle_manager:/home/unitree/navigation_ws/install/nav2_util:/home/unitree/navigation_ws/install/nav2_voxel_grid:/home/unitree/navigation_ws/install/nav2_msgs:/home/unitree/navigation_ws/install/dwb_msgs:/home/unitree/navigation_ws/install/nav_2d_msgs:/home/unitree/navigation_ws/install/nav2_common:${AMENT_PREFIX_PATH} CMAKE_PREFIX_PATH=/home/unitree/navigation_ws/install/nav2_core:/home/unitree/navigation_ws/install/nav2_costmap_2d:/home/unitree/navigation_ws/install/nav_2d_utils:/home/unitree/navigation_ws/install/nav2_map_server:/home/unitree/navigation_ws/install/nav2_lifecycle_manager:/home/unitree/navigation_ws/install/nav2_util:/home/unitree/navigation_ws/install/nav2_voxel_grid:/home/unitree/navigation_ws/install/nav2_msgs:/home/unitree/navigation_ws/install/dwb_msgs:/home/unitree/navigation_ws/install/nav_2d_msgs:/home/unitree/navigation_ws/install/nav2_common:/home/unitree/cyclonedds_ws/install/rmw_cyclonedds_cpp:/home/unitree/cyclonedds_ws/install/cyclonedds:/opt/ros/foxy LD_LIBRARY_PATH=/home/unitree/navigation_ws/install/nav2_costmap_2d/lib:/home/unitree/navigation_ws/install/nav_2d_utils/lib:/home/unitree/navigation_ws/install/nav2_map_server/lib:/home/unitree/navigation_ws/install/nav2_lifecycle_manager/lib:/home/unitree/navigation_ws/install/nav2_util/lib:/home/unitree/navigation_ws/install/nav2_voxel_grid/lib:/home/unitree/navigation_ws/install/nav2_msgs/lib:/home/unitree/navigation_ws/install/dwb_msgs/lib:/home/unitree/navigation_ws/install/nav_2d_msgs/lib:/usr/local/cuda-11.4/lib64:/usr/local/lib:/home/unitree/cyclonedds_ws/install/rmw_cyclonedds_cpp/lib:/home/unitree/cyclonedds_ws/install/cyclonedds/lib:/opt/ros/foxy/opt/yaml_cpp_vendor/lib:/opt/ros/foxy/opt/rviz_ogre_vendor/lib:/opt/ros/foxy/lib/aarch64-linux-gnu:/opt/ros/foxy/lib:/usr/local/cuda-11.4/lib64 PYTHONPATH=/home/unitree/navigation_ws/install/nav2_msgs/lib/python3.8/site-packages:/home/unitree/navigation_ws/install/dwb_msgs/lib/python3.8/site-packages:/home/unitree/navigation_ws/install/nav_2d_msgs/lib/python3.8/site-packages:/home/unitree/navigation_ws/install/nav2_common/lib/python3.8/site-packages:${PYTHONPATH} /usr/bin/cmake --install /home/unitree/navigation_ws/build/dwb_core
[644.667s] Level 1:colcon.colcon_core.environment:checking '/home/unitree/navigation_ws/install/dwb_core/lib'
[644.668s] Level 1:colcon.colcon_core.shell:create_environment_hook('dwb_core', 'ld_library_path_lib')
[644.668s] INFO:colcon.colcon_core.shell:Creating environment hook '/home/unitree/navigation_ws/install/dwb_core/share/dwb_core/hook/ld_library_path_lib.ps1'
[644.670s] INFO:colcon.colcon_core.shell:Creating environment descriptor '/home/unitree/navigation_ws/install/dwb_core/share/dwb_core/hook/ld_library_path_lib.dsv'
[644.670s] INFO:colcon.colcon_core.shell:Creating environment hook '/home/unitree/navigation_ws/install/dwb_core/share/dwb_core/hook/ld_library_path_lib.sh'
[644.671s] Level 1:colcon.colcon_core.environment:checking '/home/unitree/navigation_ws/install/dwb_core/bin'
[644.671s] Level 1:colcon.colcon_core.environment:checking '/home/unitree/navigation_ws/install/dwb_core/lib/pkgconfig/dwb_core.pc'
[644.672s] Level 1:colcon.colcon_core.environment:checking '/home/unitree/navigation_ws/install/dwb_core/lib/python3.8/site-packages'
[644.672s] Level 1:colcon.colcon_core.environment:checking '/home/unitree/navigation_ws/install/dwb_core/bin'
[644.673s] INFO:colcon.colcon_core.shell:Creating package script '/home/unitree/navigation_ws/install/dwb_core/share/dwb_core/package.ps1'
[644.674s] INFO:colcon.colcon_core.shell:Creating package descriptor '/home/unitree/navigation_ws/install/dwb_core/share/dwb_core/package.dsv'
[644.675s] INFO:colcon.colcon_core.shell:Creating package script '/home/unitree/navigation_ws/install/dwb_core/share/dwb_core/package.sh'
[644.676s] INFO:colcon.colcon_core.shell:Creating package script '/home/unitree/navigation_ws/install/dwb_core/share/dwb_core/package.bash'
[644.677s] INFO:colcon.colcon_core.shell:Creating package script '/home/unitree/navigation_ws/install/dwb_core/share/dwb_core/package.zsh'
[644.677s] Level 1:colcon.colcon_core.environment:create_file_with_runtime_dependencies(/home/unitree/navigation_ws/install/dwb_core/share/colcon-core/packages/dwb_core)
[644.726s] DEBUG:colcon.colcon_core.event_handler.log_command:Invoking command in '/home/unitree/navigation_ws/build/nav2_regulated_pure_pursuit_controller': AMENT_PREFIX_PATH=/home/unitree/navigation_ws/install/nav2_core:/home/unitree/navigation_ws/install/nav2_costmap_2d:/home/unitree/navigation_ws/install/nav2_map_server:/home/unitree/navigation_ws/install/nav2_lifecycle_manager:/home/unitree/navigation_ws/install/nav2_util:/home/unitree/navigation_ws/install/nav2_voxel_grid:/home/unitree/navigation_ws/install/nav2_msgs:/home/unitree/navigation_ws/install/nav2_common:${AMENT_PREFIX_PATH} CMAKE_PREFIX_PATH=/home/unitree/navigation_ws/install/nav2_core:/home/unitree/navigation_ws/install/nav2_costmap_2d:/home/unitree/navigation_ws/install/nav2_map_server:/home/unitree/navigation_ws/install/nav2_lifecycle_manager:/home/unitree/navigation_ws/install/nav2_util:/home/unitree/navigation_ws/install/nav2_voxel_grid:/home/unitree/navigation_ws/install/nav2_msgs:/home/unitree/navigation_ws/install/nav2_common:/home/unitree/cyclonedds_ws/install/rmw_cyclonedds_cpp:/home/unitree/cyclonedds_ws/install/cyclonedds:/opt/ros/foxy LD_LIBRARY_PATH=/home/unitree/navigation_ws/install/nav2_costmap_2d/lib:/home/unitree/navigation_ws/install/nav2_map_server/lib:/home/unitree/navigation_ws/install/nav2_lifecycle_manager/lib:/home/unitree/navigation_ws/install/nav2_util/lib:/home/unitree/navigation_ws/install/nav2_voxel_grid/lib:/home/unitree/navigation_ws/install/nav2_msgs/lib:/usr/local/cuda-11.4/lib64:/usr/local/lib:/home/unitree/cyclonedds_ws/install/rmw_cyclonedds_cpp/lib:/home/unitree/cyclonedds_ws/install/cyclonedds/lib:/opt/ros/foxy/opt/yaml_cpp_vendor/lib:/opt/ros/foxy/opt/rviz_ogre_vendor/lib:/opt/ros/foxy/lib/aarch64-linux-gnu:/opt/ros/foxy/lib:/usr/local/cuda-11.4/lib64 PYTHONPATH=/home/unitree/navigation_ws/install/nav2_msgs/lib/python3.8/site-packages:/home/unitree/navigation_ws/install/nav2_common/lib/python3.8/site-packages:${PYTHONPATH} /usr/bin/cmake --install /home/unitree/navigation_ws/build/nav2_regulated_pure_pursuit_controller
[644.765s] Level 1:colcon.colcon_core.environment:create_environment_scripts_only(dwb_core)
[644.766s] Level 1:colcon.colcon_core.environment:checking '/home/unitree/navigation_ws/install/dwb_core' for CMake module files
[644.767s] Level 1:colcon.colcon_core.environment:checking '/home/unitree/navigation_ws/install/dwb_core' for CMake config files
[644.768s] Level 1:colcon.colcon_core.shell:create_environment_hook('dwb_core', 'cmake_prefix_path')
[644.768s] INFO:colcon.colcon_core.shell:Creating environment hook '/home/unitree/navigation_ws/install/dwb_core/share/dwb_core/hook/cmake_prefix_path.ps1'
[644.770s] INFO:colcon.colcon_core.shell:Creating environment descriptor '/home/unitree/navigation_ws/install/dwb_core/share/dwb_core/hook/cmake_prefix_path.dsv'
[644.772s] INFO:colcon.colcon_core.shell:Creating environment hook '/home/unitree/navigation_ws/install/dwb_core/share/dwb_core/hook/cmake_prefix_path.sh'
[644.773s] Level 1:colcon.colcon_core.environment:checking '/home/unitree/navigation_ws/install/dwb_core/lib'
[644.773s] Level 1:colcon.colcon_core.shell:create_environment_hook('dwb_core', 'ld_library_path_lib')
[644.774s] INFO:colcon.colcon_core.shell:Creating environment hook '/home/unitree/navigation_ws/install/dwb_core/share/dwb_core/hook/ld_library_path_lib.ps1'
[644.777s] INFO:colcon.colcon_core.shell:Creating environment descriptor '/home/unitree/navigation_ws/install/dwb_core/share/dwb_core/hook/ld_library_path_lib.dsv'
[644.778s] INFO:colcon.colcon_core.shell:Creating environment hook '/home/unitree/navigation_ws/install/dwb_core/share/dwb_core/hook/ld_library_path_lib.sh'
[644.779s] Level 1:colcon.colcon_core.environment:checking '/home/unitree/navigation_ws/install/dwb_core/bin'
[644.779s] Level 1:colcon.colcon_core.environment:checking '/home/unitree/navigation_ws/install/dwb_core/lib/pkgconfig/dwb_core.pc'
[644.780s] Level 1:colcon.colcon_core.environment:checking '/home/unitree/navigation_ws/install/dwb_core/lib/python3.8/site-packages'
[644.780s] Level 1:colcon.colcon_core.environment:checking '/home/unitree/navigation_ws/install/dwb_core/bin'
[644.781s] INFO:colcon.colcon_core.shell:Creating package script '/home/unitree/navigation_ws/install/dwb_core/share/dwb_core/package.ps1'
[644.783s] INFO:colcon.colcon_core.shell:Creating package descriptor '/home/unitree/navigation_ws/install/dwb_core/share/dwb_core/package.dsv'
[644.784s] INFO:colcon.colcon_core.shell:Creating package script '/home/unitree/navigation_ws/install/dwb_core/share/dwb_core/package.sh'
[644.786s] INFO:colcon.colcon_core.shell:Creating package script '/home/unitree/navigation_ws/install/dwb_core/share/dwb_core/package.bash'
[644.787s] INFO:colcon.colcon_core.shell:Creating package script '/home/unitree/navigation_ws/install/dwb_core/share/dwb_core/package.zsh'
[644.787s] Level 1:colcon.colcon_core.environment:create_file_with_runtime_dependencies(/home/unitree/navigation_ws/install/dwb_core/share/colcon-core/packages/dwb_core)
[644.790s] INFO:colcon.colcon_ros.task.ament_cmake.build:Building ROS package in '/home/unitree/navigation_ws/src/navigation2/nav2_dwb_controller/dwb_critics' with build type 'ament_cmake'
[644.790s] INFO:colcon.colcon_cmake.task.cmake.build:Building CMake package in '/home/unitree/navigation_ws/src/navigation2/nav2_dwb_controller/dwb_critics'
[644.793s] INFO:colcon.colcon_core.shell:Skip shell extension 'powershell' for command environment: Not usable outside of PowerShell
[644.794s] DEBUG:colcon.colcon_core.shell:Skip shell extension 'dsv' for command environment
[644.832s] INFO:colcon.colcon_ros.task.ament_cmake.build:Building ROS package in '/home/unitree/navigation_ws/src/navigation2/nav2_dwb_controller/dwb_plugins' with build type 'ament_cmake'
[644.833s] INFO:colcon.colcon_cmake.task.cmake.build:Building CMake package in '/home/unitree/navigation_ws/src/navigation2/nav2_dwb_controller/dwb_plugins'
[644.834s] INFO:colcon.colcon_core.shell:Skip shell extension 'powershell' for command environment: Not usable outside of PowerShell
[644.834s] DEBUG:colcon.colcon_core.shell:Skip shell extension 'dsv' for command environment
[644.900s] DEBUG:colcon.colcon_core.event_handler.log_command:Invoking command in '/home/unitree/navigation_ws/build/dwb_critics': AMENT_PREFIX_PATH=/home/unitree/navigation_ws/install/dwb_core:/home/unitree/navigation_ws/install/nav2_core:/home/unitree/navigation_ws/install/costmap_queue:/home/unitree/navigation_ws/install/nav2_costmap_2d:/home/unitree/navigation_ws/install/nav_2d_utils:/home/unitree/navigation_ws/install/nav2_map_server:/home/unitree/navigation_ws/install/nav2_lifecycle_manager:/home/unitree/navigation_ws/install/nav2_util:/home/unitree/navigation_ws/install/nav2_voxel_grid:/home/unitree/navigation_ws/install/nav2_msgs:/home/unitree/navigation_ws/install/dwb_msgs:/home/unitree/navigation_ws/install/nav_2d_msgs:/home/unitree/navigation_ws/install/nav2_common:${AMENT_PREFIX_PATH} CMAKE_PREFIX_PATH=/home/unitree/navigation_ws/install/dwb_core:/home/unitree/navigation_ws/install/nav2_core:/home/unitree/navigation_ws/install/costmap_queue:/home/unitree/navigation_ws/install/nav2_costmap_2d:/home/unitree/navigation_ws/install/nav_2d_utils:/home/unitree/navigation_ws/install/nav2_map_server:/home/unitree/navigation_ws/install/nav2_lifecycle_manager:/home/unitree/navigation_ws/install/nav2_util:/home/unitree/navigation_ws/install/nav2_voxel_grid:/home/unitree/navigation_ws/install/nav2_msgs:/home/unitree/navigation_ws/install/dwb_msgs:/home/unitree/navigation_ws/install/nav_2d_msgs:/home/unitree/navigation_ws/install/nav2_common:/home/unitree/cyclonedds_ws/install/rmw_cyclonedds_cpp:/home/unitree/cyclonedds_ws/install/cyclonedds:/opt/ros/foxy LD_LIBRARY_PATH=/home/unitree/navigation_ws/install/dwb_core/lib:/home/unitree/navigation_ws/install/costmap_queue/lib:/home/unitree/navigation_ws/install/nav2_costmap_2d/lib:/home/unitree/navigation_ws/install/nav_2d_utils/lib:/home/unitree/navigation_ws/install/nav2_map_server/lib:/home/unitree/navigation_ws/install/nav2_lifecycle_manager/lib:/home/unitree/navigation_ws/install/nav2_util/lib:/home/unitree/navigation_ws/install/nav2_voxel_grid/lib:/home/unitree/navigation_ws/install/nav2_msgs/lib:/home/unitree/navigation_ws/install/dwb_msgs/lib:/home/unitree/navigation_ws/install/nav_2d_msgs/lib:/usr/local/cuda-11.4/lib64:/usr/local/lib:/home/unitree/cyclonedds_ws/install/rmw_cyclonedds_cpp/lib:/home/unitree/cyclonedds_ws/install/cyclonedds/lib:/opt/ros/foxy/opt/yaml_cpp_vendor/lib:/opt/ros/foxy/opt/rviz_ogre_vendor/lib:/opt/ros/foxy/lib/aarch64-linux-gnu:/opt/ros/foxy/lib:/usr/local/cuda-11.4/lib64 PYTHONPATH=/home/unitree/navigation_ws/install/nav2_msgs/lib/python3.8/site-packages:/home/unitree/navigation_ws/install/dwb_msgs/lib/python3.8/site-packages:/home/unitree/navigation_ws/install/nav_2d_msgs/lib/python3.8/site-packages:/home/unitree/navigation_ws/install/nav2_common/lib/python3.8/site-packages:${PYTHONPATH} /usr/bin/cmake /home/unitree/navigation_ws/src/navigation2/nav2_dwb_controller/dwb_critics -DAMENT_CMAKE_SYMLINK_INSTALL=1 -DCMAKE_INSTALL_PREFIX=/home/unitree/navigation_ws/install/dwb_critics
[644.929s] DEBUG:colcon.colcon_core.event_handler.log_command:Invoking command in '/home/unitree/navigation_ws/build/dwb_plugins': AMENT_PREFIX_PATH=/home/unitree/navigation_ws/install/dwb_core:/home/unitree/navigation_ws/install/nav2_core:/home/unitree/navigation_ws/install/nav2_costmap_2d:/home/unitree/navigation_ws/install/nav_2d_utils:/home/unitree/navigation_ws/install/nav2_map_server:/home/unitree/navigation_ws/install/nav2_lifecycle_manager:/home/unitree/navigation_ws/install/nav2_util:/home/unitree/navigation_ws/install/nav2_voxel_grid:/home/unitree/navigation_ws/install/nav2_msgs:/home/unitree/navigation_ws/install/dwb_msgs:/home/unitree/navigation_ws/install/nav_2d_msgs:/home/unitree/navigation_ws/install/nav2_common:${AMENT_PREFIX_PATH} CMAKE_PREFIX_PATH=/home/unitree/navigation_ws/install/dwb_core:/home/unitree/navigation_ws/install/nav2_core:/home/unitree/navigation_ws/install/nav2_costmap_2d:/home/unitree/navigation_ws/install/nav_2d_utils:/home/unitree/navigation_ws/install/nav2_map_server:/home/unitree/navigation_ws/install/nav2_lifecycle_manager:/home/unitree/navigation_ws/install/nav2_util:/home/unitree/navigation_ws/install/nav2_voxel_grid:/home/unitree/navigation_ws/install/nav2_msgs:/home/unitree/navigation_ws/install/dwb_msgs:/home/unitree/navigation_ws/install/nav_2d_msgs:/home/unitree/navigation_ws/install/nav2_common:/home/unitree/cyclonedds_ws/install/rmw_cyclonedds_cpp:/home/unitree/cyclonedds_ws/install/cyclonedds:/opt/ros/foxy LD_LIBRARY_PATH=/home/unitree/navigation_ws/install/dwb_core/lib:/home/unitree/navigation_ws/install/nav2_costmap_2d/lib:/home/unitree/navigation_ws/install/nav_2d_utils/lib:/home/unitree/navigation_ws/install/nav2_map_server/lib:/home/unitree/navigation_ws/install/nav2_lifecycle_manager/lib:/home/unitree/navigation_ws/install/nav2_util/lib:/home/unitree/navigation_ws/install/nav2_voxel_grid/lib:/home/unitree/navigation_ws/install/nav2_msgs/lib:/home/unitree/navigation_ws/install/dwb_msgs/lib:/home/unitree/navigation_ws/install/nav_2d_msgs/lib:/usr/local/cuda-11.4/lib64:/usr/local/lib:/home/unitree/cyclonedds_ws/install/rmw_cyclonedds_cpp/lib:/home/unitree/cyclonedds_ws/install/cyclonedds/lib:/opt/ros/foxy/opt/yaml_cpp_vendor/lib:/opt/ros/foxy/opt/rviz_ogre_vendor/lib:/opt/ros/foxy/lib/aarch64-linux-gnu:/opt/ros/foxy/lib:/usr/local/cuda-11.4/lib64 PYTHONPATH=/home/unitree/navigation_ws/install/nav2_msgs/lib/python3.8/site-packages:/home/unitree/navigation_ws/install/dwb_msgs/lib/python3.8/site-packages:/home/unitree/navigation_ws/install/nav_2d_msgs/lib/python3.8/site-packages:/home/unitree/navigation_ws/install/nav2_common/lib/python3.8/site-packages:${PYTHONPATH} /usr/bin/cmake /home/unitree/navigation_ws/src/navigation2/nav2_dwb_controller/dwb_plugins -DAMENT_CMAKE_SYMLINK_INSTALL=1 -DCMAKE_INSTALL_PREFIX=/home/unitree/navigation_ws/install/dwb_plugins
[645.536s] Level 1:colcon.colcon_core.environment:create_environment_scripts_only(nav2_regulated_pure_pursuit_controller)
[645.537s] Level 1:colcon.colcon_core.environment:checking '/home/unitree/navigation_ws/install/nav2_regulated_pure_pursuit_controller' for CMake module files
[645.538s] DEBUG:colcon.colcon_core.event_handler.log_command:Invoked command in '/home/unitree/navigation_ws/build/nav2_regulated_pure_pursuit_controller' returned '0': AMENT_PREFIX_PATH=/home/unitree/navigation_ws/install/nav2_core:/home/unitree/navigation_ws/install/nav2_costmap_2d:/home/unitree/navigation_ws/install/nav2_map_server:/home/unitree/navigation_ws/install/nav2_lifecycle_manager:/home/unitree/navigation_ws/install/nav2_util:/home/unitree/navigation_ws/install/nav2_voxel_grid:/home/unitree/navigation_ws/install/nav2_msgs:/home/unitree/navigation_ws/install/nav2_common:${AMENT_PREFIX_PATH} CMAKE_PREFIX_PATH=/home/unitree/navigation_ws/install/nav2_core:/home/unitree/navigation_ws/install/nav2_costmap_2d:/home/unitree/navigation_ws/install/nav2_map_server:/home/unitree/navigation_ws/install/nav2_lifecycle_manager:/home/unitree/navigation_ws/install/nav2_util:/home/unitree/navigation_ws/install/nav2_voxel_grid:/home/unitree/navigation_ws/install/nav2_msgs:/home/unitree/navigation_ws/install/nav2_common:/home/unitree/cyclonedds_ws/install/rmw_cyclonedds_cpp:/home/unitree/cyclonedds_ws/install/cyclonedds:/opt/ros/foxy LD_LIBRARY_PATH=/home/unitree/navigation_ws/install/nav2_costmap_2d/lib:/home/unitree/navigation_ws/install/nav2_map_server/lib:/home/unitree/navigation_ws/install/nav2_lifecycle_manager/lib:/home/unitree/navigation_ws/install/nav2_util/lib:/home/unitree/navigation_ws/install/nav2_voxel_grid/lib:/home/unitree/navigation_ws/install/nav2_msgs/lib:/usr/local/cuda-11.4/lib64:/usr/local/lib:/home/unitree/cyclonedds_ws/install/rmw_cyclonedds_cpp/lib:/home/unitree/cyclonedds_ws/install/cyclonedds/lib:/opt/ros/foxy/opt/yaml_cpp_vendor/lib:/opt/ros/foxy/opt/rviz_ogre_vendor/lib:/opt/ros/foxy/lib/aarch64-linux-gnu:/opt/ros/foxy/lib:/usr/local/cuda-11.4/lib64 PYTHONPATH=/home/unitree/navigation_ws/install/nav2_msgs/lib/python3.8/site-packages:/home/unitree/navigation_ws/install/nav2_common/lib/python3.8/site-packages:${PYTHONPATH} /usr/bin/cmake --install /home/unitree/navigation_ws/build/nav2_regulated_pure_pursuit_controller
[645.539s] Level 1:colcon.colcon_core.environment:checking '/home/unitree/navigation_ws/install/nav2_regulated_pure_pursuit_controller' for CMake config files
[645.539s] Level 1:colcon.colcon_core.shell:create_environment_hook('nav2_regulated_pure_pursuit_controller', 'cmake_prefix_path')
[645.540s] INFO:colcon.colcon_core.shell:Creating environment hook '/home/unitree/navigation_ws/install/nav2_regulated_pure_pursuit_controller/share/nav2_regulated_pure_pursuit_controller/hook/cmake_prefix_path.ps1'
[645.542s] INFO:colcon.colcon_core.shell:Creating environment descriptor '/home/unitree/navigation_ws/install/nav2_regulated_pure_pursuit_controller/share/nav2_regulated_pure_pursuit_controller/hook/cmake_prefix_path.dsv'
[645.543s] INFO:colcon.colcon_core.shell:Creating environment hook '/home/unitree/navigation_ws/install/nav2_regulated_pure_pursuit_controller/share/nav2_regulated_pure_pursuit_controller/hook/cmake_prefix_path.sh'
[645.546s] Level 1:colcon.colcon_core.environment:checking '/home/unitree/navigation_ws/install/nav2_regulated_pure_pursuit_controller/lib'
[645.546s] Level 1:colcon.colcon_core.shell:create_environment_hook('nav2_regulated_pure_pursuit_controller', 'ld_library_path_lib')
[645.547s] INFO:colcon.colcon_core.shell:Creating environment hook '/home/unitree/navigation_ws/install/nav2_regulated_pure_pursuit_controller/share/nav2_regulated_pure_pursuit_controller/hook/ld_library_path_lib.ps1'
[645.549s] INFO:colcon.colcon_core.shell:Creating environment descriptor '/home/unitree/navigation_ws/install/nav2_regulated_pure_pursuit_controller/share/nav2_regulated_pure_pursuit_controller/hook/ld_library_path_lib.dsv'
[645.550s] INFO:colcon.colcon_core.shell:Creating environment hook '/home/unitree/navigation_ws/install/nav2_regulated_pure_pursuit_controller/share/nav2_regulated_pure_pursuit_controller/hook/ld_library_path_lib.sh'
[645.552s] Level 1:colcon.colcon_core.environment:checking '/home/unitree/navigation_ws/install/nav2_regulated_pure_pursuit_controller/bin'
[645.552s] Level 1:colcon.colcon_core.environment:checking '/home/unitree/navigation_ws/install/nav2_regulated_pure_pursuit_controller/lib/pkgconfig/nav2_regulated_pure_pursuit_controller.pc'
[645.552s] Level 1:colcon.colcon_core.environment:checking '/home/unitree/navigation_ws/install/nav2_regulated_pure_pursuit_controller/lib/python3.8/site-packages'
[645.553s] Level 1:colcon.colcon_core.environment:checking '/home/unitree/navigation_ws/install/nav2_regulated_pure_pursuit_controller/bin'
[645.553s] INFO:colcon.colcon_core.shell:Creating package script '/home/unitree/navigation_ws/install/nav2_regulated_pure_pursuit_controller/share/nav2_regulated_pure_pursuit_controller/package.ps1'
[645.555s] INFO:colcon.colcon_core.shell:Creating package descriptor '/home/unitree/navigation_ws/install/nav2_regulated_pure_pursuit_controller/share/nav2_regulated_pure_pursuit_controller/package.dsv'
[645.557s] INFO:colcon.colcon_core.shell:Creating package script '/home/unitree/navigation_ws/install/nav2_regulated_pure_pursuit_controller/share/nav2_regulated_pure_pursuit_controller/package.sh'
[645.558s] INFO:colcon.colcon_core.shell:Creating package script '/home/unitree/navigation_ws/install/nav2_regulated_pure_pursuit_controller/share/nav2_regulated_pure_pursuit_controller/package.bash'
[645.559s] INFO:colcon.colcon_core.shell:Creating package script '/home/unitree/navigation_ws/install/nav2_regulated_pure_pursuit_controller/share/nav2_regulated_pure_pursuit_controller/package.zsh'
[645.561s] Level 1:colcon.colcon_core.environment:create_file_with_runtime_dependencies(/home/unitree/navigation_ws/install/nav2_regulated_pure_pursuit_controller/share/colcon-core/packages/nav2_regulated_pure_pursuit_controller)
[645.637s] Level 1:colcon.colcon_core.environment:create_environment_scripts_only(nav2_regulated_pure_pursuit_controller)
[645.638s] Level 1:colcon.colcon_core.environment:checking '/home/unitree/navigation_ws/install/nav2_regulated_pure_pursuit_controller' for CMake module files
[645.639s] Level 1:colcon.colcon_core.environment:checking '/home/unitree/navigation_ws/install/nav2_regulated_pure_pursuit_controller' for CMake config files
[645.640s] Level 1:colcon.colcon_core.shell:create_environment_hook('nav2_regulated_pure_pursuit_controller', 'cmake_prefix_path')
[645.641s] INFO:colcon.colcon_core.shell:Creating environment hook '/home/unitree/navigation_ws/install/nav2_regulated_pure_pursuit_controller/share/nav2_regulated_pure_pursuit_controller/hook/cmake_prefix_path.ps1'
[645.645s] INFO:colcon.colcon_core.shell:Creating environment descriptor '/home/unitree/navigation_ws/install/nav2_regulated_pure_pursuit_controller/share/nav2_regulated_pure_pursuit_controller/hook/cmake_prefix_path.dsv'
[645.648s] INFO:colcon.colcon_core.shell:Creating environment hook '/home/unitree/navigation_ws/install/nav2_regulated_pure_pursuit_controller/share/nav2_regulated_pure_pursuit_controller/hook/cmake_prefix_path.sh'
[645.658s] Level 1:colcon.colcon_core.environment:checking '/home/unitree/navigation_ws/install/nav2_regulated_pure_pursuit_controller/lib'
[645.658s] Level 1:colcon.colcon_core.shell:create_environment_hook('nav2_regulated_pure_pursuit_controller', 'ld_library_path_lib')
[645.659s] INFO:colcon.colcon_core.shell:Creating environment hook '/home/unitree/navigation_ws/install/nav2_regulated_pure_pursuit_controller/share/nav2_regulated_pure_pursuit_controller/hook/ld_library_path_lib.ps1'
[645.660s] INFO:colcon.colcon_core.shell:Creating environment descriptor '/home/unitree/navigation_ws/install/nav2_regulated_pure_pursuit_controller/share/nav2_regulated_pure_pursuit_controller/hook/ld_library_path_lib.dsv'
[645.662s] INFO:colcon.colcon_core.shell:Creating environment hook '/home/unitree/navigation_ws/install/nav2_regulated_pure_pursuit_controller/share/nav2_regulated_pure_pursuit_controller/hook/ld_library_path_lib.sh'
[645.664s] Level 1:colcon.colcon_core.environment:checking '/home/unitree/navigation_ws/install/nav2_regulated_pure_pursuit_controller/bin'
[645.670s] Level 1:colcon.colcon_core.environment:checking '/home/unitree/navigation_ws/install/nav2_regulated_pure_pursuit_controller/lib/pkgconfig/nav2_regulated_pure_pursuit_controller.pc'
[645.673s] Level 1:colcon.colcon_core.environment:checking '/home/unitree/navigation_ws/install/nav2_regulated_pure_pursuit_controller/lib/python3.8/site-packages'
[645.674s] Level 1:colcon.colcon_core.environment:checking '/home/unitree/navigation_ws/install/nav2_regulated_pure_pursuit_controller/bin'
[645.675s] INFO:colcon.colcon_core.shell:Creating package script '/home/unitree/navigation_ws/install/nav2_regulated_pure_pursuit_controller/share/nav2_regulated_pure_pursuit_controller/package.ps1'
[645.677s] INFO:colcon.colcon_core.shell:Creating package descriptor '/home/unitree/navigation_ws/install/nav2_regulated_pure_pursuit_controller/share/nav2_regulated_pure_pursuit_controller/package.dsv'
[645.682s] INFO:colcon.colcon_core.shell:Creating package script '/home/unitree/navigation_ws/install/nav2_regulated_pure_pursuit_controller/share/nav2_regulated_pure_pursuit_controller/package.sh'
[645.684s] INFO:colcon.colcon_core.shell:Creating package script '/home/unitree/navigation_ws/install/nav2_regulated_pure_pursuit_controller/share/nav2_regulated_pure_pursuit_controller/package.bash'
[645.688s] INFO:colcon.colcon_core.shell:Creating package script '/home/unitree/navigation_ws/install/nav2_regulated_pure_pursuit_controller/share/nav2_regulated_pure_pursuit_controller/package.zsh'
[645.689s] Level 1:colcon.colcon_core.environment:create_file_with_runtime_dependencies(/home/unitree/navigation_ws/install/nav2_regulated_pure_pursuit_controller/share/colcon-core/packages/nav2_regulated_pure_pursuit_controller)
[649.649s] DEBUG:colcon.colcon_core.event_handler.log_command:Invoked command in '/home/unitree/navigation_ws/build/nav2_planner' returned '0': AMENT_PREFIX_PATH=/home/unitree/navigation_ws/install/nav2_core:/home/unitree/navigation_ws/install/nav2_costmap_2d:/home/unitree/navigation_ws/install/nav2_map_server:/home/unitree/navigation_ws/install/nav2_lifecycle_manager:/home/unitree/navigation_ws/install/nav2_util:/home/unitree/navigation_ws/install/nav2_voxel_grid:/home/unitree/navigation_ws/install/nav2_msgs:/home/unitree/navigation_ws/install/nav2_common:${AMENT_PREFIX_PATH} CMAKE_PREFIX_PATH=/home/unitree/navigation_ws/install/nav2_core:/home/unitree/navigation_ws/install/nav2_costmap_2d:/home/unitree/navigation_ws/install/nav2_map_server:/home/unitree/navigation_ws/install/nav2_lifecycle_manager:/home/unitree/navigation_ws/install/nav2_util:/home/unitree/navigation_ws/install/nav2_voxel_grid:/home/unitree/navigation_ws/install/nav2_msgs:/home/unitree/navigation_ws/install/nav2_common:/home/unitree/cyclonedds_ws/install/rmw_cyclonedds_cpp:/home/unitree/cyclonedds_ws/install/cyclonedds:/opt/ros/foxy LD_LIBRARY_PATH=/home/unitree/navigation_ws/install/nav2_costmap_2d/lib:/home/unitree/navigation_ws/install/nav2_map_server/lib:/home/unitree/navigation_ws/install/nav2_lifecycle_manager/lib:/home/unitree/navigation_ws/install/nav2_util/lib:/home/unitree/navigation_ws/install/nav2_voxel_grid/lib:/home/unitree/navigation_ws/install/nav2_msgs/lib:/usr/local/cuda-11.4/lib64:/usr/local/lib:/home/unitree/cyclonedds_ws/install/rmw_cyclonedds_cpp/lib:/home/unitree/cyclonedds_ws/install/cyclonedds/lib:/opt/ros/foxy/opt/yaml_cpp_vendor/lib:/opt/ros/foxy/opt/rviz_ogre_vendor/lib:/opt/ros/foxy/lib/aarch64-linux-gnu:/opt/ros/foxy/lib:/usr/local/cuda-11.4/lib64 PYTHONPATH=/home/unitree/navigation_ws/install/nav2_msgs/lib/python3.8/site-packages:/home/unitree/navigation_ws/install/nav2_common/lib/python3.8/site-packages:${PYTHONPATH} /usr/bin/cmake --build /home/unitree/navigation_ws/build/nav2_planner -- -j8 -l8
[649.714s] DEBUG:colcon.colcon_core.event_handler.log_command:Invoking command in '/home/unitree/navigation_ws/build/nav2_planner': AMENT_PREFIX_PATH=/home/unitree/navigation_ws/install/nav2_core:/home/unitree/navigation_ws/install/nav2_costmap_2d:/home/unitree/navigation_ws/install/nav2_map_server:/home/unitree/navigation_ws/install/nav2_lifecycle_manager:/home/unitree/navigation_ws/install/nav2_util:/home/unitree/navigation_ws/install/nav2_voxel_grid:/home/unitree/navigation_ws/install/nav2_msgs:/home/unitree/navigation_ws/install/nav2_common:${AMENT_PREFIX_PATH} CMAKE_PREFIX_PATH=/home/unitree/navigation_ws/install/nav2_core:/home/unitree/navigation_ws/install/nav2_costmap_2d:/home/unitree/navigation_ws/install/nav2_map_server:/home/unitree/navigation_ws/install/nav2_lifecycle_manager:/home/unitree/navigation_ws/install/nav2_util:/home/unitree/navigation_ws/install/nav2_voxel_grid:/home/unitree/navigation_ws/install/nav2_msgs:/home/unitree/navigation_ws/install/nav2_common:/home/unitree/cyclonedds_ws/install/rmw_cyclonedds_cpp:/home/unitree/cyclonedds_ws/install/cyclonedds:/opt/ros/foxy LD_LIBRARY_PATH=/home/unitree/navigation_ws/install/nav2_costmap_2d/lib:/home/unitree/navigation_ws/install/nav2_map_server/lib:/home/unitree/navigation_ws/install/nav2_lifecycle_manager/lib:/home/unitree/navigation_ws/install/nav2_util/lib:/home/unitree/navigation_ws/install/nav2_voxel_grid/lib:/home/unitree/navigation_ws/install/nav2_msgs/lib:/usr/local/cuda-11.4/lib64:/usr/local/lib:/home/unitree/cyclonedds_ws/install/rmw_cyclonedds_cpp/lib:/home/unitree/cyclonedds_ws/install/cyclonedds/lib:/opt/ros/foxy/opt/yaml_cpp_vendor/lib:/opt/ros/foxy/opt/rviz_ogre_vendor/lib:/opt/ros/foxy/lib/aarch64-linux-gnu:/opt/ros/foxy/lib:/usr/local/cuda-11.4/lib64 PYTHONPATH=/home/unitree/navigation_ws/install/nav2_msgs/lib/python3.8/site-packages:/home/unitree/navigation_ws/install/nav2_common/lib/python3.8/site-packages:${PYTHONPATH} /usr/bin/cmake --install /home/unitree/navigation_ws/build/nav2_planner
[657.828s] DEBUG:colcon.colcon_core.event_handler.log_command:Invoked command in '/home/unitree/navigation_ws/build/dwb_plugins' returned '0': AMENT_PREFIX_PATH=/home/unitree/navigation_ws/install/dwb_core:/home/unitree/navigation_ws/install/nav2_core:/home/unitree/navigation_ws/install/nav2_costmap_2d:/home/unitree/navigation_ws/install/nav_2d_utils:/home/unitree/navigation_ws/install/nav2_map_server:/home/unitree/navigation_ws/install/nav2_lifecycle_manager:/home/unitree/navigation_ws/install/nav2_util:/home/unitree/navigation_ws/install/nav2_voxel_grid:/home/unitree/navigation_ws/install/nav2_msgs:/home/unitree/navigation_ws/install/dwb_msgs:/home/unitree/navigation_ws/install/nav_2d_msgs:/home/unitree/navigation_ws/install/nav2_common:${AMENT_PREFIX_PATH} CMAKE_PREFIX_PATH=/home/unitree/navigation_ws/install/dwb_core:/home/unitree/navigation_ws/install/nav2_core:/home/unitree/navigation_ws/install/nav2_costmap_2d:/home/unitree/navigation_ws/install/nav_2d_utils:/home/unitree/navigation_ws/install/nav2_map_server:/home/unitree/navigation_ws/install/nav2_lifecycle_manager:/home/unitree/navigation_ws/install/nav2_util:/home/unitree/navigation_ws/install/nav2_voxel_grid:/home/unitree/navigation_ws/install/nav2_msgs:/home/unitree/navigation_ws/install/dwb_msgs:/home/unitree/navigation_ws/install/nav_2d_msgs:/home/unitree/navigation_ws/install/nav2_common:/home/unitree/cyclonedds_ws/install/rmw_cyclonedds_cpp:/home/unitree/cyclonedds_ws/install/cyclonedds:/opt/ros/foxy LD_LIBRARY_PATH=/home/unitree/navigation_ws/install/dwb_core/lib:/home/unitree/navigation_ws/install/nav2_costmap_2d/lib:/home/unitree/navigation_ws/install/nav_2d_utils/lib:/home/unitree/navigation_ws/install/nav2_map_server/lib:/home/unitree/navigation_ws/install/nav2_lifecycle_manager/lib:/home/unitree/navigation_ws/install/nav2_util/lib:/home/unitree/navigation_ws/install/nav2_voxel_grid/lib:/home/unitree/navigation_ws/install/nav2_msgs/lib:/home/unitree/navigation_ws/install/dwb_msgs/lib:/home/unitree/navigation_ws/install/nav_2d_msgs/lib:/usr/local/cuda-11.4/lib64:/usr/local/lib:/home/unitree/cyclonedds_ws/install/rmw_cyclonedds_cpp/lib:/home/unitree/cyclonedds_ws/install/cyclonedds/lib:/opt/ros/foxy/opt/yaml_cpp_vendor/lib:/opt/ros/foxy/opt/rviz_ogre_vendor/lib:/opt/ros/foxy/lib/aarch64-linux-gnu:/opt/ros/foxy/lib:/usr/local/cuda-11.4/lib64 PYTHONPATH=/home/unitree/navigation_ws/install/nav2_msgs/lib/python3.8/site-packages:/home/unitree/navigation_ws/install/dwb_msgs/lib/python3.8/site-packages:/home/unitree/navigation_ws/install/nav_2d_msgs/lib/python3.8/site-packages:/home/unitree/navigation_ws/install/nav2_common/lib/python3.8/site-packages:${PYTHONPATH} /usr/bin/cmake /home/unitree/navigation_ws/src/navigation2/nav2_dwb_controller/dwb_plugins -DAMENT_CMAKE_SYMLINK_INSTALL=1 -DCMAKE_INSTALL_PREFIX=/home/unitree/navigation_ws/install/dwb_plugins
[657.837s] DEBUG:colcon.colcon_core.event_handler.log_command:Invoking command in '/home/unitree/navigation_ws/build/dwb_plugins': AMENT_PREFIX_PATH=/home/unitree/navigation_ws/install/dwb_core:/home/unitree/navigation_ws/install/nav2_core:/home/unitree/navigation_ws/install/nav2_costmap_2d:/home/unitree/navigation_ws/install/nav_2d_utils:/home/unitree/navigation_ws/install/nav2_map_server:/home/unitree/navigation_ws/install/nav2_lifecycle_manager:/home/unitree/navigation_ws/install/nav2_util:/home/unitree/navigation_ws/install/nav2_voxel_grid:/home/unitree/navigation_ws/install/nav2_msgs:/home/unitree/navigation_ws/install/dwb_msgs:/home/unitree/navigation_ws/install/nav_2d_msgs:/home/unitree/navigation_ws/install/nav2_common:${AMENT_PREFIX_PATH} CMAKE_PREFIX_PATH=/home/unitree/navigation_ws/install/dwb_core:/home/unitree/navigation_ws/install/nav2_core:/home/unitree/navigation_ws/install/nav2_costmap_2d:/home/unitree/navigation_ws/install/nav_2d_utils:/home/unitree/navigation_ws/install/nav2_map_server:/home/unitree/navigation_ws/install/nav2_lifecycle_manager:/home/unitree/navigation_ws/install/nav2_util:/home/unitree/navigation_ws/install/nav2_voxel_grid:/home/unitree/navigation_ws/install/nav2_msgs:/home/unitree/navigation_ws/install/dwb_msgs:/home/unitree/navigation_ws/install/nav_2d_msgs:/home/unitree/navigation_ws/install/nav2_common:/home/unitree/cyclonedds_ws/install/rmw_cyclonedds_cpp:/home/unitree/cyclonedds_ws/install/cyclonedds:/opt/ros/foxy LD_LIBRARY_PATH=/home/unitree/navigation_ws/install/dwb_core/lib:/home/unitree/navigation_ws/install/nav2_costmap_2d/lib:/home/unitree/navigation_ws/install/nav_2d_utils/lib:/home/unitree/navigation_ws/install/nav2_map_server/lib:/home/unitree/navigation_ws/install/nav2_lifecycle_manager/lib:/home/unitree/navigation_ws/install/nav2_util/lib:/home/unitree/navigation_ws/install/nav2_voxel_grid/lib:/home/unitree/navigation_ws/install/nav2_msgs/lib:/home/unitree/navigation_ws/install/dwb_msgs/lib:/home/unitree/navigation_ws/install/nav_2d_msgs/lib:/usr/local/cuda-11.4/lib64:/usr/local/lib:/home/unitree/cyclonedds_ws/install/rmw_cyclonedds_cpp/lib:/home/unitree/cyclonedds_ws/install/cyclonedds/lib:/opt/ros/foxy/opt/yaml_cpp_vendor/lib:/opt/ros/foxy/opt/rviz_ogre_vendor/lib:/opt/ros/foxy/lib/aarch64-linux-gnu:/opt/ros/foxy/lib:/usr/local/cuda-11.4/lib64 PYTHONPATH=/home/unitree/navigation_ws/install/nav2_msgs/lib/python3.8/site-packages:/home/unitree/navigation_ws/install/dwb_msgs/lib/python3.8/site-packages:/home/unitree/navigation_ws/install/nav_2d_msgs/lib/python3.8/site-packages:/home/unitree/navigation_ws/install/nav2_common/lib/python3.8/site-packages:${PYTHONPATH} /usr/bin/cmake --build /home/unitree/navigation_ws/build/dwb_plugins -- -j8 -l8
[657.842s] Level 1:colcon.colcon_core.environment:create_environment_scripts_only(nav2_planner)
[657.843s] Level 1:colcon.colcon_core.environment:checking '/home/unitree/navigation_ws/install/nav2_planner' for CMake module files
[657.845s] DEBUG:colcon.colcon_core.event_handler.log_command:Invoked command in '/home/unitree/navigation_ws/build/nav2_planner' returned '0': AMENT_PREFIX_PATH=/home/unitree/navigation_ws/install/nav2_core:/home/unitree/navigation_ws/install/nav2_costmap_2d:/home/unitree/navigation_ws/install/nav2_map_server:/home/unitree/navigation_ws/install/nav2_lifecycle_manager:/home/unitree/navigation_ws/install/nav2_util:/home/unitree/navigation_ws/install/nav2_voxel_grid:/home/unitree/navigation_ws/install/nav2_msgs:/home/unitree/navigation_ws/install/nav2_common:${AMENT_PREFIX_PATH} CMAKE_PREFIX_PATH=/home/unitree/navigation_ws/install/nav2_core:/home/unitree/navigation_ws/install/nav2_costmap_2d:/home/unitree/navigation_ws/install/nav2_map_server:/home/unitree/navigation_ws/install/nav2_lifecycle_manager:/home/unitree/navigation_ws/install/nav2_util:/home/unitree/navigation_ws/install/nav2_voxel_grid:/home/unitree/navigation_ws/install/nav2_msgs:/home/unitree/navigation_ws/install/nav2_common:/home/unitree/cyclonedds_ws/install/rmw_cyclonedds_cpp:/home/unitree/cyclonedds_ws/install/cyclonedds:/opt/ros/foxy LD_LIBRARY_PATH=/home/unitree/navigation_ws/install/nav2_costmap_2d/lib:/home/unitree/navigation_ws/install/nav2_map_server/lib:/home/unitree/navigation_ws/install/nav2_lifecycle_manager/lib:/home/unitree/navigation_ws/install/nav2_util/lib:/home/unitree/navigation_ws/install/nav2_voxel_grid/lib:/home/unitree/navigation_ws/install/nav2_msgs/lib:/usr/local/cuda-11.4/lib64:/usr/local/lib:/home/unitree/cyclonedds_ws/install/rmw_cyclonedds_cpp/lib:/home/unitree/cyclonedds_ws/install/cyclonedds/lib:/opt/ros/foxy/opt/yaml_cpp_vendor/lib:/opt/ros/foxy/opt/rviz_ogre_vendor/lib:/opt/ros/foxy/lib/aarch64-linux-gnu:/opt/ros/foxy/lib:/usr/local/cuda-11.4/lib64 PYTHONPATH=/home/unitree/navigation_ws/install/nav2_msgs/lib/python3.8/site-packages:/home/unitree/navigation_ws/install/nav2_common/lib/python3.8/site-packages:${PYTHONPATH} /usr/bin/cmake --install /home/unitree/navigation_ws/build/nav2_planner
[657.846s] Level 1:colcon.colcon_core.environment:checking '/home/unitree/navigation_ws/install/nav2_planner' for CMake config files
[657.847s] Level 1:colcon.colcon_core.shell:create_environment_hook('nav2_planner', 'cmake_prefix_path')
[657.848s] INFO:colcon.colcon_core.shell:Creating environment hook '/home/unitree/navigation_ws/install/nav2_planner/share/nav2_planner/hook/cmake_prefix_path.ps1'
[657.850s] INFO:colcon.colcon_core.shell:Creating environment descriptor '/home/unitree/navigation_ws/install/nav2_planner/share/nav2_planner/hook/cmake_prefix_path.dsv'
[657.852s] INFO:colcon.colcon_core.shell:Creating environment hook '/home/unitree/navigation_ws/install/nav2_planner/share/nav2_planner/hook/cmake_prefix_path.sh'
[657.854s] Level 1:colcon.colcon_core.environment:checking '/home/unitree/navigation_ws/install/nav2_planner/lib'
[657.854s] Level 1:colcon.colcon_core.shell:create_environment_hook('nav2_planner', 'ld_library_path_lib')
[657.855s] INFO:colcon.colcon_core.shell:Creating environment hook '/home/unitree/navigation_ws/install/nav2_planner/share/nav2_planner/hook/ld_library_path_lib.ps1'
[657.856s] INFO:colcon.colcon_core.shell:Creating environment descriptor '/home/unitree/navigation_ws/install/nav2_planner/share/nav2_planner/hook/ld_library_path_lib.dsv'
[657.857s] INFO:colcon.colcon_core.shell:Creating environment hook '/home/unitree/navigation_ws/install/nav2_planner/share/nav2_planner/hook/ld_library_path_lib.sh'
[657.859s] Level 1:colcon.colcon_core.environment:checking '/home/unitree/navigation_ws/install/nav2_planner/bin'
[657.859s] Level 1:colcon.colcon_core.environment:checking '/home/unitree/navigation_ws/install/nav2_planner/lib/pkgconfig/nav2_planner.pc'
[657.860s] Level 1:colcon.colcon_core.environment:checking '/home/unitree/navigation_ws/install/nav2_planner/lib/python3.8/site-packages'
[657.860s] Level 1:colcon.colcon_core.environment:checking '/home/unitree/navigation_ws/install/nav2_planner/bin'
[657.861s] INFO:colcon.colcon_core.shell:Creating package script '/home/unitree/navigation_ws/install/nav2_planner/share/nav2_planner/package.ps1'
[657.863s] INFO:colcon.colcon_core.shell:Creating package descriptor '/home/unitree/navigation_ws/install/nav2_planner/share/nav2_planner/package.dsv'
[657.866s] INFO:colcon.colcon_core.shell:Creating package script '/home/unitree/navigation_ws/install/nav2_planner/share/nav2_planner/package.sh'
[657.870s] INFO:colcon.colcon_core.shell:Creating package script '/home/unitree/navigation_ws/install/nav2_planner/share/nav2_planner/package.bash'
[657.871s] INFO:colcon.colcon_core.shell:Creating package script '/home/unitree/navigation_ws/install/nav2_planner/share/nav2_planner/package.zsh'
[657.873s] Level 1:colcon.colcon_core.environment:create_file_with_runtime_dependencies(/home/unitree/navigation_ws/install/nav2_planner/share/colcon-core/packages/nav2_planner)
[658.003s] Level 1:colcon.colcon_core.environment:create_environment_scripts_only(nav2_planner)
[658.004s] Level 1:colcon.colcon_core.environment:checking '/home/unitree/navigation_ws/install/nav2_planner' for CMake module files
[658.006s] Level 1:colcon.colcon_core.environment:checking '/home/unitree/navigation_ws/install/nav2_planner' for CMake config files
[658.007s] Level 1:colcon.colcon_core.shell:create_environment_hook('nav2_planner', 'cmake_prefix_path')
[658.010s] INFO:colcon.colcon_core.shell:Creating environment hook '/home/unitree/navigation_ws/install/nav2_planner/share/nav2_planner/hook/cmake_prefix_path.ps1'
[658.013s] INFO:colcon.colcon_core.shell:Creating environment descriptor '/home/unitree/navigation_ws/install/nav2_planner/share/nav2_planner/hook/cmake_prefix_path.dsv'
[658.015s] INFO:colcon.colcon_core.shell:Creating environment hook '/home/unitree/navigation_ws/install/nav2_planner/share/nav2_planner/hook/cmake_prefix_path.sh'
[658.017s] Level 1:colcon.colcon_core.environment:checking '/home/unitree/navigation_ws/install/nav2_planner/lib'
[658.018s] Level 1:colcon.colcon_core.shell:create_environment_hook('nav2_planner', 'ld_library_path_lib')
[658.018s] INFO:colcon.colcon_core.shell:Creating environment hook '/home/unitree/navigation_ws/install/nav2_planner/share/nav2_planner/hook/ld_library_path_lib.ps1'
[658.025s] INFO:colcon.colcon_core.shell:Creating environment descriptor '/home/unitree/navigation_ws/install/nav2_planner/share/nav2_planner/hook/ld_library_path_lib.dsv'
[658.026s] INFO:colcon.colcon_core.shell:Creating environment hook '/home/unitree/navigation_ws/install/nav2_planner/share/nav2_planner/hook/ld_library_path_lib.sh'
[658.029s] Level 1:colcon.colcon_core.environment:checking '/home/unitree/navigation_ws/install/nav2_planner/bin'
[658.029s] Level 1:colcon.colcon_core.environment:checking '/home/unitree/navigation_ws/install/nav2_planner/lib/pkgconfig/nav2_planner.pc'
[658.030s] Level 1:colcon.colcon_core.environment:checking '/home/unitree/navigation_ws/install/nav2_planner/lib/python3.8/site-packages'
[658.030s] Level 1:colcon.colcon_core.environment:checking '/home/unitree/navigation_ws/install/nav2_planner/bin'
[658.031s] INFO:colcon.colcon_core.shell:Creating package script '/home/unitree/navigation_ws/install/nav2_planner/share/nav2_planner/package.ps1'
[658.033s] INFO:colcon.colcon_core.shell:Creating package descriptor '/home/unitree/navigation_ws/install/nav2_planner/share/nav2_planner/package.dsv'
[658.035s] INFO:colcon.colcon_core.shell:Creating package script '/home/unitree/navigation_ws/install/nav2_planner/share/nav2_planner/package.sh'
[658.037s] INFO:colcon.colcon_core.shell:Creating package script '/home/unitree/navigation_ws/install/nav2_planner/share/nav2_planner/package.bash'
[658.038s] INFO:colcon.colcon_core.shell:Creating package script '/home/unitree/navigation_ws/install/nav2_planner/share/nav2_planner/package.zsh'
[658.040s] Level 1:colcon.colcon_core.environment:create_file_with_runtime_dependencies(/home/unitree/navigation_ws/install/nav2_planner/share/colcon-core/packages/nav2_planner)
[661.214s] DEBUG:colcon.colcon_core.event_handler.log_command:Invoked command in '/home/unitree/navigation_ws/build/dwb_critics' returned '0': AMENT_PREFIX_PATH=/home/unitree/navigation_ws/install/dwb_core:/home/unitree/navigation_ws/install/nav2_core:/home/unitree/navigation_ws/install/costmap_queue:/home/unitree/navigation_ws/install/nav2_costmap_2d:/home/unitree/navigation_ws/install/nav_2d_utils:/home/unitree/navigation_ws/install/nav2_map_server:/home/unitree/navigation_ws/install/nav2_lifecycle_manager:/home/unitree/navigation_ws/install/nav2_util:/home/unitree/navigation_ws/install/nav2_voxel_grid:/home/unitree/navigation_ws/install/nav2_msgs:/home/unitree/navigation_ws/install/dwb_msgs:/home/unitree/navigation_ws/install/nav_2d_msgs:/home/unitree/navigation_ws/install/nav2_common:${AMENT_PREFIX_PATH} CMAKE_PREFIX_PATH=/home/unitree/navigation_ws/install/dwb_core:/home/unitree/navigation_ws/install/nav2_core:/home/unitree/navigation_ws/install/costmap_queue:/home/unitree/navigation_ws/install/nav2_costmap_2d:/home/unitree/navigation_ws/install/nav_2d_utils:/home/unitree/navigation_ws/install/nav2_map_server:/home/unitree/navigation_ws/install/nav2_lifecycle_manager:/home/unitree/navigation_ws/install/nav2_util:/home/unitree/navigation_ws/install/nav2_voxel_grid:/home/unitree/navigation_ws/install/nav2_msgs:/home/unitree/navigation_ws/install/dwb_msgs:/home/unitree/navigation_ws/install/nav_2d_msgs:/home/unitree/navigation_ws/install/nav2_common:/home/unitree/cyclonedds_ws/install/rmw_cyclonedds_cpp:/home/unitree/cyclonedds_ws/install/cyclonedds:/opt/ros/foxy LD_LIBRARY_PATH=/home/unitree/navigation_ws/install/dwb_core/lib:/home/unitree/navigation_ws/install/costmap_queue/lib:/home/unitree/navigation_ws/install/nav2_costmap_2d/lib:/home/unitree/navigation_ws/install/nav_2d_utils/lib:/home/unitree/navigation_ws/install/nav2_map_server/lib:/home/unitree/navigation_ws/install/nav2_lifecycle_manager/lib:/home/unitree/navigation_ws/install/nav2_util/lib:/home/unitree/navigation_ws/install/nav2_voxel_grid/lib:/home/unitree/navigation_ws/install/nav2_msgs/lib:/home/unitree/navigation_ws/install/dwb_msgs/lib:/home/unitree/navigation_ws/install/nav_2d_msgs/lib:/usr/local/cuda-11.4/lib64:/usr/local/lib:/home/unitree/cyclonedds_ws/install/rmw_cyclonedds_cpp/lib:/home/unitree/cyclonedds_ws/install/cyclonedds/lib:/opt/ros/foxy/opt/yaml_cpp_vendor/lib:/opt/ros/foxy/opt/rviz_ogre_vendor/lib:/opt/ros/foxy/lib/aarch64-linux-gnu:/opt/ros/foxy/lib:/usr/local/cuda-11.4/lib64 PYTHONPATH=/home/unitree/navigation_ws/install/nav2_msgs/lib/python3.8/site-packages:/home/unitree/navigation_ws/install/dwb_msgs/lib/python3.8/site-packages:/home/unitree/navigation_ws/install/nav_2d_msgs/lib/python3.8/site-packages:/home/unitree/navigation_ws/install/nav2_common/lib/python3.8/site-packages:${PYTHONPATH} /usr/bin/cmake /home/unitree/navigation_ws/src/navigation2/nav2_dwb_controller/dwb_critics -DAMENT_CMAKE_SYMLINK_INSTALL=1 -DCMAKE_INSTALL_PREFIX=/home/unitree/navigation_ws/install/dwb_critics
[661.221s] DEBUG:colcon.colcon_core.event_handler.log_command:Invoking command in '/home/unitree/navigation_ws/build/dwb_critics': AMENT_PREFIX_PATH=/home/unitree/navigation_ws/install/dwb_core:/home/unitree/navigation_ws/install/nav2_core:/home/unitree/navigation_ws/install/costmap_queue:/home/unitree/navigation_ws/install/nav2_costmap_2d:/home/unitree/navigation_ws/install/nav_2d_utils:/home/unitree/navigation_ws/install/nav2_map_server:/home/unitree/navigation_ws/install/nav2_lifecycle_manager:/home/unitree/navigation_ws/install/nav2_util:/home/unitree/navigation_ws/install/nav2_voxel_grid:/home/unitree/navigation_ws/install/nav2_msgs:/home/unitree/navigation_ws/install/dwb_msgs:/home/unitree/navigation_ws/install/nav_2d_msgs:/home/unitree/navigation_ws/install/nav2_common:${AMENT_PREFIX_PATH} CMAKE_PREFIX_PATH=/home/unitree/navigation_ws/install/dwb_core:/home/unitree/navigation_ws/install/nav2_core:/home/unitree/navigation_ws/install/costmap_queue:/home/unitree/navigation_ws/install/nav2_costmap_2d:/home/unitree/navigation_ws/install/nav_2d_utils:/home/unitree/navigation_ws/install/nav2_map_server:/home/unitree/navigation_ws/install/nav2_lifecycle_manager:/home/unitree/navigation_ws/install/nav2_util:/home/unitree/navigation_ws/install/nav2_voxel_grid:/home/unitree/navigation_ws/install/nav2_msgs:/home/unitree/navigation_ws/install/dwb_msgs:/home/unitree/navigation_ws/install/nav_2d_msgs:/home/unitree/navigation_ws/install/nav2_common:/home/unitree/cyclonedds_ws/install/rmw_cyclonedds_cpp:/home/unitree/cyclonedds_ws/install/cyclonedds:/opt/ros/foxy LD_LIBRARY_PATH=/home/unitree/navigation_ws/install/dwb_core/lib:/home/unitree/navigation_ws/install/costmap_queue/lib:/home/unitree/navigation_ws/install/nav2_costmap_2d/lib:/home/unitree/navigation_ws/install/nav_2d_utils/lib:/home/unitree/navigation_ws/install/nav2_map_server/lib:/home/unitree/navigation_ws/install/nav2_lifecycle_manager/lib:/home/unitree/navigation_ws/install/nav2_util/lib:/home/unitree/navigation_ws/install/nav2_voxel_grid/lib:/home/unitree/navigation_ws/install/nav2_msgs/lib:/home/unitree/navigation_ws/install/dwb_msgs/lib:/home/unitree/navigation_ws/install/nav_2d_msgs/lib:/usr/local/cuda-11.4/lib64:/usr/local/lib:/home/unitree/cyclonedds_ws/install/rmw_cyclonedds_cpp/lib:/home/unitree/cyclonedds_ws/install/cyclonedds/lib:/opt/ros/foxy/opt/yaml_cpp_vendor/lib:/opt/ros/foxy/opt/rviz_ogre_vendor/lib:/opt/ros/foxy/lib/aarch64-linux-gnu:/opt/ros/foxy/lib:/usr/local/cuda-11.4/lib64 PYTHONPATH=/home/unitree/navigation_ws/install/nav2_msgs/lib/python3.8/site-packages:/home/unitree/navigation_ws/install/dwb_msgs/lib/python3.8/site-packages:/home/unitree/navigation_ws/install/nav_2d_msgs/lib/python3.8/site-packages:/home/unitree/navigation_ws/install/nav2_common/lib/python3.8/site-packages:${PYTHONPATH} /usr/bin/cmake --build /home/unitree/navigation_ws/build/dwb_critics -- -j8 -l8
[673.715s] DEBUG:colcon.colcon_core.event_handler.log_command:Invoked command in '/home/unitree/navigation_ws/build/smac_planner' returned '0': AMENT_PREFIX_PATH=/home/unitree/navigation_ws/install/nav2_core:/home/unitree/navigation_ws/install/nav2_costmap_2d:/home/unitree/navigation_ws/install/nav2_map_server:/home/unitree/navigation_ws/install/nav2_lifecycle_manager:/home/unitree/navigation_ws/install/nav2_util:/home/unitree/navigation_ws/install/nav2_voxel_grid:/home/unitree/navigation_ws/install/nav2_msgs:/home/unitree/navigation_ws/install/nav2_common:${AMENT_PREFIX_PATH} CMAKE_PREFIX_PATH=/home/unitree/navigation_ws/install/nav2_core:/home/unitree/navigation_ws/install/nav2_costmap_2d:/home/unitree/navigation_ws/install/nav2_map_server:/home/unitree/navigation_ws/install/nav2_lifecycle_manager:/home/unitree/navigation_ws/install/nav2_util:/home/unitree/navigation_ws/install/nav2_voxel_grid:/home/unitree/navigation_ws/install/nav2_msgs:/home/unitree/navigation_ws/install/nav2_common:/home/unitree/cyclonedds_ws/install/rmw_cyclonedds_cpp:/home/unitree/cyclonedds_ws/install/cyclonedds:/opt/ros/foxy LD_LIBRARY_PATH=/home/unitree/navigation_ws/install/nav2_costmap_2d/lib:/home/unitree/navigation_ws/install/nav2_map_server/lib:/home/unitree/navigation_ws/install/nav2_lifecycle_manager/lib:/home/unitree/navigation_ws/install/nav2_util/lib:/home/unitree/navigation_ws/install/nav2_voxel_grid/lib:/home/unitree/navigation_ws/install/nav2_msgs/lib:/usr/local/cuda-11.4/lib64:/usr/local/lib:/home/unitree/cyclonedds_ws/install/rmw_cyclonedds_cpp/lib:/home/unitree/cyclonedds_ws/install/cyclonedds/lib:/opt/ros/foxy/opt/yaml_cpp_vendor/lib:/opt/ros/foxy/opt/rviz_ogre_vendor/lib:/opt/ros/foxy/lib/aarch64-linux-gnu:/opt/ros/foxy/lib:/usr/local/cuda-11.4/lib64 PYTHONPATH=/home/unitree/navigation_ws/install/nav2_msgs/lib/python3.8/site-packages:/home/unitree/navigation_ws/install/nav2_common/lib/python3.8/site-packages:${PYTHONPATH} /usr/bin/cmake /home/unitree/navigation_ws/src/navigation2/smac_planner -DAMENT_CMAKE_SYMLINK_INSTALL=1 -DCMAKE_INSTALL_PREFIX=/home/unitree/navigation_ws/install/smac_planner
[673.722s] DEBUG:colcon.colcon_core.event_handler.log_command:Invoking command in '/home/unitree/navigation_ws/build/smac_planner': AMENT_PREFIX_PATH=/home/unitree/navigation_ws/install/nav2_core:/home/unitree/navigation_ws/install/nav2_costmap_2d:/home/unitree/navigation_ws/install/nav2_map_server:/home/unitree/navigation_ws/install/nav2_lifecycle_manager:/home/unitree/navigation_ws/install/nav2_util:/home/unitree/navigation_ws/install/nav2_voxel_grid:/home/unitree/navigation_ws/install/nav2_msgs:/home/unitree/navigation_ws/install/nav2_common:${AMENT_PREFIX_PATH} CMAKE_PREFIX_PATH=/home/unitree/navigation_ws/install/nav2_core:/home/unitree/navigation_ws/install/nav2_costmap_2d:/home/unitree/navigation_ws/install/nav2_map_server:/home/unitree/navigation_ws/install/nav2_lifecycle_manager:/home/unitree/navigation_ws/install/nav2_util:/home/unitree/navigation_ws/install/nav2_voxel_grid:/home/unitree/navigation_ws/install/nav2_msgs:/home/unitree/navigation_ws/install/nav2_common:/home/unitree/cyclonedds_ws/install/rmw_cyclonedds_cpp:/home/unitree/cyclonedds_ws/install/cyclonedds:/opt/ros/foxy LD_LIBRARY_PATH=/home/unitree/navigation_ws/install/nav2_costmap_2d/lib:/home/unitree/navigation_ws/install/nav2_map_server/lib:/home/unitree/navigation_ws/install/nav2_lifecycle_manager/lib:/home/unitree/navigation_ws/install/nav2_util/lib:/home/unitree/navigation_ws/install/nav2_voxel_grid/lib:/home/unitree/navigation_ws/install/nav2_msgs/lib:/usr/local/cuda-11.4/lib64:/usr/local/lib:/home/unitree/cyclonedds_ws/install/rmw_cyclonedds_cpp/lib:/home/unitree/cyclonedds_ws/install/cyclonedds/lib:/opt/ros/foxy/opt/yaml_cpp_vendor/lib:/opt/ros/foxy/opt/rviz_ogre_vendor/lib:/opt/ros/foxy/lib/aarch64-linux-gnu:/opt/ros/foxy/lib:/usr/local/cuda-11.4/lib64 PYTHONPATH=/home/unitree/navigation_ws/install/nav2_msgs/lib/python3.8/site-packages:/home/unitree/navigation_ws/install/nav2_common/lib/python3.8/site-packages:${PYTHONPATH} /usr/bin/cmake --build /home/unitree/navigation_ws/build/smac_planner -- -j8 -l8
[683.367s] DEBUG:colcon.colcon_core.event_handler.log_command:Invoked command in '/home/unitree/navigation_ws/build/rm_autonomy' returned '0': AMENT_PREFIX_PATH=/home/unitree/navigation_ws/install/nav2_costmap_2d:/home/unitree/navigation_ws/install/nav2_map_server:/home/unitree/navigation_ws/install/nav2_lifecycle_manager:/home/unitree/navigation_ws/install/nav2_util:/home/unitree/navigation_ws/install/nav2_voxel_grid:/home/unitree/navigation_ws/install/nav2_msgs:/home/unitree/navigation_ws/install/rm_autonomy_interfaces:/home/unitree/navigation_ws/install/nav2_common:/home/unitree/navigation_ws/install/behaviortree_cpp:${AMENT_PREFIX_PATH} CMAKE_PREFIX_PATH=/home/unitree/navigation_ws/install/nav2_costmap_2d:/home/unitree/navigation_ws/install/nav2_map_server:/home/unitree/navigation_ws/install/nav2_lifecycle_manager:/home/unitree/navigation_ws/install/nav2_util:/home/unitree/navigation_ws/install/nav2_voxel_grid:/home/unitree/navigation_ws/install/nav2_msgs:/home/unitree/navigation_ws/install/rm_autonomy_interfaces:/home/unitree/navigation_ws/install/nav2_common:/home/unitree/navigation_ws/install/behaviortree_cpp:/home/unitree/cyclonedds_ws/install/rmw_cyclonedds_cpp:/home/unitree/cyclonedds_ws/install/cyclonedds:/opt/ros/foxy LD_LIBRARY_PATH=/home/unitree/navigation_ws/install/nav2_costmap_2d/lib:/home/unitree/navigation_ws/install/nav2_map_server/lib:/home/unitree/navigation_ws/install/nav2_lifecycle_manager/lib:/home/unitree/navigation_ws/install/nav2_util/lib:/home/unitree/navigation_ws/install/nav2_voxel_grid/lib:/home/unitree/navigation_ws/install/nav2_msgs/lib:/home/unitree/navigation_ws/install/rm_autonomy_interfaces/lib:/home/unitree/navigation_ws/install/behaviortree_cpp/lib:/usr/local/cuda-11.4/lib64:/usr/local/lib:/home/unitree/cyclonedds_ws/install/rmw_cyclonedds_cpp/lib:/home/unitree/cyclonedds_ws/install/cyclonedds/lib:/opt/ros/foxy/opt/yaml_cpp_vendor/lib:/opt/ros/foxy/opt/rviz_ogre_vendor/lib:/opt/ros/foxy/lib/aarch64-linux-gnu:/opt/ros/foxy/lib:/usr/local/cuda-11.4/lib64 PATH=/home/unitree/navigation_ws/install/behaviortree_cpp/bin:${PATH} PYTHONPATH=/home/unitree/navigation_ws/install/nav2_msgs/lib/python3.8/site-packages:/home/unitree/navigation_ws/install/rm_autonomy_interfaces/lib/python3.8/site-packages:/home/unitree/navigation_ws/install/nav2_common/lib/python3.8/site-packages:${PYTHONPATH} /usr/bin/cmake --build /home/unitree/navigation_ws/build/rm_autonomy -- -j8 -l8
[683.459s] DEBUG:colcon.colcon_core.event_handler.log_command:Invoking command in '/home/unitree/navigation_ws/build/rm_autonomy': AMENT_PREFIX_PATH=/home/unitree/navigation_ws/install/nav2_costmap_2d:/home/unitree/navigation_ws/install/nav2_map_server:/home/unitree/navigation_ws/install/nav2_lifecycle_manager:/home/unitree/navigation_ws/install/nav2_util:/home/unitree/navigation_ws/install/nav2_voxel_grid:/home/unitree/navigation_ws/install/nav2_msgs:/home/unitree/navigation_ws/install/rm_autonomy_interfaces:/home/unitree/navigation_ws/install/nav2_common:/home/unitree/navigation_ws/install/behaviortree_cpp:${AMENT_PREFIX_PATH} CMAKE_PREFIX_PATH=/home/unitree/navigation_ws/install/nav2_costmap_2d:/home/unitree/navigation_ws/install/nav2_map_server:/home/unitree/navigation_ws/install/nav2_lifecycle_manager:/home/unitree/navigation_ws/install/nav2_util:/home/unitree/navigation_ws/install/nav2_voxel_grid:/home/unitree/navigation_ws/install/nav2_msgs:/home/unitree/navigation_ws/install/rm_autonomy_interfaces:/home/unitree/navigation_ws/install/nav2_common:/home/unitree/navigation_ws/install/behaviortree_cpp:/home/unitree/cyclonedds_ws/install/rmw_cyclonedds_cpp:/home/unitree/cyclonedds_ws/install/cyclonedds:/opt/ros/foxy LD_LIBRARY_PATH=/home/unitree/navigation_ws/install/nav2_costmap_2d/lib:/home/unitree/navigation_ws/install/nav2_map_server/lib:/home/unitree/navigation_ws/install/nav2_lifecycle_manager/lib:/home/unitree/navigation_ws/install/nav2_util/lib:/home/unitree/navigation_ws/install/nav2_voxel_grid/lib:/home/unitree/navigation_ws/install/nav2_msgs/lib:/home/unitree/navigation_ws/install/rm_autonomy_interfaces/lib:/home/unitree/navigation_ws/install/behaviortree_cpp/lib:/usr/local/cuda-11.4/lib64:/usr/local/lib:/home/unitree/cyclonedds_ws/install/rmw_cyclonedds_cpp/lib:/home/unitree/cyclonedds_ws/install/cyclonedds/lib:/opt/ros/foxy/opt/yaml_cpp_vendor/lib:/opt/ros/foxy/opt/rviz_ogre_vendor/lib:/opt/ros/foxy/lib/aarch64-linux-gnu:/opt/ros/foxy/lib:/usr/local/cuda-11.4/lib64 PATH=/home/unitree/navigation_ws/install/behaviortree_cpp/bin:${PATH} PYTHONPATH=/home/unitree/navigation_ws/install/nav2_msgs/lib/python3.8/site-packages:/home/unitree/navigation_ws/install/rm_autonomy_interfaces/lib/python3.8/site-packages:/home/unitree/navigation_ws/install/nav2_common/lib/python3.8/site-packages:${PYTHONPATH} /usr/bin/cmake --install /home/unitree/navigation_ws/build/rm_autonomy
[687.292s] Level 1:colcon.colcon_core.environment:create_environment_scripts_only(rm_autonomy)
[687.293s] Level 1:colcon.colcon_core.environment:checking '/home/unitree/navigation_ws/install/rm_autonomy' for CMake module files
[687.295s] DEBUG:colcon.colcon_core.event_handler.log_command:Invoked command in '/home/unitree/navigation_ws/build/rm_autonomy' returned '0': AMENT_PREFIX_PATH=/home/unitree/navigation_ws/install/nav2_costmap_2d:/home/unitree/navigation_ws/install/nav2_map_server:/home/unitree/navigation_ws/install/nav2_lifecycle_manager:/home/unitree/navigation_ws/install/nav2_util:/home/unitree/navigation_ws/install/nav2_voxel_grid:/home/unitree/navigation_ws/install/nav2_msgs:/home/unitree/navigation_ws/install/rm_autonomy_interfaces:/home/unitree/navigation_ws/install/nav2_common:/home/unitree/navigation_ws/install/behaviortree_cpp:${AMENT_PREFIX_PATH} CMAKE_PREFIX_PATH=/home/unitree/navigation_ws/install/nav2_costmap_2d:/home/unitree/navigation_ws/install/nav2_map_server:/home/unitree/navigation_ws/install/nav2_lifecycle_manager:/home/unitree/navigation_ws/install/nav2_util:/home/unitree/navigation_ws/install/nav2_voxel_grid:/home/unitree/navigation_ws/install/nav2_msgs:/home/unitree/navigation_ws/install/rm_autonomy_interfaces:/home/unitree/navigation_ws/install/nav2_common:/home/unitree/navigation_ws/install/behaviortree_cpp:/home/unitree/cyclonedds_ws/install/rmw_cyclonedds_cpp:/home/unitree/cyclonedds_ws/install/cyclonedds:/opt/ros/foxy LD_LIBRARY_PATH=/home/unitree/navigation_ws/install/nav2_costmap_2d/lib:/home/unitree/navigation_ws/install/nav2_map_server/lib:/home/unitree/navigation_ws/install/nav2_lifecycle_manager/lib:/home/unitree/navigation_ws/install/nav2_util/lib:/home/unitree/navigation_ws/install/nav2_voxel_grid/lib:/home/unitree/navigation_ws/install/nav2_msgs/lib:/home/unitree/navigation_ws/install/rm_autonomy_interfaces/lib:/home/unitree/navigation_ws/install/behaviortree_cpp/lib:/usr/local/cuda-11.4/lib64:/usr/local/lib:/home/unitree/cyclonedds_ws/install/rmw_cyclonedds_cpp/lib:/home/unitree/cyclonedds_ws/install/cyclonedds/lib:/opt/ros/foxy/opt/yaml_cpp_vendor/lib:/opt/ros/foxy/opt/rviz_ogre_vendor/lib:/opt/ros/foxy/lib/aarch64-linux-gnu:/opt/ros/foxy/lib:/usr/local/cuda-11.4/lib64 PATH=/home/unitree/navigation_ws/install/behaviortree_cpp/bin:${PATH} PYTHONPATH=/home/unitree/navigation_ws/install/nav2_msgs/lib/python3.8/site-packages:/home/unitree/navigation_ws/install/rm_autonomy_interfaces/lib/python3.8/site-packages:/home/unitree/navigation_ws/install/nav2_common/lib/python3.8/site-packages:${PYTHONPATH} /usr/bin/cmake --install /home/unitree/navigation_ws/build/rm_autonomy
[687.296s] Level 1:colcon.colcon_core.environment:checking '/home/unitree/navigation_ws/install/rm_autonomy' for CMake config files
[687.298s] Level 1:colcon.colcon_core.shell:create_environment_hook('rm_autonomy', 'cmake_prefix_path')
[687.299s] INFO:colcon.colcon_core.shell:Creating environment hook '/home/unitree/navigation_ws/install/rm_autonomy/share/rm_autonomy/hook/cmake_prefix_path.ps1'
[687.301s] INFO:colcon.colcon_core.shell:Creating environment descriptor '/home/unitree/navigation_ws/install/rm_autonomy/share/rm_autonomy/hook/cmake_prefix_path.dsv'
[687.301s] INFO:colcon.colcon_core.shell:Creating environment hook '/home/unitree/navigation_ws/install/rm_autonomy/share/rm_autonomy/hook/cmake_prefix_path.sh'
[687.303s] Level 1:colcon.colcon_core.environment:checking '/home/unitree/navigation_ws/install/rm_autonomy/lib'
[687.303s] Level 1:colcon.colcon_core.shell:create_environment_hook('rm_autonomy', 'ld_library_path_lib')
[687.304s] INFO:colcon.colcon_core.shell:Creating environment hook '/home/unitree/navigation_ws/install/rm_autonomy/share/rm_autonomy/hook/ld_library_path_lib.ps1'
[687.305s] INFO:colcon.colcon_core.shell:Creating environment descriptor '/home/unitree/navigation_ws/install/rm_autonomy/share/rm_autonomy/hook/ld_library_path_lib.dsv'
[687.306s] INFO:colcon.colcon_core.shell:Creating environment hook '/home/unitree/navigation_ws/install/rm_autonomy/share/rm_autonomy/hook/ld_library_path_lib.sh'
[687.306s] Level 1:colcon.colcon_core.environment:checking '/home/unitree/navigation_ws/install/rm_autonomy/bin'
[687.306s] Level 1:colcon.colcon_core.environment:checking '/home/unitree/navigation_ws/install/rm_autonomy/lib/pkgconfig/rm_autonomy.pc'
[687.307s] Level 1:colcon.colcon_core.environment:checking '/home/unitree/navigation_ws/install/rm_autonomy/lib/python3.8/site-packages'
[687.307s] Level 1:colcon.colcon_core.environment:checking '/home/unitree/navigation_ws/install/rm_autonomy/bin'
[687.308s] INFO:colcon.colcon_core.shell:Creating package script '/home/unitree/navigation_ws/install/rm_autonomy/share/rm_autonomy/package.ps1'
[687.312s] INFO:colcon.colcon_core.shell:Creating package descriptor '/home/unitree/navigation_ws/install/rm_autonomy/share/rm_autonomy/package.dsv'
[687.313s] INFO:colcon.colcon_core.shell:Creating package script '/home/unitree/navigation_ws/install/rm_autonomy/share/rm_autonomy/package.sh'
[687.314s] INFO:colcon.colcon_core.shell:Creating package script '/home/unitree/navigation_ws/install/rm_autonomy/share/rm_autonomy/package.bash'
[687.315s] INFO:colcon.colcon_core.shell:Creating package script '/home/unitree/navigation_ws/install/rm_autonomy/share/rm_autonomy/package.zsh'
[687.315s] Level 1:colcon.colcon_core.environment:create_file_with_runtime_dependencies(/home/unitree/navigation_ws/install/rm_autonomy/share/colcon-core/packages/rm_autonomy)
[687.406s] Level 1:colcon.colcon_core.environment:create_environment_scripts_only(rm_autonomy)
[687.407s] Level 1:colcon.colcon_core.environment:checking '/home/unitree/navigation_ws/install/rm_autonomy' for CMake module files
[687.408s] Level 1:colcon.colcon_core.environment:checking '/home/unitree/navigation_ws/install/rm_autonomy' for CMake config files
[687.410s] Level 1:colcon.colcon_core.shell:create_environment_hook('rm_autonomy', 'cmake_prefix_path')
[687.411s] INFO:colcon.colcon_core.shell:Creating environment hook '/home/unitree/navigation_ws/install/rm_autonomy/share/rm_autonomy/hook/cmake_prefix_path.ps1'
[687.412s] INFO:colcon.colcon_core.shell:Creating environment descriptor '/home/unitree/navigation_ws/install/rm_autonomy/share/rm_autonomy/hook/cmake_prefix_path.dsv'
[687.413s] INFO:colcon.colcon_core.shell:Creating environment hook '/home/unitree/navigation_ws/install/rm_autonomy/share/rm_autonomy/hook/cmake_prefix_path.sh'
[687.414s] Level 1:colcon.colcon_core.environment:checking '/home/unitree/navigation_ws/install/rm_autonomy/lib'
[687.414s] Level 1:colcon.colcon_core.shell:create_environment_hook('rm_autonomy', 'ld_library_path_lib')
[687.415s] INFO:colcon.colcon_core.shell:Creating environment hook '/home/unitree/navigation_ws/install/rm_autonomy/share/rm_autonomy/hook/ld_library_path_lib.ps1'
[687.416s] INFO:colcon.colcon_core.shell:Creating environment descriptor '/home/unitree/navigation_ws/install/rm_autonomy/share/rm_autonomy/hook/ld_library_path_lib.dsv'
[687.417s] INFO:colcon.colcon_core.shell:Creating environment hook '/home/unitree/navigation_ws/install/rm_autonomy/share/rm_autonomy/hook/ld_library_path_lib.sh'
[687.417s] Level 1:colcon.colcon_core.environment:checking '/home/unitree/navigation_ws/install/rm_autonomy/bin'
[687.417s] Level 1:colcon.colcon_core.environment:checking '/home/unitree/navigation_ws/install/rm_autonomy/lib/pkgconfig/rm_autonomy.pc'
[687.418s] Level 1:colcon.colcon_core.environment:checking '/home/unitree/navigation_ws/install/rm_autonomy/lib/python3.8/site-packages'
[687.418s] Level 1:colcon.colcon_core.environment:checking '/home/unitree/navigation_ws/install/rm_autonomy/bin'
[687.419s] INFO:colcon.colcon_core.shell:Creating package script '/home/unitree/navigation_ws/install/rm_autonomy/share/rm_autonomy/package.ps1'
[687.421s] INFO:colcon.colcon_core.shell:Creating package descriptor '/home/unitree/navigation_ws/install/rm_autonomy/share/rm_autonomy/package.dsv'
[687.422s] INFO:colcon.colcon_core.shell:Creating package script '/home/unitree/navigation_ws/install/rm_autonomy/share/rm_autonomy/package.sh'
[687.424s] INFO:colcon.colcon_core.shell:Creating package script '/home/unitree/navigation_ws/install/rm_autonomy/share/rm_autonomy/package.bash'
[687.425s] INFO:colcon.colcon_core.shell:Creating package script '/home/unitree/navigation_ws/install/rm_autonomy/share/rm_autonomy/package.zsh'
[687.426s] Level 1:colcon.colcon_core.environment:create_file_with_runtime_dependencies(/home/unitree/navigation_ws/install/rm_autonomy/share/colcon-core/packages/rm_autonomy)
[719.603s] DEBUG:colcon.colcon_core.event_handler.log_command:Invoked command in '/home/unitree/navigation_ws/build/nav2_controller' returned '0': AMENT_PREFIX_PATH=/home/unitree/navigation_ws/install/nav2_core:/home/unitree/navigation_ws/install/nav2_costmap_2d:/home/unitree/navigation_ws/install/nav_2d_utils:/home/unitree/navigation_ws/install/nav2_map_server:/home/unitree/navigation_ws/install/nav2_lifecycle_manager:/home/unitree/navigation_ws/install/nav2_util:/home/unitree/navigation_ws/install/nav2_voxel_grid:/home/unitree/navigation_ws/install/nav2_msgs:/home/unitree/navigation_ws/install/nav_2d_msgs:/home/unitree/navigation_ws/install/nav2_common:${AMENT_PREFIX_PATH} CMAKE_PREFIX_PATH=/home/unitree/navigation_ws/install/nav2_core:/home/unitree/navigation_ws/install/nav2_costmap_2d:/home/unitree/navigation_ws/install/nav_2d_utils:/home/unitree/navigation_ws/install/nav2_map_server:/home/unitree/navigation_ws/install/nav2_lifecycle_manager:/home/unitree/navigation_ws/install/nav2_util:/home/unitree/navigation_ws/install/nav2_voxel_grid:/home/unitree/navigation_ws/install/nav2_msgs:/home/unitree/navigation_ws/install/nav_2d_msgs:/home/unitree/navigation_ws/install/nav2_common:/home/unitree/cyclonedds_ws/install/rmw_cyclonedds_cpp:/home/unitree/cyclonedds_ws/install/cyclonedds:/opt/ros/foxy LD_LIBRARY_PATH=/home/unitree/navigation_ws/install/nav2_costmap_2d/lib:/home/unitree/navigation_ws/install/nav_2d_utils/lib:/home/unitree/navigation_ws/install/nav2_map_server/lib:/home/unitree/navigation_ws/install/nav2_lifecycle_manager/lib:/home/unitree/navigation_ws/install/nav2_util/lib:/home/unitree/navigation_ws/install/nav2_voxel_grid/lib:/home/unitree/navigation_ws/install/nav2_msgs/lib:/home/unitree/navigation_ws/install/nav_2d_msgs/lib:/usr/local/cuda-11.4/lib64:/usr/local/lib:/home/unitree/cyclonedds_ws/install/rmw_cyclonedds_cpp/lib:/home/unitree/cyclonedds_ws/install/cyclonedds/lib:/opt/ros/foxy/opt/yaml_cpp_vendor/lib:/opt/ros/foxy/opt/rviz_ogre_vendor/lib:/opt/ros/foxy/lib/aarch64-linux-gnu:/opt/ros/foxy/lib:/usr/local/cuda-11.4/lib64 PYTHONPATH=/home/unitree/navigation_ws/install/nav2_msgs/lib/python3.8/site-packages:/home/unitree/navigation_ws/install/nav_2d_msgs/lib/python3.8/site-packages:/home/unitree/navigation_ws/install/nav2_common/lib/python3.8/site-packages:${PYTHONPATH} /usr/bin/cmake --build /home/unitree/navigation_ws/build/nav2_controller -- -j8 -l8
[719.689s] DEBUG:colcon.colcon_core.event_handler.log_command:Invoking command in '/home/unitree/navigation_ws/build/nav2_controller': AMENT_PREFIX_PATH=/home/unitree/navigation_ws/install/nav2_core:/home/unitree/navigation_ws/install/nav2_costmap_2d:/home/unitree/navigation_ws/install/nav_2d_utils:/home/unitree/navigation_ws/install/nav2_map_server:/home/unitree/navigation_ws/install/nav2_lifecycle_manager:/home/unitree/navigation_ws/install/nav2_util:/home/unitree/navigation_ws/install/nav2_voxel_grid:/home/unitree/navigation_ws/install/nav2_msgs:/home/unitree/navigation_ws/install/nav_2d_msgs:/home/unitree/navigation_ws/install/nav2_common:${AMENT_PREFIX_PATH} CMAKE_PREFIX_PATH=/home/unitree/navigation_ws/install/nav2_core:/home/unitree/navigation_ws/install/nav2_costmap_2d:/home/unitree/navigation_ws/install/nav_2d_utils:/home/unitree/navigation_ws/install/nav2_map_server:/home/unitree/navigation_ws/install/nav2_lifecycle_manager:/home/unitree/navigation_ws/install/nav2_util:/home/unitree/navigation_ws/install/nav2_voxel_grid:/home/unitree/navigation_ws/install/nav2_msgs:/home/unitree/navigation_ws/install/nav_2d_msgs:/home/unitree/navigation_ws/install/nav2_common:/home/unitree/cyclonedds_ws/install/rmw_cyclonedds_cpp:/home/unitree/cyclonedds_ws/install/cyclonedds:/opt/ros/foxy LD_LIBRARY_PATH=/home/unitree/navigation_ws/install/nav2_costmap_2d/lib:/home/unitree/navigation_ws/install/nav_2d_utils/lib:/home/unitree/navigation_ws/install/nav2_map_server/lib:/home/unitree/navigation_ws/install/nav2_lifecycle_manager/lib:/home/unitree/navigation_ws/install/nav2_util/lib:/home/unitree/navigation_ws/install/nav2_voxel_grid/lib:/home/unitree/navigation_ws/install/nav2_msgs/lib:/home/unitree/navigation_ws/install/nav_2d_msgs/lib:/usr/local/cuda-11.4/lib64:/usr/local/lib:/home/unitree/cyclonedds_ws/install/rmw_cyclonedds_cpp/lib:/home/unitree/cyclonedds_ws/install/cyclonedds/lib:/opt/ros/foxy/opt/yaml_cpp_vendor/lib:/opt/ros/foxy/opt/rviz_ogre_vendor/lib:/opt/ros/foxy/lib/aarch64-linux-gnu:/opt/ros/foxy/lib:/usr/local/cuda-11.4/lib64 PYTHONPATH=/home/unitree/navigation_ws/install/nav2_msgs/lib/python3.8/site-packages:/home/unitree/navigation_ws/install/nav_2d_msgs/lib/python3.8/site-packages:/home/unitree/navigation_ws/install/nav2_common/lib/python3.8/site-packages:${PYTHONPATH} /usr/bin/cmake --install /home/unitree/navigation_ws/build/nav2_controller
[719.995s] DEBUG:colcon.colcon_core.event_handler.log_command:Invoked command in '/home/unitree/navigation_ws/build/dwb_plugins' returned '0': AMENT_PREFIX_PATH=/home/unitree/navigation_ws/install/dwb_core:/home/unitree/navigation_ws/install/nav2_core:/home/unitree/navigation_ws/install/nav2_costmap_2d:/home/unitree/navigation_ws/install/nav_2d_utils:/home/unitree/navigation_ws/install/nav2_map_server:/home/unitree/navigation_ws/install/nav2_lifecycle_manager:/home/unitree/navigation_ws/install/nav2_util:/home/unitree/navigation_ws/install/nav2_voxel_grid:/home/unitree/navigation_ws/install/nav2_msgs:/home/unitree/navigation_ws/install/dwb_msgs:/home/unitree/navigation_ws/install/nav_2d_msgs:/home/unitree/navigation_ws/install/nav2_common:${AMENT_PREFIX_PATH} CMAKE_PREFIX_PATH=/home/unitree/navigation_ws/install/dwb_core:/home/unitree/navigation_ws/install/nav2_core:/home/unitree/navigation_ws/install/nav2_costmap_2d:/home/unitree/navigation_ws/install/nav_2d_utils:/home/unitree/navigation_ws/install/nav2_map_server:/home/unitree/navigation_ws/install/nav2_lifecycle_manager:/home/unitree/navigation_ws/install/nav2_util:/home/unitree/navigation_ws/install/nav2_voxel_grid:/home/unitree/navigation_ws/install/nav2_msgs:/home/unitree/navigation_ws/install/dwb_msgs:/home/unitree/navigation_ws/install/nav_2d_msgs:/home/unitree/navigation_ws/install/nav2_common:/home/unitree/cyclonedds_ws/install/rmw_cyclonedds_cpp:/home/unitree/cyclonedds_ws/install/cyclonedds:/opt/ros/foxy LD_LIBRARY_PATH=/home/unitree/navigation_ws/install/dwb_core/lib:/home/unitree/navigation_ws/install/nav2_costmap_2d/lib:/home/unitree/navigation_ws/install/nav_2d_utils/lib:/home/unitree/navigation_ws/install/nav2_map_server/lib:/home/unitree/navigation_ws/install/nav2_lifecycle_manager/lib:/home/unitree/navigation_ws/install/nav2_util/lib:/home/unitree/navigation_ws/install/nav2_voxel_grid/lib:/home/unitree/navigation_ws/install/nav2_msgs/lib:/home/unitree/navigation_ws/install/dwb_msgs/lib:/home/unitree/navigation_ws/install/nav_2d_msgs/lib:/usr/local/cuda-11.4/lib64:/usr/local/lib:/home/unitree/cyclonedds_ws/install/rmw_cyclonedds_cpp/lib:/home/unitree/cyclonedds_ws/install/cyclonedds/lib:/opt/ros/foxy/opt/yaml_cpp_vendor/lib:/opt/ros/foxy/opt/rviz_ogre_vendor/lib:/opt/ros/foxy/lib/aarch64-linux-gnu:/opt/ros/foxy/lib:/usr/local/cuda-11.4/lib64 PYTHONPATH=/home/unitree/navigation_ws/install/nav2_msgs/lib/python3.8/site-packages:/home/unitree/navigation_ws/install/dwb_msgs/lib/python3.8/site-packages:/home/unitree/navigation_ws/install/nav_2d_msgs/lib/python3.8/site-packages:/home/unitree/navigation_ws/install/nav2_common/lib/python3.8/site-packages:${PYTHONPATH} /usr/bin/cmake --build /home/unitree/navigation_ws/build/dwb_plugins -- -j8 -l8
[720.078s] DEBUG:colcon.colcon_core.event_handler.log_command:Invoking command in '/home/unitree/navigation_ws/build/dwb_plugins': AMENT_PREFIX_PATH=/home/unitree/navigation_ws/install/dwb_core:/home/unitree/navigation_ws/install/nav2_core:/home/unitree/navigation_ws/install/nav2_costmap_2d:/home/unitree/navigation_ws/install/nav_2d_utils:/home/unitree/navigation_ws/install/nav2_map_server:/home/unitree/navigation_ws/install/nav2_lifecycle_manager:/home/unitree/navigation_ws/install/nav2_util:/home/unitree/navigation_ws/install/nav2_voxel_grid:/home/unitree/navigation_ws/install/nav2_msgs:/home/unitree/navigation_ws/install/dwb_msgs:/home/unitree/navigation_ws/install/nav_2d_msgs:/home/unitree/navigation_ws/install/nav2_common:${AMENT_PREFIX_PATH} CMAKE_PREFIX_PATH=/home/unitree/navigation_ws/install/dwb_core:/home/unitree/navigation_ws/install/nav2_core:/home/unitree/navigation_ws/install/nav2_costmap_2d:/home/unitree/navigation_ws/install/nav_2d_utils:/home/unitree/navigation_ws/install/nav2_map_server:/home/unitree/navigation_ws/install/nav2_lifecycle_manager:/home/unitree/navigation_ws/install/nav2_util:/home/unitree/navigation_ws/install/nav2_voxel_grid:/home/unitree/navigation_ws/install/nav2_msgs:/home/unitree/navigation_ws/install/dwb_msgs:/home/unitree/navigation_ws/install/nav_2d_msgs:/home/unitree/navigation_ws/install/nav2_common:/home/unitree/cyclonedds_ws/install/rmw_cyclonedds_cpp:/home/unitree/cyclonedds_ws/install/cyclonedds:/opt/ros/foxy LD_LIBRARY_PATH=/home/unitree/navigation_ws/install/dwb_core/lib:/home/unitree/navigation_ws/install/nav2_costmap_2d/lib:/home/unitree/navigation_ws/install/nav_2d_utils/lib:/home/unitree/navigation_ws/install/nav2_map_server/lib:/home/unitree/navigation_ws/install/nav2_lifecycle_manager/lib:/home/unitree/navigation_ws/install/nav2_util/lib:/home/unitree/navigation_ws/install/nav2_voxel_grid/lib:/home/unitree/navigation_ws/install/nav2_msgs/lib:/home/unitree/navigation_ws/install/dwb_msgs/lib:/home/unitree/navigation_ws/install/nav_2d_msgs/lib:/usr/local/cuda-11.4/lib64:/usr/local/lib:/home/unitree/cyclonedds_ws/install/rmw_cyclonedds_cpp/lib:/home/unitree/cyclonedds_ws/install/cyclonedds/lib:/opt/ros/foxy/opt/yaml_cpp_vendor/lib:/opt/ros/foxy/opt/rviz_ogre_vendor/lib:/opt/ros/foxy/lib/aarch64-linux-gnu:/opt/ros/foxy/lib:/usr/local/cuda-11.4/lib64 PYTHONPATH=/home/unitree/navigation_ws/install/nav2_msgs/lib/python3.8/site-packages:/home/unitree/navigation_ws/install/dwb_msgs/lib/python3.8/site-packages:/home/unitree/navigation_ws/install/nav_2d_msgs/lib/python3.8/site-packages:/home/unitree/navigation_ws/install/nav2_common/lib/python3.8/site-packages:${PYTHONPATH} /usr/bin/cmake --install /home/unitree/navigation_ws/build/dwb_plugins
[720.498s] Level 1:colcon.colcon_core.environment:create_environment_scripts_only(nav2_controller)
[720.499s] Level 1:colcon.colcon_core.environment:checking '/home/unitree/navigation_ws/install/nav2_controller' for CMake module files
[720.501s] DEBUG:colcon.colcon_core.event_handler.log_command:Invoked command in '/home/unitree/navigation_ws/build/nav2_controller' returned '0': AMENT_PREFIX_PATH=/home/unitree/navigation_ws/install/nav2_core:/home/unitree/navigation_ws/install/nav2_costmap_2d:/home/unitree/navigation_ws/install/nav_2d_utils:/home/unitree/navigation_ws/install/nav2_map_server:/home/unitree/navigation_ws/install/nav2_lifecycle_manager:/home/unitree/navigation_ws/install/nav2_util:/home/unitree/navigation_ws/install/nav2_voxel_grid:/home/unitree/navigation_ws/install/nav2_msgs:/home/unitree/navigation_ws/install/nav_2d_msgs:/home/unitree/navigation_ws/install/nav2_common:${AMENT_PREFIX_PATH} CMAKE_PREFIX_PATH=/home/unitree/navigation_ws/install/nav2_core:/home/unitree/navigation_ws/install/nav2_costmap_2d:/home/unitree/navigation_ws/install/nav_2d_utils:/home/unitree/navigation_ws/install/nav2_map_server:/home/unitree/navigation_ws/install/nav2_lifecycle_manager:/home/unitree/navigation_ws/install/nav2_util:/home/unitree/navigation_ws/install/nav2_voxel_grid:/home/unitree/navigation_ws/install/nav2_msgs:/home/unitree/navigation_ws/install/nav_2d_msgs:/home/unitree/navigation_ws/install/nav2_common:/home/unitree/cyclonedds_ws/install/rmw_cyclonedds_cpp:/home/unitree/cyclonedds_ws/install/cyclonedds:/opt/ros/foxy LD_LIBRARY_PATH=/home/unitree/navigation_ws/install/nav2_costmap_2d/lib:/home/unitree/navigation_ws/install/nav_2d_utils/lib:/home/unitree/navigation_ws/install/nav2_map_server/lib:/home/unitree/navigation_ws/install/nav2_lifecycle_manager/lib:/home/unitree/navigation_ws/install/nav2_util/lib:/home/unitree/navigation_ws/install/nav2_voxel_grid/lib:/home/unitree/navigation_ws/install/nav2_msgs/lib:/home/unitree/navigation_ws/install/nav_2d_msgs/lib:/usr/local/cuda-11.4/lib64:/usr/local/lib:/home/unitree/cyclonedds_ws/install/rmw_cyclonedds_cpp/lib:/home/unitree/cyclonedds_ws/install/cyclonedds/lib:/opt/ros/foxy/opt/yaml_cpp_vendor/lib:/opt/ros/foxy/opt/rviz_ogre_vendor/lib:/opt/ros/foxy/lib/aarch64-linux-gnu:/opt/ros/foxy/lib:/usr/local/cuda-11.4/lib64 PYTHONPATH=/home/unitree/navigation_ws/install/nav2_msgs/lib/python3.8/site-packages:/home/unitree/navigation_ws/install/nav_2d_msgs/lib/python3.8/site-packages:/home/unitree/navigation_ws/install/nav2_common/lib/python3.8/site-packages:${PYTHONPATH} /usr/bin/cmake --install /home/unitree/navigation_ws/build/nav2_controller
[720.502s] Level 1:colcon.colcon_core.environment:checking '/home/unitree/navigation_ws/install/nav2_controller' for CMake config files
[720.502s] Level 1:colcon.colcon_core.shell:create_environment_hook('nav2_controller', 'cmake_prefix_path')
[720.503s] INFO:colcon.colcon_core.shell:Creating environment hook '/home/unitree/navigation_ws/install/nav2_controller/share/nav2_controller/hook/cmake_prefix_path.ps1'
[720.504s] INFO:colcon.colcon_core.shell:Creating environment descriptor '/home/unitree/navigation_ws/install/nav2_controller/share/nav2_controller/hook/cmake_prefix_path.dsv'
[720.505s] INFO:colcon.colcon_core.shell:Creating environment hook '/home/unitree/navigation_ws/install/nav2_controller/share/nav2_controller/hook/cmake_prefix_path.sh'
[720.506s] Level 1:colcon.colcon_core.environment:checking '/home/unitree/navigation_ws/install/nav2_controller/lib'
[720.506s] Level 1:colcon.colcon_core.shell:create_environment_hook('nav2_controller', 'ld_library_path_lib')
[720.507s] INFO:colcon.colcon_core.shell:Creating environment hook '/home/unitree/navigation_ws/install/nav2_controller/share/nav2_controller/hook/ld_library_path_lib.ps1'
[720.509s] INFO:colcon.colcon_core.shell:Creating environment descriptor '/home/unitree/navigation_ws/install/nav2_controller/share/nav2_controller/hook/ld_library_path_lib.dsv'
[720.509s] INFO:colcon.colcon_core.shell:Creating environment hook '/home/unitree/navigation_ws/install/nav2_controller/share/nav2_controller/hook/ld_library_path_lib.sh'
[720.510s] Level 1:colcon.colcon_core.environment:checking '/home/unitree/navigation_ws/install/nav2_controller/bin'
[720.510s] Level 1:colcon.colcon_core.environment:checking '/home/unitree/navigation_ws/install/nav2_controller/lib/pkgconfig/nav2_controller.pc'
[720.511s] Level 1:colcon.colcon_core.environment:checking '/home/unitree/navigation_ws/install/nav2_controller/lib/python3.8/site-packages'
[720.511s] Level 1:colcon.colcon_core.environment:checking '/home/unitree/navigation_ws/install/nav2_controller/bin'
[720.512s] INFO:colcon.colcon_core.shell:Creating package script '/home/unitree/navigation_ws/install/nav2_controller/share/nav2_controller/package.ps1'
[720.513s] INFO:colcon.colcon_core.shell:Creating package descriptor '/home/unitree/navigation_ws/install/nav2_controller/share/nav2_controller/package.dsv'
[720.514s] INFO:colcon.colcon_core.shell:Creating package script '/home/unitree/navigation_ws/install/nav2_controller/share/nav2_controller/package.sh'
[720.515s] INFO:colcon.colcon_core.shell:Creating package script '/home/unitree/navigation_ws/install/nav2_controller/share/nav2_controller/package.bash'
[720.515s] INFO:colcon.colcon_core.shell:Creating package script '/home/unitree/navigation_ws/install/nav2_controller/share/nav2_controller/package.zsh'
[720.516s] Level 1:colcon.colcon_core.environment:create_file_with_runtime_dependencies(/home/unitree/navigation_ws/install/nav2_controller/share/colcon-core/packages/nav2_controller)
[720.601s] Level 1:colcon.colcon_core.environment:create_environment_scripts_only(nav2_controller)
[720.602s] Level 1:colcon.colcon_core.environment:checking '/home/unitree/navigation_ws/install/nav2_controller' for CMake module files
[720.603s] Level 1:colcon.colcon_core.environment:checking '/home/unitree/navigation_ws/install/nav2_controller' for CMake config files
[720.604s] Level 1:colcon.colcon_core.shell:create_environment_hook('nav2_controller', 'cmake_prefix_path')
[720.605s] INFO:colcon.colcon_core.shell:Creating environment hook '/home/unitree/navigation_ws/install/nav2_controller/share/nav2_controller/hook/cmake_prefix_path.ps1'
[720.606s] INFO:colcon.colcon_core.shell:Creating environment descriptor '/home/unitree/navigation_ws/install/nav2_controller/share/nav2_controller/hook/cmake_prefix_path.dsv'
[720.607s] INFO:colcon.colcon_core.shell:Creating environment hook '/home/unitree/navigation_ws/install/nav2_controller/share/nav2_controller/hook/cmake_prefix_path.sh'
[720.608s] Level 1:colcon.colcon_core.environment:checking '/home/unitree/navigation_ws/install/nav2_controller/lib'
[720.608s] Level 1:colcon.colcon_core.shell:create_environment_hook('nav2_controller', 'ld_library_path_lib')
[720.609s] INFO:colcon.colcon_core.shell:Creating environment hook '/home/unitree/navigation_ws/install/nav2_controller/share/nav2_controller/hook/ld_library_path_lib.ps1'
[720.611s] INFO:colcon.colcon_core.shell:Creating environment descriptor '/home/unitree/navigation_ws/install/nav2_controller/share/nav2_controller/hook/ld_library_path_lib.dsv'
[720.612s] INFO:colcon.colcon_core.shell:Creating environment hook '/home/unitree/navigation_ws/install/nav2_controller/share/nav2_controller/hook/ld_library_path_lib.sh'
[720.613s] Level 1:colcon.colcon_core.environment:checking '/home/unitree/navigation_ws/install/nav2_controller/bin'
[720.613s] Level 1:colcon.colcon_core.environment:checking '/home/unitree/navigation_ws/install/nav2_controller/lib/pkgconfig/nav2_controller.pc'
[720.614s] Level 1:colcon.colcon_core.environment:checking '/home/unitree/navigation_ws/install/nav2_controller/lib/python3.8/site-packages'
[720.614s] Level 1:colcon.colcon_core.environment:checking '/home/unitree/navigation_ws/install/nav2_controller/bin'
[720.615s] INFO:colcon.colcon_core.shell:Creating package script '/home/unitree/navigation_ws/install/nav2_controller/share/nav2_controller/package.ps1'
[720.616s] INFO:colcon.colcon_core.shell:Creating package descriptor '/home/unitree/navigation_ws/install/nav2_controller/share/nav2_controller/package.dsv'
[720.617s] INFO:colcon.colcon_core.shell:Creating package script '/home/unitree/navigation_ws/install/nav2_controller/share/nav2_controller/package.sh'
[720.618s] INFO:colcon.colcon_core.shell:Creating package script '/home/unitree/navigation_ws/install/nav2_controller/share/nav2_controller/package.bash'
[720.619s] INFO:colcon.colcon_core.shell:Creating package script '/home/unitree/navigation_ws/install/nav2_controller/share/nav2_controller/package.zsh'
[720.620s] Level 1:colcon.colcon_core.environment:create_file_with_runtime_dependencies(/home/unitree/navigation_ws/install/nav2_controller/share/colcon-core/packages/nav2_controller)
[720.825s] Level 1:colcon.colcon_core.environment:create_environment_scripts_only(dwb_plugins)
[720.826s] Level 1:colcon.colcon_core.environment:checking '/home/unitree/navigation_ws/install/dwb_plugins' for CMake module files
[720.826s] DEBUG:colcon.colcon_core.event_handler.log_command:Invoked command in '/home/unitree/navigation_ws/build/dwb_plugins' returned '0': AMENT_PREFIX_PATH=/home/unitree/navigation_ws/install/dwb_core:/home/unitree/navigation_ws/install/nav2_core:/home/unitree/navigation_ws/install/nav2_costmap_2d:/home/unitree/navigation_ws/install/nav_2d_utils:/home/unitree/navigation_ws/install/nav2_map_server:/home/unitree/navigation_ws/install/nav2_lifecycle_manager:/home/unitree/navigation_ws/install/nav2_util:/home/unitree/navigation_ws/install/nav2_voxel_grid:/home/unitree/navigation_ws/install/nav2_msgs:/home/unitree/navigation_ws/install/dwb_msgs:/home/unitree/navigation_ws/install/nav_2d_msgs:/home/unitree/navigation_ws/install/nav2_common:${AMENT_PREFIX_PATH} CMAKE_PREFIX_PATH=/home/unitree/navigation_ws/install/dwb_core:/home/unitree/navigation_ws/install/nav2_core:/home/unitree/navigation_ws/install/nav2_costmap_2d:/home/unitree/navigation_ws/install/nav_2d_utils:/home/unitree/navigation_ws/install/nav2_map_server:/home/unitree/navigation_ws/install/nav2_lifecycle_manager:/home/unitree/navigation_ws/install/nav2_util:/home/unitree/navigation_ws/install/nav2_voxel_grid:/home/unitree/navigation_ws/install/nav2_msgs:/home/unitree/navigation_ws/install/dwb_msgs:/home/unitree/navigation_ws/install/nav_2d_msgs:/home/unitree/navigation_ws/install/nav2_common:/home/unitree/cyclonedds_ws/install/rmw_cyclonedds_cpp:/home/unitree/cyclonedds_ws/install/cyclonedds:/opt/ros/foxy LD_LIBRARY_PATH=/home/unitree/navigation_ws/install/dwb_core/lib:/home/unitree/navigation_ws/install/nav2_costmap_2d/lib:/home/unitree/navigation_ws/install/nav_2d_utils/lib:/home/unitree/navigation_ws/install/nav2_map_server/lib:/home/unitree/navigation_ws/install/nav2_lifecycle_manager/lib:/home/unitree/navigation_ws/install/nav2_util/lib:/home/unitree/navigation_ws/install/nav2_voxel_grid/lib:/home/unitree/navigation_ws/install/nav2_msgs/lib:/home/unitree/navigation_ws/install/dwb_msgs/lib:/home/unitree/navigation_ws/install/nav_2d_msgs/lib:/usr/local/cuda-11.4/lib64:/usr/local/lib:/home/unitree/cyclonedds_ws/install/rmw_cyclonedds_cpp/lib:/home/unitree/cyclonedds_ws/install/cyclonedds/lib:/opt/ros/foxy/opt/yaml_cpp_vendor/lib:/opt/ros/foxy/opt/rviz_ogre_vendor/lib:/opt/ros/foxy/lib/aarch64-linux-gnu:/opt/ros/foxy/lib:/usr/local/cuda-11.4/lib64 PYTHONPATH=/home/unitree/navigation_ws/install/nav2_msgs/lib/python3.8/site-packages:/home/unitree/navigation_ws/install/dwb_msgs/lib/python3.8/site-packages:/home/unitree/navigation_ws/install/nav_2d_msgs/lib/python3.8/site-packages:/home/unitree/navigation_ws/install/nav2_common/lib/python3.8/site-packages:${PYTHONPATH} /usr/bin/cmake --install /home/unitree/navigation_ws/build/dwb_plugins
[720.828s] Level 1:colcon.colcon_core.environment:checking '/home/unitree/navigation_ws/install/dwb_plugins' for CMake config files
[720.829s] Level 1:colcon.colcon_core.shell:create_environment_hook('dwb_plugins', 'cmake_prefix_path')
[720.830s] INFO:colcon.colcon_core.shell:Creating environment hook '/home/unitree/navigation_ws/install/dwb_plugins/share/dwb_plugins/hook/cmake_prefix_path.ps1'
[720.831s] INFO:colcon.colcon_core.shell:Creating environment descriptor '/home/unitree/navigation_ws/install/dwb_plugins/share/dwb_plugins/hook/cmake_prefix_path.dsv'
[720.832s] INFO:colcon.colcon_core.shell:Creating environment hook '/home/unitree/navigation_ws/install/dwb_plugins/share/dwb_plugins/hook/cmake_prefix_path.sh'
[720.833s] Level 1:colcon.colcon_core.environment:checking '/home/unitree/navigation_ws/install/dwb_plugins/lib'
[720.833s] Level 1:colcon.colcon_core.shell:create_environment_hook('dwb_plugins', 'ld_library_path_lib')
[720.834s] INFO:colcon.colcon_core.shell:Creating environment hook '/home/unitree/navigation_ws/install/dwb_plugins/share/dwb_plugins/hook/ld_library_path_lib.ps1'
[720.834s] INFO:colcon.colcon_core.shell:Creating environment descriptor '/home/unitree/navigation_ws/install/dwb_plugins/share/dwb_plugins/hook/ld_library_path_lib.dsv'
[720.835s] INFO:colcon.colcon_core.shell:Creating environment hook '/home/unitree/navigation_ws/install/dwb_plugins/share/dwb_plugins/hook/ld_library_path_lib.sh'
[720.835s] Level 1:colcon.colcon_core.environment:checking '/home/unitree/navigation_ws/install/dwb_plugins/bin'
[720.835s] Level 1:colcon.colcon_core.environment:checking '/home/unitree/navigation_ws/install/dwb_plugins/lib/pkgconfig/dwb_plugins.pc'
[720.836s] Level 1:colcon.colcon_core.environment:checking '/home/unitree/navigation_ws/install/dwb_plugins/lib/python3.8/site-packages'
[720.836s] Level 1:colcon.colcon_core.environment:checking '/home/unitree/navigation_ws/install/dwb_plugins/bin'
[720.836s] INFO:colcon.colcon_core.shell:Creating package script '/home/unitree/navigation_ws/install/dwb_plugins/share/dwb_plugins/package.ps1'
[720.837s] INFO:colcon.colcon_core.shell:Creating package descriptor '/home/unitree/navigation_ws/install/dwb_plugins/share/dwb_plugins/package.dsv'
[720.838s] INFO:colcon.colcon_core.shell:Creating package script '/home/unitree/navigation_ws/install/dwb_plugins/share/dwb_plugins/package.sh'
[720.839s] INFO:colcon.colcon_core.shell:Creating package script '/home/unitree/navigation_ws/install/dwb_plugins/share/dwb_plugins/package.bash'
[720.839s] INFO:colcon.colcon_core.shell:Creating package script '/home/unitree/navigation_ws/install/dwb_plugins/share/dwb_plugins/package.zsh'
[720.840s] Level 1:colcon.colcon_core.environment:create_file_with_runtime_dependencies(/home/unitree/navigation_ws/install/dwb_plugins/share/colcon-core/packages/dwb_plugins)
[720.921s] Level 1:colcon.colcon_core.environment:create_environment_scripts_only(dwb_plugins)
[720.921s] Level 1:colcon.colcon_core.environment:checking '/home/unitree/navigation_ws/install/dwb_plugins' for CMake module files
[720.922s] Level 1:colcon.colcon_core.environment:checking '/home/unitree/navigation_ws/install/dwb_plugins' for CMake config files
[720.924s] Level 1:colcon.colcon_core.shell:create_environment_hook('dwb_plugins', 'cmake_prefix_path')
[720.924s] INFO:colcon.colcon_core.shell:Creating environment hook '/home/unitree/navigation_ws/install/dwb_plugins/share/dwb_plugins/hook/cmake_prefix_path.ps1'
[720.925s] INFO:colcon.colcon_core.shell:Creating environment descriptor '/home/unitree/navigation_ws/install/dwb_plugins/share/dwb_plugins/hook/cmake_prefix_path.dsv'
[720.926s] INFO:colcon.colcon_core.shell:Creating environment hook '/home/unitree/navigation_ws/install/dwb_plugins/share/dwb_plugins/hook/cmake_prefix_path.sh'
[720.927s] Level 1:colcon.colcon_core.environment:checking '/home/unitree/navigation_ws/install/dwb_plugins/lib'
[720.928s] Level 1:colcon.colcon_core.shell:create_environment_hook('dwb_plugins', 'ld_library_path_lib')
[720.928s] INFO:colcon.colcon_core.shell:Creating environment hook '/home/unitree/navigation_ws/install/dwb_plugins/share/dwb_plugins/hook/ld_library_path_lib.ps1'
[720.929s] INFO:colcon.colcon_core.shell:Creating environment descriptor '/home/unitree/navigation_ws/install/dwb_plugins/share/dwb_plugins/hook/ld_library_path_lib.dsv'
[720.930s] INFO:colcon.colcon_core.shell:Creating environment hook '/home/unitree/navigation_ws/install/dwb_plugins/share/dwb_plugins/hook/ld_library_path_lib.sh'
[720.931s] Level 1:colcon.colcon_core.environment:checking '/home/unitree/navigation_ws/install/dwb_plugins/bin'
[720.931s] Level 1:colcon.colcon_core.environment:checking '/home/unitree/navigation_ws/install/dwb_plugins/lib/pkgconfig/dwb_plugins.pc'
[720.931s] Level 1:colcon.colcon_core.environment:checking '/home/unitree/navigation_ws/install/dwb_plugins/lib/python3.8/site-packages'
[720.932s] Level 1:colcon.colcon_core.environment:checking '/home/unitree/navigation_ws/install/dwb_plugins/bin'
[720.932s] INFO:colcon.colcon_core.shell:Creating package script '/home/unitree/navigation_ws/install/dwb_plugins/share/dwb_plugins/package.ps1'
[720.934s] INFO:colcon.colcon_core.shell:Creating package descriptor '/home/unitree/navigation_ws/install/dwb_plugins/share/dwb_plugins/package.dsv'
[720.935s] INFO:colcon.colcon_core.shell:Creating package script '/home/unitree/navigation_ws/install/dwb_plugins/share/dwb_plugins/package.sh'
[720.936s] INFO:colcon.colcon_core.shell:Creating package script '/home/unitree/navigation_ws/install/dwb_plugins/share/dwb_plugins/package.bash'
[720.937s] INFO:colcon.colcon_core.shell:Creating package script '/home/unitree/navigation_ws/install/dwb_plugins/share/dwb_plugins/package.zsh'
[720.937s] Level 1:colcon.colcon_core.environment:create_file_with_runtime_dependencies(/home/unitree/navigation_ws/install/dwb_plugins/share/colcon-core/packages/dwb_plugins)
[729.031s] DEBUG:colcon.colcon_core.event_handler.log_command:Invoked command in '/home/unitree/navigation_ws/build/nav2_recoveries' returned '0': AMENT_PREFIX_PATH=/home/unitree/navigation_ws/install/nav2_core:/home/unitree/navigation_ws/install/nav2_costmap_2d:/home/unitree/navigation_ws/install/nav2_map_server:/home/unitree/navigation_ws/install/nav2_lifecycle_manager:/home/unitree/navigation_ws/install/nav2_behavior_tree:/home/unitree/navigation_ws/install/nav2_util:/home/unitree/navigation_ws/install/nav2_voxel_grid:/home/unitree/navigation_ws/install/nav2_msgs:/home/unitree/navigation_ws/install/nav2_common:${AMENT_PREFIX_PATH} CMAKE_PREFIX_PATH=/home/unitree/navigation_ws/install/nav2_core:/home/unitree/navigation_ws/install/nav2_costmap_2d:/home/unitree/navigation_ws/install/nav2_map_server:/home/unitree/navigation_ws/install/nav2_lifecycle_manager:/home/unitree/navigation_ws/install/nav2_behavior_tree:/home/unitree/navigation_ws/install/nav2_util:/home/unitree/navigation_ws/install/nav2_voxel_grid:/home/unitree/navigation_ws/install/nav2_msgs:/home/unitree/navigation_ws/install/nav2_common:/home/unitree/cyclonedds_ws/install/rmw_cyclonedds_cpp:/home/unitree/cyclonedds_ws/install/cyclonedds:/opt/ros/foxy LD_LIBRARY_PATH=/home/unitree/navigation_ws/install/nav2_costmap_2d/lib:/home/unitree/navigation_ws/install/nav2_map_server/lib:/home/unitree/navigation_ws/install/nav2_lifecycle_manager/lib:/home/unitree/navigation_ws/install/nav2_behavior_tree/lib:/home/unitree/navigation_ws/install/nav2_util/lib:/home/unitree/navigation_ws/install/nav2_voxel_grid/lib:/home/unitree/navigation_ws/install/nav2_msgs/lib:/usr/local/cuda-11.4/lib64:/usr/local/lib:/home/unitree/cyclonedds_ws/install/rmw_cyclonedds_cpp/lib:/home/unitree/cyclonedds_ws/install/cyclonedds/lib:/opt/ros/foxy/opt/yaml_cpp_vendor/lib:/opt/ros/foxy/opt/rviz_ogre_vendor/lib:/opt/ros/foxy/lib/aarch64-linux-gnu:/opt/ros/foxy/lib:/usr/local/cuda-11.4/lib64 PYTHONPATH=/home/unitree/navigation_ws/install/nav2_msgs/lib/python3.8/site-packages:/home/unitree/navigation_ws/install/nav2_common/lib/python3.8/site-packages:${PYTHONPATH} /usr/bin/cmake --build /home/unitree/navigation_ws/build/nav2_recoveries -- -j8 -l8
[729.109s] DEBUG:colcon.colcon_core.event_handler.log_command:Invoking command in '/home/unitree/navigation_ws/build/nav2_recoveries': AMENT_PREFIX_PATH=/home/unitree/navigation_ws/install/nav2_core:/home/unitree/navigation_ws/install/nav2_costmap_2d:/home/unitree/navigation_ws/install/nav2_map_server:/home/unitree/navigation_ws/install/nav2_lifecycle_manager:/home/unitree/navigation_ws/install/nav2_behavior_tree:/home/unitree/navigation_ws/install/nav2_util:/home/unitree/navigation_ws/install/nav2_voxel_grid:/home/unitree/navigation_ws/install/nav2_msgs:/home/unitree/navigation_ws/install/nav2_common:${AMENT_PREFIX_PATH} CMAKE_PREFIX_PATH=/home/unitree/navigation_ws/install/nav2_core:/home/unitree/navigation_ws/install/nav2_costmap_2d:/home/unitree/navigation_ws/install/nav2_map_server:/home/unitree/navigation_ws/install/nav2_lifecycle_manager:/home/unitree/navigation_ws/install/nav2_behavior_tree:/home/unitree/navigation_ws/install/nav2_util:/home/unitree/navigation_ws/install/nav2_voxel_grid:/home/unitree/navigation_ws/install/nav2_msgs:/home/unitree/navigation_ws/install/nav2_common:/home/unitree/cyclonedds_ws/install/rmw_cyclonedds_cpp:/home/unitree/cyclonedds_ws/install/cyclonedds:/opt/ros/foxy LD_LIBRARY_PATH=/home/unitree/navigation_ws/install/nav2_costmap_2d/lib:/home/unitree/navigation_ws/install/nav2_map_server/lib:/home/unitree/navigation_ws/install/nav2_lifecycle_manager/lib:/home/unitree/navigation_ws/install/nav2_behavior_tree/lib:/home/unitree/navigation_ws/install/nav2_util/lib:/home/unitree/navigation_ws/install/nav2_voxel_grid/lib:/home/unitree/navigation_ws/install/nav2_msgs/lib:/usr/local/cuda-11.4/lib64:/usr/local/lib:/home/unitree/cyclonedds_ws/install/rmw_cyclonedds_cpp/lib:/home/unitree/cyclonedds_ws/install/cyclonedds/lib:/opt/ros/foxy/opt/yaml_cpp_vendor/lib:/opt/ros/foxy/opt/rviz_ogre_vendor/lib:/opt/ros/foxy/lib/aarch64-linux-gnu:/opt/ros/foxy/lib:/usr/local/cuda-11.4/lib64 PYTHONPATH=/home/unitree/navigation_ws/install/nav2_msgs/lib/python3.8/site-packages:/home/unitree/navigation_ws/install/nav2_common/lib/python3.8/site-packages:${PYTHONPATH} /usr/bin/cmake --install /home/unitree/navigation_ws/build/nav2_recoveries
[729.918s] Level 1:colcon.colcon_core.environment:create_environment_scripts_only(nav2_recoveries)
[729.919s] Level 1:colcon.colcon_core.environment:checking '/home/unitree/navigation_ws/install/nav2_recoveries' for CMake module files
[729.920s] Level 1:colcon.colcon_core.environment:checking '/home/unitree/navigation_ws/install/nav2_recoveries' for CMake config files
[729.921s] Level 1:colcon.colcon_core.shell:create_environment_hook('nav2_recoveries', 'cmake_prefix_path')
[729.922s] INFO:colcon.colcon_core.shell:Creating environment hook '/home/unitree/navigation_ws/install/nav2_recoveries/share/nav2_recoveries/hook/cmake_prefix_path.ps1'
[729.923s] INFO:colcon.colcon_core.shell:Creating environment descriptor '/home/unitree/navigation_ws/install/nav2_recoveries/share/nav2_recoveries/hook/cmake_prefix_path.dsv'
[729.924s] INFO:colcon.colcon_core.shell:Creating environment hook '/home/unitree/navigation_ws/install/nav2_recoveries/share/nav2_recoveries/hook/cmake_prefix_path.sh'
[729.926s] DEBUG:colcon.colcon_core.event_handler.log_command:Invoked command in '/home/unitree/navigation_ws/build/nav2_recoveries' returned '0': AMENT_PREFIX_PATH=/home/unitree/navigation_ws/install/nav2_core:/home/unitree/navigation_ws/install/nav2_costmap_2d:/home/unitree/navigation_ws/install/nav2_map_server:/home/unitree/navigation_ws/install/nav2_lifecycle_manager:/home/unitree/navigation_ws/install/nav2_behavior_tree:/home/unitree/navigation_ws/install/nav2_util:/home/unitree/navigation_ws/install/nav2_voxel_grid:/home/unitree/navigation_ws/install/nav2_msgs:/home/unitree/navigation_ws/install/nav2_common:${AMENT_PREFIX_PATH} CMAKE_PREFIX_PATH=/home/unitree/navigation_ws/install/nav2_core:/home/unitree/navigation_ws/install/nav2_costmap_2d:/home/unitree/navigation_ws/install/nav2_map_server:/home/unitree/navigation_ws/install/nav2_lifecycle_manager:/home/unitree/navigation_ws/install/nav2_behavior_tree:/home/unitree/navigation_ws/install/nav2_util:/home/unitree/navigation_ws/install/nav2_voxel_grid:/home/unitree/navigation_ws/install/nav2_msgs:/home/unitree/navigation_ws/install/nav2_common:/home/unitree/cyclonedds_ws/install/rmw_cyclonedds_cpp:/home/unitree/cyclonedds_ws/install/cyclonedds:/opt/ros/foxy LD_LIBRARY_PATH=/home/unitree/navigation_ws/install/nav2_costmap_2d/lib:/home/unitree/navigation_ws/install/nav2_map_server/lib:/home/unitree/navigation_ws/install/nav2_lifecycle_manager/lib:/home/unitree/navigation_ws/install/nav2_behavior_tree/lib:/home/unitree/navigation_ws/install/nav2_util/lib:/home/unitree/navigation_ws/install/nav2_voxel_grid/lib:/home/unitree/navigation_ws/install/nav2_msgs/lib:/usr/local/cuda-11.4/lib64:/usr/local/lib:/home/unitree/cyclonedds_ws/install/rmw_cyclonedds_cpp/lib:/home/unitree/cyclonedds_ws/install/cyclonedds/lib:/opt/ros/foxy/opt/yaml_cpp_vendor/lib:/opt/ros/foxy/opt/rviz_ogre_vendor/lib:/opt/ros/foxy/lib/aarch64-linux-gnu:/opt/ros/foxy/lib:/usr/local/cuda-11.4/lib64 PYTHONPATH=/home/unitree/navigation_ws/install/nav2_msgs/lib/python3.8/site-packages:/home/unitree/navigation_ws/install/nav2_common/lib/python3.8/site-packages:${PYTHONPATH} /usr/bin/cmake --install /home/unitree/navigation_ws/build/nav2_recoveries
[729.927s] Level 1:colcon.colcon_core.environment:checking '/home/unitree/navigation_ws/install/nav2_recoveries/lib'
[729.927s] Level 1:colcon.colcon_core.shell:create_environment_hook('nav2_recoveries', 'ld_library_path_lib')
[729.928s] INFO:colcon.colcon_core.shell:Creating environment hook '/home/unitree/navigation_ws/install/nav2_recoveries/share/nav2_recoveries/hook/ld_library_path_lib.ps1'
[729.929s] INFO:colcon.colcon_core.shell:Creating environment descriptor '/home/unitree/navigation_ws/install/nav2_recoveries/share/nav2_recoveries/hook/ld_library_path_lib.dsv'
[729.930s] INFO:colcon.colcon_core.shell:Creating environment hook '/home/unitree/navigation_ws/install/nav2_recoveries/share/nav2_recoveries/hook/ld_library_path_lib.sh'
[729.930s] Level 1:colcon.colcon_core.environment:checking '/home/unitree/navigation_ws/install/nav2_recoveries/bin'
[729.931s] Level 1:colcon.colcon_core.environment:checking '/home/unitree/navigation_ws/install/nav2_recoveries/lib/pkgconfig/nav2_recoveries.pc'
[729.931s] Level 1:colcon.colcon_core.environment:checking '/home/unitree/navigation_ws/install/nav2_recoveries/lib/python3.8/site-packages'
[729.931s] Level 1:colcon.colcon_core.environment:checking '/home/unitree/navigation_ws/install/nav2_recoveries/bin'
[729.932s] INFO:colcon.colcon_core.shell:Creating package script '/home/unitree/navigation_ws/install/nav2_recoveries/share/nav2_recoveries/package.ps1'
[729.934s] INFO:colcon.colcon_core.shell:Creating package descriptor '/home/unitree/navigation_ws/install/nav2_recoveries/share/nav2_recoveries/package.dsv'
[729.935s] INFO:colcon.colcon_core.shell:Creating package script '/home/unitree/navigation_ws/install/nav2_recoveries/share/nav2_recoveries/package.sh'
[729.936s] INFO:colcon.colcon_core.shell:Creating package script '/home/unitree/navigation_ws/install/nav2_recoveries/share/nav2_recoveries/package.bash'
[729.937s] INFO:colcon.colcon_core.shell:Creating package script '/home/unitree/navigation_ws/install/nav2_recoveries/share/nav2_recoveries/package.zsh'
[729.937s] Level 1:colcon.colcon_core.environment:create_file_with_runtime_dependencies(/home/unitree/navigation_ws/install/nav2_recoveries/share/colcon-core/packages/nav2_recoveries)
[730.015s] Level 1:colcon.colcon_core.environment:create_environment_scripts_only(nav2_recoveries)
[730.016s] Level 1:colcon.colcon_core.environment:checking '/home/unitree/navigation_ws/install/nav2_recoveries' for CMake module files
[730.017s] Level 1:colcon.colcon_core.environment:checking '/home/unitree/navigation_ws/install/nav2_recoveries' for CMake config files
[730.018s] Level 1:colcon.colcon_core.shell:create_environment_hook('nav2_recoveries', 'cmake_prefix_path')
[730.018s] INFO:colcon.colcon_core.shell:Creating environment hook '/home/unitree/navigation_ws/install/nav2_recoveries/share/nav2_recoveries/hook/cmake_prefix_path.ps1'
[730.020s] INFO:colcon.colcon_core.shell:Creating environment descriptor '/home/unitree/navigation_ws/install/nav2_recoveries/share/nav2_recoveries/hook/cmake_prefix_path.dsv'
[730.020s] INFO:colcon.colcon_core.shell:Creating environment hook '/home/unitree/navigation_ws/install/nav2_recoveries/share/nav2_recoveries/hook/cmake_prefix_path.sh'
[730.022s] Level 1:colcon.colcon_core.environment:checking '/home/unitree/navigation_ws/install/nav2_recoveries/lib'
[730.022s] Level 1:colcon.colcon_core.shell:create_environment_hook('nav2_recoveries', 'ld_library_path_lib')
[730.022s] INFO:colcon.colcon_core.shell:Creating environment hook '/home/unitree/navigation_ws/install/nav2_recoveries/share/nav2_recoveries/hook/ld_library_path_lib.ps1'
[730.023s] INFO:colcon.colcon_core.shell:Creating environment descriptor '/home/unitree/navigation_ws/install/nav2_recoveries/share/nav2_recoveries/hook/ld_library_path_lib.dsv'
[730.024s] INFO:colcon.colcon_core.shell:Creating environment hook '/home/unitree/navigation_ws/install/nav2_recoveries/share/nav2_recoveries/hook/ld_library_path_lib.sh'
[730.024s] Level 1:colcon.colcon_core.environment:checking '/home/unitree/navigation_ws/install/nav2_recoveries/bin'
[730.024s] Level 1:colcon.colcon_core.environment:checking '/home/unitree/navigation_ws/install/nav2_recoveries/lib/pkgconfig/nav2_recoveries.pc'
[730.025s] Level 1:colcon.colcon_core.environment:checking '/home/unitree/navigation_ws/install/nav2_recoveries/lib/python3.8/site-packages'
[730.025s] Level 1:colcon.colcon_core.environment:checking '/home/unitree/navigation_ws/install/nav2_recoveries/bin'
[730.026s] INFO:colcon.colcon_core.shell:Creating package script '/home/unitree/navigation_ws/install/nav2_recoveries/share/nav2_recoveries/package.ps1'
[730.027s] INFO:colcon.colcon_core.shell:Creating package descriptor '/home/unitree/navigation_ws/install/nav2_recoveries/share/nav2_recoveries/package.dsv'
[730.028s] INFO:colcon.colcon_core.shell:Creating package script '/home/unitree/navigation_ws/install/nav2_recoveries/share/nav2_recoveries/package.sh'
[730.029s] INFO:colcon.colcon_core.shell:Creating package script '/home/unitree/navigation_ws/install/nav2_recoveries/share/nav2_recoveries/package.bash'
[730.030s] INFO:colcon.colcon_core.shell:Creating package script '/home/unitree/navigation_ws/install/nav2_recoveries/share/nav2_recoveries/package.zsh'
[730.032s] Level 1:colcon.colcon_core.environment:create_file_with_runtime_dependencies(/home/unitree/navigation_ws/install/nav2_recoveries/share/colcon-core/packages/nav2_recoveries)
[737.004s] DEBUG:colcon.colcon_core.event_handler.log_command:Invoked command in '/home/unitree/navigation_ws/build/dwb_critics' returned '0': AMENT_PREFIX_PATH=/home/unitree/navigation_ws/install/dwb_core:/home/unitree/navigation_ws/install/nav2_core:/home/unitree/navigation_ws/install/costmap_queue:/home/unitree/navigation_ws/install/nav2_costmap_2d:/home/unitree/navigation_ws/install/nav_2d_utils:/home/unitree/navigation_ws/install/nav2_map_server:/home/unitree/navigation_ws/install/nav2_lifecycle_manager:/home/unitree/navigation_ws/install/nav2_util:/home/unitree/navigation_ws/install/nav2_voxel_grid:/home/unitree/navigation_ws/install/nav2_msgs:/home/unitree/navigation_ws/install/dwb_msgs:/home/unitree/navigation_ws/install/nav_2d_msgs:/home/unitree/navigation_ws/install/nav2_common:${AMENT_PREFIX_PATH} CMAKE_PREFIX_PATH=/home/unitree/navigation_ws/install/dwb_core:/home/unitree/navigation_ws/install/nav2_core:/home/unitree/navigation_ws/install/costmap_queue:/home/unitree/navigation_ws/install/nav2_costmap_2d:/home/unitree/navigation_ws/install/nav_2d_utils:/home/unitree/navigation_ws/install/nav2_map_server:/home/unitree/navigation_ws/install/nav2_lifecycle_manager:/home/unitree/navigation_ws/install/nav2_util:/home/unitree/navigation_ws/install/nav2_voxel_grid:/home/unitree/navigation_ws/install/nav2_msgs:/home/unitree/navigation_ws/install/dwb_msgs:/home/unitree/navigation_ws/install/nav_2d_msgs:/home/unitree/navigation_ws/install/nav2_common:/home/unitree/cyclonedds_ws/install/rmw_cyclonedds_cpp:/home/unitree/cyclonedds_ws/install/cyclonedds:/opt/ros/foxy LD_LIBRARY_PATH=/home/unitree/navigation_ws/install/dwb_core/lib:/home/unitree/navigation_ws/install/costmap_queue/lib:/home/unitree/navigation_ws/install/nav2_costmap_2d/lib:/home/unitree/navigation_ws/install/nav_2d_utils/lib:/home/unitree/navigation_ws/install/nav2_map_server/lib:/home/unitree/navigation_ws/install/nav2_lifecycle_manager/lib:/home/unitree/navigation_ws/install/nav2_util/lib:/home/unitree/navigation_ws/install/nav2_voxel_grid/lib:/home/unitree/navigation_ws/install/nav2_msgs/lib:/home/unitree/navigation_ws/install/dwb_msgs/lib:/home/unitree/navigation_ws/install/nav_2d_msgs/lib:/usr/local/cuda-11.4/lib64:/usr/local/lib:/home/unitree/cyclonedds_ws/install/rmw_cyclonedds_cpp/lib:/home/unitree/cyclonedds_ws/install/cyclonedds/lib:/opt/ros/foxy/opt/yaml_cpp_vendor/lib:/opt/ros/foxy/opt/rviz_ogre_vendor/lib:/opt/ros/foxy/lib/aarch64-linux-gnu:/opt/ros/foxy/lib:/usr/local/cuda-11.4/lib64 PYTHONPATH=/home/unitree/navigation_ws/install/nav2_msgs/lib/python3.8/site-packages:/home/unitree/navigation_ws/install/dwb_msgs/lib/python3.8/site-packages:/home/unitree/navigation_ws/install/nav_2d_msgs/lib/python3.8/site-packages:/home/unitree/navigation_ws/install/nav2_common/lib/python3.8/site-packages:${PYTHONPATH} /usr/bin/cmake --build /home/unitree/navigation_ws/build/dwb_critics -- -j8 -l8
[737.097s] DEBUG:colcon.colcon_core.event_handler.log_command:Invoking command in '/home/unitree/navigation_ws/build/dwb_critics': AMENT_PREFIX_PATH=/home/unitree/navigation_ws/install/dwb_core:/home/unitree/navigation_ws/install/nav2_core:/home/unitree/navigation_ws/install/costmap_queue:/home/unitree/navigation_ws/install/nav2_costmap_2d:/home/unitree/navigation_ws/install/nav_2d_utils:/home/unitree/navigation_ws/install/nav2_map_server:/home/unitree/navigation_ws/install/nav2_lifecycle_manager:/home/unitree/navigation_ws/install/nav2_util:/home/unitree/navigation_ws/install/nav2_voxel_grid:/home/unitree/navigation_ws/install/nav2_msgs:/home/unitree/navigation_ws/install/dwb_msgs:/home/unitree/navigation_ws/install/nav_2d_msgs:/home/unitree/navigation_ws/install/nav2_common:${AMENT_PREFIX_PATH} CMAKE_PREFIX_PATH=/home/unitree/navigation_ws/install/dwb_core:/home/unitree/navigation_ws/install/nav2_core:/home/unitree/navigation_ws/install/costmap_queue:/home/unitree/navigation_ws/install/nav2_costmap_2d:/home/unitree/navigation_ws/install/nav_2d_utils:/home/unitree/navigation_ws/install/nav2_map_server:/home/unitree/navigation_ws/install/nav2_lifecycle_manager:/home/unitree/navigation_ws/install/nav2_util:/home/unitree/navigation_ws/install/nav2_voxel_grid:/home/unitree/navigation_ws/install/nav2_msgs:/home/unitree/navigation_ws/install/dwb_msgs:/home/unitree/navigation_ws/install/nav_2d_msgs:/home/unitree/navigation_ws/install/nav2_common:/home/unitree/cyclonedds_ws/install/rmw_cyclonedds_cpp:/home/unitree/cyclonedds_ws/install/cyclonedds:/opt/ros/foxy LD_LIBRARY_PATH=/home/unitree/navigation_ws/install/dwb_core/lib:/home/unitree/navigation_ws/install/costmap_queue/lib:/home/unitree/navigation_ws/install/nav2_costmap_2d/lib:/home/unitree/navigation_ws/install/nav_2d_utils/lib:/home/unitree/navigation_ws/install/nav2_map_server/lib:/home/unitree/navigation_ws/install/nav2_lifecycle_manager/lib:/home/unitree/navigation_ws/install/nav2_util/lib:/home/unitree/navigation_ws/install/nav2_voxel_grid/lib:/home/unitree/navigation_ws/install/nav2_msgs/lib:/home/unitree/navigation_ws/install/dwb_msgs/lib:/home/unitree/navigation_ws/install/nav_2d_msgs/lib:/usr/local/cuda-11.4/lib64:/usr/local/lib:/home/unitree/cyclonedds_ws/install/rmw_cyclonedds_cpp/lib:/home/unitree/cyclonedds_ws/install/cyclonedds/lib:/opt/ros/foxy/opt/yaml_cpp_vendor/lib:/opt/ros/foxy/opt/rviz_ogre_vendor/lib:/opt/ros/foxy/lib/aarch64-linux-gnu:/opt/ros/foxy/lib:/usr/local/cuda-11.4/lib64 PYTHONPATH=/home/unitree/navigation_ws/install/nav2_msgs/lib/python3.8/site-packages:/home/unitree/navigation_ws/install/dwb_msgs/lib/python3.8/site-packages:/home/unitree/navigation_ws/install/nav_2d_msgs/lib/python3.8/site-packages:/home/unitree/navigation_ws/install/nav2_common/lib/python3.8/site-packages:${PYTHONPATH} /usr/bin/cmake --install /home/unitree/navigation_ws/build/dwb_critics
[738.069s] Level 1:colcon.colcon_core.environment:create_environment_scripts_only(dwb_critics)
[738.071s] Level 1:colcon.colcon_core.environment:checking '/home/unitree/navigation_ws/install/dwb_critics' for CMake module files
[738.072s] DEBUG:colcon.colcon_core.event_handler.log_command:Invoked command in '/home/unitree/navigation_ws/build/dwb_critics' returned '0': AMENT_PREFIX_PATH=/home/unitree/navigation_ws/install/dwb_core:/home/unitree/navigation_ws/install/nav2_core:/home/unitree/navigation_ws/install/costmap_queue:/home/unitree/navigation_ws/install/nav2_costmap_2d:/home/unitree/navigation_ws/install/nav_2d_utils:/home/unitree/navigation_ws/install/nav2_map_server:/home/unitree/navigation_ws/install/nav2_lifecycle_manager:/home/unitree/navigation_ws/install/nav2_util:/home/unitree/navigation_ws/install/nav2_voxel_grid:/home/unitree/navigation_ws/install/nav2_msgs:/home/unitree/navigation_ws/install/dwb_msgs:/home/unitree/navigation_ws/install/nav_2d_msgs:/home/unitree/navigation_ws/install/nav2_common:${AMENT_PREFIX_PATH} CMAKE_PREFIX_PATH=/home/unitree/navigation_ws/install/dwb_core:/home/unitree/navigation_ws/install/nav2_core:/home/unitree/navigation_ws/install/costmap_queue:/home/unitree/navigation_ws/install/nav2_costmap_2d:/home/unitree/navigation_ws/install/nav_2d_utils:/home/unitree/navigation_ws/install/nav2_map_server:/home/unitree/navigation_ws/install/nav2_lifecycle_manager:/home/unitree/navigation_ws/install/nav2_util:/home/unitree/navigation_ws/install/nav2_voxel_grid:/home/unitree/navigation_ws/install/nav2_msgs:/home/unitree/navigation_ws/install/dwb_msgs:/home/unitree/navigation_ws/install/nav_2d_msgs:/home/unitree/navigation_ws/install/nav2_common:/home/unitree/cyclonedds_ws/install/rmw_cyclonedds_cpp:/home/unitree/cyclonedds_ws/install/cyclonedds:/opt/ros/foxy LD_LIBRARY_PATH=/home/unitree/navigation_ws/install/dwb_core/lib:/home/unitree/navigation_ws/install/costmap_queue/lib:/home/unitree/navigation_ws/install/nav2_costmap_2d/lib:/home/unitree/navigation_ws/install/nav_2d_utils/lib:/home/unitree/navigation_ws/install/nav2_map_server/lib:/home/unitree/navigation_ws/install/nav2_lifecycle_manager/lib:/home/unitree/navigation_ws/install/nav2_util/lib:/home/unitree/navigation_ws/install/nav2_voxel_grid/lib:/home/unitree/navigation_ws/install/nav2_msgs/lib:/home/unitree/navigation_ws/install/dwb_msgs/lib:/home/unitree/navigation_ws/install/nav_2d_msgs/lib:/usr/local/cuda-11.4/lib64:/usr/local/lib:/home/unitree/cyclonedds_ws/install/rmw_cyclonedds_cpp/lib:/home/unitree/cyclonedds_ws/install/cyclonedds/lib:/opt/ros/foxy/opt/yaml_cpp_vendor/lib:/opt/ros/foxy/opt/rviz_ogre_vendor/lib:/opt/ros/foxy/lib/aarch64-linux-gnu:/opt/ros/foxy/lib:/usr/local/cuda-11.4/lib64 PYTHONPATH=/home/unitree/navigation_ws/install/nav2_msgs/lib/python3.8/site-packages:/home/unitree/navigation_ws/install/dwb_msgs/lib/python3.8/site-packages:/home/unitree/navigation_ws/install/nav_2d_msgs/lib/python3.8/site-packages:/home/unitree/navigation_ws/install/nav2_common/lib/python3.8/site-packages:${PYTHONPATH} /usr/bin/cmake --install /home/unitree/navigation_ws/build/dwb_critics
[738.073s] Level 1:colcon.colcon_core.environment:checking '/home/unitree/navigation_ws/install/dwb_critics' for CMake config files
[738.074s] Level 1:colcon.colcon_core.shell:create_environment_hook('dwb_critics', 'cmake_prefix_path')
[738.075s] INFO:colcon.colcon_core.shell:Creating environment hook '/home/unitree/navigation_ws/install/dwb_critics/share/dwb_critics/hook/cmake_prefix_path.ps1'
[738.076s] INFO:colcon.colcon_core.shell:Creating environment descriptor '/home/unitree/navigation_ws/install/dwb_critics/share/dwb_critics/hook/cmake_prefix_path.dsv'
[738.077s] INFO:colcon.colcon_core.shell:Creating environment hook '/home/unitree/navigation_ws/install/dwb_critics/share/dwb_critics/hook/cmake_prefix_path.sh'
[738.078s] Level 1:colcon.colcon_core.environment:checking '/home/unitree/navigation_ws/install/dwb_critics/lib'
[738.078s] Level 1:colcon.colcon_core.shell:create_environment_hook('dwb_critics', 'ld_library_path_lib')
[738.079s] INFO:colcon.colcon_core.shell:Creating environment hook '/home/unitree/navigation_ws/install/dwb_critics/share/dwb_critics/hook/ld_library_path_lib.ps1'
[738.080s] INFO:colcon.colcon_core.shell:Creating environment descriptor '/home/unitree/navigation_ws/install/dwb_critics/share/dwb_critics/hook/ld_library_path_lib.dsv'
[738.080s] INFO:colcon.colcon_core.shell:Creating environment hook '/home/unitree/navigation_ws/install/dwb_critics/share/dwb_critics/hook/ld_library_path_lib.sh'
[738.081s] Level 1:colcon.colcon_core.environment:checking '/home/unitree/navigation_ws/install/dwb_critics/bin'
[738.081s] Level 1:colcon.colcon_core.environment:checking '/home/unitree/navigation_ws/install/dwb_critics/lib/pkgconfig/dwb_critics.pc'
[738.082s] Level 1:colcon.colcon_core.environment:checking '/home/unitree/navigation_ws/install/dwb_critics/lib/python3.8/site-packages'
[738.082s] Level 1:colcon.colcon_core.environment:checking '/home/unitree/navigation_ws/install/dwb_critics/bin'
[738.083s] INFO:colcon.colcon_core.shell:Creating package script '/home/unitree/navigation_ws/install/dwb_critics/share/dwb_critics/package.ps1'
[738.084s] INFO:colcon.colcon_core.shell:Creating package descriptor '/home/unitree/navigation_ws/install/dwb_critics/share/dwb_critics/package.dsv'
[738.084s] INFO:colcon.colcon_core.shell:Creating package script '/home/unitree/navigation_ws/install/dwb_critics/share/dwb_critics/package.sh'
[738.085s] INFO:colcon.colcon_core.shell:Creating package script '/home/unitree/navigation_ws/install/dwb_critics/share/dwb_critics/package.bash'
[738.086s] INFO:colcon.colcon_core.shell:Creating package script '/home/unitree/navigation_ws/install/dwb_critics/share/dwb_critics/package.zsh'
[738.086s] Level 1:colcon.colcon_core.environment:create_file_with_runtime_dependencies(/home/unitree/navigation_ws/install/dwb_critics/share/colcon-core/packages/dwb_critics)
[738.185s] Level 1:colcon.colcon_core.environment:create_environment_scripts_only(dwb_critics)
[738.186s] Level 1:colcon.colcon_core.environment:checking '/home/unitree/navigation_ws/install/dwb_critics' for CMake module files
[738.187s] Level 1:colcon.colcon_core.environment:checking '/home/unitree/navigation_ws/install/dwb_critics' for CMake config files
[738.189s] Level 1:colcon.colcon_core.shell:create_environment_hook('dwb_critics', 'cmake_prefix_path')
[738.189s] INFO:colcon.colcon_core.shell:Creating environment hook '/home/unitree/navigation_ws/install/dwb_critics/share/dwb_critics/hook/cmake_prefix_path.ps1'
[738.191s] INFO:colcon.colcon_core.shell:Creating environment descriptor '/home/unitree/navigation_ws/install/dwb_critics/share/dwb_critics/hook/cmake_prefix_path.dsv'
[738.191s] INFO:colcon.colcon_core.shell:Creating environment hook '/home/unitree/navigation_ws/install/dwb_critics/share/dwb_critics/hook/cmake_prefix_path.sh'
[738.193s] Level 1:colcon.colcon_core.environment:checking '/home/unitree/navigation_ws/install/dwb_critics/lib'
[738.193s] Level 1:colcon.colcon_core.shell:create_environment_hook('dwb_critics', 'ld_library_path_lib')
[738.193s] INFO:colcon.colcon_core.shell:Creating environment hook '/home/unitree/navigation_ws/install/dwb_critics/share/dwb_critics/hook/ld_library_path_lib.ps1'
[738.194s] INFO:colcon.colcon_core.shell:Creating environment descriptor '/home/unitree/navigation_ws/install/dwb_critics/share/dwb_critics/hook/ld_library_path_lib.dsv'
[738.195s] INFO:colcon.colcon_core.shell:Creating environment hook '/home/unitree/navigation_ws/install/dwb_critics/share/dwb_critics/hook/ld_library_path_lib.sh'
[738.197s] Level 1:colcon.colcon_core.environment:checking '/home/unitree/navigation_ws/install/dwb_critics/bin'
[738.197s] Level 1:colcon.colcon_core.environment:checking '/home/unitree/navigation_ws/install/dwb_critics/lib/pkgconfig/dwb_critics.pc'
[738.198s] Level 1:colcon.colcon_core.environment:checking '/home/unitree/navigation_ws/install/dwb_critics/lib/python3.8/site-packages'
[738.198s] Level 1:colcon.colcon_core.environment:checking '/home/unitree/navigation_ws/install/dwb_critics/bin'
[738.199s] INFO:colcon.colcon_core.shell:Creating package script '/home/unitree/navigation_ws/install/dwb_critics/share/dwb_critics/package.ps1'
[738.200s] INFO:colcon.colcon_core.shell:Creating package descriptor '/home/unitree/navigation_ws/install/dwb_critics/share/dwb_critics/package.dsv'
[738.201s] INFO:colcon.colcon_core.shell:Creating package script '/home/unitree/navigation_ws/install/dwb_critics/share/dwb_critics/package.sh'
[738.202s] INFO:colcon.colcon_core.shell:Creating package script '/home/unitree/navigation_ws/install/dwb_critics/share/dwb_critics/package.bash'
[738.202s] INFO:colcon.colcon_core.shell:Creating package script '/home/unitree/navigation_ws/install/dwb_critics/share/dwb_critics/package.zsh'
[738.203s] Level 1:colcon.colcon_core.environment:create_file_with_runtime_dependencies(/home/unitree/navigation_ws/install/dwb_critics/share/colcon-core/packages/dwb_critics)
[738.208s] INFO:colcon.colcon_ros.task.ament_cmake.build:Building ROS package in '/home/unitree/navigation_ws/src/navigation2/nav2_dwb_controller/nav2_dwb_controller' with build type 'ament_cmake'
[738.209s] INFO:colcon.colcon_cmake.task.cmake.build:Building CMake package in '/home/unitree/navigation_ws/src/navigation2/nav2_dwb_controller/nav2_dwb_controller'
[738.209s] INFO:colcon.colcon_core.shell:Skip shell extension 'powershell' for command environment: Not usable outside of PowerShell
[738.209s] DEBUG:colcon.colcon_core.shell:Skip shell extension 'dsv' for command environment
[738.283s] DEBUG:colcon.colcon_core.event_handler.log_command:Invoking command in '/home/unitree/navigation_ws/build/nav2_dwb_controller': AMENT_PREFIX_PATH=/home/unitree/navigation_ws/install/dwb_plugins:/home/unitree/navigation_ws/install/dwb_critics:/home/unitree/navigation_ws/install/dwb_core:/home/unitree/navigation_ws/install/nav2_core:/home/unitree/navigation_ws/install/costmap_queue:/home/unitree/navigation_ws/install/nav2_costmap_2d:/home/unitree/navigation_ws/install/nav_2d_utils:/home/unitree/navigation_ws/install/nav2_map_server:/home/unitree/navigation_ws/install/nav2_lifecycle_manager:/home/unitree/navigation_ws/install/nav2_util:/home/unitree/navigation_ws/install/nav2_voxel_grid:/home/unitree/navigation_ws/install/nav2_msgs:/home/unitree/navigation_ws/install/dwb_msgs:/home/unitree/navigation_ws/install/nav_2d_msgs:/home/unitree/navigation_ws/install/nav2_common:${AMENT_PREFIX_PATH} CMAKE_PREFIX_PATH=/home/unitree/navigation_ws/install/dwb_plugins:/home/unitree/navigation_ws/install/dwb_critics:/home/unitree/navigation_ws/install/dwb_core:/home/unitree/navigation_ws/install/nav2_core:/home/unitree/navigation_ws/install/costmap_queue:/home/unitree/navigation_ws/install/nav2_costmap_2d:/home/unitree/navigation_ws/install/nav_2d_utils:/home/unitree/navigation_ws/install/nav2_map_server:/home/unitree/navigation_ws/install/nav2_lifecycle_manager:/home/unitree/navigation_ws/install/nav2_util:/home/unitree/navigation_ws/install/nav2_voxel_grid:/home/unitree/navigation_ws/install/nav2_msgs:/home/unitree/navigation_ws/install/dwb_msgs:/home/unitree/navigation_ws/install/nav_2d_msgs:/home/unitree/navigation_ws/install/nav2_common:/home/unitree/cyclonedds_ws/install/rmw_cyclonedds_cpp:/home/unitree/cyclonedds_ws/install/cyclonedds:/opt/ros/foxy LD_LIBRARY_PATH=/home/unitree/navigation_ws/install/dwb_plugins/lib:/home/unitree/navigation_ws/install/dwb_critics/lib:/home/unitree/navigation_ws/install/dwb_core/lib:/home/unitree/navigation_ws/install/costmap_queue/lib:/home/unitree/navigation_ws/install/nav2_costmap_2d/lib:/home/unitree/navigation_ws/install/nav_2d_utils/lib:/home/unitree/navigation_ws/install/nav2_map_server/lib:/home/unitree/navigation_ws/install/nav2_lifecycle_manager/lib:/home/unitree/navigation_ws/install/nav2_util/lib:/home/unitree/navigation_ws/install/nav2_voxel_grid/lib:/home/unitree/navigation_ws/install/nav2_msgs/lib:/home/unitree/navigation_ws/install/dwb_msgs/lib:/home/unitree/navigation_ws/install/nav_2d_msgs/lib:/usr/local/cuda-11.4/lib64:/usr/local/lib:/home/unitree/cyclonedds_ws/install/rmw_cyclonedds_cpp/lib:/home/unitree/cyclonedds_ws/install/cyclonedds/lib:/opt/ros/foxy/opt/yaml_cpp_vendor/lib:/opt/ros/foxy/opt/rviz_ogre_vendor/lib:/opt/ros/foxy/lib/aarch64-linux-gnu:/opt/ros/foxy/lib:/usr/local/cuda-11.4/lib64 PYTHONPATH=/home/unitree/navigation_ws/install/nav2_msgs/lib/python3.8/site-packages:/home/unitree/navigation_ws/install/dwb_msgs/lib/python3.8/site-packages:/home/unitree/navigation_ws/install/nav_2d_msgs/lib/python3.8/site-packages:/home/unitree/navigation_ws/install/nav2_common/lib/python3.8/site-packages:${PYTHONPATH} /usr/bin/cmake /home/unitree/navigation_ws/src/navigation2/nav2_dwb_controller/nav2_dwb_controller -DAMENT_CMAKE_SYMLINK_INSTALL=1 -DCMAKE_INSTALL_PREFIX=/home/unitree/navigation_ws/install/nav2_dwb_controller
[739.717s] DEBUG:colcon.colcon_core.event_handler.log_command:Invoked command in '/home/unitree/navigation_ws/build/nav2_dwb_controller' returned '0': AMENT_PREFIX_PATH=/home/unitree/navigation_ws/install/dwb_plugins:/home/unitree/navigation_ws/install/dwb_critics:/home/unitree/navigation_ws/install/dwb_core:/home/unitree/navigation_ws/install/nav2_core:/home/unitree/navigation_ws/install/costmap_queue:/home/unitree/navigation_ws/install/nav2_costmap_2d:/home/unitree/navigation_ws/install/nav_2d_utils:/home/unitree/navigation_ws/install/nav2_map_server:/home/unitree/navigation_ws/install/nav2_lifecycle_manager:/home/unitree/navigation_ws/install/nav2_util:/home/unitree/navigation_ws/install/nav2_voxel_grid:/home/unitree/navigation_ws/install/nav2_msgs:/home/unitree/navigation_ws/install/dwb_msgs:/home/unitree/navigation_ws/install/nav_2d_msgs:/home/unitree/navigation_ws/install/nav2_common:${AMENT_PREFIX_PATH} CMAKE_PREFIX_PATH=/home/unitree/navigation_ws/install/dwb_plugins:/home/unitree/navigation_ws/install/dwb_critics:/home/unitree/navigation_ws/install/dwb_core:/home/unitree/navigation_ws/install/nav2_core:/home/unitree/navigation_ws/install/costmap_queue:/home/unitree/navigation_ws/install/nav2_costmap_2d:/home/unitree/navigation_ws/install/nav_2d_utils:/home/unitree/navigation_ws/install/nav2_map_server:/home/unitree/navigation_ws/install/nav2_lifecycle_manager:/home/unitree/navigation_ws/install/nav2_util:/home/unitree/navigation_ws/install/nav2_voxel_grid:/home/unitree/navigation_ws/install/nav2_msgs:/home/unitree/navigation_ws/install/dwb_msgs:/home/unitree/navigation_ws/install/nav_2d_msgs:/home/unitree/navigation_ws/install/nav2_common:/home/unitree/cyclonedds_ws/install/rmw_cyclonedds_cpp:/home/unitree/cyclonedds_ws/install/cyclonedds:/opt/ros/foxy LD_LIBRARY_PATH=/home/unitree/navigation_ws/install/dwb_plugins/lib:/home/unitree/navigation_ws/install/dwb_critics/lib:/home/unitree/navigation_ws/install/dwb_core/lib:/home/unitree/navigation_ws/install/costmap_queue/lib:/home/unitree/navigation_ws/install/nav2_costmap_2d/lib:/home/unitree/navigation_ws/install/nav_2d_utils/lib:/home/unitree/navigation_ws/install/nav2_map_server/lib:/home/unitree/navigation_ws/install/nav2_lifecycle_manager/lib:/home/unitree/navigation_ws/install/nav2_util/lib:/home/unitree/navigation_ws/install/nav2_voxel_grid/lib:/home/unitree/navigation_ws/install/nav2_msgs/lib:/home/unitree/navigation_ws/install/dwb_msgs/lib:/home/unitree/navigation_ws/install/nav_2d_msgs/lib:/usr/local/cuda-11.4/lib64:/usr/local/lib:/home/unitree/cyclonedds_ws/install/rmw_cyclonedds_cpp/lib:/home/unitree/cyclonedds_ws/install/cyclonedds/lib:/opt/ros/foxy/opt/yaml_cpp_vendor/lib:/opt/ros/foxy/opt/rviz_ogre_vendor/lib:/opt/ros/foxy/lib/aarch64-linux-gnu:/opt/ros/foxy/lib:/usr/local/cuda-11.4/lib64 PYTHONPATH=/home/unitree/navigation_ws/install/nav2_msgs/lib/python3.8/site-packages:/home/unitree/navigation_ws/install/dwb_msgs/lib/python3.8/site-packages:/home/unitree/navigation_ws/install/nav_2d_msgs/lib/python3.8/site-packages:/home/unitree/navigation_ws/install/nav2_common/lib/python3.8/site-packages:${PYTHONPATH} /usr/bin/cmake /home/unitree/navigation_ws/src/navigation2/nav2_dwb_controller/nav2_dwb_controller -DAMENT_CMAKE_SYMLINK_INSTALL=1 -DCMAKE_INSTALL_PREFIX=/home/unitree/navigation_ws/install/nav2_dwb_controller
[739.722s] DEBUG:colcon.colcon_core.event_handler.log_command:Invoking command in '/home/unitree/navigation_ws/build/nav2_dwb_controller': AMENT_PREFIX_PATH=/home/unitree/navigation_ws/install/dwb_plugins:/home/unitree/navigation_ws/install/dwb_critics:/home/unitree/navigation_ws/install/dwb_core:/home/unitree/navigation_ws/install/nav2_core:/home/unitree/navigation_ws/install/costmap_queue:/home/unitree/navigation_ws/install/nav2_costmap_2d:/home/unitree/navigation_ws/install/nav_2d_utils:/home/unitree/navigation_ws/install/nav2_map_server:/home/unitree/navigation_ws/install/nav2_lifecycle_manager:/home/unitree/navigation_ws/install/nav2_util:/home/unitree/navigation_ws/install/nav2_voxel_grid:/home/unitree/navigation_ws/install/nav2_msgs:/home/unitree/navigation_ws/install/dwb_msgs:/home/unitree/navigation_ws/install/nav_2d_msgs:/home/unitree/navigation_ws/install/nav2_common:${AMENT_PREFIX_PATH} CMAKE_PREFIX_PATH=/home/unitree/navigation_ws/install/dwb_plugins:/home/unitree/navigation_ws/install/dwb_critics:/home/unitree/navigation_ws/install/dwb_core:/home/unitree/navigation_ws/install/nav2_core:/home/unitree/navigation_ws/install/costmap_queue:/home/unitree/navigation_ws/install/nav2_costmap_2d:/home/unitree/navigation_ws/install/nav_2d_utils:/home/unitree/navigation_ws/install/nav2_map_server:/home/unitree/navigation_ws/install/nav2_lifecycle_manager:/home/unitree/navigation_ws/install/nav2_util:/home/unitree/navigation_ws/install/nav2_voxel_grid:/home/unitree/navigation_ws/install/nav2_msgs:/home/unitree/navigation_ws/install/dwb_msgs:/home/unitree/navigation_ws/install/nav_2d_msgs:/home/unitree/navigation_ws/install/nav2_common:/home/unitree/cyclonedds_ws/install/rmw_cyclonedds_cpp:/home/unitree/cyclonedds_ws/install/cyclonedds:/opt/ros/foxy LD_LIBRARY_PATH=/home/unitree/navigation_ws/install/dwb_plugins/lib:/home/unitree/navigation_ws/install/dwb_critics/lib:/home/unitree/navigation_ws/install/dwb_core/lib:/home/unitree/navigation_ws/install/costmap_queue/lib:/home/unitree/navigation_ws/install/nav2_costmap_2d/lib:/home/unitree/navigation_ws/install/nav_2d_utils/lib:/home/unitree/navigation_ws/install/nav2_map_server/lib:/home/unitree/navigation_ws/install/nav2_lifecycle_manager/lib:/home/unitree/navigation_ws/install/nav2_util/lib:/home/unitree/navigation_ws/install/nav2_voxel_grid/lib:/home/unitree/navigation_ws/install/nav2_msgs/lib:/home/unitree/navigation_ws/install/dwb_msgs/lib:/home/unitree/navigation_ws/install/nav_2d_msgs/lib:/usr/local/cuda-11.4/lib64:/usr/local/lib:/home/unitree/cyclonedds_ws/install/rmw_cyclonedds_cpp/lib:/home/unitree/cyclonedds_ws/install/cyclonedds/lib:/opt/ros/foxy/opt/yaml_cpp_vendor/lib:/opt/ros/foxy/opt/rviz_ogre_vendor/lib:/opt/ros/foxy/lib/aarch64-linux-gnu:/opt/ros/foxy/lib:/usr/local/cuda-11.4/lib64 PYTHONPATH=/home/unitree/navigation_ws/install/nav2_msgs/lib/python3.8/site-packages:/home/unitree/navigation_ws/install/dwb_msgs/lib/python3.8/site-packages:/home/unitree/navigation_ws/install/nav_2d_msgs/lib/python3.8/site-packages:/home/unitree/navigation_ws/install/nav2_common/lib/python3.8/site-packages:${PYTHONPATH} /usr/bin/cmake --build /home/unitree/navigation_ws/build/nav2_dwb_controller -- -j8 -l8
[739.824s] DEBUG:colcon.colcon_core.event_handler.log_command:Invoked command in '/home/unitree/navigation_ws/build/nav2_dwb_controller' returned '0': AMENT_PREFIX_PATH=/home/unitree/navigation_ws/install/dwb_plugins:/home/unitree/navigation_ws/install/dwb_critics:/home/unitree/navigation_ws/install/dwb_core:/home/unitree/navigation_ws/install/nav2_core:/home/unitree/navigation_ws/install/costmap_queue:/home/unitree/navigation_ws/install/nav2_costmap_2d:/home/unitree/navigation_ws/install/nav_2d_utils:/home/unitree/navigation_ws/install/nav2_map_server:/home/unitree/navigation_ws/install/nav2_lifecycle_manager:/home/unitree/navigation_ws/install/nav2_util:/home/unitree/navigation_ws/install/nav2_voxel_grid:/home/unitree/navigation_ws/install/nav2_msgs:/home/unitree/navigation_ws/install/dwb_msgs:/home/unitree/navigation_ws/install/nav_2d_msgs:/home/unitree/navigation_ws/install/nav2_common:${AMENT_PREFIX_PATH} CMAKE_PREFIX_PATH=/home/unitree/navigation_ws/install/dwb_plugins:/home/unitree/navigation_ws/install/dwb_critics:/home/unitree/navigation_ws/install/dwb_core:/home/unitree/navigation_ws/install/nav2_core:/home/unitree/navigation_ws/install/costmap_queue:/home/unitree/navigation_ws/install/nav2_costmap_2d:/home/unitree/navigation_ws/install/nav_2d_utils:/home/unitree/navigation_ws/install/nav2_map_server:/home/unitree/navigation_ws/install/nav2_lifecycle_manager:/home/unitree/navigation_ws/install/nav2_util:/home/unitree/navigation_ws/install/nav2_voxel_grid:/home/unitree/navigation_ws/install/nav2_msgs:/home/unitree/navigation_ws/install/dwb_msgs:/home/unitree/navigation_ws/install/nav_2d_msgs:/home/unitree/navigation_ws/install/nav2_common:/home/unitree/cyclonedds_ws/install/rmw_cyclonedds_cpp:/home/unitree/cyclonedds_ws/install/cyclonedds:/opt/ros/foxy LD_LIBRARY_PATH=/home/unitree/navigation_ws/install/dwb_plugins/lib:/home/unitree/navigation_ws/install/dwb_critics/lib:/home/unitree/navigation_ws/install/dwb_core/lib:/home/unitree/navigation_ws/install/costmap_queue/lib:/home/unitree/navigation_ws/install/nav2_costmap_2d/lib:/home/unitree/navigation_ws/install/nav_2d_utils/lib:/home/unitree/navigation_ws/install/nav2_map_server/lib:/home/unitree/navigation_ws/install/nav2_lifecycle_manager/lib:/home/unitree/navigation_ws/install/nav2_util/lib:/home/unitree/navigation_ws/install/nav2_voxel_grid/lib:/home/unitree/navigation_ws/install/nav2_msgs/lib:/home/unitree/navigation_ws/install/dwb_msgs/lib:/home/unitree/navigation_ws/install/nav_2d_msgs/lib:/usr/local/cuda-11.4/lib64:/usr/local/lib:/home/unitree/cyclonedds_ws/install/rmw_cyclonedds_cpp/lib:/home/unitree/cyclonedds_ws/install/cyclonedds/lib:/opt/ros/foxy/opt/yaml_cpp_vendor/lib:/opt/ros/foxy/opt/rviz_ogre_vendor/lib:/opt/ros/foxy/lib/aarch64-linux-gnu:/opt/ros/foxy/lib:/usr/local/cuda-11.4/lib64 PYTHONPATH=/home/unitree/navigation_ws/install/nav2_msgs/lib/python3.8/site-packages:/home/unitree/navigation_ws/install/dwb_msgs/lib/python3.8/site-packages:/home/unitree/navigation_ws/install/nav_2d_msgs/lib/python3.8/site-packages:/home/unitree/navigation_ws/install/nav2_common/lib/python3.8/site-packages:${PYTHONPATH} /usr/bin/cmake --build /home/unitree/navigation_ws/build/nav2_dwb_controller -- -j8 -l8
[739.870s] DEBUG:colcon.colcon_core.event_handler.log_command:Invoking command in '/home/unitree/navigation_ws/build/nav2_dwb_controller': AMENT_PREFIX_PATH=/home/unitree/navigation_ws/install/dwb_plugins:/home/unitree/navigation_ws/install/dwb_critics:/home/unitree/navigation_ws/install/dwb_core:/home/unitree/navigation_ws/install/nav2_core:/home/unitree/navigation_ws/install/costmap_queue:/home/unitree/navigation_ws/install/nav2_costmap_2d:/home/unitree/navigation_ws/install/nav_2d_utils:/home/unitree/navigation_ws/install/nav2_map_server:/home/unitree/navigation_ws/install/nav2_lifecycle_manager:/home/unitree/navigation_ws/install/nav2_util:/home/unitree/navigation_ws/install/nav2_voxel_grid:/home/unitree/navigation_ws/install/nav2_msgs:/home/unitree/navigation_ws/install/dwb_msgs:/home/unitree/navigation_ws/install/nav_2d_msgs:/home/unitree/navigation_ws/install/nav2_common:${AMENT_PREFIX_PATH} CMAKE_PREFIX_PATH=/home/unitree/navigation_ws/install/dwb_plugins:/home/unitree/navigation_ws/install/dwb_critics:/home/unitree/navigation_ws/install/dwb_core:/home/unitree/navigation_ws/install/nav2_core:/home/unitree/navigation_ws/install/costmap_queue:/home/unitree/navigation_ws/install/nav2_costmap_2d:/home/unitree/navigation_ws/install/nav_2d_utils:/home/unitree/navigation_ws/install/nav2_map_server:/home/unitree/navigation_ws/install/nav2_lifecycle_manager:/home/unitree/navigation_ws/install/nav2_util:/home/unitree/navigation_ws/install/nav2_voxel_grid:/home/unitree/navigation_ws/install/nav2_msgs:/home/unitree/navigation_ws/install/dwb_msgs:/home/unitree/navigation_ws/install/nav_2d_msgs:/home/unitree/navigation_ws/install/nav2_common:/home/unitree/cyclonedds_ws/install/rmw_cyclonedds_cpp:/home/unitree/cyclonedds_ws/install/cyclonedds:/opt/ros/foxy LD_LIBRARY_PATH=/home/unitree/navigation_ws/install/dwb_plugins/lib:/home/unitree/navigation_ws/install/dwb_critics/lib:/home/unitree/navigation_ws/install/dwb_core/lib:/home/unitree/navigation_ws/install/costmap_queue/lib:/home/unitree/navigation_ws/install/nav2_costmap_2d/lib:/home/unitree/navigation_ws/install/nav_2d_utils/lib:/home/unitree/navigation_ws/install/nav2_map_server/lib:/home/unitree/navigation_ws/install/nav2_lifecycle_manager/lib:/home/unitree/navigation_ws/install/nav2_util/lib:/home/unitree/navigation_ws/install/nav2_voxel_grid/lib:/home/unitree/navigation_ws/install/nav2_msgs/lib:/home/unitree/navigation_ws/install/dwb_msgs/lib:/home/unitree/navigation_ws/install/nav_2d_msgs/lib:/usr/local/cuda-11.4/lib64:/usr/local/lib:/home/unitree/cyclonedds_ws/install/rmw_cyclonedds_cpp/lib:/home/unitree/cyclonedds_ws/install/cyclonedds/lib:/opt/ros/foxy/opt/yaml_cpp_vendor/lib:/opt/ros/foxy/opt/rviz_ogre_vendor/lib:/opt/ros/foxy/lib/aarch64-linux-gnu:/opt/ros/foxy/lib:/usr/local/cuda-11.4/lib64 PYTHONPATH=/home/unitree/navigation_ws/install/nav2_msgs/lib/python3.8/site-packages:/home/unitree/navigation_ws/install/dwb_msgs/lib/python3.8/site-packages:/home/unitree/navigation_ws/install/nav_2d_msgs/lib/python3.8/site-packages:/home/unitree/navigation_ws/install/nav2_common/lib/python3.8/site-packages:${PYTHONPATH} /usr/bin/cmake --install /home/unitree/navigation_ws/build/nav2_dwb_controller
[740.229s] Level 1:colcon.colcon_core.environment:create_environment_scripts_only(nav2_dwb_controller)
[740.230s] Level 1:colcon.colcon_core.environment:checking '/home/unitree/navigation_ws/install/nav2_dwb_controller' for CMake module files
[740.231s] DEBUG:colcon.colcon_core.event_handler.log_command:Invoked command in '/home/unitree/navigation_ws/build/nav2_dwb_controller' returned '0': AMENT_PREFIX_PATH=/home/unitree/navigation_ws/install/dwb_plugins:/home/unitree/navigation_ws/install/dwb_critics:/home/unitree/navigation_ws/install/dwb_core:/home/unitree/navigation_ws/install/nav2_core:/home/unitree/navigation_ws/install/costmap_queue:/home/unitree/navigation_ws/install/nav2_costmap_2d:/home/unitree/navigation_ws/install/nav_2d_utils:/home/unitree/navigation_ws/install/nav2_map_server:/home/unitree/navigation_ws/install/nav2_lifecycle_manager:/home/unitree/navigation_ws/install/nav2_util:/home/unitree/navigation_ws/install/nav2_voxel_grid:/home/unitree/navigation_ws/install/nav2_msgs:/home/unitree/navigation_ws/install/dwb_msgs:/home/unitree/navigation_ws/install/nav_2d_msgs:/home/unitree/navigation_ws/install/nav2_common:${AMENT_PREFIX_PATH} CMAKE_PREFIX_PATH=/home/unitree/navigation_ws/install/dwb_plugins:/home/unitree/navigation_ws/install/dwb_critics:/home/unitree/navigation_ws/install/dwb_core:/home/unitree/navigation_ws/install/nav2_core:/home/unitree/navigation_ws/install/costmap_queue:/home/unitree/navigation_ws/install/nav2_costmap_2d:/home/unitree/navigation_ws/install/nav_2d_utils:/home/unitree/navigation_ws/install/nav2_map_server:/home/unitree/navigation_ws/install/nav2_lifecycle_manager:/home/unitree/navigation_ws/install/nav2_util:/home/unitree/navigation_ws/install/nav2_voxel_grid:/home/unitree/navigation_ws/install/nav2_msgs:/home/unitree/navigation_ws/install/dwb_msgs:/home/unitree/navigation_ws/install/nav_2d_msgs:/home/unitree/navigation_ws/install/nav2_common:/home/unitree/cyclonedds_ws/install/rmw_cyclonedds_cpp:/home/unitree/cyclonedds_ws/install/cyclonedds:/opt/ros/foxy LD_LIBRARY_PATH=/home/unitree/navigation_ws/install/dwb_plugins/lib:/home/unitree/navigation_ws/install/dwb_critics/lib:/home/unitree/navigation_ws/install/dwb_core/lib:/home/unitree/navigation_ws/install/costmap_queue/lib:/home/unitree/navigation_ws/install/nav2_costmap_2d/lib:/home/unitree/navigation_ws/install/nav_2d_utils/lib:/home/unitree/navigation_ws/install/nav2_map_server/lib:/home/unitree/navigation_ws/install/nav2_lifecycle_manager/lib:/home/unitree/navigation_ws/install/nav2_util/lib:/home/unitree/navigation_ws/install/nav2_voxel_grid/lib:/home/unitree/navigation_ws/install/nav2_msgs/lib:/home/unitree/navigation_ws/install/dwb_msgs/lib:/home/unitree/navigation_ws/install/nav_2d_msgs/lib:/usr/local/cuda-11.4/lib64:/usr/local/lib:/home/unitree/cyclonedds_ws/install/rmw_cyclonedds_cpp/lib:/home/unitree/cyclonedds_ws/install/cyclonedds/lib:/opt/ros/foxy/opt/yaml_cpp_vendor/lib:/opt/ros/foxy/opt/rviz_ogre_vendor/lib:/opt/ros/foxy/lib/aarch64-linux-gnu:/opt/ros/foxy/lib:/usr/local/cuda-11.4/lib64 PYTHONPATH=/home/unitree/navigation_ws/install/nav2_msgs/lib/python3.8/site-packages:/home/unitree/navigation_ws/install/dwb_msgs/lib/python3.8/site-packages:/home/unitree/navigation_ws/install/nav_2d_msgs/lib/python3.8/site-packages:/home/unitree/navigation_ws/install/nav2_common/lib/python3.8/site-packages:${PYTHONPATH} /usr/bin/cmake --install /home/unitree/navigation_ws/build/nav2_dwb_controller
[740.231s] Level 1:colcon.colcon_core.environment:checking '/home/unitree/navigation_ws/install/nav2_dwb_controller' for CMake config files
[740.232s] Level 1:colcon.colcon_core.shell:create_environment_hook('nav2_dwb_controller', 'cmake_prefix_path')
[740.232s] INFO:colcon.colcon_core.shell:Creating environment hook '/home/unitree/navigation_ws/install/nav2_dwb_controller/share/nav2_dwb_controller/hook/cmake_prefix_path.ps1'
[740.233s] INFO:colcon.colcon_core.shell:Creating environment descriptor '/home/unitree/navigation_ws/install/nav2_dwb_controller/share/nav2_dwb_controller/hook/cmake_prefix_path.dsv'
[740.234s] INFO:colcon.colcon_core.shell:Creating environment hook '/home/unitree/navigation_ws/install/nav2_dwb_controller/share/nav2_dwb_controller/hook/cmake_prefix_path.sh'
[740.235s] Level 1:colcon.colcon_core.environment:checking '/home/unitree/navigation_ws/install/nav2_dwb_controller/bin'
[740.235s] Level 1:colcon.colcon_core.environment:checking '/home/unitree/navigation_ws/install/nav2_dwb_controller/lib/pkgconfig/nav2_dwb_controller.pc'
[740.236s] Level 1:colcon.colcon_core.environment:checking '/home/unitree/navigation_ws/install/nav2_dwb_controller/lib/python3.8/site-packages'
[740.236s] Level 1:colcon.colcon_core.environment:checking '/home/unitree/navigation_ws/install/nav2_dwb_controller/bin'
[740.236s] INFO:colcon.colcon_core.shell:Creating package script '/home/unitree/navigation_ws/install/nav2_dwb_controller/share/nav2_dwb_controller/package.ps1'
[740.237s] INFO:colcon.colcon_core.shell:Creating package descriptor '/home/unitree/navigation_ws/install/nav2_dwb_controller/share/nav2_dwb_controller/package.dsv'
[740.238s] INFO:colcon.colcon_core.shell:Creating package script '/home/unitree/navigation_ws/install/nav2_dwb_controller/share/nav2_dwb_controller/package.sh'
[740.238s] INFO:colcon.colcon_core.shell:Creating package script '/home/unitree/navigation_ws/install/nav2_dwb_controller/share/nav2_dwb_controller/package.bash'
[740.239s] INFO:colcon.colcon_core.shell:Creating package script '/home/unitree/navigation_ws/install/nav2_dwb_controller/share/nav2_dwb_controller/package.zsh'
[740.239s] Level 1:colcon.colcon_core.environment:create_file_with_runtime_dependencies(/home/unitree/navigation_ws/install/nav2_dwb_controller/share/colcon-core/packages/nav2_dwb_controller)
[740.280s] Level 1:colcon.colcon_core.environment:create_environment_scripts_only(nav2_dwb_controller)
[740.280s] Level 1:colcon.colcon_core.environment:checking '/home/unitree/navigation_ws/install/nav2_dwb_controller' for CMake module files
[740.282s] Level 1:colcon.colcon_core.environment:checking '/home/unitree/navigation_ws/install/nav2_dwb_controller' for CMake config files
[740.282s] Level 1:colcon.colcon_core.shell:create_environment_hook('nav2_dwb_controller', 'cmake_prefix_path')
[740.283s] INFO:colcon.colcon_core.shell:Creating environment hook '/home/unitree/navigation_ws/install/nav2_dwb_controller/share/nav2_dwb_controller/hook/cmake_prefix_path.ps1'
[740.284s] INFO:colcon.colcon_core.shell:Creating environment descriptor '/home/unitree/navigation_ws/install/nav2_dwb_controller/share/nav2_dwb_controller/hook/cmake_prefix_path.dsv'
[740.284s] INFO:colcon.colcon_core.shell:Creating environment hook '/home/unitree/navigation_ws/install/nav2_dwb_controller/share/nav2_dwb_controller/hook/cmake_prefix_path.sh'
[740.285s] Level 1:colcon.colcon_core.environment:checking '/home/unitree/navigation_ws/install/nav2_dwb_controller/bin'
[740.286s] Level 1:colcon.colcon_core.environment:checking '/home/unitree/navigation_ws/install/nav2_dwb_controller/lib/pkgconfig/nav2_dwb_controller.pc'
[740.286s] Level 1:colcon.colcon_core.environment:checking '/home/unitree/navigation_ws/install/nav2_dwb_controller/lib/python3.8/site-packages'
[740.286s] Level 1:colcon.colcon_core.environment:checking '/home/unitree/navigation_ws/install/nav2_dwb_controller/bin'
[740.287s] INFO:colcon.colcon_core.shell:Creating package script '/home/unitree/navigation_ws/install/nav2_dwb_controller/share/nav2_dwb_controller/package.ps1'
[740.288s] INFO:colcon.colcon_core.shell:Creating package descriptor '/home/unitree/navigation_ws/install/nav2_dwb_controller/share/nav2_dwb_controller/package.dsv'
[740.289s] INFO:colcon.colcon_core.shell:Creating package script '/home/unitree/navigation_ws/install/nav2_dwb_controller/share/nav2_dwb_controller/package.sh'
[740.289s] INFO:colcon.colcon_core.shell:Creating package script '/home/unitree/navigation_ws/install/nav2_dwb_controller/share/nav2_dwb_controller/package.bash'
[740.290s] INFO:colcon.colcon_core.shell:Creating package script '/home/unitree/navigation_ws/install/nav2_dwb_controller/share/nav2_dwb_controller/package.zsh'
[740.291s] Level 1:colcon.colcon_core.environment:create_file_with_runtime_dependencies(/home/unitree/navigation_ws/install/nav2_dwb_controller/share/colcon-core/packages/nav2_dwb_controller)
[760.591s] DEBUG:colcon.colcon_core.event_handler.log_command:Invoked command in '/home/unitree/navigation_ws/build/smac_planner' returned '0': AMENT_PREFIX_PATH=/home/unitree/navigation_ws/install/nav2_core:/home/unitree/navigation_ws/install/nav2_costmap_2d:/home/unitree/navigation_ws/install/nav2_map_server:/home/unitree/navigation_ws/install/nav2_lifecycle_manager:/home/unitree/navigation_ws/install/nav2_util:/home/unitree/navigation_ws/install/nav2_voxel_grid:/home/unitree/navigation_ws/install/nav2_msgs:/home/unitree/navigation_ws/install/nav2_common:${AMENT_PREFIX_PATH} CMAKE_PREFIX_PATH=/home/unitree/navigation_ws/install/nav2_core:/home/unitree/navigation_ws/install/nav2_costmap_2d:/home/unitree/navigation_ws/install/nav2_map_server:/home/unitree/navigation_ws/install/nav2_lifecycle_manager:/home/unitree/navigation_ws/install/nav2_util:/home/unitree/navigation_ws/install/nav2_voxel_grid:/home/unitree/navigation_ws/install/nav2_msgs:/home/unitree/navigation_ws/install/nav2_common:/home/unitree/cyclonedds_ws/install/rmw_cyclonedds_cpp:/home/unitree/cyclonedds_ws/install/cyclonedds:/opt/ros/foxy LD_LIBRARY_PATH=/home/unitree/navigation_ws/install/nav2_costmap_2d/lib:/home/unitree/navigation_ws/install/nav2_map_server/lib:/home/unitree/navigation_ws/install/nav2_lifecycle_manager/lib:/home/unitree/navigation_ws/install/nav2_util/lib:/home/unitree/navigation_ws/install/nav2_voxel_grid/lib:/home/unitree/navigation_ws/install/nav2_msgs/lib:/usr/local/cuda-11.4/lib64:/usr/local/lib:/home/unitree/cyclonedds_ws/install/rmw_cyclonedds_cpp/lib:/home/unitree/cyclonedds_ws/install/cyclonedds/lib:/opt/ros/foxy/opt/yaml_cpp_vendor/lib:/opt/ros/foxy/opt/rviz_ogre_vendor/lib:/opt/ros/foxy/lib/aarch64-linux-gnu:/opt/ros/foxy/lib:/usr/local/cuda-11.4/lib64 PYTHONPATH=/home/unitree/navigation_ws/install/nav2_msgs/lib/python3.8/site-packages:/home/unitree/navigation_ws/install/nav2_common/lib/python3.8/site-packages:${PYTHONPATH} /usr/bin/cmake --build /home/unitree/navigation_ws/build/smac_planner -- -j8 -l8
[760.669s] DEBUG:colcon.colcon_core.event_handler.log_command:Invoking command in '/home/unitree/navigation_ws/build/smac_planner': AMENT_PREFIX_PATH=/home/unitree/navigation_ws/install/nav2_core:/home/unitree/navigation_ws/install/nav2_costmap_2d:/home/unitree/navigation_ws/install/nav2_map_server:/home/unitree/navigation_ws/install/nav2_lifecycle_manager:/home/unitree/navigation_ws/install/nav2_util:/home/unitree/navigation_ws/install/nav2_voxel_grid:/home/unitree/navigation_ws/install/nav2_msgs:/home/unitree/navigation_ws/install/nav2_common:${AMENT_PREFIX_PATH} CMAKE_PREFIX_PATH=/home/unitree/navigation_ws/install/nav2_core:/home/unitree/navigation_ws/install/nav2_costmap_2d:/home/unitree/navigation_ws/install/nav2_map_server:/home/unitree/navigation_ws/install/nav2_lifecycle_manager:/home/unitree/navigation_ws/install/nav2_util:/home/unitree/navigation_ws/install/nav2_voxel_grid:/home/unitree/navigation_ws/install/nav2_msgs:/home/unitree/navigation_ws/install/nav2_common:/home/unitree/cyclonedds_ws/install/rmw_cyclonedds_cpp:/home/unitree/cyclonedds_ws/install/cyclonedds:/opt/ros/foxy LD_LIBRARY_PATH=/home/unitree/navigation_ws/install/nav2_costmap_2d/lib:/home/unitree/navigation_ws/install/nav2_map_server/lib:/home/unitree/navigation_ws/install/nav2_lifecycle_manager/lib:/home/unitree/navigation_ws/install/nav2_util/lib:/home/unitree/navigation_ws/install/nav2_voxel_grid/lib:/home/unitree/navigation_ws/install/nav2_msgs/lib:/usr/local/cuda-11.4/lib64:/usr/local/lib:/home/unitree/cyclonedds_ws/install/rmw_cyclonedds_cpp/lib:/home/unitree/cyclonedds_ws/install/cyclonedds/lib:/opt/ros/foxy/opt/yaml_cpp_vendor/lib:/opt/ros/foxy/opt/rviz_ogre_vendor/lib:/opt/ros/foxy/lib/aarch64-linux-gnu:/opt/ros/foxy/lib:/usr/local/cuda-11.4/lib64 PYTHONPATH=/home/unitree/navigation_ws/install/nav2_msgs/lib/python3.8/site-packages:/home/unitree/navigation_ws/install/nav2_common/lib/python3.8/site-packages:${PYTHONPATH} /usr/bin/cmake --install /home/unitree/navigation_ws/build/smac_planner
[761.476s] Level 1:colcon.colcon_core.environment:create_environment_scripts_only(smac_planner)
[761.477s] Level 1:colcon.colcon_core.environment:checking '/home/unitree/navigation_ws/install/smac_planner' for CMake module files
[761.478s] DEBUG:colcon.colcon_core.event_handler.log_command:Invoked command in '/home/unitree/navigation_ws/build/smac_planner' returned '0': AMENT_PREFIX_PATH=/home/unitree/navigation_ws/install/nav2_core:/home/unitree/navigation_ws/install/nav2_costmap_2d:/home/unitree/navigation_ws/install/nav2_map_server:/home/unitree/navigation_ws/install/nav2_lifecycle_manager:/home/unitree/navigation_ws/install/nav2_util:/home/unitree/navigation_ws/install/nav2_voxel_grid:/home/unitree/navigation_ws/install/nav2_msgs:/home/unitree/navigation_ws/install/nav2_common:${AMENT_PREFIX_PATH} CMAKE_PREFIX_PATH=/home/unitree/navigation_ws/install/nav2_core:/home/unitree/navigation_ws/install/nav2_costmap_2d:/home/unitree/navigation_ws/install/nav2_map_server:/home/unitree/navigation_ws/install/nav2_lifecycle_manager:/home/unitree/navigation_ws/install/nav2_util:/home/unitree/navigation_ws/install/nav2_voxel_grid:/home/unitree/navigation_ws/install/nav2_msgs:/home/unitree/navigation_ws/install/nav2_common:/home/unitree/cyclonedds_ws/install/rmw_cyclonedds_cpp:/home/unitree/cyclonedds_ws/install/cyclonedds:/opt/ros/foxy LD_LIBRARY_PATH=/home/unitree/navigation_ws/install/nav2_costmap_2d/lib:/home/unitree/navigation_ws/install/nav2_map_server/lib:/home/unitree/navigation_ws/install/nav2_lifecycle_manager/lib:/home/unitree/navigation_ws/install/nav2_util/lib:/home/unitree/navigation_ws/install/nav2_voxel_grid/lib:/home/unitree/navigation_ws/install/nav2_msgs/lib:/usr/local/cuda-11.4/lib64:/usr/local/lib:/home/unitree/cyclonedds_ws/install/rmw_cyclonedds_cpp/lib:/home/unitree/cyclonedds_ws/install/cyclonedds/lib:/opt/ros/foxy/opt/yaml_cpp_vendor/lib:/opt/ros/foxy/opt/rviz_ogre_vendor/lib:/opt/ros/foxy/lib/aarch64-linux-gnu:/opt/ros/foxy/lib:/usr/local/cuda-11.4/lib64 PYTHONPATH=/home/unitree/navigation_ws/install/nav2_msgs/lib/python3.8/site-packages:/home/unitree/navigation_ws/install/nav2_common/lib/python3.8/site-packages:${PYTHONPATH} /usr/bin/cmake --install /home/unitree/navigation_ws/build/smac_planner
[761.480s] Level 1:colcon.colcon_core.environment:checking '/home/unitree/navigation_ws/install/smac_planner' for CMake config files
[761.481s] Level 1:colcon.colcon_core.shell:create_environment_hook('smac_planner', 'cmake_prefix_path')
[761.482s] INFO:colcon.colcon_core.shell:Creating environment hook '/home/unitree/navigation_ws/install/smac_planner/share/smac_planner/hook/cmake_prefix_path.ps1'
[761.484s] INFO:colcon.colcon_core.shell:Creating environment descriptor '/home/unitree/navigation_ws/install/smac_planner/share/smac_planner/hook/cmake_prefix_path.dsv'
[761.485s] INFO:colcon.colcon_core.shell:Creating environment hook '/home/unitree/navigation_ws/install/smac_planner/share/smac_planner/hook/cmake_prefix_path.sh'
[761.487s] Level 1:colcon.colcon_core.environment:checking '/home/unitree/navigation_ws/install/smac_planner/lib'
[761.487s] Level 1:colcon.colcon_core.shell:create_environment_hook('smac_planner', 'ld_library_path_lib')
[761.488s] INFO:colcon.colcon_core.shell:Creating environment hook '/home/unitree/navigation_ws/install/smac_planner/share/smac_planner/hook/ld_library_path_lib.ps1'
[761.489s] INFO:colcon.colcon_core.shell:Creating environment descriptor '/home/unitree/navigation_ws/install/smac_planner/share/smac_planner/hook/ld_library_path_lib.dsv'
[761.490s] INFO:colcon.colcon_core.shell:Creating environment hook '/home/unitree/navigation_ws/install/smac_planner/share/smac_planner/hook/ld_library_path_lib.sh'
[761.491s] Level 1:colcon.colcon_core.environment:checking '/home/unitree/navigation_ws/install/smac_planner/bin'
[761.491s] Level 1:colcon.colcon_core.environment:checking '/home/unitree/navigation_ws/install/smac_planner/lib/pkgconfig/smac_planner.pc'
[761.492s] Level 1:colcon.colcon_core.environment:checking '/home/unitree/navigation_ws/install/smac_planner/lib/python3.8/site-packages'
[761.493s] Level 1:colcon.colcon_core.environment:checking '/home/unitree/navigation_ws/install/smac_planner/bin'
[761.494s] INFO:colcon.colcon_core.shell:Creating package script '/home/unitree/navigation_ws/install/smac_planner/share/smac_planner/package.ps1'
[761.496s] INFO:colcon.colcon_core.shell:Creating package descriptor '/home/unitree/navigation_ws/install/smac_planner/share/smac_planner/package.dsv'
[761.497s] INFO:colcon.colcon_core.shell:Creating package script '/home/unitree/navigation_ws/install/smac_planner/share/smac_planner/package.sh'
[761.499s] INFO:colcon.colcon_core.shell:Creating package script '/home/unitree/navigation_ws/install/smac_planner/share/smac_planner/package.bash'
[761.500s] INFO:colcon.colcon_core.shell:Creating package script '/home/unitree/navigation_ws/install/smac_planner/share/smac_planner/package.zsh'
[761.501s] Level 1:colcon.colcon_core.environment:create_file_with_runtime_dependencies(/home/unitree/navigation_ws/install/smac_planner/share/colcon-core/packages/smac_planner)
[761.573s] Level 1:colcon.colcon_core.environment:create_environment_scripts_only(smac_planner)
[761.573s] Level 1:colcon.colcon_core.environment:checking '/home/unitree/navigation_ws/install/smac_planner' for CMake module files
[761.574s] Level 1:colcon.colcon_core.environment:checking '/home/unitree/navigation_ws/install/smac_planner' for CMake config files
[761.575s] Level 1:colcon.colcon_core.shell:create_environment_hook('smac_planner', 'cmake_prefix_path')
[761.575s] INFO:colcon.colcon_core.shell:Creating environment hook '/home/unitree/navigation_ws/install/smac_planner/share/smac_planner/hook/cmake_prefix_path.ps1'
[761.576s] INFO:colcon.colcon_core.shell:Creating environment descriptor '/home/unitree/navigation_ws/install/smac_planner/share/smac_planner/hook/cmake_prefix_path.dsv'
[761.577s] INFO:colcon.colcon_core.shell:Creating environment hook '/home/unitree/navigation_ws/install/smac_planner/share/smac_planner/hook/cmake_prefix_path.sh'
[761.578s] Level 1:colcon.colcon_core.environment:checking '/home/unitree/navigation_ws/install/smac_planner/lib'
[761.578s] Level 1:colcon.colcon_core.shell:create_environment_hook('smac_planner', 'ld_library_path_lib')
[761.579s] INFO:colcon.colcon_core.shell:Creating environment hook '/home/unitree/navigation_ws/install/smac_planner/share/smac_planner/hook/ld_library_path_lib.ps1'
[761.581s] INFO:colcon.colcon_core.shell:Creating environment descriptor '/home/unitree/navigation_ws/install/smac_planner/share/smac_planner/hook/ld_library_path_lib.dsv'
[761.582s] INFO:colcon.colcon_core.shell:Creating environment hook '/home/unitree/navigation_ws/install/smac_planner/share/smac_planner/hook/ld_library_path_lib.sh'
[761.583s] Level 1:colcon.colcon_core.environment:checking '/home/unitree/navigation_ws/install/smac_planner/bin'
[761.583s] Level 1:colcon.colcon_core.environment:checking '/home/unitree/navigation_ws/install/smac_planner/lib/pkgconfig/smac_planner.pc'
[761.584s] Level 1:colcon.colcon_core.environment:checking '/home/unitree/navigation_ws/install/smac_planner/lib/python3.8/site-packages'
[761.584s] Level 1:colcon.colcon_core.environment:checking '/home/unitree/navigation_ws/install/smac_planner/bin'
[761.585s] INFO:colcon.colcon_core.shell:Creating package script '/home/unitree/navigation_ws/install/smac_planner/share/smac_planner/package.ps1'
[761.587s] INFO:colcon.colcon_core.shell:Creating package descriptor '/home/unitree/navigation_ws/install/smac_planner/share/smac_planner/package.dsv'
[761.588s] INFO:colcon.colcon_core.shell:Creating package script '/home/unitree/navigation_ws/install/smac_planner/share/smac_planner/package.sh'
[761.589s] INFO:colcon.colcon_core.shell:Creating package script '/home/unitree/navigation_ws/install/smac_planner/share/smac_planner/package.bash'
[761.590s] INFO:colcon.colcon_core.shell:Creating package script '/home/unitree/navigation_ws/install/smac_planner/share/smac_planner/package.zsh'
[761.591s] Level 1:colcon.colcon_core.environment:create_file_with_runtime_dependencies(/home/unitree/navigation_ws/install/smac_planner/share/colcon-core/packages/smac_planner)
[761.592s] INFO:colcon.colcon_ros.task.ament_cmake.build:Building ROS package in '/home/unitree/navigation_ws/src/navigation2/navigation2' with build type 'ament_cmake'
[761.592s] INFO:colcon.colcon_cmake.task.cmake.build:Building CMake package in '/home/unitree/navigation_ws/src/navigation2/navigation2'
[761.593s] INFO:colcon.colcon_core.shell:Skip shell extension 'powershell' for command environment: Not usable outside of PowerShell
[761.593s] DEBUG:colcon.colcon_core.shell:Skip shell extension 'dsv' for command environment
[761.708s] DEBUG:colcon.colcon_core.event_handler.log_command:Invoking command in '/home/unitree/navigation_ws/build/navigation2': AMENT_PREFIX_PATH=/home/unitree/navigation_ws/install/nav2_dwb_controller:/home/unitree/navigation_ws/install/dwb_plugins:/home/unitree/navigation_ws/install/dwb_critics:/home/unitree/navigation_ws/install/smac_planner:/home/unitree/navigation_ws/install/nav2_regulated_pure_pursuit_controller:/home/unitree/navigation_ws/install/nav2_recoveries:/home/unitree/navigation_ws/install/nav2_planner:/home/unitree/navigation_ws/install/nav2_navfn_planner:/home/unitree/navigation_ws/install/nav2_controller:/home/unitree/navigation_ws/install/dwb_core:/home/unitree/navigation_ws/install/nav2_core:/home/unitree/navigation_ws/install/costmap_queue:/home/unitree/navigation_ws/install/nav2_costmap_2d:/home/unitree/navigation_ws/install/nav2_bt_navigator:/home/unitree/navigation_ws/install/nav_2d_utils:/home/unitree/navigation_ws/install/nav2_waypoint_follower:/home/unitree/navigation_ws/install/nav2_map_server:/home/unitree/navigation_ws/install/nav2_lifecycle_manager:/home/unitree/navigation_ws/install/nav2_behavior_tree:/home/unitree/navigation_ws/install/nav2_amcl:/home/unitree/navigation_ws/install/nav2_util:/home/unitree/navigation_ws/install/nav2_voxel_grid:/home/unitree/navigation_ws/install/nav2_msgs:/home/unitree/navigation_ws/install/dwb_msgs:/home/unitree/navigation_ws/install/nav_2d_msgs:/home/unitree/navigation_ws/install/nav2_common:${AMENT_PREFIX_PATH} CMAKE_PREFIX_PATH=/home/unitree/navigation_ws/install/nav2_dwb_controller:/home/unitree/navigation_ws/install/dwb_plugins:/home/unitree/navigation_ws/install/dwb_critics:/home/unitree/navigation_ws/install/smac_planner:/home/unitree/navigation_ws/install/nav2_regulated_pure_pursuit_controller:/home/unitree/navigation_ws/install/nav2_recoveries:/home/unitree/navigation_ws/install/nav2_planner:/home/unitree/navigation_ws/install/nav2_navfn_planner:/home/unitree/navigation_ws/install/nav2_controller:/home/unitree/navigation_ws/install/dwb_core:/home/unitree/navigation_ws/install/nav2_core:/home/unitree/navigation_ws/install/costmap_queue:/home/unitree/navigation_ws/install/nav2_costmap_2d:/home/unitree/navigation_ws/install/nav2_bt_navigator:/home/unitree/navigation_ws/install/nav_2d_utils:/home/unitree/navigation_ws/install/nav2_waypoint_follower:/home/unitree/navigation_ws/install/nav2_map_server:/home/unitree/navigation_ws/install/nav2_lifecycle_manager:/home/unitree/navigation_ws/install/nav2_behavior_tree:/home/unitree/navigation_ws/install/nav2_amcl:/home/unitree/navigation_ws/install/nav2_util:/home/unitree/navigation_ws/install/nav2_voxel_grid:/home/unitree/navigation_ws/install/nav2_msgs:/home/unitree/navigation_ws/install/dwb_msgs:/home/unitree/navigation_ws/install/nav_2d_msgs:/home/unitree/navigation_ws/install/nav2_common:/home/unitree/cyclonedds_ws/install/rmw_cyclonedds_cpp:/home/unitree/cyclonedds_ws/install/cyclonedds:/opt/ros/foxy LD_LIBRARY_PATH=/home/unitree/navigation_ws/install/dwb_plugins/lib:/home/unitree/navigation_ws/install/dwb_critics/lib:/home/unitree/navigation_ws/install/smac_planner/lib:/home/unitree/navigation_ws/install/nav2_regulated_pure_pursuit_controller/lib:/home/unitree/navigation_ws/install/nav2_recoveries/lib:/home/unitree/navigation_ws/install/nav2_planner/lib:/home/unitree/navigation_ws/install/nav2_navfn_planner/lib:/home/unitree/navigation_ws/install/nav2_controller/lib:/home/unitree/navigation_ws/install/dwb_core/lib:/home/unitree/navigation_ws/install/costmap_queue/lib:/home/unitree/navigation_ws/install/nav2_costmap_2d/lib:/home/unitree/navigation_ws/install/nav2_bt_navigator/lib:/home/unitree/navigation_ws/install/nav_2d_utils/lib:/home/unitree/navigation_ws/install/nav2_waypoint_follower/lib:/home/unitree/navigation_ws/install/nav2_map_server/lib:/home/unitree/navigation_ws/install/nav2_lifecycle_manager/lib:/home/unitree/navigation_ws/install/nav2_behavior_tree/lib:/home/unitree/navigation_ws/install/nav2_amcl/lib:/home/unitree/navigation_ws/install/nav2_util/lib:/home/unitree/navigation_ws/install/nav2_voxel_grid/lib:/home/unitree/navigation_ws/install/nav2_msgs/lib:/home/unitree/navigation_ws/install/dwb_msgs/lib:/home/unitree/navigation_ws/install/nav_2d_msgs/lib:/usr/local/cuda-11.4/lib64:/usr/local/lib:/home/unitree/cyclonedds_ws/install/rmw_cyclonedds_cpp/lib:/home/unitree/cyclonedds_ws/install/cyclonedds/lib:/opt/ros/foxy/opt/yaml_cpp_vendor/lib:/opt/ros/foxy/opt/rviz_ogre_vendor/lib:/opt/ros/foxy/lib/aarch64-linux-gnu:/opt/ros/foxy/lib:/usr/local/cuda-11.4/lib64 PYTHONPATH=/home/unitree/navigation_ws/install/nav2_msgs/lib/python3.8/site-packages:/home/unitree/navigation_ws/install/dwb_msgs/lib/python3.8/site-packages:/home/unitree/navigation_ws/install/nav_2d_msgs/lib/python3.8/site-packages:/home/unitree/navigation_ws/install/nav2_common/lib/python3.8/site-packages:${PYTHONPATH} /usr/bin/cmake /home/unitree/navigation_ws/src/navigation2/navigation2 -DAMENT_CMAKE_SYMLINK_INSTALL=1 -DCMAKE_INSTALL_PREFIX=/home/unitree/navigation_ws/install/navigation2
[763.214s] DEBUG:colcon.colcon_core.event_handler.log_command:Invoked command in '/home/unitree/navigation_ws/build/navigation2' returned '0': AMENT_PREFIX_PATH=/home/unitree/navigation_ws/install/nav2_dwb_controller:/home/unitree/navigation_ws/install/dwb_plugins:/home/unitree/navigation_ws/install/dwb_critics:/home/unitree/navigation_ws/install/smac_planner:/home/unitree/navigation_ws/install/nav2_regulated_pure_pursuit_controller:/home/unitree/navigation_ws/install/nav2_recoveries:/home/unitree/navigation_ws/install/nav2_planner:/home/unitree/navigation_ws/install/nav2_navfn_planner:/home/unitree/navigation_ws/install/nav2_controller:/home/unitree/navigation_ws/install/dwb_core:/home/unitree/navigation_ws/install/nav2_core:/home/unitree/navigation_ws/install/costmap_queue:/home/unitree/navigation_ws/install/nav2_costmap_2d:/home/unitree/navigation_ws/install/nav2_bt_navigator:/home/unitree/navigation_ws/install/nav_2d_utils:/home/unitree/navigation_ws/install/nav2_waypoint_follower:/home/unitree/navigation_ws/install/nav2_map_server:/home/unitree/navigation_ws/install/nav2_lifecycle_manager:/home/unitree/navigation_ws/install/nav2_behavior_tree:/home/unitree/navigation_ws/install/nav2_amcl:/home/unitree/navigation_ws/install/nav2_util:/home/unitree/navigation_ws/install/nav2_voxel_grid:/home/unitree/navigation_ws/install/nav2_msgs:/home/unitree/navigation_ws/install/dwb_msgs:/home/unitree/navigation_ws/install/nav_2d_msgs:/home/unitree/navigation_ws/install/nav2_common:${AMENT_PREFIX_PATH} CMAKE_PREFIX_PATH=/home/unitree/navigation_ws/install/nav2_dwb_controller:/home/unitree/navigation_ws/install/dwb_plugins:/home/unitree/navigation_ws/install/dwb_critics:/home/unitree/navigation_ws/install/smac_planner:/home/unitree/navigation_ws/install/nav2_regulated_pure_pursuit_controller:/home/unitree/navigation_ws/install/nav2_recoveries:/home/unitree/navigation_ws/install/nav2_planner:/home/unitree/navigation_ws/install/nav2_navfn_planner:/home/unitree/navigation_ws/install/nav2_controller:/home/unitree/navigation_ws/install/dwb_core:/home/unitree/navigation_ws/install/nav2_core:/home/unitree/navigation_ws/install/costmap_queue:/home/unitree/navigation_ws/install/nav2_costmap_2d:/home/unitree/navigation_ws/install/nav2_bt_navigator:/home/unitree/navigation_ws/install/nav_2d_utils:/home/unitree/navigation_ws/install/nav2_waypoint_follower:/home/unitree/navigation_ws/install/nav2_map_server:/home/unitree/navigation_ws/install/nav2_lifecycle_manager:/home/unitree/navigation_ws/install/nav2_behavior_tree:/home/unitree/navigation_ws/install/nav2_amcl:/home/unitree/navigation_ws/install/nav2_util:/home/unitree/navigation_ws/install/nav2_voxel_grid:/home/unitree/navigation_ws/install/nav2_msgs:/home/unitree/navigation_ws/install/dwb_msgs:/home/unitree/navigation_ws/install/nav_2d_msgs:/home/unitree/navigation_ws/install/nav2_common:/home/unitree/cyclonedds_ws/install/rmw_cyclonedds_cpp:/home/unitree/cyclonedds_ws/install/cyclonedds:/opt/ros/foxy LD_LIBRARY_PATH=/home/unitree/navigation_ws/install/dwb_plugins/lib:/home/unitree/navigation_ws/install/dwb_critics/lib:/home/unitree/navigation_ws/install/smac_planner/lib:/home/unitree/navigation_ws/install/nav2_regulated_pure_pursuit_controller/lib:/home/unitree/navigation_ws/install/nav2_recoveries/lib:/home/unitree/navigation_ws/install/nav2_planner/lib:/home/unitree/navigation_ws/install/nav2_navfn_planner/lib:/home/unitree/navigation_ws/install/nav2_controller/lib:/home/unitree/navigation_ws/install/dwb_core/lib:/home/unitree/navigation_ws/install/costmap_queue/lib:/home/unitree/navigation_ws/install/nav2_costmap_2d/lib:/home/unitree/navigation_ws/install/nav2_bt_navigator/lib:/home/unitree/navigation_ws/install/nav_2d_utils/lib:/home/unitree/navigation_ws/install/nav2_waypoint_follower/lib:/home/unitree/navigation_ws/install/nav2_map_server/lib:/home/unitree/navigation_ws/install/nav2_lifecycle_manager/lib:/home/unitree/navigation_ws/install/nav2_behavior_tree/lib:/home/unitree/navigation_ws/install/nav2_amcl/lib:/home/unitree/navigation_ws/install/nav2_util/lib:/home/unitree/navigation_ws/install/nav2_voxel_grid/lib:/home/unitree/navigation_ws/install/nav2_msgs/lib:/home/unitree/navigation_ws/install/dwb_msgs/lib:/home/unitree/navigation_ws/install/nav_2d_msgs/lib:/usr/local/cuda-11.4/lib64:/usr/local/lib:/home/unitree/cyclonedds_ws/install/rmw_cyclonedds_cpp/lib:/home/unitree/cyclonedds_ws/install/cyclonedds/lib:/opt/ros/foxy/opt/yaml_cpp_vendor/lib:/opt/ros/foxy/opt/rviz_ogre_vendor/lib:/opt/ros/foxy/lib/aarch64-linux-gnu:/opt/ros/foxy/lib:/usr/local/cuda-11.4/lib64 PYTHONPATH=/home/unitree/navigation_ws/install/nav2_msgs/lib/python3.8/site-packages:/home/unitree/navigation_ws/install/dwb_msgs/lib/python3.8/site-packages:/home/unitree/navigation_ws/install/nav_2d_msgs/lib/python3.8/site-packages:/home/unitree/navigation_ws/install/nav2_common/lib/python3.8/site-packages:${PYTHONPATH} /usr/bin/cmake /home/unitree/navigation_ws/src/navigation2/navigation2 -DAMENT_CMAKE_SYMLINK_INSTALL=1 -DCMAKE_INSTALL_PREFIX=/home/unitree/navigation_ws/install/navigation2
[763.221s] DEBUG:colcon.colcon_core.event_handler.log_command:Invoking command in '/home/unitree/navigation_ws/build/navigation2': AMENT_PREFIX_PATH=/home/unitree/navigation_ws/install/nav2_dwb_controller:/home/unitree/navigation_ws/install/dwb_plugins:/home/unitree/navigation_ws/install/dwb_critics:/home/unitree/navigation_ws/install/smac_planner:/home/unitree/navigation_ws/install/nav2_regulated_pure_pursuit_controller:/home/unitree/navigation_ws/install/nav2_recoveries:/home/unitree/navigation_ws/install/nav2_planner:/home/unitree/navigation_ws/install/nav2_navfn_planner:/home/unitree/navigation_ws/install/nav2_controller:/home/unitree/navigation_ws/install/dwb_core:/home/unitree/navigation_ws/install/nav2_core:/home/unitree/navigation_ws/install/costmap_queue:/home/unitree/navigation_ws/install/nav2_costmap_2d:/home/unitree/navigation_ws/install/nav2_bt_navigator:/home/unitree/navigation_ws/install/nav_2d_utils:/home/unitree/navigation_ws/install/nav2_waypoint_follower:/home/unitree/navigation_ws/install/nav2_map_server:/home/unitree/navigation_ws/install/nav2_lifecycle_manager:/home/unitree/navigation_ws/install/nav2_behavior_tree:/home/unitree/navigation_ws/install/nav2_amcl:/home/unitree/navigation_ws/install/nav2_util:/home/unitree/navigation_ws/install/nav2_voxel_grid:/home/unitree/navigation_ws/install/nav2_msgs:/home/unitree/navigation_ws/install/dwb_msgs:/home/unitree/navigation_ws/install/nav_2d_msgs:/home/unitree/navigation_ws/install/nav2_common:${AMENT_PREFIX_PATH} CMAKE_PREFIX_PATH=/home/unitree/navigation_ws/install/nav2_dwb_controller:/home/unitree/navigation_ws/install/dwb_plugins:/home/unitree/navigation_ws/install/dwb_critics:/home/unitree/navigation_ws/install/smac_planner:/home/unitree/navigation_ws/install/nav2_regulated_pure_pursuit_controller:/home/unitree/navigation_ws/install/nav2_recoveries:/home/unitree/navigation_ws/install/nav2_planner:/home/unitree/navigation_ws/install/nav2_navfn_planner:/home/unitree/navigation_ws/install/nav2_controller:/home/unitree/navigation_ws/install/dwb_core:/home/unitree/navigation_ws/install/nav2_core:/home/unitree/navigation_ws/install/costmap_queue:/home/unitree/navigation_ws/install/nav2_costmap_2d:/home/unitree/navigation_ws/install/nav2_bt_navigator:/home/unitree/navigation_ws/install/nav_2d_utils:/home/unitree/navigation_ws/install/nav2_waypoint_follower:/home/unitree/navigation_ws/install/nav2_map_server:/home/unitree/navigation_ws/install/nav2_lifecycle_manager:/home/unitree/navigation_ws/install/nav2_behavior_tree:/home/unitree/navigation_ws/install/nav2_amcl:/home/unitree/navigation_ws/install/nav2_util:/home/unitree/navigation_ws/install/nav2_voxel_grid:/home/unitree/navigation_ws/install/nav2_msgs:/home/unitree/navigation_ws/install/dwb_msgs:/home/unitree/navigation_ws/install/nav_2d_msgs:/home/unitree/navigation_ws/install/nav2_common:/home/unitree/cyclonedds_ws/install/rmw_cyclonedds_cpp:/home/unitree/cyclonedds_ws/install/cyclonedds:/opt/ros/foxy LD_LIBRARY_PATH=/home/unitree/navigation_ws/install/dwb_plugins/lib:/home/unitree/navigation_ws/install/dwb_critics/lib:/home/unitree/navigation_ws/install/smac_planner/lib:/home/unitree/navigation_ws/install/nav2_regulated_pure_pursuit_controller/lib:/home/unitree/navigation_ws/install/nav2_recoveries/lib:/home/unitree/navigation_ws/install/nav2_planner/lib:/home/unitree/navigation_ws/install/nav2_navfn_planner/lib:/home/unitree/navigation_ws/install/nav2_controller/lib:/home/unitree/navigation_ws/install/dwb_core/lib:/home/unitree/navigation_ws/install/costmap_queue/lib:/home/unitree/navigation_ws/install/nav2_costmap_2d/lib:/home/unitree/navigation_ws/install/nav2_bt_navigator/lib:/home/unitree/navigation_ws/install/nav_2d_utils/lib:/home/unitree/navigation_ws/install/nav2_waypoint_follower/lib:/home/unitree/navigation_ws/install/nav2_map_server/lib:/home/unitree/navigation_ws/install/nav2_lifecycle_manager/lib:/home/unitree/navigation_ws/install/nav2_behavior_tree/lib:/home/unitree/navigation_ws/install/nav2_amcl/lib:/home/unitree/navigation_ws/install/nav2_util/lib:/home/unitree/navigation_ws/install/nav2_voxel_grid/lib:/home/unitree/navigation_ws/install/nav2_msgs/lib:/home/unitree/navigation_ws/install/dwb_msgs/lib:/home/unitree/navigation_ws/install/nav_2d_msgs/lib:/usr/local/cuda-11.4/lib64:/usr/local/lib:/home/unitree/cyclonedds_ws/install/rmw_cyclonedds_cpp/lib:/home/unitree/cyclonedds_ws/install/cyclonedds/lib:/opt/ros/foxy/opt/yaml_cpp_vendor/lib:/opt/ros/foxy/opt/rviz_ogre_vendor/lib:/opt/ros/foxy/lib/aarch64-linux-gnu:/opt/ros/foxy/lib:/usr/local/cuda-11.4/lib64 PYTHONPATH=/home/unitree/navigation_ws/install/nav2_msgs/lib/python3.8/site-packages:/home/unitree/navigation_ws/install/dwb_msgs/lib/python3.8/site-packages:/home/unitree/navigation_ws/install/nav_2d_msgs/lib/python3.8/site-packages:/home/unitree/navigation_ws/install/nav2_common/lib/python3.8/site-packages:${PYTHONPATH} /usr/bin/cmake --build /home/unitree/navigation_ws/build/navigation2 -- -j8 -l8
[763.321s] DEBUG:colcon.colcon_core.event_handler.log_command:Invoked command in '/home/unitree/navigation_ws/build/navigation2' returned '0': AMENT_PREFIX_PATH=/home/unitree/navigation_ws/install/nav2_dwb_controller:/home/unitree/navigation_ws/install/dwb_plugins:/home/unitree/navigation_ws/install/dwb_critics:/home/unitree/navigation_ws/install/smac_planner:/home/unitree/navigation_ws/install/nav2_regulated_pure_pursuit_controller:/home/unitree/navigation_ws/install/nav2_recoveries:/home/unitree/navigation_ws/install/nav2_planner:/home/unitree/navigation_ws/install/nav2_navfn_planner:/home/unitree/navigation_ws/install/nav2_controller:/home/unitree/navigation_ws/install/dwb_core:/home/unitree/navigation_ws/install/nav2_core:/home/unitree/navigation_ws/install/costmap_queue:/home/unitree/navigation_ws/install/nav2_costmap_2d:/home/unitree/navigation_ws/install/nav2_bt_navigator:/home/unitree/navigation_ws/install/nav_2d_utils:/home/unitree/navigation_ws/install/nav2_waypoint_follower:/home/unitree/navigation_ws/install/nav2_map_server:/home/unitree/navigation_ws/install/nav2_lifecycle_manager:/home/unitree/navigation_ws/install/nav2_behavior_tree:/home/unitree/navigation_ws/install/nav2_amcl:/home/unitree/navigation_ws/install/nav2_util:/home/unitree/navigation_ws/install/nav2_voxel_grid:/home/unitree/navigation_ws/install/nav2_msgs:/home/unitree/navigation_ws/install/dwb_msgs:/home/unitree/navigation_ws/install/nav_2d_msgs:/home/unitree/navigation_ws/install/nav2_common:${AMENT_PREFIX_PATH} CMAKE_PREFIX_PATH=/home/unitree/navigation_ws/install/nav2_dwb_controller:/home/unitree/navigation_ws/install/dwb_plugins:/home/unitree/navigation_ws/install/dwb_critics:/home/unitree/navigation_ws/install/smac_planner:/home/unitree/navigation_ws/install/nav2_regulated_pure_pursuit_controller:/home/unitree/navigation_ws/install/nav2_recoveries:/home/unitree/navigation_ws/install/nav2_planner:/home/unitree/navigation_ws/install/nav2_navfn_planner:/home/unitree/navigation_ws/install/nav2_controller:/home/unitree/navigation_ws/install/dwb_core:/home/unitree/navigation_ws/install/nav2_core:/home/unitree/navigation_ws/install/costmap_queue:/home/unitree/navigation_ws/install/nav2_costmap_2d:/home/unitree/navigation_ws/install/nav2_bt_navigator:/home/unitree/navigation_ws/install/nav_2d_utils:/home/unitree/navigation_ws/install/nav2_waypoint_follower:/home/unitree/navigation_ws/install/nav2_map_server:/home/unitree/navigation_ws/install/nav2_lifecycle_manager:/home/unitree/navigation_ws/install/nav2_behavior_tree:/home/unitree/navigation_ws/install/nav2_amcl:/home/unitree/navigation_ws/install/nav2_util:/home/unitree/navigation_ws/install/nav2_voxel_grid:/home/unitree/navigation_ws/install/nav2_msgs:/home/unitree/navigation_ws/install/dwb_msgs:/home/unitree/navigation_ws/install/nav_2d_msgs:/home/unitree/navigation_ws/install/nav2_common:/home/unitree/cyclonedds_ws/install/rmw_cyclonedds_cpp:/home/unitree/cyclonedds_ws/install/cyclonedds:/opt/ros/foxy LD_LIBRARY_PATH=/home/unitree/navigation_ws/install/dwb_plugins/lib:/home/unitree/navigation_ws/install/dwb_critics/lib:/home/unitree/navigation_ws/install/smac_planner/lib:/home/unitree/navigation_ws/install/nav2_regulated_pure_pursuit_controller/lib:/home/unitree/navigation_ws/install/nav2_recoveries/lib:/home/unitree/navigation_ws/install/nav2_planner/lib:/home/unitree/navigation_ws/install/nav2_navfn_planner/lib:/home/unitree/navigation_ws/install/nav2_controller/lib:/home/unitree/navigation_ws/install/dwb_core/lib:/home/unitree/navigation_ws/install/costmap_queue/lib:/home/unitree/navigation_ws/install/nav2_costmap_2d/lib:/home/unitree/navigation_ws/install/nav2_bt_navigator/lib:/home/unitree/navigation_ws/install/nav_2d_utils/lib:/home/unitree/navigation_ws/install/nav2_waypoint_follower/lib:/home/unitree/navigation_ws/install/nav2_map_server/lib:/home/unitree/navigation_ws/install/nav2_lifecycle_manager/lib:/home/unitree/navigation_ws/install/nav2_behavior_tree/lib:/home/unitree/navigation_ws/install/nav2_amcl/lib:/home/unitree/navigation_ws/install/nav2_util/lib:/home/unitree/navigation_ws/install/nav2_voxel_grid/lib:/home/unitree/navigation_ws/install/nav2_msgs/lib:/home/unitree/navigation_ws/install/dwb_msgs/lib:/home/unitree/navigation_ws/install/nav_2d_msgs/lib:/usr/local/cuda-11.4/lib64:/usr/local/lib:/home/unitree/cyclonedds_ws/install/rmw_cyclonedds_cpp/lib:/home/unitree/cyclonedds_ws/install/cyclonedds/lib:/opt/ros/foxy/opt/yaml_cpp_vendor/lib:/opt/ros/foxy/opt/rviz_ogre_vendor/lib:/opt/ros/foxy/lib/aarch64-linux-gnu:/opt/ros/foxy/lib:/usr/local/cuda-11.4/lib64 PYTHONPATH=/home/unitree/navigation_ws/install/nav2_msgs/lib/python3.8/site-packages:/home/unitree/navigation_ws/install/dwb_msgs/lib/python3.8/site-packages:/home/unitree/navigation_ws/install/nav_2d_msgs/lib/python3.8/site-packages:/home/unitree/navigation_ws/install/nav2_common/lib/python3.8/site-packages:${PYTHONPATH} /usr/bin/cmake --build /home/unitree/navigation_ws/build/navigation2 -- -j8 -l8
[763.371s] DEBUG:colcon.colcon_core.event_handler.log_command:Invoking command in '/home/unitree/navigation_ws/build/navigation2': AMENT_PREFIX_PATH=/home/unitree/navigation_ws/install/nav2_dwb_controller:/home/unitree/navigation_ws/install/dwb_plugins:/home/unitree/navigation_ws/install/dwb_critics:/home/unitree/navigation_ws/install/smac_planner:/home/unitree/navigation_ws/install/nav2_regulated_pure_pursuit_controller:/home/unitree/navigation_ws/install/nav2_recoveries:/home/unitree/navigation_ws/install/nav2_planner:/home/unitree/navigation_ws/install/nav2_navfn_planner:/home/unitree/navigation_ws/install/nav2_controller:/home/unitree/navigation_ws/install/dwb_core:/home/unitree/navigation_ws/install/nav2_core:/home/unitree/navigation_ws/install/costmap_queue:/home/unitree/navigation_ws/install/nav2_costmap_2d:/home/unitree/navigation_ws/install/nav2_bt_navigator:/home/unitree/navigation_ws/install/nav_2d_utils:/home/unitree/navigation_ws/install/nav2_waypoint_follower:/home/unitree/navigation_ws/install/nav2_map_server:/home/unitree/navigation_ws/install/nav2_lifecycle_manager:/home/unitree/navigation_ws/install/nav2_behavior_tree:/home/unitree/navigation_ws/install/nav2_amcl:/home/unitree/navigation_ws/install/nav2_util:/home/unitree/navigation_ws/install/nav2_voxel_grid:/home/unitree/navigation_ws/install/nav2_msgs:/home/unitree/navigation_ws/install/dwb_msgs:/home/unitree/navigation_ws/install/nav_2d_msgs:/home/unitree/navigation_ws/install/nav2_common:${AMENT_PREFIX_PATH} CMAKE_PREFIX_PATH=/home/unitree/navigation_ws/install/nav2_dwb_controller:/home/unitree/navigation_ws/install/dwb_plugins:/home/unitree/navigation_ws/install/dwb_critics:/home/unitree/navigation_ws/install/smac_planner:/home/unitree/navigation_ws/install/nav2_regulated_pure_pursuit_controller:/home/unitree/navigation_ws/install/nav2_recoveries:/home/unitree/navigation_ws/install/nav2_planner:/home/unitree/navigation_ws/install/nav2_navfn_planner:/home/unitree/navigation_ws/install/nav2_controller:/home/unitree/navigation_ws/install/dwb_core:/home/unitree/navigation_ws/install/nav2_core:/home/unitree/navigation_ws/install/costmap_queue:/home/unitree/navigation_ws/install/nav2_costmap_2d:/home/unitree/navigation_ws/install/nav2_bt_navigator:/home/unitree/navigation_ws/install/nav_2d_utils:/home/unitree/navigation_ws/install/nav2_waypoint_follower:/home/unitree/navigation_ws/install/nav2_map_server:/home/unitree/navigation_ws/install/nav2_lifecycle_manager:/home/unitree/navigation_ws/install/nav2_behavior_tree:/home/unitree/navigation_ws/install/nav2_amcl:/home/unitree/navigation_ws/install/nav2_util:/home/unitree/navigation_ws/install/nav2_voxel_grid:/home/unitree/navigation_ws/install/nav2_msgs:/home/unitree/navigation_ws/install/dwb_msgs:/home/unitree/navigation_ws/install/nav_2d_msgs:/home/unitree/navigation_ws/install/nav2_common:/home/unitree/cyclonedds_ws/install/rmw_cyclonedds_cpp:/home/unitree/cyclonedds_ws/install/cyclonedds:/opt/ros/foxy LD_LIBRARY_PATH=/home/unitree/navigation_ws/install/dwb_plugins/lib:/home/unitree/navigation_ws/install/dwb_critics/lib:/home/unitree/navigation_ws/install/smac_planner/lib:/home/unitree/navigation_ws/install/nav2_regulated_pure_pursuit_controller/lib:/home/unitree/navigation_ws/install/nav2_recoveries/lib:/home/unitree/navigation_ws/install/nav2_planner/lib:/home/unitree/navigation_ws/install/nav2_navfn_planner/lib:/home/unitree/navigation_ws/install/nav2_controller/lib:/home/unitree/navigation_ws/install/dwb_core/lib:/home/unitree/navigation_ws/install/costmap_queue/lib:/home/unitree/navigation_ws/install/nav2_costmap_2d/lib:/home/unitree/navigation_ws/install/nav2_bt_navigator/lib:/home/unitree/navigation_ws/install/nav_2d_utils/lib:/home/unitree/navigation_ws/install/nav2_waypoint_follower/lib:/home/unitree/navigation_ws/install/nav2_map_server/lib:/home/unitree/navigation_ws/install/nav2_lifecycle_manager/lib:/home/unitree/navigation_ws/install/nav2_behavior_tree/lib:/home/unitree/navigation_ws/install/nav2_amcl/lib:/home/unitree/navigation_ws/install/nav2_util/lib:/home/unitree/navigation_ws/install/nav2_voxel_grid/lib:/home/unitree/navigation_ws/install/nav2_msgs/lib:/home/unitree/navigation_ws/install/dwb_msgs/lib:/home/unitree/navigation_ws/install/nav_2d_msgs/lib:/usr/local/cuda-11.4/lib64:/usr/local/lib:/home/unitree/cyclonedds_ws/install/rmw_cyclonedds_cpp/lib:/home/unitree/cyclonedds_ws/install/cyclonedds/lib:/opt/ros/foxy/opt/yaml_cpp_vendor/lib:/opt/ros/foxy/opt/rviz_ogre_vendor/lib:/opt/ros/foxy/lib/aarch64-linux-gnu:/opt/ros/foxy/lib:/usr/local/cuda-11.4/lib64 PYTHONPATH=/home/unitree/navigation_ws/install/nav2_msgs/lib/python3.8/site-packages:/home/unitree/navigation_ws/install/dwb_msgs/lib/python3.8/site-packages:/home/unitree/navigation_ws/install/nav_2d_msgs/lib/python3.8/site-packages:/home/unitree/navigation_ws/install/nav2_common/lib/python3.8/site-packages:${PYTHONPATH} /usr/bin/cmake --install /home/unitree/navigation_ws/build/navigation2
[763.756s] Level 1:colcon.colcon_core.environment:create_environment_scripts_only(navigation2)
[763.757s] Level 1:colcon.colcon_core.environment:checking '/home/unitree/navigation_ws/install/navigation2' for CMake module files
[763.758s] DEBUG:colcon.colcon_core.event_handler.log_command:Invoked command in '/home/unitree/navigation_ws/build/navigation2' returned '0': AMENT_PREFIX_PATH=/home/unitree/navigation_ws/install/nav2_dwb_controller:/home/unitree/navigation_ws/install/dwb_plugins:/home/unitree/navigation_ws/install/dwb_critics:/home/unitree/navigation_ws/install/smac_planner:/home/unitree/navigation_ws/install/nav2_regulated_pure_pursuit_controller:/home/unitree/navigation_ws/install/nav2_recoveries:/home/unitree/navigation_ws/install/nav2_planner:/home/unitree/navigation_ws/install/nav2_navfn_planner:/home/unitree/navigation_ws/install/nav2_controller:/home/unitree/navigation_ws/install/dwb_core:/home/unitree/navigation_ws/install/nav2_core:/home/unitree/navigation_ws/install/costmap_queue:/home/unitree/navigation_ws/install/nav2_costmap_2d:/home/unitree/navigation_ws/install/nav2_bt_navigator:/home/unitree/navigation_ws/install/nav_2d_utils:/home/unitree/navigation_ws/install/nav2_waypoint_follower:/home/unitree/navigation_ws/install/nav2_map_server:/home/unitree/navigation_ws/install/nav2_lifecycle_manager:/home/unitree/navigation_ws/install/nav2_behavior_tree:/home/unitree/navigation_ws/install/nav2_amcl:/home/unitree/navigation_ws/install/nav2_util:/home/unitree/navigation_ws/install/nav2_voxel_grid:/home/unitree/navigation_ws/install/nav2_msgs:/home/unitree/navigation_ws/install/dwb_msgs:/home/unitree/navigation_ws/install/nav_2d_msgs:/home/unitree/navigation_ws/install/nav2_common:${AMENT_PREFIX_PATH} CMAKE_PREFIX_PATH=/home/unitree/navigation_ws/install/nav2_dwb_controller:/home/unitree/navigation_ws/install/dwb_plugins:/home/unitree/navigation_ws/install/dwb_critics:/home/unitree/navigation_ws/install/smac_planner:/home/unitree/navigation_ws/install/nav2_regulated_pure_pursuit_controller:/home/unitree/navigation_ws/install/nav2_recoveries:/home/unitree/navigation_ws/install/nav2_planner:/home/unitree/navigation_ws/install/nav2_navfn_planner:/home/unitree/navigation_ws/install/nav2_controller:/home/unitree/navigation_ws/install/dwb_core:/home/unitree/navigation_ws/install/nav2_core:/home/unitree/navigation_ws/install/costmap_queue:/home/unitree/navigation_ws/install/nav2_costmap_2d:/home/unitree/navigation_ws/install/nav2_bt_navigator:/home/unitree/navigation_ws/install/nav_2d_utils:/home/unitree/navigation_ws/install/nav2_waypoint_follower:/home/unitree/navigation_ws/install/nav2_map_server:/home/unitree/navigation_ws/install/nav2_lifecycle_manager:/home/unitree/navigation_ws/install/nav2_behavior_tree:/home/unitree/navigation_ws/install/nav2_amcl:/home/unitree/navigation_ws/install/nav2_util:/home/unitree/navigation_ws/install/nav2_voxel_grid:/home/unitree/navigation_ws/install/nav2_msgs:/home/unitree/navigation_ws/install/dwb_msgs:/home/unitree/navigation_ws/install/nav_2d_msgs:/home/unitree/navigation_ws/install/nav2_common:/home/unitree/cyclonedds_ws/install/rmw_cyclonedds_cpp:/home/unitree/cyclonedds_ws/install/cyclonedds:/opt/ros/foxy LD_LIBRARY_PATH=/home/unitree/navigation_ws/install/dwb_plugins/lib:/home/unitree/navigation_ws/install/dwb_critics/lib:/home/unitree/navigation_ws/install/smac_planner/lib:/home/unitree/navigation_ws/install/nav2_regulated_pure_pursuit_controller/lib:/home/unitree/navigation_ws/install/nav2_recoveries/lib:/home/unitree/navigation_ws/install/nav2_planner/lib:/home/unitree/navigation_ws/install/nav2_navfn_planner/lib:/home/unitree/navigation_ws/install/nav2_controller/lib:/home/unitree/navigation_ws/install/dwb_core/lib:/home/unitree/navigation_ws/install/costmap_queue/lib:/home/unitree/navigation_ws/install/nav2_costmap_2d/lib:/home/unitree/navigation_ws/install/nav2_bt_navigator/lib:/home/unitree/navigation_ws/install/nav_2d_utils/lib:/home/unitree/navigation_ws/install/nav2_waypoint_follower/lib:/home/unitree/navigation_ws/install/nav2_map_server/lib:/home/unitree/navigation_ws/install/nav2_lifecycle_manager/lib:/home/unitree/navigation_ws/install/nav2_behavior_tree/lib:/home/unitree/navigation_ws/install/nav2_amcl/lib:/home/unitree/navigation_ws/install/nav2_util/lib:/home/unitree/navigation_ws/install/nav2_voxel_grid/lib:/home/unitree/navigation_ws/install/nav2_msgs/lib:/home/unitree/navigation_ws/install/dwb_msgs/lib:/home/unitree/navigation_ws/install/nav_2d_msgs/lib:/usr/local/cuda-11.4/lib64:/usr/local/lib:/home/unitree/cyclonedds_ws/install/rmw_cyclonedds_cpp/lib:/home/unitree/cyclonedds_ws/install/cyclonedds/lib:/opt/ros/foxy/opt/yaml_cpp_vendor/lib:/opt/ros/foxy/opt/rviz_ogre_vendor/lib:/opt/ros/foxy/lib/aarch64-linux-gnu:/opt/ros/foxy/lib:/usr/local/cuda-11.4/lib64 PYTHONPATH=/home/unitree/navigation_ws/install/nav2_msgs/lib/python3.8/site-packages:/home/unitree/navigation_ws/install/dwb_msgs/lib/python3.8/site-packages:/home/unitree/navigation_ws/install/nav_2d_msgs/lib/python3.8/site-packages:/home/unitree/navigation_ws/install/nav2_common/lib/python3.8/site-packages:${PYTHONPATH} /usr/bin/cmake --install /home/unitree/navigation_ws/build/navigation2
[763.760s] Level 1:colcon.colcon_core.environment:checking '/home/unitree/navigation_ws/install/navigation2' for CMake config files
[763.761s] Level 1:colcon.colcon_core.shell:create_environment_hook('navigation2', 'cmake_prefix_path')
[763.762s] INFO:colcon.colcon_core.shell:Creating environment hook '/home/unitree/navigation_ws/install/navigation2/share/navigation2/hook/cmake_prefix_path.ps1'
[763.764s] INFO:colcon.colcon_core.shell:Creating environment descriptor '/home/unitree/navigation_ws/install/navigation2/share/navigation2/hook/cmake_prefix_path.dsv'
[763.765s] INFO:colcon.colcon_core.shell:Creating environment hook '/home/unitree/navigation_ws/install/navigation2/share/navigation2/hook/cmake_prefix_path.sh'
[763.767s] Level 1:colcon.colcon_core.environment:checking '/home/unitree/navigation_ws/install/navigation2/bin'
[763.768s] Level 1:colcon.colcon_core.environment:checking '/home/unitree/navigation_ws/install/navigation2/lib/pkgconfig/navigation2.pc'
[763.769s] Level 1:colcon.colcon_core.environment:checking '/home/unitree/navigation_ws/install/navigation2/lib/python3.8/site-packages'
[763.769s] Level 1:colcon.colcon_core.environment:checking '/home/unitree/navigation_ws/install/navigation2/bin'
[763.770s] INFO:colcon.colcon_core.shell:Creating package script '/home/unitree/navigation_ws/install/navigation2/share/navigation2/package.ps1'
[763.772s] INFO:colcon.colcon_core.shell:Creating package descriptor '/home/unitree/navigation_ws/install/navigation2/share/navigation2/package.dsv'
[763.773s] INFO:colcon.colcon_core.shell:Creating package script '/home/unitree/navigation_ws/install/navigation2/share/navigation2/package.sh'
[763.775s] INFO:colcon.colcon_core.shell:Creating package script '/home/unitree/navigation_ws/install/navigation2/share/navigation2/package.bash'
[763.776s] INFO:colcon.colcon_core.shell:Creating package script '/home/unitree/navigation_ws/install/navigation2/share/navigation2/package.zsh'
[763.777s] Level 1:colcon.colcon_core.environment:create_file_with_runtime_dependencies(/home/unitree/navigation_ws/install/navigation2/share/colcon-core/packages/navigation2)
[763.818s] Level 1:colcon.colcon_core.environment:create_environment_scripts_only(navigation2)
[763.819s] Level 1:colcon.colcon_core.environment:checking '/home/unitree/navigation_ws/install/navigation2' for CMake module files
[763.820s] Level 1:colcon.colcon_core.environment:checking '/home/unitree/navigation_ws/install/navigation2' for CMake config files
[763.821s] Level 1:colcon.colcon_core.shell:create_environment_hook('navigation2', 'cmake_prefix_path')
[763.822s] INFO:colcon.colcon_core.shell:Creating environment hook '/home/unitree/navigation_ws/install/navigation2/share/navigation2/hook/cmake_prefix_path.ps1'
[763.824s] INFO:colcon.colcon_core.shell:Creating environment descriptor '/home/unitree/navigation_ws/install/navigation2/share/navigation2/hook/cmake_prefix_path.dsv'
[763.825s] INFO:colcon.colcon_core.shell:Creating environment hook '/home/unitree/navigation_ws/install/navigation2/share/navigation2/hook/cmake_prefix_path.sh'
[763.827s] Level 1:colcon.colcon_core.environment:checking '/home/unitree/navigation_ws/install/navigation2/bin'
[763.827s] Level 1:colcon.colcon_core.environment:checking '/home/unitree/navigation_ws/install/navigation2/lib/pkgconfig/navigation2.pc'
[763.828s] Level 1:colcon.colcon_core.environment:checking '/home/unitree/navigation_ws/install/navigation2/lib/python3.8/site-packages'
[763.828s] Level 1:colcon.colcon_core.environment:checking '/home/unitree/navigation_ws/install/navigation2/bin'
[763.829s] INFO:colcon.colcon_core.shell:Creating package script '/home/unitree/navigation_ws/install/navigation2/share/navigation2/package.ps1'
[763.831s] INFO:colcon.colcon_core.shell:Creating package descriptor '/home/unitree/navigation_ws/install/navigation2/share/navigation2/package.dsv'
[763.833s] INFO:colcon.colcon_core.shell:Creating package script '/home/unitree/navigation_ws/install/navigation2/share/navigation2/package.sh'
[763.834s] INFO:colcon.colcon_core.shell:Creating package script '/home/unitree/navigation_ws/install/navigation2/share/navigation2/package.bash'
[763.835s] INFO:colcon.colcon_core.shell:Creating package script '/home/unitree/navigation_ws/install/navigation2/share/navigation2/package.zsh'
[763.836s] Level 1:colcon.colcon_core.environment:create_file_with_runtime_dependencies(/home/unitree/navigation_ws/install/navigation2/share/colcon-core/packages/navigation2)
[763.837s] INFO:colcon.colcon_ros.task.ament_cmake.build:Building ROS package in '/home/unitree/navigation_ws/src/navigation2/nav2_bringup/bringup' with build type 'ament_cmake'
[763.838s] INFO:colcon.colcon_cmake.task.cmake.build:Building CMake package in '/home/unitree/navigation_ws/src/navigation2/nav2_bringup/bringup'
[763.839s] INFO:colcon.colcon_core.shell:Skip shell extension 'powershell' for command environment: Not usable outside of PowerShell
[763.839s] DEBUG:colcon.colcon_core.shell:Skip shell extension 'dsv' for command environment
[763.959s] DEBUG:colcon.colcon_core.event_handler.log_command:Invoking command in '/home/unitree/navigation_ws/build/nav2_bringup': AMENT_PREFIX_PATH=/home/unitree/navigation_ws/install/navigation2:/home/unitree/navigation_ws/install/nav2_dwb_controller:/home/unitree/navigation_ws/install/dwb_plugins:/home/unitree/navigation_ws/install/dwb_critics:/home/unitree/navigation_ws/install/smac_planner:/home/unitree/navigation_ws/install/nav2_regulated_pure_pursuit_controller:/home/unitree/navigation_ws/install/nav2_recoveries:/home/unitree/navigation_ws/install/nav2_planner:/home/unitree/navigation_ws/install/nav2_navfn_planner:/home/unitree/navigation_ws/install/nav2_controller:/home/unitree/navigation_ws/install/dwb_core:/home/unitree/navigation_ws/install/nav2_core:/home/unitree/navigation_ws/install/costmap_queue:/home/unitree/navigation_ws/install/nav2_costmap_2d:/home/unitree/navigation_ws/install/nav2_bt_navigator:/home/unitree/navigation_ws/install/nav_2d_utils:/home/unitree/navigation_ws/install/nav2_waypoint_follower:/home/unitree/navigation_ws/install/nav2_map_server:/home/unitree/navigation_ws/install/nav2_lifecycle_manager:/home/unitree/navigation_ws/install/nav2_behavior_tree:/home/unitree/navigation_ws/install/nav2_amcl:/home/unitree/navigation_ws/install/nav2_util:/home/unitree/navigation_ws/install/nav2_voxel_grid:/home/unitree/navigation_ws/install/nav2_msgs:/home/unitree/navigation_ws/install/dwb_msgs:/home/unitree/navigation_ws/install/nav_2d_msgs:/home/unitree/navigation_ws/install/nav2_common:${AMENT_PREFIX_PATH} CMAKE_PREFIX_PATH=/home/unitree/navigation_ws/install/navigation2:/home/unitree/navigation_ws/install/nav2_dwb_controller:/home/unitree/navigation_ws/install/dwb_plugins:/home/unitree/navigation_ws/install/dwb_critics:/home/unitree/navigation_ws/install/smac_planner:/home/unitree/navigation_ws/install/nav2_regulated_pure_pursuit_controller:/home/unitree/navigation_ws/install/nav2_recoveries:/home/unitree/navigation_ws/install/nav2_planner:/home/unitree/navigation_ws/install/nav2_navfn_planner:/home/unitree/navigation_ws/install/nav2_controller:/home/unitree/navigation_ws/install/dwb_core:/home/unitree/navigation_ws/install/nav2_core:/home/unitree/navigation_ws/install/costmap_queue:/home/unitree/navigation_ws/install/nav2_costmap_2d:/home/unitree/navigation_ws/install/nav2_bt_navigator:/home/unitree/navigation_ws/install/nav_2d_utils:/home/unitree/navigation_ws/install/nav2_waypoint_follower:/home/unitree/navigation_ws/install/nav2_map_server:/home/unitree/navigation_ws/install/nav2_lifecycle_manager:/home/unitree/navigation_ws/install/nav2_behavior_tree:/home/unitree/navigation_ws/install/nav2_amcl:/home/unitree/navigation_ws/install/nav2_util:/home/unitree/navigation_ws/install/nav2_voxel_grid:/home/unitree/navigation_ws/install/nav2_msgs:/home/unitree/navigation_ws/install/dwb_msgs:/home/unitree/navigation_ws/install/nav_2d_msgs:/home/unitree/navigation_ws/install/nav2_common:/home/unitree/cyclonedds_ws/install/rmw_cyclonedds_cpp:/home/unitree/cyclonedds_ws/install/cyclonedds:/opt/ros/foxy LD_LIBRARY_PATH=/home/unitree/navigation_ws/install/dwb_plugins/lib:/home/unitree/navigation_ws/install/dwb_critics/lib:/home/unitree/navigation_ws/install/smac_planner/lib:/home/unitree/navigation_ws/install/nav2_regulated_pure_pursuit_controller/lib:/home/unitree/navigation_ws/install/nav2_recoveries/lib:/home/unitree/navigation_ws/install/nav2_planner/lib:/home/unitree/navigation_ws/install/nav2_navfn_planner/lib:/home/unitree/navigation_ws/install/nav2_controller/lib:/home/unitree/navigation_ws/install/dwb_core/lib:/home/unitree/navigation_ws/install/costmap_queue/lib:/home/unitree/navigation_ws/install/nav2_costmap_2d/lib:/home/unitree/navigation_ws/install/nav2_bt_navigator/lib:/home/unitree/navigation_ws/install/nav_2d_utils/lib:/home/unitree/navigation_ws/install/nav2_waypoint_follower/lib:/home/unitree/navigation_ws/install/nav2_map_server/lib:/home/unitree/navigation_ws/install/nav2_lifecycle_manager/lib:/home/unitree/navigation_ws/install/nav2_behavior_tree/lib:/home/unitree/navigation_ws/install/nav2_amcl/lib:/home/unitree/navigation_ws/install/nav2_util/lib:/home/unitree/navigation_ws/install/nav2_voxel_grid/lib:/home/unitree/navigation_ws/install/nav2_msgs/lib:/home/unitree/navigation_ws/install/dwb_msgs/lib:/home/unitree/navigation_ws/install/nav_2d_msgs/lib:/usr/local/cuda-11.4/lib64:/usr/local/lib:/home/unitree/cyclonedds_ws/install/rmw_cyclonedds_cpp/lib:/home/unitree/cyclonedds_ws/install/cyclonedds/lib:/opt/ros/foxy/opt/yaml_cpp_vendor/lib:/opt/ros/foxy/opt/rviz_ogre_vendor/lib:/opt/ros/foxy/lib/aarch64-linux-gnu:/opt/ros/foxy/lib:/usr/local/cuda-11.4/lib64 PYTHONPATH=/home/unitree/navigation_ws/install/nav2_msgs/lib/python3.8/site-packages:/home/unitree/navigation_ws/install/dwb_msgs/lib/python3.8/site-packages:/home/unitree/navigation_ws/install/nav_2d_msgs/lib/python3.8/site-packages:/home/unitree/navigation_ws/install/nav2_common/lib/python3.8/site-packages:${PYTHONPATH} /usr/bin/cmake /home/unitree/navigation_ws/src/navigation2/nav2_bringup/bringup -DAMENT_CMAKE_SYMLINK_INSTALL=1 -DCMAKE_INSTALL_PREFIX=/home/unitree/navigation_ws/install/nav2_bringup
[765.634s] DEBUG:colcon.colcon_core.event_handler.log_command:Invoked command in '/home/unitree/navigation_ws/build/nav2_bringup' returned '0': AMENT_PREFIX_PATH=/home/unitree/navigation_ws/install/navigation2:/home/unitree/navigation_ws/install/nav2_dwb_controller:/home/unitree/navigation_ws/install/dwb_plugins:/home/unitree/navigation_ws/install/dwb_critics:/home/unitree/navigation_ws/install/smac_planner:/home/unitree/navigation_ws/install/nav2_regulated_pure_pursuit_controller:/home/unitree/navigation_ws/install/nav2_recoveries:/home/unitree/navigation_ws/install/nav2_planner:/home/unitree/navigation_ws/install/nav2_navfn_planner:/home/unitree/navigation_ws/install/nav2_controller:/home/unitree/navigation_ws/install/dwb_core:/home/unitree/navigation_ws/install/nav2_core:/home/unitree/navigation_ws/install/costmap_queue:/home/unitree/navigation_ws/install/nav2_costmap_2d:/home/unitree/navigation_ws/install/nav2_bt_navigator:/home/unitree/navigation_ws/install/nav_2d_utils:/home/unitree/navigation_ws/install/nav2_waypoint_follower:/home/unitree/navigation_ws/install/nav2_map_server:/home/unitree/navigation_ws/install/nav2_lifecycle_manager:/home/unitree/navigation_ws/install/nav2_behavior_tree:/home/unitree/navigation_ws/install/nav2_amcl:/home/unitree/navigation_ws/install/nav2_util:/home/unitree/navigation_ws/install/nav2_voxel_grid:/home/unitree/navigation_ws/install/nav2_msgs:/home/unitree/navigation_ws/install/dwb_msgs:/home/unitree/navigation_ws/install/nav_2d_msgs:/home/unitree/navigation_ws/install/nav2_common:${AMENT_PREFIX_PATH} CMAKE_PREFIX_PATH=/home/unitree/navigation_ws/install/navigation2:/home/unitree/navigation_ws/install/nav2_dwb_controller:/home/unitree/navigation_ws/install/dwb_plugins:/home/unitree/navigation_ws/install/dwb_critics:/home/unitree/navigation_ws/install/smac_planner:/home/unitree/navigation_ws/install/nav2_regulated_pure_pursuit_controller:/home/unitree/navigation_ws/install/nav2_recoveries:/home/unitree/navigation_ws/install/nav2_planner:/home/unitree/navigation_ws/install/nav2_navfn_planner:/home/unitree/navigation_ws/install/nav2_controller:/home/unitree/navigation_ws/install/dwb_core:/home/unitree/navigation_ws/install/nav2_core:/home/unitree/navigation_ws/install/costmap_queue:/home/unitree/navigation_ws/install/nav2_costmap_2d:/home/unitree/navigation_ws/install/nav2_bt_navigator:/home/unitree/navigation_ws/install/nav_2d_utils:/home/unitree/navigation_ws/install/nav2_waypoint_follower:/home/unitree/navigation_ws/install/nav2_map_server:/home/unitree/navigation_ws/install/nav2_lifecycle_manager:/home/unitree/navigation_ws/install/nav2_behavior_tree:/home/unitree/navigation_ws/install/nav2_amcl:/home/unitree/navigation_ws/install/nav2_util:/home/unitree/navigation_ws/install/nav2_voxel_grid:/home/unitree/navigation_ws/install/nav2_msgs:/home/unitree/navigation_ws/install/dwb_msgs:/home/unitree/navigation_ws/install/nav_2d_msgs:/home/unitree/navigation_ws/install/nav2_common:/home/unitree/cyclonedds_ws/install/rmw_cyclonedds_cpp:/home/unitree/cyclonedds_ws/install/cyclonedds:/opt/ros/foxy LD_LIBRARY_PATH=/home/unitree/navigation_ws/install/dwb_plugins/lib:/home/unitree/navigation_ws/install/dwb_critics/lib:/home/unitree/navigation_ws/install/smac_planner/lib:/home/unitree/navigation_ws/install/nav2_regulated_pure_pursuit_controller/lib:/home/unitree/navigation_ws/install/nav2_recoveries/lib:/home/unitree/navigation_ws/install/nav2_planner/lib:/home/unitree/navigation_ws/install/nav2_navfn_planner/lib:/home/unitree/navigation_ws/install/nav2_controller/lib:/home/unitree/navigation_ws/install/dwb_core/lib:/home/unitree/navigation_ws/install/costmap_queue/lib:/home/unitree/navigation_ws/install/nav2_costmap_2d/lib:/home/unitree/navigation_ws/install/nav2_bt_navigator/lib:/home/unitree/navigation_ws/install/nav_2d_utils/lib:/home/unitree/navigation_ws/install/nav2_waypoint_follower/lib:/home/unitree/navigation_ws/install/nav2_map_server/lib:/home/unitree/navigation_ws/install/nav2_lifecycle_manager/lib:/home/unitree/navigation_ws/install/nav2_behavior_tree/lib:/home/unitree/navigation_ws/install/nav2_amcl/lib:/home/unitree/navigation_ws/install/nav2_util/lib:/home/unitree/navigation_ws/install/nav2_voxel_grid/lib:/home/unitree/navigation_ws/install/nav2_msgs/lib:/home/unitree/navigation_ws/install/dwb_msgs/lib:/home/unitree/navigation_ws/install/nav_2d_msgs/lib:/usr/local/cuda-11.4/lib64:/usr/local/lib:/home/unitree/cyclonedds_ws/install/rmw_cyclonedds_cpp/lib:/home/unitree/cyclonedds_ws/install/cyclonedds/lib:/opt/ros/foxy/opt/yaml_cpp_vendor/lib:/opt/ros/foxy/opt/rviz_ogre_vendor/lib:/opt/ros/foxy/lib/aarch64-linux-gnu:/opt/ros/foxy/lib:/usr/local/cuda-11.4/lib64 PYTHONPATH=/home/unitree/navigation_ws/install/nav2_msgs/lib/python3.8/site-packages:/home/unitree/navigation_ws/install/dwb_msgs/lib/python3.8/site-packages:/home/unitree/navigation_ws/install/nav_2d_msgs/lib/python3.8/site-packages:/home/unitree/navigation_ws/install/nav2_common/lib/python3.8/site-packages:${PYTHONPATH} /usr/bin/cmake /home/unitree/navigation_ws/src/navigation2/nav2_bringup/bringup -DAMENT_CMAKE_SYMLINK_INSTALL=1 -DCMAKE_INSTALL_PREFIX=/home/unitree/navigation_ws/install/nav2_bringup
[765.641s] DEBUG:colcon.colcon_core.event_handler.log_command:Invoking command in '/home/unitree/navigation_ws/build/nav2_bringup': AMENT_PREFIX_PATH=/home/unitree/navigation_ws/install/navigation2:/home/unitree/navigation_ws/install/nav2_dwb_controller:/home/unitree/navigation_ws/install/dwb_plugins:/home/unitree/navigation_ws/install/dwb_critics:/home/unitree/navigation_ws/install/smac_planner:/home/unitree/navigation_ws/install/nav2_regulated_pure_pursuit_controller:/home/unitree/navigation_ws/install/nav2_recoveries:/home/unitree/navigation_ws/install/nav2_planner:/home/unitree/navigation_ws/install/nav2_navfn_planner:/home/unitree/navigation_ws/install/nav2_controller:/home/unitree/navigation_ws/install/dwb_core:/home/unitree/navigation_ws/install/nav2_core:/home/unitree/navigation_ws/install/costmap_queue:/home/unitree/navigation_ws/install/nav2_costmap_2d:/home/unitree/navigation_ws/install/nav2_bt_navigator:/home/unitree/navigation_ws/install/nav_2d_utils:/home/unitree/navigation_ws/install/nav2_waypoint_follower:/home/unitree/navigation_ws/install/nav2_map_server:/home/unitree/navigation_ws/install/nav2_lifecycle_manager:/home/unitree/navigation_ws/install/nav2_behavior_tree:/home/unitree/navigation_ws/install/nav2_amcl:/home/unitree/navigation_ws/install/nav2_util:/home/unitree/navigation_ws/install/nav2_voxel_grid:/home/unitree/navigation_ws/install/nav2_msgs:/home/unitree/navigation_ws/install/dwb_msgs:/home/unitree/navigation_ws/install/nav_2d_msgs:/home/unitree/navigation_ws/install/nav2_common:${AMENT_PREFIX_PATH} CMAKE_PREFIX_PATH=/home/unitree/navigation_ws/install/navigation2:/home/unitree/navigation_ws/install/nav2_dwb_controller:/home/unitree/navigation_ws/install/dwb_plugins:/home/unitree/navigation_ws/install/dwb_critics:/home/unitree/navigation_ws/install/smac_planner:/home/unitree/navigation_ws/install/nav2_regulated_pure_pursuit_controller:/home/unitree/navigation_ws/install/nav2_recoveries:/home/unitree/navigation_ws/install/nav2_planner:/home/unitree/navigation_ws/install/nav2_navfn_planner:/home/unitree/navigation_ws/install/nav2_controller:/home/unitree/navigation_ws/install/dwb_core:/home/unitree/navigation_ws/install/nav2_core:/home/unitree/navigation_ws/install/costmap_queue:/home/unitree/navigation_ws/install/nav2_costmap_2d:/home/unitree/navigation_ws/install/nav2_bt_navigator:/home/unitree/navigation_ws/install/nav_2d_utils:/home/unitree/navigation_ws/install/nav2_waypoint_follower:/home/unitree/navigation_ws/install/nav2_map_server:/home/unitree/navigation_ws/install/nav2_lifecycle_manager:/home/unitree/navigation_ws/install/nav2_behavior_tree:/home/unitree/navigation_ws/install/nav2_amcl:/home/unitree/navigation_ws/install/nav2_util:/home/unitree/navigation_ws/install/nav2_voxel_grid:/home/unitree/navigation_ws/install/nav2_msgs:/home/unitree/navigation_ws/install/dwb_msgs:/home/unitree/navigation_ws/install/nav_2d_msgs:/home/unitree/navigation_ws/install/nav2_common:/home/unitree/cyclonedds_ws/install/rmw_cyclonedds_cpp:/home/unitree/cyclonedds_ws/install/cyclonedds:/opt/ros/foxy LD_LIBRARY_PATH=/home/unitree/navigation_ws/install/dwb_plugins/lib:/home/unitree/navigation_ws/install/dwb_critics/lib:/home/unitree/navigation_ws/install/smac_planner/lib:/home/unitree/navigation_ws/install/nav2_regulated_pure_pursuit_controller/lib:/home/unitree/navigation_ws/install/nav2_recoveries/lib:/home/unitree/navigation_ws/install/nav2_planner/lib:/home/unitree/navigation_ws/install/nav2_navfn_planner/lib:/home/unitree/navigation_ws/install/nav2_controller/lib:/home/unitree/navigation_ws/install/dwb_core/lib:/home/unitree/navigation_ws/install/costmap_queue/lib:/home/unitree/navigation_ws/install/nav2_costmap_2d/lib:/home/unitree/navigation_ws/install/nav2_bt_navigator/lib:/home/unitree/navigation_ws/install/nav_2d_utils/lib:/home/unitree/navigation_ws/install/nav2_waypoint_follower/lib:/home/unitree/navigation_ws/install/nav2_map_server/lib:/home/unitree/navigation_ws/install/nav2_lifecycle_manager/lib:/home/unitree/navigation_ws/install/nav2_behavior_tree/lib:/home/unitree/navigation_ws/install/nav2_amcl/lib:/home/unitree/navigation_ws/install/nav2_util/lib:/home/unitree/navigation_ws/install/nav2_voxel_grid/lib:/home/unitree/navigation_ws/install/nav2_msgs/lib:/home/unitree/navigation_ws/install/dwb_msgs/lib:/home/unitree/navigation_ws/install/nav_2d_msgs/lib:/usr/local/cuda-11.4/lib64:/usr/local/lib:/home/unitree/cyclonedds_ws/install/rmw_cyclonedds_cpp/lib:/home/unitree/cyclonedds_ws/install/cyclonedds/lib:/opt/ros/foxy/opt/yaml_cpp_vendor/lib:/opt/ros/foxy/opt/rviz_ogre_vendor/lib:/opt/ros/foxy/lib/aarch64-linux-gnu:/opt/ros/foxy/lib:/usr/local/cuda-11.4/lib64 PYTHONPATH=/home/unitree/navigation_ws/install/nav2_msgs/lib/python3.8/site-packages:/home/unitree/navigation_ws/install/dwb_msgs/lib/python3.8/site-packages:/home/unitree/navigation_ws/install/nav_2d_msgs/lib/python3.8/site-packages:/home/unitree/navigation_ws/install/nav2_common/lib/python3.8/site-packages:${PYTHONPATH} /usr/bin/cmake --build /home/unitree/navigation_ws/build/nav2_bringup -- -j8 -l8
[765.755s] DEBUG:colcon.colcon_core.event_handler.log_command:Invoked command in '/home/unitree/navigation_ws/build/nav2_bringup' returned '0': AMENT_PREFIX_PATH=/home/unitree/navigation_ws/install/navigation2:/home/unitree/navigation_ws/install/nav2_dwb_controller:/home/unitree/navigation_ws/install/dwb_plugins:/home/unitree/navigation_ws/install/dwb_critics:/home/unitree/navigation_ws/install/smac_planner:/home/unitree/navigation_ws/install/nav2_regulated_pure_pursuit_controller:/home/unitree/navigation_ws/install/nav2_recoveries:/home/unitree/navigation_ws/install/nav2_planner:/home/unitree/navigation_ws/install/nav2_navfn_planner:/home/unitree/navigation_ws/install/nav2_controller:/home/unitree/navigation_ws/install/dwb_core:/home/unitree/navigation_ws/install/nav2_core:/home/unitree/navigation_ws/install/costmap_queue:/home/unitree/navigation_ws/install/nav2_costmap_2d:/home/unitree/navigation_ws/install/nav2_bt_navigator:/home/unitree/navigation_ws/install/nav_2d_utils:/home/unitree/navigation_ws/install/nav2_waypoint_follower:/home/unitree/navigation_ws/install/nav2_map_server:/home/unitree/navigation_ws/install/nav2_lifecycle_manager:/home/unitree/navigation_ws/install/nav2_behavior_tree:/home/unitree/navigation_ws/install/nav2_amcl:/home/unitree/navigation_ws/install/nav2_util:/home/unitree/navigation_ws/install/nav2_voxel_grid:/home/unitree/navigation_ws/install/nav2_msgs:/home/unitree/navigation_ws/install/dwb_msgs:/home/unitree/navigation_ws/install/nav_2d_msgs:/home/unitree/navigation_ws/install/nav2_common:${AMENT_PREFIX_PATH} CMAKE_PREFIX_PATH=/home/unitree/navigation_ws/install/navigation2:/home/unitree/navigation_ws/install/nav2_dwb_controller:/home/unitree/navigation_ws/install/dwb_plugins:/home/unitree/navigation_ws/install/dwb_critics:/home/unitree/navigation_ws/install/smac_planner:/home/unitree/navigation_ws/install/nav2_regulated_pure_pursuit_controller:/home/unitree/navigation_ws/install/nav2_recoveries:/home/unitree/navigation_ws/install/nav2_planner:/home/unitree/navigation_ws/install/nav2_navfn_planner:/home/unitree/navigation_ws/install/nav2_controller:/home/unitree/navigation_ws/install/dwb_core:/home/unitree/navigation_ws/install/nav2_core:/home/unitree/navigation_ws/install/costmap_queue:/home/unitree/navigation_ws/install/nav2_costmap_2d:/home/unitree/navigation_ws/install/nav2_bt_navigator:/home/unitree/navigation_ws/install/nav_2d_utils:/home/unitree/navigation_ws/install/nav2_waypoint_follower:/home/unitree/navigation_ws/install/nav2_map_server:/home/unitree/navigation_ws/install/nav2_lifecycle_manager:/home/unitree/navigation_ws/install/nav2_behavior_tree:/home/unitree/navigation_ws/install/nav2_amcl:/home/unitree/navigation_ws/install/nav2_util:/home/unitree/navigation_ws/install/nav2_voxel_grid:/home/unitree/navigation_ws/install/nav2_msgs:/home/unitree/navigation_ws/install/dwb_msgs:/home/unitree/navigation_ws/install/nav_2d_msgs:/home/unitree/navigation_ws/install/nav2_common:/home/unitree/cyclonedds_ws/install/rmw_cyclonedds_cpp:/home/unitree/cyclonedds_ws/install/cyclonedds:/opt/ros/foxy LD_LIBRARY_PATH=/home/unitree/navigation_ws/install/dwb_plugins/lib:/home/unitree/navigation_ws/install/dwb_critics/lib:/home/unitree/navigation_ws/install/smac_planner/lib:/home/unitree/navigation_ws/install/nav2_regulated_pure_pursuit_controller/lib:/home/unitree/navigation_ws/install/nav2_recoveries/lib:/home/unitree/navigation_ws/install/nav2_planner/lib:/home/unitree/navigation_ws/install/nav2_navfn_planner/lib:/home/unitree/navigation_ws/install/nav2_controller/lib:/home/unitree/navigation_ws/install/dwb_core/lib:/home/unitree/navigation_ws/install/costmap_queue/lib:/home/unitree/navigation_ws/install/nav2_costmap_2d/lib:/home/unitree/navigation_ws/install/nav2_bt_navigator/lib:/home/unitree/navigation_ws/install/nav_2d_utils/lib:/home/unitree/navigation_ws/install/nav2_waypoint_follower/lib:/home/unitree/navigation_ws/install/nav2_map_server/lib:/home/unitree/navigation_ws/install/nav2_lifecycle_manager/lib:/home/unitree/navigation_ws/install/nav2_behavior_tree/lib:/home/unitree/navigation_ws/install/nav2_amcl/lib:/home/unitree/navigation_ws/install/nav2_util/lib:/home/unitree/navigation_ws/install/nav2_voxel_grid/lib:/home/unitree/navigation_ws/install/nav2_msgs/lib:/home/unitree/navigation_ws/install/dwb_msgs/lib:/home/unitree/navigation_ws/install/nav_2d_msgs/lib:/usr/local/cuda-11.4/lib64:/usr/local/lib:/home/unitree/cyclonedds_ws/install/rmw_cyclonedds_cpp/lib:/home/unitree/cyclonedds_ws/install/cyclonedds/lib:/opt/ros/foxy/opt/yaml_cpp_vendor/lib:/opt/ros/foxy/opt/rviz_ogre_vendor/lib:/opt/ros/foxy/lib/aarch64-linux-gnu:/opt/ros/foxy/lib:/usr/local/cuda-11.4/lib64 PYTHONPATH=/home/unitree/navigation_ws/install/nav2_msgs/lib/python3.8/site-packages:/home/unitree/navigation_ws/install/dwb_msgs/lib/python3.8/site-packages:/home/unitree/navigation_ws/install/nav_2d_msgs/lib/python3.8/site-packages:/home/unitree/navigation_ws/install/nav2_common/lib/python3.8/site-packages:${PYTHONPATH} /usr/bin/cmake --build /home/unitree/navigation_ws/build/nav2_bringup -- -j8 -l8
[765.800s] DEBUG:colcon.colcon_core.event_handler.log_command:Invoking command in '/home/unitree/navigation_ws/build/nav2_bringup': AMENT_PREFIX_PATH=/home/unitree/navigation_ws/install/navigation2:/home/unitree/navigation_ws/install/nav2_dwb_controller:/home/unitree/navigation_ws/install/dwb_plugins:/home/unitree/navigation_ws/install/dwb_critics:/home/unitree/navigation_ws/install/smac_planner:/home/unitree/navigation_ws/install/nav2_regulated_pure_pursuit_controller:/home/unitree/navigation_ws/install/nav2_recoveries:/home/unitree/navigation_ws/install/nav2_planner:/home/unitree/navigation_ws/install/nav2_navfn_planner:/home/unitree/navigation_ws/install/nav2_controller:/home/unitree/navigation_ws/install/dwb_core:/home/unitree/navigation_ws/install/nav2_core:/home/unitree/navigation_ws/install/costmap_queue:/home/unitree/navigation_ws/install/nav2_costmap_2d:/home/unitree/navigation_ws/install/nav2_bt_navigator:/home/unitree/navigation_ws/install/nav_2d_utils:/home/unitree/navigation_ws/install/nav2_waypoint_follower:/home/unitree/navigation_ws/install/nav2_map_server:/home/unitree/navigation_ws/install/nav2_lifecycle_manager:/home/unitree/navigation_ws/install/nav2_behavior_tree:/home/unitree/navigation_ws/install/nav2_amcl:/home/unitree/navigation_ws/install/nav2_util:/home/unitree/navigation_ws/install/nav2_voxel_grid:/home/unitree/navigation_ws/install/nav2_msgs:/home/unitree/navigation_ws/install/dwb_msgs:/home/unitree/navigation_ws/install/nav_2d_msgs:/home/unitree/navigation_ws/install/nav2_common:${AMENT_PREFIX_PATH} CMAKE_PREFIX_PATH=/home/unitree/navigation_ws/install/navigation2:/home/unitree/navigation_ws/install/nav2_dwb_controller:/home/unitree/navigation_ws/install/dwb_plugins:/home/unitree/navigation_ws/install/dwb_critics:/home/unitree/navigation_ws/install/smac_planner:/home/unitree/navigation_ws/install/nav2_regulated_pure_pursuit_controller:/home/unitree/navigation_ws/install/nav2_recoveries:/home/unitree/navigation_ws/install/nav2_planner:/home/unitree/navigation_ws/install/nav2_navfn_planner:/home/unitree/navigation_ws/install/nav2_controller:/home/unitree/navigation_ws/install/dwb_core:/home/unitree/navigation_ws/install/nav2_core:/home/unitree/navigation_ws/install/costmap_queue:/home/unitree/navigation_ws/install/nav2_costmap_2d:/home/unitree/navigation_ws/install/nav2_bt_navigator:/home/unitree/navigation_ws/install/nav_2d_utils:/home/unitree/navigation_ws/install/nav2_waypoint_follower:/home/unitree/navigation_ws/install/nav2_map_server:/home/unitree/navigation_ws/install/nav2_lifecycle_manager:/home/unitree/navigation_ws/install/nav2_behavior_tree:/home/unitree/navigation_ws/install/nav2_amcl:/home/unitree/navigation_ws/install/nav2_util:/home/unitree/navigation_ws/install/nav2_voxel_grid:/home/unitree/navigation_ws/install/nav2_msgs:/home/unitree/navigation_ws/install/dwb_msgs:/home/unitree/navigation_ws/install/nav_2d_msgs:/home/unitree/navigation_ws/install/nav2_common:/home/unitree/cyclonedds_ws/install/rmw_cyclonedds_cpp:/home/unitree/cyclonedds_ws/install/cyclonedds:/opt/ros/foxy LD_LIBRARY_PATH=/home/unitree/navigation_ws/install/dwb_plugins/lib:/home/unitree/navigation_ws/install/dwb_critics/lib:/home/unitree/navigation_ws/install/smac_planner/lib:/home/unitree/navigation_ws/install/nav2_regulated_pure_pursuit_controller/lib:/home/unitree/navigation_ws/install/nav2_recoveries/lib:/home/unitree/navigation_ws/install/nav2_planner/lib:/home/unitree/navigation_ws/install/nav2_navfn_planner/lib:/home/unitree/navigation_ws/install/nav2_controller/lib:/home/unitree/navigation_ws/install/dwb_core/lib:/home/unitree/navigation_ws/install/costmap_queue/lib:/home/unitree/navigation_ws/install/nav2_costmap_2d/lib:/home/unitree/navigation_ws/install/nav2_bt_navigator/lib:/home/unitree/navigation_ws/install/nav_2d_utils/lib:/home/unitree/navigation_ws/install/nav2_waypoint_follower/lib:/home/unitree/navigation_ws/install/nav2_map_server/lib:/home/unitree/navigation_ws/install/nav2_lifecycle_manager/lib:/home/unitree/navigation_ws/install/nav2_behavior_tree/lib:/home/unitree/navigation_ws/install/nav2_amcl/lib:/home/unitree/navigation_ws/install/nav2_util/lib:/home/unitree/navigation_ws/install/nav2_voxel_grid/lib:/home/unitree/navigation_ws/install/nav2_msgs/lib:/home/unitree/navigation_ws/install/dwb_msgs/lib:/home/unitree/navigation_ws/install/nav_2d_msgs/lib:/usr/local/cuda-11.4/lib64:/usr/local/lib:/home/unitree/cyclonedds_ws/install/rmw_cyclonedds_cpp/lib:/home/unitree/cyclonedds_ws/install/cyclonedds/lib:/opt/ros/foxy/opt/yaml_cpp_vendor/lib:/opt/ros/foxy/opt/rviz_ogre_vendor/lib:/opt/ros/foxy/lib/aarch64-linux-gnu:/opt/ros/foxy/lib:/usr/local/cuda-11.4/lib64 PYTHONPATH=/home/unitree/navigation_ws/install/nav2_msgs/lib/python3.8/site-packages:/home/unitree/navigation_ws/install/dwb_msgs/lib/python3.8/site-packages:/home/unitree/navigation_ws/install/nav_2d_msgs/lib/python3.8/site-packages:/home/unitree/navigation_ws/install/nav2_common/lib/python3.8/site-packages:${PYTHONPATH} /usr/bin/cmake --install /home/unitree/navigation_ws/build/nav2_bringup
[766.634s] Level 1:colcon.colcon_core.environment:create_environment_scripts_only(nav2_bringup)
[766.635s] Level 1:colcon.colcon_core.environment:checking '/home/unitree/navigation_ws/install/nav2_bringup' for CMake module files
[766.636s] DEBUG:colcon.colcon_core.event_handler.log_command:Invoked command in '/home/unitree/navigation_ws/build/nav2_bringup' returned '0': AMENT_PREFIX_PATH=/home/unitree/navigation_ws/install/navigation2:/home/unitree/navigation_ws/install/nav2_dwb_controller:/home/unitree/navigation_ws/install/dwb_plugins:/home/unitree/navigation_ws/install/dwb_critics:/home/unitree/navigation_ws/install/smac_planner:/home/unitree/navigation_ws/install/nav2_regulated_pure_pursuit_controller:/home/unitree/navigation_ws/install/nav2_recoveries:/home/unitree/navigation_ws/install/nav2_planner:/home/unitree/navigation_ws/install/nav2_navfn_planner:/home/unitree/navigation_ws/install/nav2_controller:/home/unitree/navigation_ws/install/dwb_core:/home/unitree/navigation_ws/install/nav2_core:/home/unitree/navigation_ws/install/costmap_queue:/home/unitree/navigation_ws/install/nav2_costmap_2d:/home/unitree/navigation_ws/install/nav2_bt_navigator:/home/unitree/navigation_ws/install/nav_2d_utils:/home/unitree/navigation_ws/install/nav2_waypoint_follower:/home/unitree/navigation_ws/install/nav2_map_server:/home/unitree/navigation_ws/install/nav2_lifecycle_manager:/home/unitree/navigation_ws/install/nav2_behavior_tree:/home/unitree/navigation_ws/install/nav2_amcl:/home/unitree/navigation_ws/install/nav2_util:/home/unitree/navigation_ws/install/nav2_voxel_grid:/home/unitree/navigation_ws/install/nav2_msgs:/home/unitree/navigation_ws/install/dwb_msgs:/home/unitree/navigation_ws/install/nav_2d_msgs:/home/unitree/navigation_ws/install/nav2_common:${AMENT_PREFIX_PATH} CMAKE_PREFIX_PATH=/home/unitree/navigation_ws/install/navigation2:/home/unitree/navigation_ws/install/nav2_dwb_controller:/home/unitree/navigation_ws/install/dwb_plugins:/home/unitree/navigation_ws/install/dwb_critics:/home/unitree/navigation_ws/install/smac_planner:/home/unitree/navigation_ws/install/nav2_regulated_pure_pursuit_controller:/home/unitree/navigation_ws/install/nav2_recoveries:/home/unitree/navigation_ws/install/nav2_planner:/home/unitree/navigation_ws/install/nav2_navfn_planner:/home/unitree/navigation_ws/install/nav2_controller:/home/unitree/navigation_ws/install/dwb_core:/home/unitree/navigation_ws/install/nav2_core:/home/unitree/navigation_ws/install/costmap_queue:/home/unitree/navigation_ws/install/nav2_costmap_2d:/home/unitree/navigation_ws/install/nav2_bt_navigator:/home/unitree/navigation_ws/install/nav_2d_utils:/home/unitree/navigation_ws/install/nav2_waypoint_follower:/home/unitree/navigation_ws/install/nav2_map_server:/home/unitree/navigation_ws/install/nav2_lifecycle_manager:/home/unitree/navigation_ws/install/nav2_behavior_tree:/home/unitree/navigation_ws/install/nav2_amcl:/home/unitree/navigation_ws/install/nav2_util:/home/unitree/navigation_ws/install/nav2_voxel_grid:/home/unitree/navigation_ws/install/nav2_msgs:/home/unitree/navigation_ws/install/dwb_msgs:/home/unitree/navigation_ws/install/nav_2d_msgs:/home/unitree/navigation_ws/install/nav2_common:/home/unitree/cyclonedds_ws/install/rmw_cyclonedds_cpp:/home/unitree/cyclonedds_ws/install/cyclonedds:/opt/ros/foxy LD_LIBRARY_PATH=/home/unitree/navigation_ws/install/dwb_plugins/lib:/home/unitree/navigation_ws/install/dwb_critics/lib:/home/unitree/navigation_ws/install/smac_planner/lib:/home/unitree/navigation_ws/install/nav2_regulated_pure_pursuit_controller/lib:/home/unitree/navigation_ws/install/nav2_recoveries/lib:/home/unitree/navigation_ws/install/nav2_planner/lib:/home/unitree/navigation_ws/install/nav2_navfn_planner/lib:/home/unitree/navigation_ws/install/nav2_controller/lib:/home/unitree/navigation_ws/install/dwb_core/lib:/home/unitree/navigation_ws/install/costmap_queue/lib:/home/unitree/navigation_ws/install/nav2_costmap_2d/lib:/home/unitree/navigation_ws/install/nav2_bt_navigator/lib:/home/unitree/navigation_ws/install/nav_2d_utils/lib:/home/unitree/navigation_ws/install/nav2_waypoint_follower/lib:/home/unitree/navigation_ws/install/nav2_map_server/lib:/home/unitree/navigation_ws/install/nav2_lifecycle_manager/lib:/home/unitree/navigation_ws/install/nav2_behavior_tree/lib:/home/unitree/navigation_ws/install/nav2_amcl/lib:/home/unitree/navigation_ws/install/nav2_util/lib:/home/unitree/navigation_ws/install/nav2_voxel_grid/lib:/home/unitree/navigation_ws/install/nav2_msgs/lib:/home/unitree/navigation_ws/install/dwb_msgs/lib:/home/unitree/navigation_ws/install/nav_2d_msgs/lib:/usr/local/cuda-11.4/lib64:/usr/local/lib:/home/unitree/cyclonedds_ws/install/rmw_cyclonedds_cpp/lib:/home/unitree/cyclonedds_ws/install/cyclonedds/lib:/opt/ros/foxy/opt/yaml_cpp_vendor/lib:/opt/ros/foxy/opt/rviz_ogre_vendor/lib:/opt/ros/foxy/lib/aarch64-linux-gnu:/opt/ros/foxy/lib:/usr/local/cuda-11.4/lib64 PYTHONPATH=/home/unitree/navigation_ws/install/nav2_msgs/lib/python3.8/site-packages:/home/unitree/navigation_ws/install/dwb_msgs/lib/python3.8/site-packages:/home/unitree/navigation_ws/install/nav_2d_msgs/lib/python3.8/site-packages:/home/unitree/navigation_ws/install/nav2_common/lib/python3.8/site-packages:${PYTHONPATH} /usr/bin/cmake --install /home/unitree/navigation_ws/build/nav2_bringup
[766.638s] Level 1:colcon.colcon_core.environment:checking '/home/unitree/navigation_ws/install/nav2_bringup' for CMake config files
[766.640s] Level 1:colcon.colcon_core.shell:create_environment_hook('nav2_bringup', 'cmake_prefix_path')
[766.641s] INFO:colcon.colcon_core.shell:Creating environment hook '/home/unitree/navigation_ws/install/nav2_bringup/share/nav2_bringup/hook/cmake_prefix_path.ps1'
[766.643s] INFO:colcon.colcon_core.shell:Creating environment descriptor '/home/unitree/navigation_ws/install/nav2_bringup/share/nav2_bringup/hook/cmake_prefix_path.dsv'
[766.644s] INFO:colcon.colcon_core.shell:Creating environment hook '/home/unitree/navigation_ws/install/nav2_bringup/share/nav2_bringup/hook/cmake_prefix_path.sh'
[766.646s] Level 1:colcon.colcon_core.environment:checking '/home/unitree/navigation_ws/install/nav2_bringup/bin'
[766.646s] Level 1:colcon.colcon_core.environment:checking '/home/unitree/navigation_ws/install/nav2_bringup/lib/pkgconfig/nav2_bringup.pc'
[766.647s] Level 1:colcon.colcon_core.environment:checking '/home/unitree/navigation_ws/install/nav2_bringup/lib/python3.8/site-packages'
[766.648s] Level 1:colcon.colcon_core.environment:checking '/home/unitree/navigation_ws/install/nav2_bringup/bin'
[766.649s] INFO:colcon.colcon_core.shell:Creating package script '/home/unitree/navigation_ws/install/nav2_bringup/share/nav2_bringup/package.ps1'
[766.650s] INFO:colcon.colcon_core.shell:Creating package descriptor '/home/unitree/navigation_ws/install/nav2_bringup/share/nav2_bringup/package.dsv'
[766.652s] INFO:colcon.colcon_core.shell:Creating package script '/home/unitree/navigation_ws/install/nav2_bringup/share/nav2_bringup/package.sh'
[766.653s] INFO:colcon.colcon_core.shell:Creating package script '/home/unitree/navigation_ws/install/nav2_bringup/share/nav2_bringup/package.bash'
[766.654s] INFO:colcon.colcon_core.shell:Creating package script '/home/unitree/navigation_ws/install/nav2_bringup/share/nav2_bringup/package.zsh'
[766.655s] Level 1:colcon.colcon_core.environment:create_file_with_runtime_dependencies(/home/unitree/navigation_ws/install/nav2_bringup/share/colcon-core/packages/nav2_bringup)
[766.695s] Level 1:colcon.colcon_core.environment:create_environment_scripts_only(nav2_bringup)
[766.696s] Level 1:colcon.colcon_core.environment:checking '/home/unitree/navigation_ws/install/nav2_bringup' for CMake module files
[766.698s] Level 1:colcon.colcon_core.environment:checking '/home/unitree/navigation_ws/install/nav2_bringup' for CMake config files
[766.700s] Level 1:colcon.colcon_core.shell:create_environment_hook('nav2_bringup', 'cmake_prefix_path')
[766.701s] INFO:colcon.colcon_core.shell:Creating environment hook '/home/unitree/navigation_ws/install/nav2_bringup/share/nav2_bringup/hook/cmake_prefix_path.ps1'
[766.703s] INFO:colcon.colcon_core.shell:Creating environment descriptor '/home/unitree/navigation_ws/install/nav2_bringup/share/nav2_bringup/hook/cmake_prefix_path.dsv'
[766.704s] INFO:colcon.colcon_core.shell:Creating environment hook '/home/unitree/navigation_ws/install/nav2_bringup/share/nav2_bringup/hook/cmake_prefix_path.sh'
[766.706s] Level 1:colcon.colcon_core.environment:checking '/home/unitree/navigation_ws/install/nav2_bringup/bin'
[766.706s] Level 1:colcon.colcon_core.environment:checking '/home/unitree/navigation_ws/install/nav2_bringup/lib/pkgconfig/nav2_bringup.pc'
[766.707s] Level 1:colcon.colcon_core.environment:checking '/home/unitree/navigation_ws/install/nav2_bringup/lib/python3.8/site-packages'
[766.708s] Level 1:colcon.colcon_core.environment:checking '/home/unitree/navigation_ws/install/nav2_bringup/bin'
[766.709s] INFO:colcon.colcon_core.shell:Creating package script '/home/unitree/navigation_ws/install/nav2_bringup/share/nav2_bringup/package.ps1'
[766.710s] INFO:colcon.colcon_core.shell:Creating package descriptor '/home/unitree/navigation_ws/install/nav2_bringup/share/nav2_bringup/package.dsv'
[766.712s] INFO:colcon.colcon_core.shell:Creating package script '/home/unitree/navigation_ws/install/nav2_bringup/share/nav2_bringup/package.sh'
[766.713s] INFO:colcon.colcon_core.shell:Creating package script '/home/unitree/navigation_ws/install/nav2_bringup/share/nav2_bringup/package.bash'
[766.714s] INFO:colcon.colcon_core.shell:Creating package script '/home/unitree/navigation_ws/install/nav2_bringup/share/nav2_bringup/package.zsh'
[766.715s] Level 1:colcon.colcon_core.environment:create_file_with_runtime_dependencies(/home/unitree/navigation_ws/install/nav2_bringup/share/colcon-core/packages/nav2_bringup)
[766.716s] DEBUG:colcon.colcon_parallel_executor.executor.parallel:closing loop
[766.717s] DEBUG:colcon.colcon_parallel_executor.executor.parallel:loop closed
[766.717s] DEBUG:colcon.colcon_parallel_executor.executor.parallel:run_until_complete finished with '0'
[766.717s] DEBUG:colcon.colcon_core.event_reactor:joining thread
[766.735s] INFO:colcon.colcon_core.plugin_system:Skipping extension 'colcon_notification.desktop_notification.terminal_notifier': Not used on non-Darwin systems
[766.736s] INFO:colcon.colcon_core.plugin_system:Skipping extension 'colcon_notification.desktop_notification.win32': Not used on non-Windows systems
[766.736s] INFO:colcon.colcon_notification.desktop_notification:Sending desktop notification using 'notify2'
[766.788s] DEBUG:colcon.colcon_core.event_reactor:joined thread
[766.790s] INFO:colcon.colcon_core.shell:Creating prefix script '/home/unitree/navigation_ws/install/local_setup.ps1'
[766.793s] INFO:colcon.colcon_core.shell:Creating prefix util module '/home/unitree/navigation_ws/install/_local_setup_util_ps1.py'
[766.795s] INFO:colcon.colcon_core.shell:Creating prefix chain script '/home/unitree/navigation_ws/install/setup.ps1'
[766.797s] INFO:colcon.colcon_core.shell:Creating prefix script '/home/unitree/navigation_ws/install/local_setup.sh'
[766.798s] INFO:colcon.colcon_core.shell:Creating prefix util module '/home/unitree/navigation_ws/install/_local_setup_util_sh.py'
[766.800s] INFO:colcon.colcon_core.shell:Creating prefix chain script '/home/unitree/navigation_ws/install/setup.sh'
[766.802s] INFO:colcon.colcon_core.shell:Creating prefix script '/home/unitree/navigation_ws/install/local_setup.bash'
[766.803s] INFO:colcon.colcon_core.shell:Creating prefix chain script '/home/unitree/navigation_ws/install/setup.bash'
[766.805s] INFO:colcon.colcon_core.shell:Creating prefix script '/home/unitree/navigation_ws/install/local_setup.zsh'
[766.806s] INFO:colcon.colcon_core.shell:Creating prefix chain script '/home/unitree/navigation_ws/install/setup.zsh'
