The system is: Linux - 5.10.104-tegra - aarch64
Compiling the C compiler identification source file "CMakeCCompilerId.c" succeeded.
Compiler: /usr/bin/cc 
Build flags: 
Id flags:  

The output was:
0


Compilation of the C compiler identification source "CMakeCCompilerId.c" produced "a.out"

The C compiler identification is GNU, found in "/home/unitree/navigation_ws/build/pointcloud_to_laserscan/CMakeFiles/3.16.3/CompilerIdC/a.out"

Compiling the CXX compiler identification source file "CMakeCXXCompilerId.cpp" succeeded.
Compiler: /usr/bin/c++ 
Build flags: 
Id flags:  

The output was:
0


Compilation of the CXX compiler identification source "CMakeCXXCompilerId.cpp" produced "a.out"

The CXX compiler identification is GNU, found in "/home/unitree/navigation_ws/build/pointcloud_to_laserscan/CMakeFiles/3.16.3/CompilerIdCXX/a.out"

Determining if the C compiler works passed with the following output:
Change Dir: /home/unitree/navigation_ws/build/pointcloud_to_laserscan/CMakeFiles/CMakeTmp

Run Build Command(s):/usr/bin/make cmTC_c1071/fast && /usr/bin/make -f CMakeFiles/cmTC_c1071.dir/build.make CMakeFiles/cmTC_c1071.dir/build
make[1]: Entering directory '/home/unitree/navigation_ws/build/pointcloud_to_laserscan/CMakeFiles/CMakeTmp'
Building C object CMakeFiles/cmTC_c1071.dir/testCCompiler.c.o
/usr/bin/cc    -o CMakeFiles/cmTC_c1071.dir/testCCompiler.c.o   -c /home/unitree/navigation_ws/build/pointcloud_to_laserscan/CMakeFiles/CMakeTmp/testCCompiler.c
Linking C executable cmTC_c1071
/usr/bin/cmake -E cmake_link_script CMakeFiles/cmTC_c1071.dir/link.txt --verbose=1
/usr/bin/cc      CMakeFiles/cmTC_c1071.dir/testCCompiler.c.o  -o cmTC_c1071 
make[1]: Leaving directory '/home/unitree/navigation_ws/build/pointcloud_to_laserscan/CMakeFiles/CMakeTmp'



Detecting C compiler ABI info compiled with the following output:
Change Dir: /home/unitree/navigation_ws/build/pointcloud_to_laserscan/CMakeFiles/CMakeTmp

Run Build Command(s):/usr/bin/make cmTC_d8cc6/fast && /usr/bin/make -f CMakeFiles/cmTC_d8cc6.dir/build.make CMakeFiles/cmTC_d8cc6.dir/build
make[1]: Entering directory '/home/unitree/navigation_ws/build/pointcloud_to_laserscan/CMakeFiles/CMakeTmp'
Building C object CMakeFiles/cmTC_d8cc6.dir/CMakeCCompilerABI.c.o
/usr/bin/cc   -v -o CMakeFiles/cmTC_d8cc6.dir/CMakeCCompilerABI.c.o   -c /usr/share/cmake-3.16/Modules/CMakeCCompilerABI.c
Using built-in specs.
COLLECT_GCC=/usr/bin/cc
Target: aarch64-linux-gnu
Configured with: ../src/configure -v --with-pkgversion='Ubuntu 9.4.0-1ubuntu1~20.04.2' --with-bugurl=file:///usr/share/doc/gcc-9/README.Bugs --enable-languages=c,ada,c++,go,d,fortran,objc,obj-c++,gm2 --prefix=/usr --with-gcc-major-version-only --program-suffix=-9 --program-prefix=aarch64-linux-gnu- --enable-shared --enable-linker-build-id --libexecdir=/usr/lib --without-included-gettext --enable-threads=posix --libdir=/usr/lib --enable-nls --enable-clocale=gnu --enable-libstdcxx-debug --enable-libstdcxx-time=yes --with-default-libstdcxx-abi=new --enable-gnu-unique-object --disable-libquadmath --disable-libquadmath-support --enable-plugin --enable-default-pie --with-system-zlib --with-target-system-zlib=auto --enable-objc-gc=auto --enable-multiarch --enable-fix-cortex-a53-843419 --disable-werror --enable-checking=release --build=aarch64-linux-gnu --host=aarch64-linux-gnu --target=aarch64-linux-gnu
Thread model: posix
gcc version 9.4.0 (Ubuntu 9.4.0-1ubuntu1~20.04.2) 
COLLECT_GCC_OPTIONS='-v' '-o' 'CMakeFiles/cmTC_d8cc6.dir/CMakeCCompilerABI.c.o' '-c' '-mlittle-endian' '-mabi=lp64'
 /usr/lib/gcc/aarch64-linux-gnu/9/cc1 -quiet -v -imultiarch aarch64-linux-gnu /usr/share/cmake-3.16/Modules/CMakeCCompilerABI.c -quiet -dumpbase CMakeCCompilerABI.c -mlittle-endian -mabi=lp64 -auxbase-strip CMakeFiles/cmTC_d8cc6.dir/CMakeCCompilerABI.c.o -version -fasynchronous-unwind-tables -fstack-protector-strong -Wformat -Wformat-security -fstack-clash-protection -o /tmp/ccPgVtni.s
GNU C17 (Ubuntu 9.4.0-1ubuntu1~20.04.2) version 9.4.0 (aarch64-linux-gnu)
	compiled by GNU C version 9.4.0, GMP version 6.2.0, MPFR version 4.0.2, MPC version 1.1.0, isl version isl-0.22.1-GMP

GGC heuristics: --param ggc-min-expand=100 --param ggc-min-heapsize=131072
ignoring nonexistent directory "/usr/local/include/aarch64-linux-gnu"
ignoring nonexistent directory "/usr/lib/gcc/aarch64-linux-gnu/9/include-fixed"
ignoring nonexistent directory "/usr/lib/gcc/aarch64-linux-gnu/9/../../../../aarch64-linux-gnu/include"
#include "..." search starts here:
#include <...> search starts here:
 /usr/lib/gcc/aarch64-linux-gnu/9/include
 /usr/local/include
 /usr/include/aarch64-linux-gnu
 /usr/include
End of search list.
GNU C17 (Ubuntu 9.4.0-1ubuntu1~20.04.2) version 9.4.0 (aarch64-linux-gnu)
	compiled by GNU C version 9.4.0, GMP version 6.2.0, MPFR version 4.0.2, MPC version 1.1.0, isl version isl-0.22.1-GMP

GGC heuristics: --param ggc-min-expand=100 --param ggc-min-heapsize=131072
Compiler executable checksum: bae83efe2e4e7b8eac1a6149e340cc5c
COLLECT_GCC_OPTIONS='-v' '-o' 'CMakeFiles/cmTC_d8cc6.dir/CMakeCCompilerABI.c.o' '-c' '-mlittle-endian' '-mabi=lp64'
 as -v -EL -mabi=lp64 -o CMakeFiles/cmTC_d8cc6.dir/CMakeCCompilerABI.c.o /tmp/ccPgVtni.s
GNU assembler version 2.34 (aarch64-linux-gnu) using BFD version (GNU Binutils for Ubuntu) 2.34
COMPILER_PATH=/usr/lib/gcc/aarch64-linux-gnu/9/:/usr/lib/gcc/aarch64-linux-gnu/9/:/usr/lib/gcc/aarch64-linux-gnu/:/usr/lib/gcc/aarch64-linux-gnu/9/:/usr/lib/gcc/aarch64-linux-gnu/
LIBRARY_PATH=/usr/lib/gcc/aarch64-linux-gnu/9/:/usr/lib/gcc/aarch64-linux-gnu/9/../../../aarch64-linux-gnu/:/usr/lib/gcc/aarch64-linux-gnu/9/../../../../lib/:/lib/aarch64-linux-gnu/:/lib/../lib/:/usr/lib/aarch64-linux-gnu/:/usr/lib/../lib/:/usr/lib/gcc/aarch64-linux-gnu/9/../../../:/lib/:/usr/lib/
COLLECT_GCC_OPTIONS='-v' '-o' 'CMakeFiles/cmTC_d8cc6.dir/CMakeCCompilerABI.c.o' '-c' '-mlittle-endian' '-mabi=lp64'
Linking C executable cmTC_d8cc6
/usr/bin/cmake -E cmake_link_script CMakeFiles/cmTC_d8cc6.dir/link.txt --verbose=1
/usr/bin/cc     -v CMakeFiles/cmTC_d8cc6.dir/CMakeCCompilerABI.c.o  -o cmTC_d8cc6 
Using built-in specs.
COLLECT_GCC=/usr/bin/cc
COLLECT_LTO_WRAPPER=/usr/lib/gcc/aarch64-linux-gnu/9/lto-wrapper
Target: aarch64-linux-gnu
Configured with: ../src/configure -v --with-pkgversion='Ubuntu 9.4.0-1ubuntu1~20.04.2' --with-bugurl=file:///usr/share/doc/gcc-9/README.Bugs --enable-languages=c,ada,c++,go,d,fortran,objc,obj-c++,gm2 --prefix=/usr --with-gcc-major-version-only --program-suffix=-9 --program-prefix=aarch64-linux-gnu- --enable-shared --enable-linker-build-id --libexecdir=/usr/lib --without-included-gettext --enable-threads=posix --libdir=/usr/lib --enable-nls --enable-clocale=gnu --enable-libstdcxx-debug --enable-libstdcxx-time=yes --with-default-libstdcxx-abi=new --enable-gnu-unique-object --disable-libquadmath --disable-libquadmath-support --enable-plugin --enable-default-pie --with-system-zlib --with-target-system-zlib=auto --enable-objc-gc=auto --enable-multiarch --enable-fix-cortex-a53-843419 --disable-werror --enable-checking=release --build=aarch64-linux-gnu --host=aarch64-linux-gnu --target=aarch64-linux-gnu
Thread model: posix
gcc version 9.4.0 (Ubuntu 9.4.0-1ubuntu1~20.04.2) 
COMPILER_PATH=/usr/lib/gcc/aarch64-linux-gnu/9/:/usr/lib/gcc/aarch64-linux-gnu/9/:/usr/lib/gcc/aarch64-linux-gnu/:/usr/lib/gcc/aarch64-linux-gnu/9/:/usr/lib/gcc/aarch64-linux-gnu/
LIBRARY_PATH=/usr/lib/gcc/aarch64-linux-gnu/9/:/usr/lib/gcc/aarch64-linux-gnu/9/../../../aarch64-linux-gnu/:/usr/lib/gcc/aarch64-linux-gnu/9/../../../../lib/:/lib/aarch64-linux-gnu/:/lib/../lib/:/usr/lib/aarch64-linux-gnu/:/usr/lib/../lib/:/usr/lib/gcc/aarch64-linux-gnu/9/../../../:/lib/:/usr/lib/
COLLECT_GCC_OPTIONS='-v' '-o' 'cmTC_d8cc6' '-mlittle-endian' '-mabi=lp64'
 /usr/lib/gcc/aarch64-linux-gnu/9/collect2 -plugin /usr/lib/gcc/aarch64-linux-gnu/9/liblto_plugin.so -plugin-opt=/usr/lib/gcc/aarch64-linux-gnu/9/lto-wrapper -plugin-opt=-fresolution=/tmp/ccffOX98.res -plugin-opt=-pass-through=-lgcc -plugin-opt=-pass-through=-lgcc_s -plugin-opt=-pass-through=-lc -plugin-opt=-pass-through=-lgcc -plugin-opt=-pass-through=-lgcc_s --build-id --eh-frame-hdr --hash-style=gnu --as-needed -dynamic-linker /lib/ld-linux-aarch64.so.1 -X -EL -maarch64linux --fix-cortex-a53-843419 -pie -z now -z relro -o cmTC_d8cc6 /usr/lib/gcc/aarch64-linux-gnu/9/../../../aarch64-linux-gnu/Scrt1.o /usr/lib/gcc/aarch64-linux-gnu/9/../../../aarch64-linux-gnu/crti.o /usr/lib/gcc/aarch64-linux-gnu/9/crtbeginS.o -L/usr/lib/gcc/aarch64-linux-gnu/9 -L/usr/lib/gcc/aarch64-linux-gnu/9/../../../aarch64-linux-gnu -L/usr/lib/gcc/aarch64-linux-gnu/9/../../../../lib -L/lib/aarch64-linux-gnu -L/lib/../lib -L/usr/lib/aarch64-linux-gnu -L/usr/lib/../lib -L/usr/lib/gcc/aarch64-linux-gnu/9/../../.. CMakeFiles/cmTC_d8cc6.dir/CMakeCCompilerABI.c.o -lgcc --push-state --as-needed -lgcc_s --pop-state -lc -lgcc --push-state --as-needed -lgcc_s --pop-state /usr/lib/gcc/aarch64-linux-gnu/9/crtendS.o /usr/lib/gcc/aarch64-linux-gnu/9/../../../aarch64-linux-gnu/crtn.o
COLLECT_GCC_OPTIONS='-v' '-o' 'cmTC_d8cc6' '-mlittle-endian' '-mabi=lp64'
make[1]: Leaving directory '/home/unitree/navigation_ws/build/pointcloud_to_laserscan/CMakeFiles/CMakeTmp'



Parsed C implicit include dir info from above output: rv=done
  found start of include info
  found start of implicit include info
    add: [/usr/lib/gcc/aarch64-linux-gnu/9/include]
    add: [/usr/local/include]
    add: [/usr/include/aarch64-linux-gnu]
    add: [/usr/include]
  end of search list found
  collapse include dir [/usr/lib/gcc/aarch64-linux-gnu/9/include] ==> [/usr/lib/gcc/aarch64-linux-gnu/9/include]
  collapse include dir [/usr/local/include] ==> [/usr/local/include]
  collapse include dir [/usr/include/aarch64-linux-gnu] ==> [/usr/include/aarch64-linux-gnu]
  collapse include dir [/usr/include] ==> [/usr/include]
  implicit include dirs: [/usr/lib/gcc/aarch64-linux-gnu/9/include;/usr/local/include;/usr/include/aarch64-linux-gnu;/usr/include]


Parsed C implicit link information from above output:
  link line regex: [^( *|.*[/\])(ld|CMAKE_LINK_STARTFILE-NOTFOUND|([^/\]+-)?ld|collect2)[^/\]*( |$)]
  ignore line: [Change Dir: /home/unitree/navigation_ws/build/pointcloud_to_laserscan/CMakeFiles/CMakeTmp]
  ignore line: []
  ignore line: [Run Build Command(s):/usr/bin/make cmTC_d8cc6/fast && /usr/bin/make -f CMakeFiles/cmTC_d8cc6.dir/build.make CMakeFiles/cmTC_d8cc6.dir/build]
  ignore line: [make[1]: Entering directory '/home/unitree/navigation_ws/build/pointcloud_to_laserscan/CMakeFiles/CMakeTmp']
  ignore line: [Building C object CMakeFiles/cmTC_d8cc6.dir/CMakeCCompilerABI.c.o]
  ignore line: [/usr/bin/cc   -v -o CMakeFiles/cmTC_d8cc6.dir/CMakeCCompilerABI.c.o   -c /usr/share/cmake-3.16/Modules/CMakeCCompilerABI.c]
  ignore line: [Using built-in specs.]
  ignore line: [COLLECT_GCC=/usr/bin/cc]
  ignore line: [Target: aarch64-linux-gnu]
  ignore line: [Configured with: ../src/configure -v --with-pkgversion='Ubuntu 9.4.0-1ubuntu1~20.04.2' --with-bugurl=file:///usr/share/doc/gcc-9/README.Bugs --enable-languages=c ada c++ go d fortran objc obj-c++ gm2 --prefix=/usr --with-gcc-major-version-only --program-suffix=-9 --program-prefix=aarch64-linux-gnu- --enable-shared --enable-linker-build-id --libexecdir=/usr/lib --without-included-gettext --enable-threads=posix --libdir=/usr/lib --enable-nls --enable-clocale=gnu --enable-libstdcxx-debug --enable-libstdcxx-time=yes --with-default-libstdcxx-abi=new --enable-gnu-unique-object --disable-libquadmath --disable-libquadmath-support --enable-plugin --enable-default-pie --with-system-zlib --with-target-system-zlib=auto --enable-objc-gc=auto --enable-multiarch --enable-fix-cortex-a53-843419 --disable-werror --enable-checking=release --build=aarch64-linux-gnu --host=aarch64-linux-gnu --target=aarch64-linux-gnu]
  ignore line: [Thread model: posix]
  ignore line: [gcc version 9.4.0 (Ubuntu 9.4.0-1ubuntu1~20.04.2) ]
  ignore line: [COLLECT_GCC_OPTIONS='-v' '-o' 'CMakeFiles/cmTC_d8cc6.dir/CMakeCCompilerABI.c.o' '-c' '-mlittle-endian' '-mabi=lp64']
  ignore line: [ /usr/lib/gcc/aarch64-linux-gnu/9/cc1 -quiet -v -imultiarch aarch64-linux-gnu /usr/share/cmake-3.16/Modules/CMakeCCompilerABI.c -quiet -dumpbase CMakeCCompilerABI.c -mlittle-endian -mabi=lp64 -auxbase-strip CMakeFiles/cmTC_d8cc6.dir/CMakeCCompilerABI.c.o -version -fasynchronous-unwind-tables -fstack-protector-strong -Wformat -Wformat-security -fstack-clash-protection -o /tmp/ccPgVtni.s]
  ignore line: [GNU C17 (Ubuntu 9.4.0-1ubuntu1~20.04.2) version 9.4.0 (aarch64-linux-gnu)]
  ignore line: [	compiled by GNU C version 9.4.0  GMP version 6.2.0  MPFR version 4.0.2  MPC version 1.1.0  isl version isl-0.22.1-GMP]
  ignore line: []
  ignore line: [GGC heuristics: --param ggc-min-expand=100 --param ggc-min-heapsize=131072]
  ignore line: [ignoring nonexistent directory "/usr/local/include/aarch64-linux-gnu"]
  ignore line: [ignoring nonexistent directory "/usr/lib/gcc/aarch64-linux-gnu/9/include-fixed"]
  ignore line: [ignoring nonexistent directory "/usr/lib/gcc/aarch64-linux-gnu/9/../../../../aarch64-linux-gnu/include"]
  ignore line: [#include "..." search starts here:]
  ignore line: [#include <...> search starts here:]
  ignore line: [ /usr/lib/gcc/aarch64-linux-gnu/9/include]
  ignore line: [ /usr/local/include]
  ignore line: [ /usr/include/aarch64-linux-gnu]
  ignore line: [ /usr/include]
  ignore line: [End of search list.]
  ignore line: [GNU C17 (Ubuntu 9.4.0-1ubuntu1~20.04.2) version 9.4.0 (aarch64-linux-gnu)]
  ignore line: [	compiled by GNU C version 9.4.0  GMP version 6.2.0  MPFR version 4.0.2  MPC version 1.1.0  isl version isl-0.22.1-GMP]
  ignore line: []
  ignore line: [GGC heuristics: --param ggc-min-expand=100 --param ggc-min-heapsize=131072]
  ignore line: [Compiler executable checksum: bae83efe2e4e7b8eac1a6149e340cc5c]
  ignore line: [COLLECT_GCC_OPTIONS='-v' '-o' 'CMakeFiles/cmTC_d8cc6.dir/CMakeCCompilerABI.c.o' '-c' '-mlittle-endian' '-mabi=lp64']
  ignore line: [ as -v -EL -mabi=lp64 -o CMakeFiles/cmTC_d8cc6.dir/CMakeCCompilerABI.c.o /tmp/ccPgVtni.s]
  ignore line: [GNU assembler version 2.34 (aarch64-linux-gnu) using BFD version (GNU Binutils for Ubuntu) 2.34]
  ignore line: [COMPILER_PATH=/usr/lib/gcc/aarch64-linux-gnu/9/:/usr/lib/gcc/aarch64-linux-gnu/9/:/usr/lib/gcc/aarch64-linux-gnu/:/usr/lib/gcc/aarch64-linux-gnu/9/:/usr/lib/gcc/aarch64-linux-gnu/]
  ignore line: [LIBRARY_PATH=/usr/lib/gcc/aarch64-linux-gnu/9/:/usr/lib/gcc/aarch64-linux-gnu/9/../../../aarch64-linux-gnu/:/usr/lib/gcc/aarch64-linux-gnu/9/../../../../lib/:/lib/aarch64-linux-gnu/:/lib/../lib/:/usr/lib/aarch64-linux-gnu/:/usr/lib/../lib/:/usr/lib/gcc/aarch64-linux-gnu/9/../../../:/lib/:/usr/lib/]
  ignore line: [COLLECT_GCC_OPTIONS='-v' '-o' 'CMakeFiles/cmTC_d8cc6.dir/CMakeCCompilerABI.c.o' '-c' '-mlittle-endian' '-mabi=lp64']
  ignore line: [Linking C executable cmTC_d8cc6]
  ignore line: [/usr/bin/cmake -E cmake_link_script CMakeFiles/cmTC_d8cc6.dir/link.txt --verbose=1]
  ignore line: [/usr/bin/cc     -v CMakeFiles/cmTC_d8cc6.dir/CMakeCCompilerABI.c.o  -o cmTC_d8cc6 ]
  ignore line: [Using built-in specs.]
  ignore line: [COLLECT_GCC=/usr/bin/cc]
  ignore line: [COLLECT_LTO_WRAPPER=/usr/lib/gcc/aarch64-linux-gnu/9/lto-wrapper]
  ignore line: [Target: aarch64-linux-gnu]
  ignore line: [Configured with: ../src/configure -v --with-pkgversion='Ubuntu 9.4.0-1ubuntu1~20.04.2' --with-bugurl=file:///usr/share/doc/gcc-9/README.Bugs --enable-languages=c ada c++ go d fortran objc obj-c++ gm2 --prefix=/usr --with-gcc-major-version-only --program-suffix=-9 --program-prefix=aarch64-linux-gnu- --enable-shared --enable-linker-build-id --libexecdir=/usr/lib --without-included-gettext --enable-threads=posix --libdir=/usr/lib --enable-nls --enable-clocale=gnu --enable-libstdcxx-debug --enable-libstdcxx-time=yes --with-default-libstdcxx-abi=new --enable-gnu-unique-object --disable-libquadmath --disable-libquadmath-support --enable-plugin --enable-default-pie --with-system-zlib --with-target-system-zlib=auto --enable-objc-gc=auto --enable-multiarch --enable-fix-cortex-a53-843419 --disable-werror --enable-checking=release --build=aarch64-linux-gnu --host=aarch64-linux-gnu --target=aarch64-linux-gnu]
  ignore line: [Thread model: posix]
  ignore line: [gcc version 9.4.0 (Ubuntu 9.4.0-1ubuntu1~20.04.2) ]
  ignore line: [COMPILER_PATH=/usr/lib/gcc/aarch64-linux-gnu/9/:/usr/lib/gcc/aarch64-linux-gnu/9/:/usr/lib/gcc/aarch64-linux-gnu/:/usr/lib/gcc/aarch64-linux-gnu/9/:/usr/lib/gcc/aarch64-linux-gnu/]
  ignore line: [LIBRARY_PATH=/usr/lib/gcc/aarch64-linux-gnu/9/:/usr/lib/gcc/aarch64-linux-gnu/9/../../../aarch64-linux-gnu/:/usr/lib/gcc/aarch64-linux-gnu/9/../../../../lib/:/lib/aarch64-linux-gnu/:/lib/../lib/:/usr/lib/aarch64-linux-gnu/:/usr/lib/../lib/:/usr/lib/gcc/aarch64-linux-gnu/9/../../../:/lib/:/usr/lib/]
  ignore line: [COLLECT_GCC_OPTIONS='-v' '-o' 'cmTC_d8cc6' '-mlittle-endian' '-mabi=lp64']
  link line: [ /usr/lib/gcc/aarch64-linux-gnu/9/collect2 -plugin /usr/lib/gcc/aarch64-linux-gnu/9/liblto_plugin.so -plugin-opt=/usr/lib/gcc/aarch64-linux-gnu/9/lto-wrapper -plugin-opt=-fresolution=/tmp/ccffOX98.res -plugin-opt=-pass-through=-lgcc -plugin-opt=-pass-through=-lgcc_s -plugin-opt=-pass-through=-lc -plugin-opt=-pass-through=-lgcc -plugin-opt=-pass-through=-lgcc_s --build-id --eh-frame-hdr --hash-style=gnu --as-needed -dynamic-linker /lib/ld-linux-aarch64.so.1 -X -EL -maarch64linux --fix-cortex-a53-843419 -pie -z now -z relro -o cmTC_d8cc6 /usr/lib/gcc/aarch64-linux-gnu/9/../../../aarch64-linux-gnu/Scrt1.o /usr/lib/gcc/aarch64-linux-gnu/9/../../../aarch64-linux-gnu/crti.o /usr/lib/gcc/aarch64-linux-gnu/9/crtbeginS.o -L/usr/lib/gcc/aarch64-linux-gnu/9 -L/usr/lib/gcc/aarch64-linux-gnu/9/../../../aarch64-linux-gnu -L/usr/lib/gcc/aarch64-linux-gnu/9/../../../../lib -L/lib/aarch64-linux-gnu -L/lib/../lib -L/usr/lib/aarch64-linux-gnu -L/usr/lib/../lib -L/usr/lib/gcc/aarch64-linux-gnu/9/../../.. CMakeFiles/cmTC_d8cc6.dir/CMakeCCompilerABI.c.o -lgcc --push-state --as-needed -lgcc_s --pop-state -lc -lgcc --push-state --as-needed -lgcc_s --pop-state /usr/lib/gcc/aarch64-linux-gnu/9/crtendS.o /usr/lib/gcc/aarch64-linux-gnu/9/../../../aarch64-linux-gnu/crtn.o]
    arg [/usr/lib/gcc/aarch64-linux-gnu/9/collect2] ==> ignore
    arg [-plugin] ==> ignore
    arg [/usr/lib/gcc/aarch64-linux-gnu/9/liblto_plugin.so] ==> ignore
    arg [-plugin-opt=/usr/lib/gcc/aarch64-linux-gnu/9/lto-wrapper] ==> ignore
    arg [-plugin-opt=-fresolution=/tmp/ccffOX98.res] ==> ignore
    arg [-plugin-opt=-pass-through=-lgcc] ==> ignore
    arg [-plugin-opt=-pass-through=-lgcc_s] ==> ignore
    arg [-plugin-opt=-pass-through=-lc] ==> ignore
    arg [-plugin-opt=-pass-through=-lgcc] ==> ignore
    arg [-plugin-opt=-pass-through=-lgcc_s] ==> ignore
    arg [--build-id] ==> ignore
    arg [--eh-frame-hdr] ==> ignore
    arg [--hash-style=gnu] ==> ignore
    arg [--as-needed] ==> ignore
    arg [-dynamic-linker] ==> ignore
    arg [/lib/ld-linux-aarch64.so.1] ==> ignore
    arg [-X] ==> ignore
    arg [-EL] ==> ignore
    arg [-maarch64linux] ==> ignore
    arg [--fix-cortex-a53-843419] ==> ignore
    arg [-pie] ==> ignore
    arg [-znow] ==> ignore
    arg [-zrelro] ==> ignore
    arg [-o] ==> ignore
    arg [cmTC_d8cc6] ==> ignore
    arg [/usr/lib/gcc/aarch64-linux-gnu/9/../../../aarch64-linux-gnu/Scrt1.o] ==> ignore
    arg [/usr/lib/gcc/aarch64-linux-gnu/9/../../../aarch64-linux-gnu/crti.o] ==> ignore
    arg [/usr/lib/gcc/aarch64-linux-gnu/9/crtbeginS.o] ==> ignore
    arg [-L/usr/lib/gcc/aarch64-linux-gnu/9] ==> dir [/usr/lib/gcc/aarch64-linux-gnu/9]
    arg [-L/usr/lib/gcc/aarch64-linux-gnu/9/../../../aarch64-linux-gnu] ==> dir [/usr/lib/gcc/aarch64-linux-gnu/9/../../../aarch64-linux-gnu]
    arg [-L/usr/lib/gcc/aarch64-linux-gnu/9/../../../../lib] ==> dir [/usr/lib/gcc/aarch64-linux-gnu/9/../../../../lib]
    arg [-L/lib/aarch64-linux-gnu] ==> dir [/lib/aarch64-linux-gnu]
    arg [-L/lib/../lib] ==> dir [/lib/../lib]
    arg [-L/usr/lib/aarch64-linux-gnu] ==> dir [/usr/lib/aarch64-linux-gnu]
    arg [-L/usr/lib/../lib] ==> dir [/usr/lib/../lib]
    arg [-L/usr/lib/gcc/aarch64-linux-gnu/9/../../..] ==> dir [/usr/lib/gcc/aarch64-linux-gnu/9/../../..]
    arg [CMakeFiles/cmTC_d8cc6.dir/CMakeCCompilerABI.c.o] ==> ignore
    arg [-lgcc] ==> lib [gcc]
    arg [--push-state] ==> ignore
    arg [--as-needed] ==> ignore
    arg [-lgcc_s] ==> lib [gcc_s]
    arg [--pop-state] ==> ignore
    arg [-lc] ==> lib [c]
    arg [-lgcc] ==> lib [gcc]
    arg [--push-state] ==> ignore
    arg [--as-needed] ==> ignore
    arg [-lgcc_s] ==> lib [gcc_s]
    arg [--pop-state] ==> ignore
    arg [/usr/lib/gcc/aarch64-linux-gnu/9/crtendS.o] ==> ignore
    arg [/usr/lib/gcc/aarch64-linux-gnu/9/../../../aarch64-linux-gnu/crtn.o] ==> ignore
  collapse library dir [/usr/lib/gcc/aarch64-linux-gnu/9] ==> [/usr/lib/gcc/aarch64-linux-gnu/9]
  collapse library dir [/usr/lib/gcc/aarch64-linux-gnu/9/../../../aarch64-linux-gnu] ==> [/usr/lib/aarch64-linux-gnu]
  collapse library dir [/usr/lib/gcc/aarch64-linux-gnu/9/../../../../lib] ==> [/usr/lib]
  collapse library dir [/lib/aarch64-linux-gnu] ==> [/lib/aarch64-linux-gnu]
  collapse library dir [/lib/../lib] ==> [/lib]
  collapse library dir [/usr/lib/aarch64-linux-gnu] ==> [/usr/lib/aarch64-linux-gnu]
  collapse library dir [/usr/lib/../lib] ==> [/usr/lib]
  collapse library dir [/usr/lib/gcc/aarch64-linux-gnu/9/../../..] ==> [/usr/lib]
  implicit libs: [gcc;gcc_s;c;gcc;gcc_s]
  implicit dirs: [/usr/lib/gcc/aarch64-linux-gnu/9;/usr/lib/aarch64-linux-gnu;/usr/lib;/lib/aarch64-linux-gnu;/lib]
  implicit fwks: []


Determining if the CXX compiler works passed with the following output:
Change Dir: /home/unitree/navigation_ws/build/pointcloud_to_laserscan/CMakeFiles/CMakeTmp

Run Build Command(s):/usr/bin/make cmTC_45e09/fast && /usr/bin/make -f CMakeFiles/cmTC_45e09.dir/build.make CMakeFiles/cmTC_45e09.dir/build
make[1]: Entering directory '/home/unitree/navigation_ws/build/pointcloud_to_laserscan/CMakeFiles/CMakeTmp'
Building CXX object CMakeFiles/cmTC_45e09.dir/testCXXCompiler.cxx.o
/usr/bin/c++     -o CMakeFiles/cmTC_45e09.dir/testCXXCompiler.cxx.o -c /home/unitree/navigation_ws/build/pointcloud_to_laserscan/CMakeFiles/CMakeTmp/testCXXCompiler.cxx
Linking CXX executable cmTC_45e09
/usr/bin/cmake -E cmake_link_script CMakeFiles/cmTC_45e09.dir/link.txt --verbose=1
/usr/bin/c++       CMakeFiles/cmTC_45e09.dir/testCXXCompiler.cxx.o  -o cmTC_45e09 
make[1]: Leaving directory '/home/unitree/navigation_ws/build/pointcloud_to_laserscan/CMakeFiles/CMakeTmp'



Detecting CXX compiler ABI info compiled with the following output:
Change Dir: /home/unitree/navigation_ws/build/pointcloud_to_laserscan/CMakeFiles/CMakeTmp

Run Build Command(s):/usr/bin/make cmTC_c6793/fast && /usr/bin/make -f CMakeFiles/cmTC_c6793.dir/build.make CMakeFiles/cmTC_c6793.dir/build
make[1]: Entering directory '/home/unitree/navigation_ws/build/pointcloud_to_laserscan/CMakeFiles/CMakeTmp'
Building CXX object CMakeFiles/cmTC_c6793.dir/CMakeCXXCompilerABI.cpp.o
/usr/bin/c++    -v -o CMakeFiles/cmTC_c6793.dir/CMakeCXXCompilerABI.cpp.o -c /usr/share/cmake-3.16/Modules/CMakeCXXCompilerABI.cpp
Using built-in specs.
COLLECT_GCC=/usr/bin/c++
Target: aarch64-linux-gnu
Configured with: ../src/configure -v --with-pkgversion='Ubuntu 9.4.0-1ubuntu1~20.04.2' --with-bugurl=file:///usr/share/doc/gcc-9/README.Bugs --enable-languages=c,ada,c++,go,d,fortran,objc,obj-c++,gm2 --prefix=/usr --with-gcc-major-version-only --program-suffix=-9 --program-prefix=aarch64-linux-gnu- --enable-shared --enable-linker-build-id --libexecdir=/usr/lib --without-included-gettext --enable-threads=posix --libdir=/usr/lib --enable-nls --enable-clocale=gnu --enable-libstdcxx-debug --enable-libstdcxx-time=yes --with-default-libstdcxx-abi=new --enable-gnu-unique-object --disable-libquadmath --disable-libquadmath-support --enable-plugin --enable-default-pie --with-system-zlib --with-target-system-zlib=auto --enable-objc-gc=auto --enable-multiarch --enable-fix-cortex-a53-843419 --disable-werror --enable-checking=release --build=aarch64-linux-gnu --host=aarch64-linux-gnu --target=aarch64-linux-gnu
Thread model: posix
gcc version 9.4.0 (Ubuntu 9.4.0-1ubuntu1~20.04.2) 
COLLECT_GCC_OPTIONS='-v' '-o' 'CMakeFiles/cmTC_c6793.dir/CMakeCXXCompilerABI.cpp.o' '-c' '-shared-libgcc' '-mlittle-endian' '-mabi=lp64'
 /usr/lib/gcc/aarch64-linux-gnu/9/cc1plus -quiet -v -imultiarch aarch64-linux-gnu -D_GNU_SOURCE /usr/share/cmake-3.16/Modules/CMakeCXXCompilerABI.cpp -quiet -dumpbase CMakeCXXCompilerABI.cpp -mlittle-endian -mabi=lp64 -auxbase-strip CMakeFiles/cmTC_c6793.dir/CMakeCXXCompilerABI.cpp.o -version -fasynchronous-unwind-tables -fstack-protector-strong -Wformat -Wformat-security -fstack-clash-protection -o /tmp/cc6Hs1HS.s
GNU C++14 (Ubuntu 9.4.0-1ubuntu1~20.04.2) version 9.4.0 (aarch64-linux-gnu)
	compiled by GNU C version 9.4.0, GMP version 6.2.0, MPFR version 4.0.2, MPC version 1.1.0, isl version isl-0.22.1-GMP

GGC heuristics: --param ggc-min-expand=100 --param ggc-min-heapsize=131072
ignoring duplicate directory "/usr/include/aarch64-linux-gnu/c++/9"
ignoring nonexistent directory "/usr/local/include/aarch64-linux-gnu"
ignoring nonexistent directory "/usr/lib/gcc/aarch64-linux-gnu/9/include-fixed"
ignoring nonexistent directory "/usr/lib/gcc/aarch64-linux-gnu/9/../../../../aarch64-linux-gnu/include"
#include "..." search starts here:
#include <...> search starts here:
 /usr/include/c++/9
 /usr/include/aarch64-linux-gnu/c++/9
 /usr/include/c++/9/backward
 /usr/lib/gcc/aarch64-linux-gnu/9/include
 /usr/local/include
 /usr/include/aarch64-linux-gnu
 /usr/include
End of search list.
GNU C++14 (Ubuntu 9.4.0-1ubuntu1~20.04.2) version 9.4.0 (aarch64-linux-gnu)
	compiled by GNU C version 9.4.0, GMP version 6.2.0, MPFR version 4.0.2, MPC version 1.1.0, isl version isl-0.22.1-GMP

GGC heuristics: --param ggc-min-expand=100 --param ggc-min-heapsize=131072
Compiler executable checksum: 76f300a9566415b293c4e87b0a05621d
COLLECT_GCC_OPTIONS='-v' '-o' 'CMakeFiles/cmTC_c6793.dir/CMakeCXXCompilerABI.cpp.o' '-c' '-shared-libgcc' '-mlittle-endian' '-mabi=lp64'
 as -v -EL -mabi=lp64 -o CMakeFiles/cmTC_c6793.dir/CMakeCXXCompilerABI.cpp.o /tmp/cc6Hs1HS.s
GNU assembler version 2.34 (aarch64-linux-gnu) using BFD version (GNU Binutils for Ubuntu) 2.34
COMPILER_PATH=/usr/lib/gcc/aarch64-linux-gnu/9/:/usr/lib/gcc/aarch64-linux-gnu/9/:/usr/lib/gcc/aarch64-linux-gnu/:/usr/lib/gcc/aarch64-linux-gnu/9/:/usr/lib/gcc/aarch64-linux-gnu/
LIBRARY_PATH=/usr/lib/gcc/aarch64-linux-gnu/9/:/usr/lib/gcc/aarch64-linux-gnu/9/../../../aarch64-linux-gnu/:/usr/lib/gcc/aarch64-linux-gnu/9/../../../../lib/:/lib/aarch64-linux-gnu/:/lib/../lib/:/usr/lib/aarch64-linux-gnu/:/usr/lib/../lib/:/usr/lib/gcc/aarch64-linux-gnu/9/../../../:/lib/:/usr/lib/
COLLECT_GCC_OPTIONS='-v' '-o' 'CMakeFiles/cmTC_c6793.dir/CMakeCXXCompilerABI.cpp.o' '-c' '-shared-libgcc' '-mlittle-endian' '-mabi=lp64'
Linking CXX executable cmTC_c6793
/usr/bin/cmake -E cmake_link_script CMakeFiles/cmTC_c6793.dir/link.txt --verbose=1
/usr/bin/c++      -v CMakeFiles/cmTC_c6793.dir/CMakeCXXCompilerABI.cpp.o  -o cmTC_c6793 
Using built-in specs.
COLLECT_GCC=/usr/bin/c++
COLLECT_LTO_WRAPPER=/usr/lib/gcc/aarch64-linux-gnu/9/lto-wrapper
Target: aarch64-linux-gnu
Configured with: ../src/configure -v --with-pkgversion='Ubuntu 9.4.0-1ubuntu1~20.04.2' --with-bugurl=file:///usr/share/doc/gcc-9/README.Bugs --enable-languages=c,ada,c++,go,d,fortran,objc,obj-c++,gm2 --prefix=/usr --with-gcc-major-version-only --program-suffix=-9 --program-prefix=aarch64-linux-gnu- --enable-shared --enable-linker-build-id --libexecdir=/usr/lib --without-included-gettext --enable-threads=posix --libdir=/usr/lib --enable-nls --enable-clocale=gnu --enable-libstdcxx-debug --enable-libstdcxx-time=yes --with-default-libstdcxx-abi=new --enable-gnu-unique-object --disable-libquadmath --disable-libquadmath-support --enable-plugin --enable-default-pie --with-system-zlib --with-target-system-zlib=auto --enable-objc-gc=auto --enable-multiarch --enable-fix-cortex-a53-843419 --disable-werror --enable-checking=release --build=aarch64-linux-gnu --host=aarch64-linux-gnu --target=aarch64-linux-gnu
Thread model: posix
gcc version 9.4.0 (Ubuntu 9.4.0-1ubuntu1~20.04.2) 
COMPILER_PATH=/usr/lib/gcc/aarch64-linux-gnu/9/:/usr/lib/gcc/aarch64-linux-gnu/9/:/usr/lib/gcc/aarch64-linux-gnu/:/usr/lib/gcc/aarch64-linux-gnu/9/:/usr/lib/gcc/aarch64-linux-gnu/
LIBRARY_PATH=/usr/lib/gcc/aarch64-linux-gnu/9/:/usr/lib/gcc/aarch64-linux-gnu/9/../../../aarch64-linux-gnu/:/usr/lib/gcc/aarch64-linux-gnu/9/../../../../lib/:/lib/aarch64-linux-gnu/:/lib/../lib/:/usr/lib/aarch64-linux-gnu/:/usr/lib/../lib/:/usr/lib/gcc/aarch64-linux-gnu/9/../../../:/lib/:/usr/lib/
COLLECT_GCC_OPTIONS='-v' '-o' 'cmTC_c6793' '-shared-libgcc' '-mlittle-endian' '-mabi=lp64'
 /usr/lib/gcc/aarch64-linux-gnu/9/collect2 -plugin /usr/lib/gcc/aarch64-linux-gnu/9/liblto_plugin.so -plugin-opt=/usr/lib/gcc/aarch64-linux-gnu/9/lto-wrapper -plugin-opt=-fresolution=/tmp/ccQ8qteZ.res -plugin-opt=-pass-through=-lgcc_s -plugin-opt=-pass-through=-lgcc -plugin-opt=-pass-through=-lc -plugin-opt=-pass-through=-lgcc_s -plugin-opt=-pass-through=-lgcc --build-id --eh-frame-hdr --hash-style=gnu --as-needed -dynamic-linker /lib/ld-linux-aarch64.so.1 -X -EL -maarch64linux --fix-cortex-a53-843419 -pie -z now -z relro -o cmTC_c6793 /usr/lib/gcc/aarch64-linux-gnu/9/../../../aarch64-linux-gnu/Scrt1.o /usr/lib/gcc/aarch64-linux-gnu/9/../../../aarch64-linux-gnu/crti.o /usr/lib/gcc/aarch64-linux-gnu/9/crtbeginS.o -L/usr/lib/gcc/aarch64-linux-gnu/9 -L/usr/lib/gcc/aarch64-linux-gnu/9/../../../aarch64-linux-gnu -L/usr/lib/gcc/aarch64-linux-gnu/9/../../../../lib -L/lib/aarch64-linux-gnu -L/lib/../lib -L/usr/lib/aarch64-linux-gnu -L/usr/lib/../lib -L/usr/lib/gcc/aarch64-linux-gnu/9/../../.. CMakeFiles/cmTC_c6793.dir/CMakeCXXCompilerABI.cpp.o -lstdc++ -lm -lgcc_s -lgcc -lc -lgcc_s -lgcc /usr/lib/gcc/aarch64-linux-gnu/9/crtendS.o /usr/lib/gcc/aarch64-linux-gnu/9/../../../aarch64-linux-gnu/crtn.o
COLLECT_GCC_OPTIONS='-v' '-o' 'cmTC_c6793' '-shared-libgcc' '-mlittle-endian' '-mabi=lp64'
make[1]: Leaving directory '/home/unitree/navigation_ws/build/pointcloud_to_laserscan/CMakeFiles/CMakeTmp'



Parsed CXX implicit include dir info from above output: rv=done
  found start of include info
  found start of implicit include info
    add: [/usr/include/c++/9]
    add: [/usr/include/aarch64-linux-gnu/c++/9]
    add: [/usr/include/c++/9/backward]
    add: [/usr/lib/gcc/aarch64-linux-gnu/9/include]
    add: [/usr/local/include]
    add: [/usr/include/aarch64-linux-gnu]
    add: [/usr/include]
  end of search list found
  collapse include dir [/usr/include/c++/9] ==> [/usr/include/c++/9]
  collapse include dir [/usr/include/aarch64-linux-gnu/c++/9] ==> [/usr/include/aarch64-linux-gnu/c++/9]
  collapse include dir [/usr/include/c++/9/backward] ==> [/usr/include/c++/9/backward]
  collapse include dir [/usr/lib/gcc/aarch64-linux-gnu/9/include] ==> [/usr/lib/gcc/aarch64-linux-gnu/9/include]
  collapse include dir [/usr/local/include] ==> [/usr/local/include]
  collapse include dir [/usr/include/aarch64-linux-gnu] ==> [/usr/include/aarch64-linux-gnu]
  collapse include dir [/usr/include] ==> [/usr/include]
  implicit include dirs: [/usr/include/c++/9;/usr/include/aarch64-linux-gnu/c++/9;/usr/include/c++/9/backward;/usr/lib/gcc/aarch64-linux-gnu/9/include;/usr/local/include;/usr/include/aarch64-linux-gnu;/usr/include]


Parsed CXX implicit link information from above output:
  link line regex: [^( *|.*[/\])(ld|CMAKE_LINK_STARTFILE-NOTFOUND|([^/\]+-)?ld|collect2)[^/\]*( |$)]
  ignore line: [Change Dir: /home/unitree/navigation_ws/build/pointcloud_to_laserscan/CMakeFiles/CMakeTmp]
  ignore line: []
  ignore line: [Run Build Command(s):/usr/bin/make cmTC_c6793/fast && /usr/bin/make -f CMakeFiles/cmTC_c6793.dir/build.make CMakeFiles/cmTC_c6793.dir/build]
  ignore line: [make[1]: Entering directory '/home/unitree/navigation_ws/build/pointcloud_to_laserscan/CMakeFiles/CMakeTmp']
  ignore line: [Building CXX object CMakeFiles/cmTC_c6793.dir/CMakeCXXCompilerABI.cpp.o]
  ignore line: [/usr/bin/c++    -v -o CMakeFiles/cmTC_c6793.dir/CMakeCXXCompilerABI.cpp.o -c /usr/share/cmake-3.16/Modules/CMakeCXXCompilerABI.cpp]
  ignore line: [Using built-in specs.]
  ignore line: [COLLECT_GCC=/usr/bin/c++]
  ignore line: [Target: aarch64-linux-gnu]
  ignore line: [Configured with: ../src/configure -v --with-pkgversion='Ubuntu 9.4.0-1ubuntu1~20.04.2' --with-bugurl=file:///usr/share/doc/gcc-9/README.Bugs --enable-languages=c ada c++ go d fortran objc obj-c++ gm2 --prefix=/usr --with-gcc-major-version-only --program-suffix=-9 --program-prefix=aarch64-linux-gnu- --enable-shared --enable-linker-build-id --libexecdir=/usr/lib --without-included-gettext --enable-threads=posix --libdir=/usr/lib --enable-nls --enable-clocale=gnu --enable-libstdcxx-debug --enable-libstdcxx-time=yes --with-default-libstdcxx-abi=new --enable-gnu-unique-object --disable-libquadmath --disable-libquadmath-support --enable-plugin --enable-default-pie --with-system-zlib --with-target-system-zlib=auto --enable-objc-gc=auto --enable-multiarch --enable-fix-cortex-a53-843419 --disable-werror --enable-checking=release --build=aarch64-linux-gnu --host=aarch64-linux-gnu --target=aarch64-linux-gnu]
  ignore line: [Thread model: posix]
  ignore line: [gcc version 9.4.0 (Ubuntu 9.4.0-1ubuntu1~20.04.2) ]
  ignore line: [COLLECT_GCC_OPTIONS='-v' '-o' 'CMakeFiles/cmTC_c6793.dir/CMakeCXXCompilerABI.cpp.o' '-c' '-shared-libgcc' '-mlittle-endian' '-mabi=lp64']
  ignore line: [ /usr/lib/gcc/aarch64-linux-gnu/9/cc1plus -quiet -v -imultiarch aarch64-linux-gnu -D_GNU_SOURCE /usr/share/cmake-3.16/Modules/CMakeCXXCompilerABI.cpp -quiet -dumpbase CMakeCXXCompilerABI.cpp -mlittle-endian -mabi=lp64 -auxbase-strip CMakeFiles/cmTC_c6793.dir/CMakeCXXCompilerABI.cpp.o -version -fasynchronous-unwind-tables -fstack-protector-strong -Wformat -Wformat-security -fstack-clash-protection -o /tmp/cc6Hs1HS.s]
  ignore line: [GNU C++14 (Ubuntu 9.4.0-1ubuntu1~20.04.2) version 9.4.0 (aarch64-linux-gnu)]
  ignore line: [	compiled by GNU C version 9.4.0  GMP version 6.2.0  MPFR version 4.0.2  MPC version 1.1.0  isl version isl-0.22.1-GMP]
  ignore line: []
  ignore line: [GGC heuristics: --param ggc-min-expand=100 --param ggc-min-heapsize=131072]
  ignore line: [ignoring duplicate directory "/usr/include/aarch64-linux-gnu/c++/9"]
  ignore line: [ignoring nonexistent directory "/usr/local/include/aarch64-linux-gnu"]
  ignore line: [ignoring nonexistent directory "/usr/lib/gcc/aarch64-linux-gnu/9/include-fixed"]
  ignore line: [ignoring nonexistent directory "/usr/lib/gcc/aarch64-linux-gnu/9/../../../../aarch64-linux-gnu/include"]
  ignore line: [#include "..." search starts here:]
  ignore line: [#include <...> search starts here:]
  ignore line: [ /usr/include/c++/9]
  ignore line: [ /usr/include/aarch64-linux-gnu/c++/9]
  ignore line: [ /usr/include/c++/9/backward]
  ignore line: [ /usr/lib/gcc/aarch64-linux-gnu/9/include]
  ignore line: [ /usr/local/include]
  ignore line: [ /usr/include/aarch64-linux-gnu]
  ignore line: [ /usr/include]
  ignore line: [End of search list.]
  ignore line: [GNU C++14 (Ubuntu 9.4.0-1ubuntu1~20.04.2) version 9.4.0 (aarch64-linux-gnu)]
  ignore line: [	compiled by GNU C version 9.4.0  GMP version 6.2.0  MPFR version 4.0.2  MPC version 1.1.0  isl version isl-0.22.1-GMP]
  ignore line: []
  ignore line: [GGC heuristics: --param ggc-min-expand=100 --param ggc-min-heapsize=131072]
  ignore line: [Compiler executable checksum: 76f300a9566415b293c4e87b0a05621d]
  ignore line: [COLLECT_GCC_OPTIONS='-v' '-o' 'CMakeFiles/cmTC_c6793.dir/CMakeCXXCompilerABI.cpp.o' '-c' '-shared-libgcc' '-mlittle-endian' '-mabi=lp64']
  ignore line: [ as -v -EL -mabi=lp64 -o CMakeFiles/cmTC_c6793.dir/CMakeCXXCompilerABI.cpp.o /tmp/cc6Hs1HS.s]
  ignore line: [GNU assembler version 2.34 (aarch64-linux-gnu) using BFD version (GNU Binutils for Ubuntu) 2.34]
  ignore line: [COMPILER_PATH=/usr/lib/gcc/aarch64-linux-gnu/9/:/usr/lib/gcc/aarch64-linux-gnu/9/:/usr/lib/gcc/aarch64-linux-gnu/:/usr/lib/gcc/aarch64-linux-gnu/9/:/usr/lib/gcc/aarch64-linux-gnu/]
  ignore line: [LIBRARY_PATH=/usr/lib/gcc/aarch64-linux-gnu/9/:/usr/lib/gcc/aarch64-linux-gnu/9/../../../aarch64-linux-gnu/:/usr/lib/gcc/aarch64-linux-gnu/9/../../../../lib/:/lib/aarch64-linux-gnu/:/lib/../lib/:/usr/lib/aarch64-linux-gnu/:/usr/lib/../lib/:/usr/lib/gcc/aarch64-linux-gnu/9/../../../:/lib/:/usr/lib/]
  ignore line: [COLLECT_GCC_OPTIONS='-v' '-o' 'CMakeFiles/cmTC_c6793.dir/CMakeCXXCompilerABI.cpp.o' '-c' '-shared-libgcc' '-mlittle-endian' '-mabi=lp64']
  ignore line: [Linking CXX executable cmTC_c6793]
  ignore line: [/usr/bin/cmake -E cmake_link_script CMakeFiles/cmTC_c6793.dir/link.txt --verbose=1]
  ignore line: [/usr/bin/c++      -v CMakeFiles/cmTC_c6793.dir/CMakeCXXCompilerABI.cpp.o  -o cmTC_c6793 ]
  ignore line: [Using built-in specs.]
  ignore line: [COLLECT_GCC=/usr/bin/c++]
  ignore line: [COLLECT_LTO_WRAPPER=/usr/lib/gcc/aarch64-linux-gnu/9/lto-wrapper]
  ignore line: [Target: aarch64-linux-gnu]
  ignore line: [Configured with: ../src/configure -v --with-pkgversion='Ubuntu 9.4.0-1ubuntu1~20.04.2' --with-bugurl=file:///usr/share/doc/gcc-9/README.Bugs --enable-languages=c ada c++ go d fortran objc obj-c++ gm2 --prefix=/usr --with-gcc-major-version-only --program-suffix=-9 --program-prefix=aarch64-linux-gnu- --enable-shared --enable-linker-build-id --libexecdir=/usr/lib --without-included-gettext --enable-threads=posix --libdir=/usr/lib --enable-nls --enable-clocale=gnu --enable-libstdcxx-debug --enable-libstdcxx-time=yes --with-default-libstdcxx-abi=new --enable-gnu-unique-object --disable-libquadmath --disable-libquadmath-support --enable-plugin --enable-default-pie --with-system-zlib --with-target-system-zlib=auto --enable-objc-gc=auto --enable-multiarch --enable-fix-cortex-a53-843419 --disable-werror --enable-checking=release --build=aarch64-linux-gnu --host=aarch64-linux-gnu --target=aarch64-linux-gnu]
  ignore line: [Thread model: posix]
  ignore line: [gcc version 9.4.0 (Ubuntu 9.4.0-1ubuntu1~20.04.2) ]
  ignore line: [COMPILER_PATH=/usr/lib/gcc/aarch64-linux-gnu/9/:/usr/lib/gcc/aarch64-linux-gnu/9/:/usr/lib/gcc/aarch64-linux-gnu/:/usr/lib/gcc/aarch64-linux-gnu/9/:/usr/lib/gcc/aarch64-linux-gnu/]
  ignore line: [LIBRARY_PATH=/usr/lib/gcc/aarch64-linux-gnu/9/:/usr/lib/gcc/aarch64-linux-gnu/9/../../../aarch64-linux-gnu/:/usr/lib/gcc/aarch64-linux-gnu/9/../../../../lib/:/lib/aarch64-linux-gnu/:/lib/../lib/:/usr/lib/aarch64-linux-gnu/:/usr/lib/../lib/:/usr/lib/gcc/aarch64-linux-gnu/9/../../../:/lib/:/usr/lib/]
  ignore line: [COLLECT_GCC_OPTIONS='-v' '-o' 'cmTC_c6793' '-shared-libgcc' '-mlittle-endian' '-mabi=lp64']
  link line: [ /usr/lib/gcc/aarch64-linux-gnu/9/collect2 -plugin /usr/lib/gcc/aarch64-linux-gnu/9/liblto_plugin.so -plugin-opt=/usr/lib/gcc/aarch64-linux-gnu/9/lto-wrapper -plugin-opt=-fresolution=/tmp/ccQ8qteZ.res -plugin-opt=-pass-through=-lgcc_s -plugin-opt=-pass-through=-lgcc -plugin-opt=-pass-through=-lc -plugin-opt=-pass-through=-lgcc_s -plugin-opt=-pass-through=-lgcc --build-id --eh-frame-hdr --hash-style=gnu --as-needed -dynamic-linker /lib/ld-linux-aarch64.so.1 -X -EL -maarch64linux --fix-cortex-a53-843419 -pie -z now -z relro -o cmTC_c6793 /usr/lib/gcc/aarch64-linux-gnu/9/../../../aarch64-linux-gnu/Scrt1.o /usr/lib/gcc/aarch64-linux-gnu/9/../../../aarch64-linux-gnu/crti.o /usr/lib/gcc/aarch64-linux-gnu/9/crtbeginS.o -L/usr/lib/gcc/aarch64-linux-gnu/9 -L/usr/lib/gcc/aarch64-linux-gnu/9/../../../aarch64-linux-gnu -L/usr/lib/gcc/aarch64-linux-gnu/9/../../../../lib -L/lib/aarch64-linux-gnu -L/lib/../lib -L/usr/lib/aarch64-linux-gnu -L/usr/lib/../lib -L/usr/lib/gcc/aarch64-linux-gnu/9/../../.. CMakeFiles/cmTC_c6793.dir/CMakeCXXCompilerABI.cpp.o -lstdc++ -lm -lgcc_s -lgcc -lc -lgcc_s -lgcc /usr/lib/gcc/aarch64-linux-gnu/9/crtendS.o /usr/lib/gcc/aarch64-linux-gnu/9/../../../aarch64-linux-gnu/crtn.o]
    arg [/usr/lib/gcc/aarch64-linux-gnu/9/collect2] ==> ignore
    arg [-plugin] ==> ignore
    arg [/usr/lib/gcc/aarch64-linux-gnu/9/liblto_plugin.so] ==> ignore
    arg [-plugin-opt=/usr/lib/gcc/aarch64-linux-gnu/9/lto-wrapper] ==> ignore
    arg [-plugin-opt=-fresolution=/tmp/ccQ8qteZ.res] ==> ignore
    arg [-plugin-opt=-pass-through=-lgcc_s] ==> ignore
    arg [-plugin-opt=-pass-through=-lgcc] ==> ignore
    arg [-plugin-opt=-pass-through=-lc] ==> ignore
    arg [-plugin-opt=-pass-through=-lgcc_s] ==> ignore
    arg [-plugin-opt=-pass-through=-lgcc] ==> ignore
    arg [--build-id] ==> ignore
    arg [--eh-frame-hdr] ==> ignore
    arg [--hash-style=gnu] ==> ignore
    arg [--as-needed] ==> ignore
    arg [-dynamic-linker] ==> ignore
    arg [/lib/ld-linux-aarch64.so.1] ==> ignore
    arg [-X] ==> ignore
    arg [-EL] ==> ignore
    arg [-maarch64linux] ==> ignore
    arg [--fix-cortex-a53-843419] ==> ignore
    arg [-pie] ==> ignore
    arg [-znow] ==> ignore
    arg [-zrelro] ==> ignore
    arg [-o] ==> ignore
    arg [cmTC_c6793] ==> ignore
    arg [/usr/lib/gcc/aarch64-linux-gnu/9/../../../aarch64-linux-gnu/Scrt1.o] ==> ignore
    arg [/usr/lib/gcc/aarch64-linux-gnu/9/../../../aarch64-linux-gnu/crti.o] ==> ignore
    arg [/usr/lib/gcc/aarch64-linux-gnu/9/crtbeginS.o] ==> ignore
    arg [-L/usr/lib/gcc/aarch64-linux-gnu/9] ==> dir [/usr/lib/gcc/aarch64-linux-gnu/9]
    arg [-L/usr/lib/gcc/aarch64-linux-gnu/9/../../../aarch64-linux-gnu] ==> dir [/usr/lib/gcc/aarch64-linux-gnu/9/../../../aarch64-linux-gnu]
    arg [-L/usr/lib/gcc/aarch64-linux-gnu/9/../../../../lib] ==> dir [/usr/lib/gcc/aarch64-linux-gnu/9/../../../../lib]
    arg [-L/lib/aarch64-linux-gnu] ==> dir [/lib/aarch64-linux-gnu]
    arg [-L/lib/../lib] ==> dir [/lib/../lib]
    arg [-L/usr/lib/aarch64-linux-gnu] ==> dir [/usr/lib/aarch64-linux-gnu]
    arg [-L/usr/lib/../lib] ==> dir [/usr/lib/../lib]
    arg [-L/usr/lib/gcc/aarch64-linux-gnu/9/../../..] ==> dir [/usr/lib/gcc/aarch64-linux-gnu/9/../../..]
    arg [CMakeFiles/cmTC_c6793.dir/CMakeCXXCompilerABI.cpp.o] ==> ignore
    arg [-lstdc++] ==> lib [stdc++]
    arg [-lm] ==> lib [m]
    arg [-lgcc_s] ==> lib [gcc_s]
    arg [-lgcc] ==> lib [gcc]
    arg [-lc] ==> lib [c]
    arg [-lgcc_s] ==> lib [gcc_s]
    arg [-lgcc] ==> lib [gcc]
    arg [/usr/lib/gcc/aarch64-linux-gnu/9/crtendS.o] ==> ignore
    arg [/usr/lib/gcc/aarch64-linux-gnu/9/../../../aarch64-linux-gnu/crtn.o] ==> ignore
  collapse library dir [/usr/lib/gcc/aarch64-linux-gnu/9] ==> [/usr/lib/gcc/aarch64-linux-gnu/9]
  collapse library dir [/usr/lib/gcc/aarch64-linux-gnu/9/../../../aarch64-linux-gnu] ==> [/usr/lib/aarch64-linux-gnu]
  collapse library dir [/usr/lib/gcc/aarch64-linux-gnu/9/../../../../lib] ==> [/usr/lib]
  collapse library dir [/lib/aarch64-linux-gnu] ==> [/lib/aarch64-linux-gnu]
  collapse library dir [/lib/../lib] ==> [/lib]
  collapse library dir [/usr/lib/aarch64-linux-gnu] ==> [/usr/lib/aarch64-linux-gnu]
  collapse library dir [/usr/lib/../lib] ==> [/usr/lib]
  collapse library dir [/usr/lib/gcc/aarch64-linux-gnu/9/../../..] ==> [/usr/lib]
  implicit libs: [stdc++;m;gcc_s;gcc;c;gcc_s;gcc]
  implicit dirs: [/usr/lib/gcc/aarch64-linux-gnu/9;/usr/lib/aarch64-linux-gnu;/usr/lib;/lib/aarch64-linux-gnu;/lib]
  implicit fwks: []


Determining if the include file pthread.h exists passed with the following output:
Change Dir: /home/unitree/navigation_ws/build/pointcloud_to_laserscan/CMakeFiles/CMakeTmp

Run Build Command(s):/usr/bin/make cmTC_80346/fast && /usr/bin/make -f CMakeFiles/cmTC_80346.dir/build.make CMakeFiles/cmTC_80346.dir/build
make[1]: Entering directory '/home/unitree/navigation_ws/build/pointcloud_to_laserscan/CMakeFiles/CMakeTmp'
Building C object CMakeFiles/cmTC_80346.dir/CheckIncludeFile.c.o
/usr/bin/cc    -o CMakeFiles/cmTC_80346.dir/CheckIncludeFile.c.o   -c /home/unitree/navigation_ws/build/pointcloud_to_laserscan/CMakeFiles/CMakeTmp/CheckIncludeFile.c
Linking C executable cmTC_80346
/usr/bin/cmake -E cmake_link_script CMakeFiles/cmTC_80346.dir/link.txt --verbose=1
/usr/bin/cc      CMakeFiles/cmTC_80346.dir/CheckIncludeFile.c.o  -o cmTC_80346 
make[1]: Leaving directory '/home/unitree/navigation_ws/build/pointcloud_to_laserscan/CMakeFiles/CMakeTmp'



Determining if the function pthread_create exists in the pthread passed with the following output:
Change Dir: /home/unitree/navigation_ws/build/pointcloud_to_laserscan/CMakeFiles/CMakeTmp

Run Build Command(s):/usr/bin/make cmTC_060e4/fast && /usr/bin/make -f CMakeFiles/cmTC_060e4.dir/build.make CMakeFiles/cmTC_060e4.dir/build
make[1]: Entering directory '/home/unitree/navigation_ws/build/pointcloud_to_laserscan/CMakeFiles/CMakeTmp'
Building C object CMakeFiles/cmTC_060e4.dir/CheckFunctionExists.c.o
/usr/bin/cc   -DCHECK_FUNCTION_EXISTS=pthread_create   -o CMakeFiles/cmTC_060e4.dir/CheckFunctionExists.c.o   -c /usr/share/cmake-3.16/Modules/CheckFunctionExists.c
Linking C executable cmTC_060e4
/usr/bin/cmake -E cmake_link_script CMakeFiles/cmTC_060e4.dir/link.txt --verbose=1
/usr/bin/cc  -DCHECK_FUNCTION_EXISTS=pthread_create    CMakeFiles/cmTC_060e4.dir/CheckFunctionExists.c.o  -o cmTC_060e4  -lpthread 
make[1]: Leaving directory '/home/unitree/navigation_ws/build/pointcloud_to_laserscan/CMakeFiles/CMakeTmp'



The system is: Linux - 5.10.104-tegra - aarch64
Compiling the C compiler identification source file "CMakeCCompilerId.c" succeeded.
Compiler: /usr/bin/cc 
Build flags: 
Id flags:  

The output was:
0


Compilation of the C compiler identification source "CMakeCCompilerId.c" produced "a.out"

The C compiler identification is GNU, found in "/home/unitree/navigation_ws/build/pointcloud_to_laserscan/CMakeFiles/3.16.3/CompilerIdC/a.out"

Compiling the CXX compiler identification source file "CMakeCXXCompilerId.cpp" succeeded.
Compiler: /usr/bin/c++ 
Build flags: 
Id flags:  

The output was:
0


Compilation of the CXX compiler identification source "CMakeCXXCompilerId.cpp" produced "a.out"

The CXX compiler identification is GNU, found in "/home/unitree/navigation_ws/build/pointcloud_to_laserscan/CMakeFiles/3.16.3/CompilerIdCXX/a.out"

Determining if the C compiler works passed with the following output:
Change Dir: /home/unitree/navigation_ws/build/pointcloud_to_laserscan/CMakeFiles/CMakeTmp

Run Build Command(s):/usr/bin/make cmTC_26009/fast && /usr/bin/make -f CMakeFiles/cmTC_26009.dir/build.make CMakeFiles/cmTC_26009.dir/build
make[1]: Entering directory '/home/unitree/navigation_ws/build/pointcloud_to_laserscan/CMakeFiles/CMakeTmp'
Building C object CMakeFiles/cmTC_26009.dir/testCCompiler.c.o
/usr/bin/cc    -o CMakeFiles/cmTC_26009.dir/testCCompiler.c.o   -c /home/unitree/navigation_ws/build/pointcloud_to_laserscan/CMakeFiles/CMakeTmp/testCCompiler.c
Linking C executable cmTC_26009
/usr/bin/cmake -E cmake_link_script CMakeFiles/cmTC_26009.dir/link.txt --verbose=1
/usr/bin/cc      CMakeFiles/cmTC_26009.dir/testCCompiler.c.o  -o cmTC_26009 
make[1]: Leaving directory '/home/unitree/navigation_ws/build/pointcloud_to_laserscan/CMakeFiles/CMakeTmp'



Detecting C compiler ABI info compiled with the following output:
Change Dir: /home/unitree/navigation_ws/build/pointcloud_to_laserscan/CMakeFiles/CMakeTmp

Run Build Command(s):/usr/bin/make cmTC_50285/fast && /usr/bin/make -f CMakeFiles/cmTC_50285.dir/build.make CMakeFiles/cmTC_50285.dir/build
make[1]: Entering directory '/home/unitree/navigation_ws/build/pointcloud_to_laserscan/CMakeFiles/CMakeTmp'
Building C object CMakeFiles/cmTC_50285.dir/CMakeCCompilerABI.c.o
/usr/bin/cc   -v -o CMakeFiles/cmTC_50285.dir/CMakeCCompilerABI.c.o   -c /usr/share/cmake-3.16/Modules/CMakeCCompilerABI.c
Using built-in specs.
COLLECT_GCC=/usr/bin/cc
Target: aarch64-linux-gnu
Configured with: ../src/configure -v --with-pkgversion='Ubuntu 9.4.0-1ubuntu1~20.04.2' --with-bugurl=file:///usr/share/doc/gcc-9/README.Bugs --enable-languages=c,ada,c++,go,d,fortran,objc,obj-c++,gm2 --prefix=/usr --with-gcc-major-version-only --program-suffix=-9 --program-prefix=aarch64-linux-gnu- --enable-shared --enable-linker-build-id --libexecdir=/usr/lib --without-included-gettext --enable-threads=posix --libdir=/usr/lib --enable-nls --enable-clocale=gnu --enable-libstdcxx-debug --enable-libstdcxx-time=yes --with-default-libstdcxx-abi=new --enable-gnu-unique-object --disable-libquadmath --disable-libquadmath-support --enable-plugin --enable-default-pie --with-system-zlib --with-target-system-zlib=auto --enable-objc-gc=auto --enable-multiarch --enable-fix-cortex-a53-843419 --disable-werror --enable-checking=release --build=aarch64-linux-gnu --host=aarch64-linux-gnu --target=aarch64-linux-gnu
Thread model: posix
gcc version 9.4.0 (Ubuntu 9.4.0-1ubuntu1~20.04.2) 
COLLECT_GCC_OPTIONS='-v' '-o' 'CMakeFiles/cmTC_50285.dir/CMakeCCompilerABI.c.o' '-c' '-mlittle-endian' '-mabi=lp64'
 /usr/lib/gcc/aarch64-linux-gnu/9/cc1 -quiet -v -imultiarch aarch64-linux-gnu /usr/share/cmake-3.16/Modules/CMakeCCompilerABI.c -quiet -dumpbase CMakeCCompilerABI.c -mlittle-endian -mabi=lp64 -auxbase-strip CMakeFiles/cmTC_50285.dir/CMakeCCompilerABI.c.o -version -fasynchronous-unwind-tables -fstack-protector-strong -Wformat -Wformat-security -fstack-clash-protection -o /tmp/cc9itHhF.s
GNU C17 (Ubuntu 9.4.0-1ubuntu1~20.04.2) version 9.4.0 (aarch64-linux-gnu)
	compiled by GNU C version 9.4.0, GMP version 6.2.0, MPFR version 4.0.2, MPC version 1.1.0, isl version isl-0.22.1-GMP

GGC heuristics: --param ggc-min-expand=100 --param ggc-min-heapsize=131072
ignoring nonexistent directory "/usr/local/include/aarch64-linux-gnu"
ignoring nonexistent directory "/usr/lib/gcc/aarch64-linux-gnu/9/include-fixed"
ignoring nonexistent directory "/usr/lib/gcc/aarch64-linux-gnu/9/../../../../aarch64-linux-gnu/include"
#include "..." search starts here:
#include <...> search starts here:
 /usr/lib/gcc/aarch64-linux-gnu/9/include
 /usr/local/include
 /usr/include/aarch64-linux-gnu
 /usr/include
End of search list.
GNU C17 (Ubuntu 9.4.0-1ubuntu1~20.04.2) version 9.4.0 (aarch64-linux-gnu)
	compiled by GNU C version 9.4.0, GMP version 6.2.0, MPFR version 4.0.2, MPC version 1.1.0, isl version isl-0.22.1-GMP

GGC heuristics: --param ggc-min-expand=100 --param ggc-min-heapsize=131072
Compiler executable checksum: bae83efe2e4e7b8eac1a6149e340cc5c
COLLECT_GCC_OPTIONS='-v' '-o' 'CMakeFiles/cmTC_50285.dir/CMakeCCompilerABI.c.o' '-c' '-mlittle-endian' '-mabi=lp64'
 as -v -EL -mabi=lp64 -o CMakeFiles/cmTC_50285.dir/CMakeCCompilerABI.c.o /tmp/cc9itHhF.s
GNU assembler version 2.34 (aarch64-linux-gnu) using BFD version (GNU Binutils for Ubuntu) 2.34
COMPILER_PATH=/usr/lib/gcc/aarch64-linux-gnu/9/:/usr/lib/gcc/aarch64-linux-gnu/9/:/usr/lib/gcc/aarch64-linux-gnu/:/usr/lib/gcc/aarch64-linux-gnu/9/:/usr/lib/gcc/aarch64-linux-gnu/
LIBRARY_PATH=/usr/lib/gcc/aarch64-linux-gnu/9/:/usr/lib/gcc/aarch64-linux-gnu/9/../../../aarch64-linux-gnu/:/usr/lib/gcc/aarch64-linux-gnu/9/../../../../lib/:/lib/aarch64-linux-gnu/:/lib/../lib/:/usr/lib/aarch64-linux-gnu/:/usr/lib/../lib/:/usr/lib/gcc/aarch64-linux-gnu/9/../../../:/lib/:/usr/lib/
COLLECT_GCC_OPTIONS='-v' '-o' 'CMakeFiles/cmTC_50285.dir/CMakeCCompilerABI.c.o' '-c' '-mlittle-endian' '-mabi=lp64'
Linking C executable cmTC_50285
/usr/bin/cmake -E cmake_link_script CMakeFiles/cmTC_50285.dir/link.txt --verbose=1
/usr/bin/cc     -v CMakeFiles/cmTC_50285.dir/CMakeCCompilerABI.c.o  -o cmTC_50285 
Using built-in specs.
COLLECT_GCC=/usr/bin/cc
COLLECT_LTO_WRAPPER=/usr/lib/gcc/aarch64-linux-gnu/9/lto-wrapper
Target: aarch64-linux-gnu
Configured with: ../src/configure -v --with-pkgversion='Ubuntu 9.4.0-1ubuntu1~20.04.2' --with-bugurl=file:///usr/share/doc/gcc-9/README.Bugs --enable-languages=c,ada,c++,go,d,fortran,objc,obj-c++,gm2 --prefix=/usr --with-gcc-major-version-only --program-suffix=-9 --program-prefix=aarch64-linux-gnu- --enable-shared --enable-linker-build-id --libexecdir=/usr/lib --without-included-gettext --enable-threads=posix --libdir=/usr/lib --enable-nls --enable-clocale=gnu --enable-libstdcxx-debug --enable-libstdcxx-time=yes --with-default-libstdcxx-abi=new --enable-gnu-unique-object --disable-libquadmath --disable-libquadmath-support --enable-plugin --enable-default-pie --with-system-zlib --with-target-system-zlib=auto --enable-objc-gc=auto --enable-multiarch --enable-fix-cortex-a53-843419 --disable-werror --enable-checking=release --build=aarch64-linux-gnu --host=aarch64-linux-gnu --target=aarch64-linux-gnu
Thread model: posix
gcc version 9.4.0 (Ubuntu 9.4.0-1ubuntu1~20.04.2) 
COMPILER_PATH=/usr/lib/gcc/aarch64-linux-gnu/9/:/usr/lib/gcc/aarch64-linux-gnu/9/:/usr/lib/gcc/aarch64-linux-gnu/:/usr/lib/gcc/aarch64-linux-gnu/9/:/usr/lib/gcc/aarch64-linux-gnu/
LIBRARY_PATH=/usr/lib/gcc/aarch64-linux-gnu/9/:/usr/lib/gcc/aarch64-linux-gnu/9/../../../aarch64-linux-gnu/:/usr/lib/gcc/aarch64-linux-gnu/9/../../../../lib/:/lib/aarch64-linux-gnu/:/lib/../lib/:/usr/lib/aarch64-linux-gnu/:/usr/lib/../lib/:/usr/lib/gcc/aarch64-linux-gnu/9/../../../:/lib/:/usr/lib/
COLLECT_GCC_OPTIONS='-v' '-o' 'cmTC_50285' '-mlittle-endian' '-mabi=lp64'
 /usr/lib/gcc/aarch64-linux-gnu/9/collect2 -plugin /usr/lib/gcc/aarch64-linux-gnu/9/liblto_plugin.so -plugin-opt=/usr/lib/gcc/aarch64-linux-gnu/9/lto-wrapper -plugin-opt=-fresolution=/tmp/ccfMa0Pj.res -plugin-opt=-pass-through=-lgcc -plugin-opt=-pass-through=-lgcc_s -plugin-opt=-pass-through=-lc -plugin-opt=-pass-through=-lgcc -plugin-opt=-pass-through=-lgcc_s --build-id --eh-frame-hdr --hash-style=gnu --as-needed -dynamic-linker /lib/ld-linux-aarch64.so.1 -X -EL -maarch64linux --fix-cortex-a53-843419 -pie -z now -z relro -o cmTC_50285 /usr/lib/gcc/aarch64-linux-gnu/9/../../../aarch64-linux-gnu/Scrt1.o /usr/lib/gcc/aarch64-linux-gnu/9/../../../aarch64-linux-gnu/crti.o /usr/lib/gcc/aarch64-linux-gnu/9/crtbeginS.o -L/usr/lib/gcc/aarch64-linux-gnu/9 -L/usr/lib/gcc/aarch64-linux-gnu/9/../../../aarch64-linux-gnu -L/usr/lib/gcc/aarch64-linux-gnu/9/../../../../lib -L/lib/aarch64-linux-gnu -L/lib/../lib -L/usr/lib/aarch64-linux-gnu -L/usr/lib/../lib -L/usr/lib/gcc/aarch64-linux-gnu/9/../../.. CMakeFiles/cmTC_50285.dir/CMakeCCompilerABI.c.o -lgcc --push-state --as-needed -lgcc_s --pop-state -lc -lgcc --push-state --as-needed -lgcc_s --pop-state /usr/lib/gcc/aarch64-linux-gnu/9/crtendS.o /usr/lib/gcc/aarch64-linux-gnu/9/../../../aarch64-linux-gnu/crtn.o
COLLECT_GCC_OPTIONS='-v' '-o' 'cmTC_50285' '-mlittle-endian' '-mabi=lp64'
make[1]: Leaving directory '/home/unitree/navigation_ws/build/pointcloud_to_laserscan/CMakeFiles/CMakeTmp'



Parsed C implicit include dir info from above output: rv=done
  found start of include info
  found start of implicit include info
    add: [/usr/lib/gcc/aarch64-linux-gnu/9/include]
    add: [/usr/local/include]
    add: [/usr/include/aarch64-linux-gnu]
    add: [/usr/include]
  end of search list found
  collapse include dir [/usr/lib/gcc/aarch64-linux-gnu/9/include] ==> [/usr/lib/gcc/aarch64-linux-gnu/9/include]
  collapse include dir [/usr/local/include] ==> [/usr/local/include]
  collapse include dir [/usr/include/aarch64-linux-gnu] ==> [/usr/include/aarch64-linux-gnu]
  collapse include dir [/usr/include] ==> [/usr/include]
  implicit include dirs: [/usr/lib/gcc/aarch64-linux-gnu/9/include;/usr/local/include;/usr/include/aarch64-linux-gnu;/usr/include]


Parsed C implicit link information from above output:
  link line regex: [^( *|.*[/\])(ld|CMAKE_LINK_STARTFILE-NOTFOUND|([^/\]+-)?ld|collect2)[^/\]*( |$)]
  ignore line: [Change Dir: /home/unitree/navigation_ws/build/pointcloud_to_laserscan/CMakeFiles/CMakeTmp]
  ignore line: []
  ignore line: [Run Build Command(s):/usr/bin/make cmTC_50285/fast && /usr/bin/make -f CMakeFiles/cmTC_50285.dir/build.make CMakeFiles/cmTC_50285.dir/build]
  ignore line: [make[1]: Entering directory '/home/unitree/navigation_ws/build/pointcloud_to_laserscan/CMakeFiles/CMakeTmp']
  ignore line: [Building C object CMakeFiles/cmTC_50285.dir/CMakeCCompilerABI.c.o]
  ignore line: [/usr/bin/cc   -v -o CMakeFiles/cmTC_50285.dir/CMakeCCompilerABI.c.o   -c /usr/share/cmake-3.16/Modules/CMakeCCompilerABI.c]
  ignore line: [Using built-in specs.]
  ignore line: [COLLECT_GCC=/usr/bin/cc]
  ignore line: [Target: aarch64-linux-gnu]
  ignore line: [Configured with: ../src/configure -v --with-pkgversion='Ubuntu 9.4.0-1ubuntu1~20.04.2' --with-bugurl=file:///usr/share/doc/gcc-9/README.Bugs --enable-languages=c ada c++ go d fortran objc obj-c++ gm2 --prefix=/usr --with-gcc-major-version-only --program-suffix=-9 --program-prefix=aarch64-linux-gnu- --enable-shared --enable-linker-build-id --libexecdir=/usr/lib --without-included-gettext --enable-threads=posix --libdir=/usr/lib --enable-nls --enable-clocale=gnu --enable-libstdcxx-debug --enable-libstdcxx-time=yes --with-default-libstdcxx-abi=new --enable-gnu-unique-object --disable-libquadmath --disable-libquadmath-support --enable-plugin --enable-default-pie --with-system-zlib --with-target-system-zlib=auto --enable-objc-gc=auto --enable-multiarch --enable-fix-cortex-a53-843419 --disable-werror --enable-checking=release --build=aarch64-linux-gnu --host=aarch64-linux-gnu --target=aarch64-linux-gnu]
  ignore line: [Thread model: posix]
  ignore line: [gcc version 9.4.0 (Ubuntu 9.4.0-1ubuntu1~20.04.2) ]
  ignore line: [COLLECT_GCC_OPTIONS='-v' '-o' 'CMakeFiles/cmTC_50285.dir/CMakeCCompilerABI.c.o' '-c' '-mlittle-endian' '-mabi=lp64']
  ignore line: [ /usr/lib/gcc/aarch64-linux-gnu/9/cc1 -quiet -v -imultiarch aarch64-linux-gnu /usr/share/cmake-3.16/Modules/CMakeCCompilerABI.c -quiet -dumpbase CMakeCCompilerABI.c -mlittle-endian -mabi=lp64 -auxbase-strip CMakeFiles/cmTC_50285.dir/CMakeCCompilerABI.c.o -version -fasynchronous-unwind-tables -fstack-protector-strong -Wformat -Wformat-security -fstack-clash-protection -o /tmp/cc9itHhF.s]
  ignore line: [GNU C17 (Ubuntu 9.4.0-1ubuntu1~20.04.2) version 9.4.0 (aarch64-linux-gnu)]
  ignore line: [	compiled by GNU C version 9.4.0  GMP version 6.2.0  MPFR version 4.0.2  MPC version 1.1.0  isl version isl-0.22.1-GMP]
  ignore line: []
  ignore line: [GGC heuristics: --param ggc-min-expand=100 --param ggc-min-heapsize=131072]
  ignore line: [ignoring nonexistent directory "/usr/local/include/aarch64-linux-gnu"]
  ignore line: [ignoring nonexistent directory "/usr/lib/gcc/aarch64-linux-gnu/9/include-fixed"]
  ignore line: [ignoring nonexistent directory "/usr/lib/gcc/aarch64-linux-gnu/9/../../../../aarch64-linux-gnu/include"]
  ignore line: [#include "..." search starts here:]
  ignore line: [#include <...> search starts here:]
  ignore line: [ /usr/lib/gcc/aarch64-linux-gnu/9/include]
  ignore line: [ /usr/local/include]
  ignore line: [ /usr/include/aarch64-linux-gnu]
  ignore line: [ /usr/include]
  ignore line: [End of search list.]
  ignore line: [GNU C17 (Ubuntu 9.4.0-1ubuntu1~20.04.2) version 9.4.0 (aarch64-linux-gnu)]
  ignore line: [	compiled by GNU C version 9.4.0  GMP version 6.2.0  MPFR version 4.0.2  MPC version 1.1.0  isl version isl-0.22.1-GMP]
  ignore line: []
  ignore line: [GGC heuristics: --param ggc-min-expand=100 --param ggc-min-heapsize=131072]
  ignore line: [Compiler executable checksum: bae83efe2e4e7b8eac1a6149e340cc5c]
  ignore line: [COLLECT_GCC_OPTIONS='-v' '-o' 'CMakeFiles/cmTC_50285.dir/CMakeCCompilerABI.c.o' '-c' '-mlittle-endian' '-mabi=lp64']
  ignore line: [ as -v -EL -mabi=lp64 -o CMakeFiles/cmTC_50285.dir/CMakeCCompilerABI.c.o /tmp/cc9itHhF.s]
  ignore line: [GNU assembler version 2.34 (aarch64-linux-gnu) using BFD version (GNU Binutils for Ubuntu) 2.34]
  ignore line: [COMPILER_PATH=/usr/lib/gcc/aarch64-linux-gnu/9/:/usr/lib/gcc/aarch64-linux-gnu/9/:/usr/lib/gcc/aarch64-linux-gnu/:/usr/lib/gcc/aarch64-linux-gnu/9/:/usr/lib/gcc/aarch64-linux-gnu/]
  ignore line: [LIBRARY_PATH=/usr/lib/gcc/aarch64-linux-gnu/9/:/usr/lib/gcc/aarch64-linux-gnu/9/../../../aarch64-linux-gnu/:/usr/lib/gcc/aarch64-linux-gnu/9/../../../../lib/:/lib/aarch64-linux-gnu/:/lib/../lib/:/usr/lib/aarch64-linux-gnu/:/usr/lib/../lib/:/usr/lib/gcc/aarch64-linux-gnu/9/../../../:/lib/:/usr/lib/]
  ignore line: [COLLECT_GCC_OPTIONS='-v' '-o' 'CMakeFiles/cmTC_50285.dir/CMakeCCompilerABI.c.o' '-c' '-mlittle-endian' '-mabi=lp64']
  ignore line: [Linking C executable cmTC_50285]
  ignore line: [/usr/bin/cmake -E cmake_link_script CMakeFiles/cmTC_50285.dir/link.txt --verbose=1]
  ignore line: [/usr/bin/cc     -v CMakeFiles/cmTC_50285.dir/CMakeCCompilerABI.c.o  -o cmTC_50285 ]
  ignore line: [Using built-in specs.]
  ignore line: [COLLECT_GCC=/usr/bin/cc]
  ignore line: [COLLECT_LTO_WRAPPER=/usr/lib/gcc/aarch64-linux-gnu/9/lto-wrapper]
  ignore line: [Target: aarch64-linux-gnu]
  ignore line: [Configured with: ../src/configure -v --with-pkgversion='Ubuntu 9.4.0-1ubuntu1~20.04.2' --with-bugurl=file:///usr/share/doc/gcc-9/README.Bugs --enable-languages=c ada c++ go d fortran objc obj-c++ gm2 --prefix=/usr --with-gcc-major-version-only --program-suffix=-9 --program-prefix=aarch64-linux-gnu- --enable-shared --enable-linker-build-id --libexecdir=/usr/lib --without-included-gettext --enable-threads=posix --libdir=/usr/lib --enable-nls --enable-clocale=gnu --enable-libstdcxx-debug --enable-libstdcxx-time=yes --with-default-libstdcxx-abi=new --enable-gnu-unique-object --disable-libquadmath --disable-libquadmath-support --enable-plugin --enable-default-pie --with-system-zlib --with-target-system-zlib=auto --enable-objc-gc=auto --enable-multiarch --enable-fix-cortex-a53-843419 --disable-werror --enable-checking=release --build=aarch64-linux-gnu --host=aarch64-linux-gnu --target=aarch64-linux-gnu]
  ignore line: [Thread model: posix]
  ignore line: [gcc version 9.4.0 (Ubuntu 9.4.0-1ubuntu1~20.04.2) ]
  ignore line: [COMPILER_PATH=/usr/lib/gcc/aarch64-linux-gnu/9/:/usr/lib/gcc/aarch64-linux-gnu/9/:/usr/lib/gcc/aarch64-linux-gnu/:/usr/lib/gcc/aarch64-linux-gnu/9/:/usr/lib/gcc/aarch64-linux-gnu/]
  ignore line: [LIBRARY_PATH=/usr/lib/gcc/aarch64-linux-gnu/9/:/usr/lib/gcc/aarch64-linux-gnu/9/../../../aarch64-linux-gnu/:/usr/lib/gcc/aarch64-linux-gnu/9/../../../../lib/:/lib/aarch64-linux-gnu/:/lib/../lib/:/usr/lib/aarch64-linux-gnu/:/usr/lib/../lib/:/usr/lib/gcc/aarch64-linux-gnu/9/../../../:/lib/:/usr/lib/]
  ignore line: [COLLECT_GCC_OPTIONS='-v' '-o' 'cmTC_50285' '-mlittle-endian' '-mabi=lp64']
  link line: [ /usr/lib/gcc/aarch64-linux-gnu/9/collect2 -plugin /usr/lib/gcc/aarch64-linux-gnu/9/liblto_plugin.so -plugin-opt=/usr/lib/gcc/aarch64-linux-gnu/9/lto-wrapper -plugin-opt=-fresolution=/tmp/ccfMa0Pj.res -plugin-opt=-pass-through=-lgcc -plugin-opt=-pass-through=-lgcc_s -plugin-opt=-pass-through=-lc -plugin-opt=-pass-through=-lgcc -plugin-opt=-pass-through=-lgcc_s --build-id --eh-frame-hdr --hash-style=gnu --as-needed -dynamic-linker /lib/ld-linux-aarch64.so.1 -X -EL -maarch64linux --fix-cortex-a53-843419 -pie -z now -z relro -o cmTC_50285 /usr/lib/gcc/aarch64-linux-gnu/9/../../../aarch64-linux-gnu/Scrt1.o /usr/lib/gcc/aarch64-linux-gnu/9/../../../aarch64-linux-gnu/crti.o /usr/lib/gcc/aarch64-linux-gnu/9/crtbeginS.o -L/usr/lib/gcc/aarch64-linux-gnu/9 -L/usr/lib/gcc/aarch64-linux-gnu/9/../../../aarch64-linux-gnu -L/usr/lib/gcc/aarch64-linux-gnu/9/../../../../lib -L/lib/aarch64-linux-gnu -L/lib/../lib -L/usr/lib/aarch64-linux-gnu -L/usr/lib/../lib -L/usr/lib/gcc/aarch64-linux-gnu/9/../../.. CMakeFiles/cmTC_50285.dir/CMakeCCompilerABI.c.o -lgcc --push-state --as-needed -lgcc_s --pop-state -lc -lgcc --push-state --as-needed -lgcc_s --pop-state /usr/lib/gcc/aarch64-linux-gnu/9/crtendS.o /usr/lib/gcc/aarch64-linux-gnu/9/../../../aarch64-linux-gnu/crtn.o]
    arg [/usr/lib/gcc/aarch64-linux-gnu/9/collect2] ==> ignore
    arg [-plugin] ==> ignore
    arg [/usr/lib/gcc/aarch64-linux-gnu/9/liblto_plugin.so] ==> ignore
    arg [-plugin-opt=/usr/lib/gcc/aarch64-linux-gnu/9/lto-wrapper] ==> ignore
    arg [-plugin-opt=-fresolution=/tmp/ccfMa0Pj.res] ==> ignore
    arg [-plugin-opt=-pass-through=-lgcc] ==> ignore
    arg [-plugin-opt=-pass-through=-lgcc_s] ==> ignore
    arg [-plugin-opt=-pass-through=-lc] ==> ignore
    arg [-plugin-opt=-pass-through=-lgcc] ==> ignore
    arg [-plugin-opt=-pass-through=-lgcc_s] ==> ignore
    arg [--build-id] ==> ignore
    arg [--eh-frame-hdr] ==> ignore
    arg [--hash-style=gnu] ==> ignore
    arg [--as-needed] ==> ignore
    arg [-dynamic-linker] ==> ignore
    arg [/lib/ld-linux-aarch64.so.1] ==> ignore
    arg [-X] ==> ignore
    arg [-EL] ==> ignore
    arg [-maarch64linux] ==> ignore
    arg [--fix-cortex-a53-843419] ==> ignore
    arg [-pie] ==> ignore
    arg [-znow] ==> ignore
    arg [-zrelro] ==> ignore
    arg [-o] ==> ignore
    arg [cmTC_50285] ==> ignore
    arg [/usr/lib/gcc/aarch64-linux-gnu/9/../../../aarch64-linux-gnu/Scrt1.o] ==> ignore
    arg [/usr/lib/gcc/aarch64-linux-gnu/9/../../../aarch64-linux-gnu/crti.o] ==> ignore
    arg [/usr/lib/gcc/aarch64-linux-gnu/9/crtbeginS.o] ==> ignore
    arg [-L/usr/lib/gcc/aarch64-linux-gnu/9] ==> dir [/usr/lib/gcc/aarch64-linux-gnu/9]
    arg [-L/usr/lib/gcc/aarch64-linux-gnu/9/../../../aarch64-linux-gnu] ==> dir [/usr/lib/gcc/aarch64-linux-gnu/9/../../../aarch64-linux-gnu]
    arg [-L/usr/lib/gcc/aarch64-linux-gnu/9/../../../../lib] ==> dir [/usr/lib/gcc/aarch64-linux-gnu/9/../../../../lib]
    arg [-L/lib/aarch64-linux-gnu] ==> dir [/lib/aarch64-linux-gnu]
    arg [-L/lib/../lib] ==> dir [/lib/../lib]
    arg [-L/usr/lib/aarch64-linux-gnu] ==> dir [/usr/lib/aarch64-linux-gnu]
    arg [-L/usr/lib/../lib] ==> dir [/usr/lib/../lib]
    arg [-L/usr/lib/gcc/aarch64-linux-gnu/9/../../..] ==> dir [/usr/lib/gcc/aarch64-linux-gnu/9/../../..]
    arg [CMakeFiles/cmTC_50285.dir/CMakeCCompilerABI.c.o] ==> ignore
    arg [-lgcc] ==> lib [gcc]
    arg [--push-state] ==> ignore
    arg [--as-needed] ==> ignore
    arg [-lgcc_s] ==> lib [gcc_s]
    arg [--pop-state] ==> ignore
    arg [-lc] ==> lib [c]
    arg [-lgcc] ==> lib [gcc]
    arg [--push-state] ==> ignore
    arg [--as-needed] ==> ignore
    arg [-lgcc_s] ==> lib [gcc_s]
    arg [--pop-state] ==> ignore
    arg [/usr/lib/gcc/aarch64-linux-gnu/9/crtendS.o] ==> ignore
    arg [/usr/lib/gcc/aarch64-linux-gnu/9/../../../aarch64-linux-gnu/crtn.o] ==> ignore
  collapse library dir [/usr/lib/gcc/aarch64-linux-gnu/9] ==> [/usr/lib/gcc/aarch64-linux-gnu/9]
  collapse library dir [/usr/lib/gcc/aarch64-linux-gnu/9/../../../aarch64-linux-gnu] ==> [/usr/lib/aarch64-linux-gnu]
  collapse library dir [/usr/lib/gcc/aarch64-linux-gnu/9/../../../../lib] ==> [/usr/lib]
  collapse library dir [/lib/aarch64-linux-gnu] ==> [/lib/aarch64-linux-gnu]
  collapse library dir [/lib/../lib] ==> [/lib]
  collapse library dir [/usr/lib/aarch64-linux-gnu] ==> [/usr/lib/aarch64-linux-gnu]
  collapse library dir [/usr/lib/../lib] ==> [/usr/lib]
  collapse library dir [/usr/lib/gcc/aarch64-linux-gnu/9/../../..] ==> [/usr/lib]
  implicit libs: [gcc;gcc_s;c;gcc;gcc_s]
  implicit dirs: [/usr/lib/gcc/aarch64-linux-gnu/9;/usr/lib/aarch64-linux-gnu;/usr/lib;/lib/aarch64-linux-gnu;/lib]
  implicit fwks: []


Determining if the CXX compiler works passed with the following output:
Change Dir: /home/unitree/navigation_ws/build/pointcloud_to_laserscan/CMakeFiles/CMakeTmp

Run Build Command(s):/usr/bin/make cmTC_1b7c6/fast && /usr/bin/make -f CMakeFiles/cmTC_1b7c6.dir/build.make CMakeFiles/cmTC_1b7c6.dir/build
make[1]: Entering directory '/home/unitree/navigation_ws/build/pointcloud_to_laserscan/CMakeFiles/CMakeTmp'
Building CXX object CMakeFiles/cmTC_1b7c6.dir/testCXXCompiler.cxx.o
/usr/bin/c++     -o CMakeFiles/cmTC_1b7c6.dir/testCXXCompiler.cxx.o -c /home/unitree/navigation_ws/build/pointcloud_to_laserscan/CMakeFiles/CMakeTmp/testCXXCompiler.cxx
Linking CXX executable cmTC_1b7c6
/usr/bin/cmake -E cmake_link_script CMakeFiles/cmTC_1b7c6.dir/link.txt --verbose=1
/usr/bin/c++       CMakeFiles/cmTC_1b7c6.dir/testCXXCompiler.cxx.o  -o cmTC_1b7c6 
make[1]: Leaving directory '/home/unitree/navigation_ws/build/pointcloud_to_laserscan/CMakeFiles/CMakeTmp'



Detecting CXX compiler ABI info compiled with the following output:
Change Dir: /home/unitree/navigation_ws/build/pointcloud_to_laserscan/CMakeFiles/CMakeTmp

Run Build Command(s):/usr/bin/make cmTC_1e3a5/fast && /usr/bin/make -f CMakeFiles/cmTC_1e3a5.dir/build.make CMakeFiles/cmTC_1e3a5.dir/build
make[1]: Entering directory '/home/unitree/navigation_ws/build/pointcloud_to_laserscan/CMakeFiles/CMakeTmp'
Building CXX object CMakeFiles/cmTC_1e3a5.dir/CMakeCXXCompilerABI.cpp.o
/usr/bin/c++    -v -o CMakeFiles/cmTC_1e3a5.dir/CMakeCXXCompilerABI.cpp.o -c /usr/share/cmake-3.16/Modules/CMakeCXXCompilerABI.cpp
Using built-in specs.
COLLECT_GCC=/usr/bin/c++
Target: aarch64-linux-gnu
Configured with: ../src/configure -v --with-pkgversion='Ubuntu 9.4.0-1ubuntu1~20.04.2' --with-bugurl=file:///usr/share/doc/gcc-9/README.Bugs --enable-languages=c,ada,c++,go,d,fortran,objc,obj-c++,gm2 --prefix=/usr --with-gcc-major-version-only --program-suffix=-9 --program-prefix=aarch64-linux-gnu- --enable-shared --enable-linker-build-id --libexecdir=/usr/lib --without-included-gettext --enable-threads=posix --libdir=/usr/lib --enable-nls --enable-clocale=gnu --enable-libstdcxx-debug --enable-libstdcxx-time=yes --with-default-libstdcxx-abi=new --enable-gnu-unique-object --disable-libquadmath --disable-libquadmath-support --enable-plugin --enable-default-pie --with-system-zlib --with-target-system-zlib=auto --enable-objc-gc=auto --enable-multiarch --enable-fix-cortex-a53-843419 --disable-werror --enable-checking=release --build=aarch64-linux-gnu --host=aarch64-linux-gnu --target=aarch64-linux-gnu
Thread model: posix
gcc version 9.4.0 (Ubuntu 9.4.0-1ubuntu1~20.04.2) 
COLLECT_GCC_OPTIONS='-v' '-o' 'CMakeFiles/cmTC_1e3a5.dir/CMakeCXXCompilerABI.cpp.o' '-c' '-shared-libgcc' '-mlittle-endian' '-mabi=lp64'
 /usr/lib/gcc/aarch64-linux-gnu/9/cc1plus -quiet -v -imultiarch aarch64-linux-gnu -D_GNU_SOURCE /usr/share/cmake-3.16/Modules/CMakeCXXCompilerABI.cpp -quiet -dumpbase CMakeCXXCompilerABI.cpp -mlittle-endian -mabi=lp64 -auxbase-strip CMakeFiles/cmTC_1e3a5.dir/CMakeCXXCompilerABI.cpp.o -version -fasynchronous-unwind-tables -fstack-protector-strong -Wformat -Wformat-security -fstack-clash-protection -o /tmp/cc6tq4Yo.s
GNU C++14 (Ubuntu 9.4.0-1ubuntu1~20.04.2) version 9.4.0 (aarch64-linux-gnu)
	compiled by GNU C version 9.4.0, GMP version 6.2.0, MPFR version 4.0.2, MPC version 1.1.0, isl version isl-0.22.1-GMP

GGC heuristics: --param ggc-min-expand=100 --param ggc-min-heapsize=131072
ignoring duplicate directory "/usr/include/aarch64-linux-gnu/c++/9"
ignoring nonexistent directory "/usr/local/include/aarch64-linux-gnu"
ignoring nonexistent directory "/usr/lib/gcc/aarch64-linux-gnu/9/include-fixed"
ignoring nonexistent directory "/usr/lib/gcc/aarch64-linux-gnu/9/../../../../aarch64-linux-gnu/include"
#include "..." search starts here:
#include <...> search starts here:
 /usr/include/c++/9
 /usr/include/aarch64-linux-gnu/c++/9
 /usr/include/c++/9/backward
 /usr/lib/gcc/aarch64-linux-gnu/9/include
 /usr/local/include
 /usr/include/aarch64-linux-gnu
 /usr/include
End of search list.
GNU C++14 (Ubuntu 9.4.0-1ubuntu1~20.04.2) version 9.4.0 (aarch64-linux-gnu)
	compiled by GNU C version 9.4.0, GMP version 6.2.0, MPFR version 4.0.2, MPC version 1.1.0, isl version isl-0.22.1-GMP

GGC heuristics: --param ggc-min-expand=100 --param ggc-min-heapsize=131072
Compiler executable checksum: 76f300a9566415b293c4e87b0a05621d
COLLECT_GCC_OPTIONS='-v' '-o' 'CMakeFiles/cmTC_1e3a5.dir/CMakeCXXCompilerABI.cpp.o' '-c' '-shared-libgcc' '-mlittle-endian' '-mabi=lp64'
 as -v -EL -mabi=lp64 -o CMakeFiles/cmTC_1e3a5.dir/CMakeCXXCompilerABI.cpp.o /tmp/cc6tq4Yo.s
GNU assembler version 2.34 (aarch64-linux-gnu) using BFD version (GNU Binutils for Ubuntu) 2.34
COMPILER_PATH=/usr/lib/gcc/aarch64-linux-gnu/9/:/usr/lib/gcc/aarch64-linux-gnu/9/:/usr/lib/gcc/aarch64-linux-gnu/:/usr/lib/gcc/aarch64-linux-gnu/9/:/usr/lib/gcc/aarch64-linux-gnu/
LIBRARY_PATH=/usr/lib/gcc/aarch64-linux-gnu/9/:/usr/lib/gcc/aarch64-linux-gnu/9/../../../aarch64-linux-gnu/:/usr/lib/gcc/aarch64-linux-gnu/9/../../../../lib/:/lib/aarch64-linux-gnu/:/lib/../lib/:/usr/lib/aarch64-linux-gnu/:/usr/lib/../lib/:/usr/lib/gcc/aarch64-linux-gnu/9/../../../:/lib/:/usr/lib/
COLLECT_GCC_OPTIONS='-v' '-o' 'CMakeFiles/cmTC_1e3a5.dir/CMakeCXXCompilerABI.cpp.o' '-c' '-shared-libgcc' '-mlittle-endian' '-mabi=lp64'
Linking CXX executable cmTC_1e3a5
/usr/bin/cmake -E cmake_link_script CMakeFiles/cmTC_1e3a5.dir/link.txt --verbose=1
/usr/bin/c++      -v CMakeFiles/cmTC_1e3a5.dir/CMakeCXXCompilerABI.cpp.o  -o cmTC_1e3a5 
Using built-in specs.
COLLECT_GCC=/usr/bin/c++
COLLECT_LTO_WRAPPER=/usr/lib/gcc/aarch64-linux-gnu/9/lto-wrapper
Target: aarch64-linux-gnu
Configured with: ../src/configure -v --with-pkgversion='Ubuntu 9.4.0-1ubuntu1~20.04.2' --with-bugurl=file:///usr/share/doc/gcc-9/README.Bugs --enable-languages=c,ada,c++,go,d,fortran,objc,obj-c++,gm2 --prefix=/usr --with-gcc-major-version-only --program-suffix=-9 --program-prefix=aarch64-linux-gnu- --enable-shared --enable-linker-build-id --libexecdir=/usr/lib --without-included-gettext --enable-threads=posix --libdir=/usr/lib --enable-nls --enable-clocale=gnu --enable-libstdcxx-debug --enable-libstdcxx-time=yes --with-default-libstdcxx-abi=new --enable-gnu-unique-object --disable-libquadmath --disable-libquadmath-support --enable-plugin --enable-default-pie --with-system-zlib --with-target-system-zlib=auto --enable-objc-gc=auto --enable-multiarch --enable-fix-cortex-a53-843419 --disable-werror --enable-checking=release --build=aarch64-linux-gnu --host=aarch64-linux-gnu --target=aarch64-linux-gnu
Thread model: posix
gcc version 9.4.0 (Ubuntu 9.4.0-1ubuntu1~20.04.2) 
COMPILER_PATH=/usr/lib/gcc/aarch64-linux-gnu/9/:/usr/lib/gcc/aarch64-linux-gnu/9/:/usr/lib/gcc/aarch64-linux-gnu/:/usr/lib/gcc/aarch64-linux-gnu/9/:/usr/lib/gcc/aarch64-linux-gnu/
LIBRARY_PATH=/usr/lib/gcc/aarch64-linux-gnu/9/:/usr/lib/gcc/aarch64-linux-gnu/9/../../../aarch64-linux-gnu/:/usr/lib/gcc/aarch64-linux-gnu/9/../../../../lib/:/lib/aarch64-linux-gnu/:/lib/../lib/:/usr/lib/aarch64-linux-gnu/:/usr/lib/../lib/:/usr/lib/gcc/aarch64-linux-gnu/9/../../../:/lib/:/usr/lib/
COLLECT_GCC_OPTIONS='-v' '-o' 'cmTC_1e3a5' '-shared-libgcc' '-mlittle-endian' '-mabi=lp64'
 /usr/lib/gcc/aarch64-linux-gnu/9/collect2 -plugin /usr/lib/gcc/aarch64-linux-gnu/9/liblto_plugin.so -plugin-opt=/usr/lib/gcc/aarch64-linux-gnu/9/lto-wrapper -plugin-opt=-fresolution=/tmp/cc8dIJSc.res -plugin-opt=-pass-through=-lgcc_s -plugin-opt=-pass-through=-lgcc -plugin-opt=-pass-through=-lc -plugin-opt=-pass-through=-lgcc_s -plugin-opt=-pass-through=-lgcc --build-id --eh-frame-hdr --hash-style=gnu --as-needed -dynamic-linker /lib/ld-linux-aarch64.so.1 -X -EL -maarch64linux --fix-cortex-a53-843419 -pie -z now -z relro -o cmTC_1e3a5 /usr/lib/gcc/aarch64-linux-gnu/9/../../../aarch64-linux-gnu/Scrt1.o /usr/lib/gcc/aarch64-linux-gnu/9/../../../aarch64-linux-gnu/crti.o /usr/lib/gcc/aarch64-linux-gnu/9/crtbeginS.o -L/usr/lib/gcc/aarch64-linux-gnu/9 -L/usr/lib/gcc/aarch64-linux-gnu/9/../../../aarch64-linux-gnu -L/usr/lib/gcc/aarch64-linux-gnu/9/../../../../lib -L/lib/aarch64-linux-gnu -L/lib/../lib -L/usr/lib/aarch64-linux-gnu -L/usr/lib/../lib -L/usr/lib/gcc/aarch64-linux-gnu/9/../../.. CMakeFiles/cmTC_1e3a5.dir/CMakeCXXCompilerABI.cpp.o -lstdc++ -lm -lgcc_s -lgcc -lc -lgcc_s -lgcc /usr/lib/gcc/aarch64-linux-gnu/9/crtendS.o /usr/lib/gcc/aarch64-linux-gnu/9/../../../aarch64-linux-gnu/crtn.o
COLLECT_GCC_OPTIONS='-v' '-o' 'cmTC_1e3a5' '-shared-libgcc' '-mlittle-endian' '-mabi=lp64'
make[1]: Leaving directory '/home/unitree/navigation_ws/build/pointcloud_to_laserscan/CMakeFiles/CMakeTmp'



Parsed CXX implicit include dir info from above output: rv=done
  found start of include info
  found start of implicit include info
    add: [/usr/include/c++/9]
    add: [/usr/include/aarch64-linux-gnu/c++/9]
    add: [/usr/include/c++/9/backward]
    add: [/usr/lib/gcc/aarch64-linux-gnu/9/include]
    add: [/usr/local/include]
    add: [/usr/include/aarch64-linux-gnu]
    add: [/usr/include]
  end of search list found
  collapse include dir [/usr/include/c++/9] ==> [/usr/include/c++/9]
  collapse include dir [/usr/include/aarch64-linux-gnu/c++/9] ==> [/usr/include/aarch64-linux-gnu/c++/9]
  collapse include dir [/usr/include/c++/9/backward] ==> [/usr/include/c++/9/backward]
  collapse include dir [/usr/lib/gcc/aarch64-linux-gnu/9/include] ==> [/usr/lib/gcc/aarch64-linux-gnu/9/include]
  collapse include dir [/usr/local/include] ==> [/usr/local/include]
  collapse include dir [/usr/include/aarch64-linux-gnu] ==> [/usr/include/aarch64-linux-gnu]
  collapse include dir [/usr/include] ==> [/usr/include]
  implicit include dirs: [/usr/include/c++/9;/usr/include/aarch64-linux-gnu/c++/9;/usr/include/c++/9/backward;/usr/lib/gcc/aarch64-linux-gnu/9/include;/usr/local/include;/usr/include/aarch64-linux-gnu;/usr/include]


Parsed CXX implicit link information from above output:
  link line regex: [^( *|.*[/\])(ld|CMAKE_LINK_STARTFILE-NOTFOUND|([^/\]+-)?ld|collect2)[^/\]*( |$)]
  ignore line: [Change Dir: /home/unitree/navigation_ws/build/pointcloud_to_laserscan/CMakeFiles/CMakeTmp]
  ignore line: []
  ignore line: [Run Build Command(s):/usr/bin/make cmTC_1e3a5/fast && /usr/bin/make -f CMakeFiles/cmTC_1e3a5.dir/build.make CMakeFiles/cmTC_1e3a5.dir/build]
  ignore line: [make[1]: Entering directory '/home/unitree/navigation_ws/build/pointcloud_to_laserscan/CMakeFiles/CMakeTmp']
  ignore line: [Building CXX object CMakeFiles/cmTC_1e3a5.dir/CMakeCXXCompilerABI.cpp.o]
  ignore line: [/usr/bin/c++    -v -o CMakeFiles/cmTC_1e3a5.dir/CMakeCXXCompilerABI.cpp.o -c /usr/share/cmake-3.16/Modules/CMakeCXXCompilerABI.cpp]
  ignore line: [Using built-in specs.]
  ignore line: [COLLECT_GCC=/usr/bin/c++]
  ignore line: [Target: aarch64-linux-gnu]
  ignore line: [Configured with: ../src/configure -v --with-pkgversion='Ubuntu 9.4.0-1ubuntu1~20.04.2' --with-bugurl=file:///usr/share/doc/gcc-9/README.Bugs --enable-languages=c ada c++ go d fortran objc obj-c++ gm2 --prefix=/usr --with-gcc-major-version-only --program-suffix=-9 --program-prefix=aarch64-linux-gnu- --enable-shared --enable-linker-build-id --libexecdir=/usr/lib --without-included-gettext --enable-threads=posix --libdir=/usr/lib --enable-nls --enable-clocale=gnu --enable-libstdcxx-debug --enable-libstdcxx-time=yes --with-default-libstdcxx-abi=new --enable-gnu-unique-object --disable-libquadmath --disable-libquadmath-support --enable-plugin --enable-default-pie --with-system-zlib --with-target-system-zlib=auto --enable-objc-gc=auto --enable-multiarch --enable-fix-cortex-a53-843419 --disable-werror --enable-checking=release --build=aarch64-linux-gnu --host=aarch64-linux-gnu --target=aarch64-linux-gnu]
  ignore line: [Thread model: posix]
  ignore line: [gcc version 9.4.0 (Ubuntu 9.4.0-1ubuntu1~20.04.2) ]
  ignore line: [COLLECT_GCC_OPTIONS='-v' '-o' 'CMakeFiles/cmTC_1e3a5.dir/CMakeCXXCompilerABI.cpp.o' '-c' '-shared-libgcc' '-mlittle-endian' '-mabi=lp64']
  ignore line: [ /usr/lib/gcc/aarch64-linux-gnu/9/cc1plus -quiet -v -imultiarch aarch64-linux-gnu -D_GNU_SOURCE /usr/share/cmake-3.16/Modules/CMakeCXXCompilerABI.cpp -quiet -dumpbase CMakeCXXCompilerABI.cpp -mlittle-endian -mabi=lp64 -auxbase-strip CMakeFiles/cmTC_1e3a5.dir/CMakeCXXCompilerABI.cpp.o -version -fasynchronous-unwind-tables -fstack-protector-strong -Wformat -Wformat-security -fstack-clash-protection -o /tmp/cc6tq4Yo.s]
  ignore line: [GNU C++14 (Ubuntu 9.4.0-1ubuntu1~20.04.2) version 9.4.0 (aarch64-linux-gnu)]
  ignore line: [	compiled by GNU C version 9.4.0  GMP version 6.2.0  MPFR version 4.0.2  MPC version 1.1.0  isl version isl-0.22.1-GMP]
  ignore line: []
  ignore line: [GGC heuristics: --param ggc-min-expand=100 --param ggc-min-heapsize=131072]
  ignore line: [ignoring duplicate directory "/usr/include/aarch64-linux-gnu/c++/9"]
  ignore line: [ignoring nonexistent directory "/usr/local/include/aarch64-linux-gnu"]
  ignore line: [ignoring nonexistent directory "/usr/lib/gcc/aarch64-linux-gnu/9/include-fixed"]
  ignore line: [ignoring nonexistent directory "/usr/lib/gcc/aarch64-linux-gnu/9/../../../../aarch64-linux-gnu/include"]
  ignore line: [#include "..." search starts here:]
  ignore line: [#include <...> search starts here:]
  ignore line: [ /usr/include/c++/9]
  ignore line: [ /usr/include/aarch64-linux-gnu/c++/9]
  ignore line: [ /usr/include/c++/9/backward]
  ignore line: [ /usr/lib/gcc/aarch64-linux-gnu/9/include]
  ignore line: [ /usr/local/include]
  ignore line: [ /usr/include/aarch64-linux-gnu]
  ignore line: [ /usr/include]
  ignore line: [End of search list.]
  ignore line: [GNU C++14 (Ubuntu 9.4.0-1ubuntu1~20.04.2) version 9.4.0 (aarch64-linux-gnu)]
  ignore line: [	compiled by GNU C version 9.4.0  GMP version 6.2.0  MPFR version 4.0.2  MPC version 1.1.0  isl version isl-0.22.1-GMP]
  ignore line: []
  ignore line: [GGC heuristics: --param ggc-min-expand=100 --param ggc-min-heapsize=131072]
  ignore line: [Compiler executable checksum: 76f300a9566415b293c4e87b0a05621d]
  ignore line: [COLLECT_GCC_OPTIONS='-v' '-o' 'CMakeFiles/cmTC_1e3a5.dir/CMakeCXXCompilerABI.cpp.o' '-c' '-shared-libgcc' '-mlittle-endian' '-mabi=lp64']
  ignore line: [ as -v -EL -mabi=lp64 -o CMakeFiles/cmTC_1e3a5.dir/CMakeCXXCompilerABI.cpp.o /tmp/cc6tq4Yo.s]
  ignore line: [GNU assembler version 2.34 (aarch64-linux-gnu) using BFD version (GNU Binutils for Ubuntu) 2.34]
  ignore line: [COMPILER_PATH=/usr/lib/gcc/aarch64-linux-gnu/9/:/usr/lib/gcc/aarch64-linux-gnu/9/:/usr/lib/gcc/aarch64-linux-gnu/:/usr/lib/gcc/aarch64-linux-gnu/9/:/usr/lib/gcc/aarch64-linux-gnu/]
  ignore line: [LIBRARY_PATH=/usr/lib/gcc/aarch64-linux-gnu/9/:/usr/lib/gcc/aarch64-linux-gnu/9/../../../aarch64-linux-gnu/:/usr/lib/gcc/aarch64-linux-gnu/9/../../../../lib/:/lib/aarch64-linux-gnu/:/lib/../lib/:/usr/lib/aarch64-linux-gnu/:/usr/lib/../lib/:/usr/lib/gcc/aarch64-linux-gnu/9/../../../:/lib/:/usr/lib/]
  ignore line: [COLLECT_GCC_OPTIONS='-v' '-o' 'CMakeFiles/cmTC_1e3a5.dir/CMakeCXXCompilerABI.cpp.o' '-c' '-shared-libgcc' '-mlittle-endian' '-mabi=lp64']
  ignore line: [Linking CXX executable cmTC_1e3a5]
  ignore line: [/usr/bin/cmake -E cmake_link_script CMakeFiles/cmTC_1e3a5.dir/link.txt --verbose=1]
  ignore line: [/usr/bin/c++      -v CMakeFiles/cmTC_1e3a5.dir/CMakeCXXCompilerABI.cpp.o  -o cmTC_1e3a5 ]
  ignore line: [Using built-in specs.]
  ignore line: [COLLECT_GCC=/usr/bin/c++]
  ignore line: [COLLECT_LTO_WRAPPER=/usr/lib/gcc/aarch64-linux-gnu/9/lto-wrapper]
  ignore line: [Target: aarch64-linux-gnu]
  ignore line: [Configured with: ../src/configure -v --with-pkgversion='Ubuntu 9.4.0-1ubuntu1~20.04.2' --with-bugurl=file:///usr/share/doc/gcc-9/README.Bugs --enable-languages=c ada c++ go d fortran objc obj-c++ gm2 --prefix=/usr --with-gcc-major-version-only --program-suffix=-9 --program-prefix=aarch64-linux-gnu- --enable-shared --enable-linker-build-id --libexecdir=/usr/lib --without-included-gettext --enable-threads=posix --libdir=/usr/lib --enable-nls --enable-clocale=gnu --enable-libstdcxx-debug --enable-libstdcxx-time=yes --with-default-libstdcxx-abi=new --enable-gnu-unique-object --disable-libquadmath --disable-libquadmath-support --enable-plugin --enable-default-pie --with-system-zlib --with-target-system-zlib=auto --enable-objc-gc=auto --enable-multiarch --enable-fix-cortex-a53-843419 --disable-werror --enable-checking=release --build=aarch64-linux-gnu --host=aarch64-linux-gnu --target=aarch64-linux-gnu]
  ignore line: [Thread model: posix]
  ignore line: [gcc version 9.4.0 (Ubuntu 9.4.0-1ubuntu1~20.04.2) ]
  ignore line: [COMPILER_PATH=/usr/lib/gcc/aarch64-linux-gnu/9/:/usr/lib/gcc/aarch64-linux-gnu/9/:/usr/lib/gcc/aarch64-linux-gnu/:/usr/lib/gcc/aarch64-linux-gnu/9/:/usr/lib/gcc/aarch64-linux-gnu/]
  ignore line: [LIBRARY_PATH=/usr/lib/gcc/aarch64-linux-gnu/9/:/usr/lib/gcc/aarch64-linux-gnu/9/../../../aarch64-linux-gnu/:/usr/lib/gcc/aarch64-linux-gnu/9/../../../../lib/:/lib/aarch64-linux-gnu/:/lib/../lib/:/usr/lib/aarch64-linux-gnu/:/usr/lib/../lib/:/usr/lib/gcc/aarch64-linux-gnu/9/../../../:/lib/:/usr/lib/]
  ignore line: [COLLECT_GCC_OPTIONS='-v' '-o' 'cmTC_1e3a5' '-shared-libgcc' '-mlittle-endian' '-mabi=lp64']
  link line: [ /usr/lib/gcc/aarch64-linux-gnu/9/collect2 -plugin /usr/lib/gcc/aarch64-linux-gnu/9/liblto_plugin.so -plugin-opt=/usr/lib/gcc/aarch64-linux-gnu/9/lto-wrapper -plugin-opt=-fresolution=/tmp/cc8dIJSc.res -plugin-opt=-pass-through=-lgcc_s -plugin-opt=-pass-through=-lgcc -plugin-opt=-pass-through=-lc -plugin-opt=-pass-through=-lgcc_s -plugin-opt=-pass-through=-lgcc --build-id --eh-frame-hdr --hash-style=gnu --as-needed -dynamic-linker /lib/ld-linux-aarch64.so.1 -X -EL -maarch64linux --fix-cortex-a53-843419 -pie -z now -z relro -o cmTC_1e3a5 /usr/lib/gcc/aarch64-linux-gnu/9/../../../aarch64-linux-gnu/Scrt1.o /usr/lib/gcc/aarch64-linux-gnu/9/../../../aarch64-linux-gnu/crti.o /usr/lib/gcc/aarch64-linux-gnu/9/crtbeginS.o -L/usr/lib/gcc/aarch64-linux-gnu/9 -L/usr/lib/gcc/aarch64-linux-gnu/9/../../../aarch64-linux-gnu -L/usr/lib/gcc/aarch64-linux-gnu/9/../../../../lib -L/lib/aarch64-linux-gnu -L/lib/../lib -L/usr/lib/aarch64-linux-gnu -L/usr/lib/../lib -L/usr/lib/gcc/aarch64-linux-gnu/9/../../.. CMakeFiles/cmTC_1e3a5.dir/CMakeCXXCompilerABI.cpp.o -lstdc++ -lm -lgcc_s -lgcc -lc -lgcc_s -lgcc /usr/lib/gcc/aarch64-linux-gnu/9/crtendS.o /usr/lib/gcc/aarch64-linux-gnu/9/../../../aarch64-linux-gnu/crtn.o]
    arg [/usr/lib/gcc/aarch64-linux-gnu/9/collect2] ==> ignore
    arg [-plugin] ==> ignore
    arg [/usr/lib/gcc/aarch64-linux-gnu/9/liblto_plugin.so] ==> ignore
    arg [-plugin-opt=/usr/lib/gcc/aarch64-linux-gnu/9/lto-wrapper] ==> ignore
    arg [-plugin-opt=-fresolution=/tmp/cc8dIJSc.res] ==> ignore
    arg [-plugin-opt=-pass-through=-lgcc_s] ==> ignore
    arg [-plugin-opt=-pass-through=-lgcc] ==> ignore
    arg [-plugin-opt=-pass-through=-lc] ==> ignore
    arg [-plugin-opt=-pass-through=-lgcc_s] ==> ignore
    arg [-plugin-opt=-pass-through=-lgcc] ==> ignore
    arg [--build-id] ==> ignore
    arg [--eh-frame-hdr] ==> ignore
    arg [--hash-style=gnu] ==> ignore
    arg [--as-needed] ==> ignore
    arg [-dynamic-linker] ==> ignore
    arg [/lib/ld-linux-aarch64.so.1] ==> ignore
    arg [-X] ==> ignore
    arg [-EL] ==> ignore
    arg [-maarch64linux] ==> ignore
    arg [--fix-cortex-a53-843419] ==> ignore
    arg [-pie] ==> ignore
    arg [-znow] ==> ignore
    arg [-zrelro] ==> ignore
    arg [-o] ==> ignore
    arg [cmTC_1e3a5] ==> ignore
    arg [/usr/lib/gcc/aarch64-linux-gnu/9/../../../aarch64-linux-gnu/Scrt1.o] ==> ignore
    arg [/usr/lib/gcc/aarch64-linux-gnu/9/../../../aarch64-linux-gnu/crti.o] ==> ignore
    arg [/usr/lib/gcc/aarch64-linux-gnu/9/crtbeginS.o] ==> ignore
    arg [-L/usr/lib/gcc/aarch64-linux-gnu/9] ==> dir [/usr/lib/gcc/aarch64-linux-gnu/9]
    arg [-L/usr/lib/gcc/aarch64-linux-gnu/9/../../../aarch64-linux-gnu] ==> dir [/usr/lib/gcc/aarch64-linux-gnu/9/../../../aarch64-linux-gnu]
    arg [-L/usr/lib/gcc/aarch64-linux-gnu/9/../../../../lib] ==> dir [/usr/lib/gcc/aarch64-linux-gnu/9/../../../../lib]
    arg [-L/lib/aarch64-linux-gnu] ==> dir [/lib/aarch64-linux-gnu]
    arg [-L/lib/../lib] ==> dir [/lib/../lib]
    arg [-L/usr/lib/aarch64-linux-gnu] ==> dir [/usr/lib/aarch64-linux-gnu]
    arg [-L/usr/lib/../lib] ==> dir [/usr/lib/../lib]
    arg [-L/usr/lib/gcc/aarch64-linux-gnu/9/../../..] ==> dir [/usr/lib/gcc/aarch64-linux-gnu/9/../../..]
    arg [CMakeFiles/cmTC_1e3a5.dir/CMakeCXXCompilerABI.cpp.o] ==> ignore
    arg [-lstdc++] ==> lib [stdc++]
    arg [-lm] ==> lib [m]
    arg [-lgcc_s] ==> lib [gcc_s]
    arg [-lgcc] ==> lib [gcc]
    arg [-lc] ==> lib [c]
    arg [-lgcc_s] ==> lib [gcc_s]
    arg [-lgcc] ==> lib [gcc]
    arg [/usr/lib/gcc/aarch64-linux-gnu/9/crtendS.o] ==> ignore
    arg [/usr/lib/gcc/aarch64-linux-gnu/9/../../../aarch64-linux-gnu/crtn.o] ==> ignore
  collapse library dir [/usr/lib/gcc/aarch64-linux-gnu/9] ==> [/usr/lib/gcc/aarch64-linux-gnu/9]
  collapse library dir [/usr/lib/gcc/aarch64-linux-gnu/9/../../../aarch64-linux-gnu] ==> [/usr/lib/aarch64-linux-gnu]
  collapse library dir [/usr/lib/gcc/aarch64-linux-gnu/9/../../../../lib] ==> [/usr/lib]
  collapse library dir [/lib/aarch64-linux-gnu] ==> [/lib/aarch64-linux-gnu]
  collapse library dir [/lib/../lib] ==> [/lib]
  collapse library dir [/usr/lib/aarch64-linux-gnu] ==> [/usr/lib/aarch64-linux-gnu]
  collapse library dir [/usr/lib/../lib] ==> [/usr/lib]
  collapse library dir [/usr/lib/gcc/aarch64-linux-gnu/9/../../..] ==> [/usr/lib]
  implicit libs: [stdc++;m;gcc_s;gcc;c;gcc_s;gcc]
  implicit dirs: [/usr/lib/gcc/aarch64-linux-gnu/9;/usr/lib/aarch64-linux-gnu;/usr/lib;/lib/aarch64-linux-gnu;/lib]
  implicit fwks: []


Determining if the include file pthread.h exists passed with the following output:
Change Dir: /home/unitree/navigation_ws/build/pointcloud_to_laserscan/CMakeFiles/CMakeTmp

Run Build Command(s):/usr/bin/make cmTC_47ff7/fast && /usr/bin/make -f CMakeFiles/cmTC_47ff7.dir/build.make CMakeFiles/cmTC_47ff7.dir/build
make[1]: Entering directory '/home/unitree/navigation_ws/build/pointcloud_to_laserscan/CMakeFiles/CMakeTmp'
Building C object CMakeFiles/cmTC_47ff7.dir/CheckIncludeFile.c.o
/usr/bin/cc    -o CMakeFiles/cmTC_47ff7.dir/CheckIncludeFile.c.o   -c /home/unitree/navigation_ws/build/pointcloud_to_laserscan/CMakeFiles/CMakeTmp/CheckIncludeFile.c
Linking C executable cmTC_47ff7
/usr/bin/cmake -E cmake_link_script CMakeFiles/cmTC_47ff7.dir/link.txt --verbose=1
/usr/bin/cc      CMakeFiles/cmTC_47ff7.dir/CheckIncludeFile.c.o  -o cmTC_47ff7 
make[1]: Leaving directory '/home/unitree/navigation_ws/build/pointcloud_to_laserscan/CMakeFiles/CMakeTmp'



Determining if the function pthread_create exists in the pthread passed with the following output:
Change Dir: /home/unitree/navigation_ws/build/pointcloud_to_laserscan/CMakeFiles/CMakeTmp

Run Build Command(s):/usr/bin/make cmTC_357cd/fast && /usr/bin/make -f CMakeFiles/cmTC_357cd.dir/build.make CMakeFiles/cmTC_357cd.dir/build
make[1]: Entering directory '/home/unitree/navigation_ws/build/pointcloud_to_laserscan/CMakeFiles/CMakeTmp'
Building C object CMakeFiles/cmTC_357cd.dir/CheckFunctionExists.c.o
/usr/bin/cc   -DCHECK_FUNCTION_EXISTS=pthread_create   -o CMakeFiles/cmTC_357cd.dir/CheckFunctionExists.c.o   -c /usr/share/cmake-3.16/Modules/CheckFunctionExists.c
Linking C executable cmTC_357cd
/usr/bin/cmake -E cmake_link_script CMakeFiles/cmTC_357cd.dir/link.txt --verbose=1
/usr/bin/cc  -DCHECK_FUNCTION_EXISTS=pthread_create    CMakeFiles/cmTC_357cd.dir/CheckFunctionExists.c.o  -o cmTC_357cd  -lpthread 
make[1]: Leaving directory '/home/unitree/navigation_ws/build/pointcloud_to_laserscan/CMakeFiles/CMakeTmp'



The system is: Linux - 5.10.104-tegra - aarch64
Compiling the C compiler identification source file "CMakeCCompilerId.c" succeeded.
Compiler: /usr/bin/cc 
Build flags: 
Id flags:  

The output was:
0


Compilation of the C compiler identification source "CMakeCCompilerId.c" produced "a.out"

The C compiler identification is GNU, found in "/home/unitree/navigation_ws/build/pointcloud_to_laserscan/CMakeFiles/3.16.3/CompilerIdC/a.out"

Compiling the CXX compiler identification source file "CMakeCXXCompilerId.cpp" succeeded.
Compiler: /usr/bin/c++ 
Build flags: 
Id flags:  

The output was:
0


Compilation of the CXX compiler identification source "CMakeCXXCompilerId.cpp" produced "a.out"

The CXX compiler identification is GNU, found in "/home/unitree/navigation_ws/build/pointcloud_to_laserscan/CMakeFiles/3.16.3/CompilerIdCXX/a.out"

Determining if the C compiler works passed with the following output:
Change Dir: /home/unitree/navigation_ws/build/pointcloud_to_laserscan/CMakeFiles/CMakeTmp

Run Build Command(s):/usr/bin/make cmTC_8c059/fast && /usr/bin/make -f CMakeFiles/cmTC_8c059.dir/build.make CMakeFiles/cmTC_8c059.dir/build
make[1]: Entering directory '/home/unitree/navigation_ws/build/pointcloud_to_laserscan/CMakeFiles/CMakeTmp'
Building C object CMakeFiles/cmTC_8c059.dir/testCCompiler.c.o
/usr/bin/cc    -o CMakeFiles/cmTC_8c059.dir/testCCompiler.c.o   -c /home/unitree/navigation_ws/build/pointcloud_to_laserscan/CMakeFiles/CMakeTmp/testCCompiler.c
Linking C executable cmTC_8c059
/usr/bin/cmake -E cmake_link_script CMakeFiles/cmTC_8c059.dir/link.txt --verbose=1
/usr/bin/cc      CMakeFiles/cmTC_8c059.dir/testCCompiler.c.o  -o cmTC_8c059 
make[1]: Leaving directory '/home/unitree/navigation_ws/build/pointcloud_to_laserscan/CMakeFiles/CMakeTmp'



The system is: Linux - 5.10.104-tegra - aarch64
Compiling the C compiler identification source file "CMakeCCompilerId.c" succeeded.
Compiler: /usr/bin/cc 
Build flags: 
Id flags:  

The output was:
0


Compilation of the C compiler identification source "CMakeCCompilerId.c" produced "a.out"

The C compiler identification is GNU, found in "/home/unitree/navigation_ws/build/pointcloud_to_laserscan/CMakeFiles/3.16.3/CompilerIdC/a.out"

Compiling the CXX compiler identification source file "CMakeCXXCompilerId.cpp" succeeded.
Compiler: /usr/bin/c++ 
Build flags: 
Id flags:  

The output was:
0


Compilation of the CXX compiler identification source "CMakeCXXCompilerId.cpp" produced "a.out"

The CXX compiler identification is GNU, found in "/home/unitree/navigation_ws/build/pointcloud_to_laserscan/CMakeFiles/3.16.3/CompilerIdCXX/a.out"

Determining if the C compiler works passed with the following output:
Change Dir: /home/unitree/navigation_ws/build/pointcloud_to_laserscan/CMakeFiles/CMakeTmp

Run Build Command(s):/usr/bin/make cmTC_43bfb/fast && /usr/bin/make -f CMakeFiles/cmTC_43bfb.dir/build.make CMakeFiles/cmTC_43bfb.dir/build
make[1]: Entering directory '/home/unitree/navigation_ws/build/pointcloud_to_laserscan/CMakeFiles/CMakeTmp'
Building C object CMakeFiles/cmTC_43bfb.dir/testCCompiler.c.o
/usr/bin/cc    -o CMakeFiles/cmTC_43bfb.dir/testCCompiler.c.o   -c /home/unitree/navigation_ws/build/pointcloud_to_laserscan/CMakeFiles/CMakeTmp/testCCompiler.c
Linking C executable cmTC_43bfb
/usr/bin/cmake -E cmake_link_script CMakeFiles/cmTC_43bfb.dir/link.txt --verbose=1
/usr/bin/cc      CMakeFiles/cmTC_43bfb.dir/testCCompiler.c.o  -o cmTC_43bfb 
make[1]: Leaving directory '/home/unitree/navigation_ws/build/pointcloud_to_laserscan/CMakeFiles/CMakeTmp'



Detecting C compiler ABI info compiled with the following output:
Change Dir: /home/unitree/navigation_ws/build/pointcloud_to_laserscan/CMakeFiles/CMakeTmp

Run Build Command(s):/usr/bin/make cmTC_58549/fast && /usr/bin/make -f CMakeFiles/cmTC_58549.dir/build.make CMakeFiles/cmTC_58549.dir/build
make[1]: Entering directory '/home/unitree/navigation_ws/build/pointcloud_to_laserscan/CMakeFiles/CMakeTmp'
Building C object CMakeFiles/cmTC_58549.dir/CMakeCCompilerABI.c.o
/usr/bin/cc   -v -o CMakeFiles/cmTC_58549.dir/CMakeCCompilerABI.c.o   -c /usr/share/cmake-3.16/Modules/CMakeCCompilerABI.c
Using built-in specs.
COLLECT_GCC=/usr/bin/cc
Target: aarch64-linux-gnu
Configured with: ../src/configure -v --with-pkgversion='Ubuntu 9.4.0-1ubuntu1~20.04.2' --with-bugurl=file:///usr/share/doc/gcc-9/README.Bugs --enable-languages=c,ada,c++,go,d,fortran,objc,obj-c++,gm2 --prefix=/usr --with-gcc-major-version-only --program-suffix=-9 --program-prefix=aarch64-linux-gnu- --enable-shared --enable-linker-build-id --libexecdir=/usr/lib --without-included-gettext --enable-threads=posix --libdir=/usr/lib --enable-nls --enable-clocale=gnu --enable-libstdcxx-debug --enable-libstdcxx-time=yes --with-default-libstdcxx-abi=new --enable-gnu-unique-object --disable-libquadmath --disable-libquadmath-support --enable-plugin --enable-default-pie --with-system-zlib --with-target-system-zlib=auto --enable-objc-gc=auto --enable-multiarch --enable-fix-cortex-a53-843419 --disable-werror --enable-checking=release --build=aarch64-linux-gnu --host=aarch64-linux-gnu --target=aarch64-linux-gnu
Thread model: posix
gcc version 9.4.0 (Ubuntu 9.4.0-1ubuntu1~20.04.2) 
COLLECT_GCC_OPTIONS='-v' '-o' 'CMakeFiles/cmTC_58549.dir/CMakeCCompilerABI.c.o' '-c' '-mlittle-endian' '-mabi=lp64'
 /usr/lib/gcc/aarch64-linux-gnu/9/cc1 -quiet -v -imultiarch aarch64-linux-gnu /usr/share/cmake-3.16/Modules/CMakeCCompilerABI.c -quiet -dumpbase CMakeCCompilerABI.c -mlittle-endian -mabi=lp64 -auxbase-strip CMakeFiles/cmTC_58549.dir/CMakeCCompilerABI.c.o -version -fasynchronous-unwind-tables -fstack-protector-strong -Wformat -Wformat-security -fstack-clash-protection -o /tmp/ccbQ8yP1.s
GNU C17 (Ubuntu 9.4.0-1ubuntu1~20.04.2) version 9.4.0 (aarch64-linux-gnu)
	compiled by GNU C version 9.4.0, GMP version 6.2.0, MPFR version 4.0.2, MPC version 1.1.0, isl version isl-0.22.1-GMP

GGC heuristics: --param ggc-min-expand=100 --param ggc-min-heapsize=131072
ignoring nonexistent directory "/usr/local/include/aarch64-linux-gnu"
ignoring nonexistent directory "/usr/lib/gcc/aarch64-linux-gnu/9/include-fixed"
ignoring nonexistent directory "/usr/lib/gcc/aarch64-linux-gnu/9/../../../../aarch64-linux-gnu/include"
#include "..." search starts here:
#include <...> search starts here:
 /usr/lib/gcc/aarch64-linux-gnu/9/include
 /usr/local/include
 /usr/include/aarch64-linux-gnu
 /usr/include
End of search list.
GNU C17 (Ubuntu 9.4.0-1ubuntu1~20.04.2) version 9.4.0 (aarch64-linux-gnu)
	compiled by GNU C version 9.4.0, GMP version 6.2.0, MPFR version 4.0.2, MPC version 1.1.0, isl version isl-0.22.1-GMP

GGC heuristics: --param ggc-min-expand=100 --param ggc-min-heapsize=131072
Compiler executable checksum: bae83efe2e4e7b8eac1a6149e340cc5c
COLLECT_GCC_OPTIONS='-v' '-o' 'CMakeFiles/cmTC_58549.dir/CMakeCCompilerABI.c.o' '-c' '-mlittle-endian' '-mabi=lp64'
 as -v -EL -mabi=lp64 -o CMakeFiles/cmTC_58549.dir/CMakeCCompilerABI.c.o /tmp/ccbQ8yP1.s
GNU assembler version 2.34 (aarch64-linux-gnu) using BFD version (GNU Binutils for Ubuntu) 2.34
COMPILER_PATH=/usr/lib/gcc/aarch64-linux-gnu/9/:/usr/lib/gcc/aarch64-linux-gnu/9/:/usr/lib/gcc/aarch64-linux-gnu/:/usr/lib/gcc/aarch64-linux-gnu/9/:/usr/lib/gcc/aarch64-linux-gnu/
LIBRARY_PATH=/usr/lib/gcc/aarch64-linux-gnu/9/:/usr/lib/gcc/aarch64-linux-gnu/9/../../../aarch64-linux-gnu/:/usr/lib/gcc/aarch64-linux-gnu/9/../../../../lib/:/lib/aarch64-linux-gnu/:/lib/../lib/:/usr/lib/aarch64-linux-gnu/:/usr/lib/../lib/:/usr/lib/gcc/aarch64-linux-gnu/9/../../../:/lib/:/usr/lib/
COLLECT_GCC_OPTIONS='-v' '-o' 'CMakeFiles/cmTC_58549.dir/CMakeCCompilerABI.c.o' '-c' '-mlittle-endian' '-mabi=lp64'
Linking C executable cmTC_58549
/usr/bin/cmake -E cmake_link_script CMakeFiles/cmTC_58549.dir/link.txt --verbose=1
/usr/bin/cc     -v CMakeFiles/cmTC_58549.dir/CMakeCCompilerABI.c.o  -o cmTC_58549 
Using built-in specs.
COLLECT_GCC=/usr/bin/cc
COLLECT_LTO_WRAPPER=/usr/lib/gcc/aarch64-linux-gnu/9/lto-wrapper
Target: aarch64-linux-gnu
Configured with: ../src/configure -v --with-pkgversion='Ubuntu 9.4.0-1ubuntu1~20.04.2' --with-bugurl=file:///usr/share/doc/gcc-9/README.Bugs --enable-languages=c,ada,c++,go,d,fortran,objc,obj-c++,gm2 --prefix=/usr --with-gcc-major-version-only --program-suffix=-9 --program-prefix=aarch64-linux-gnu- --enable-shared --enable-linker-build-id --libexecdir=/usr/lib --without-included-gettext --enable-threads=posix --libdir=/usr/lib --enable-nls --enable-clocale=gnu --enable-libstdcxx-debug --enable-libstdcxx-time=yes --with-default-libstdcxx-abi=new --enable-gnu-unique-object --disable-libquadmath --disable-libquadmath-support --enable-plugin --enable-default-pie --with-system-zlib --with-target-system-zlib=auto --enable-objc-gc=auto --enable-multiarch --enable-fix-cortex-a53-843419 --disable-werror --enable-checking=release --build=aarch64-linux-gnu --host=aarch64-linux-gnu --target=aarch64-linux-gnu
Thread model: posix
gcc version 9.4.0 (Ubuntu 9.4.0-1ubuntu1~20.04.2) 
COMPILER_PATH=/usr/lib/gcc/aarch64-linux-gnu/9/:/usr/lib/gcc/aarch64-linux-gnu/9/:/usr/lib/gcc/aarch64-linux-gnu/:/usr/lib/gcc/aarch64-linux-gnu/9/:/usr/lib/gcc/aarch64-linux-gnu/
LIBRARY_PATH=/usr/lib/gcc/aarch64-linux-gnu/9/:/usr/lib/gcc/aarch64-linux-gnu/9/../../../aarch64-linux-gnu/:/usr/lib/gcc/aarch64-linux-gnu/9/../../../../lib/:/lib/aarch64-linux-gnu/:/lib/../lib/:/usr/lib/aarch64-linux-gnu/:/usr/lib/../lib/:/usr/lib/gcc/aarch64-linux-gnu/9/../../../:/lib/:/usr/lib/
COLLECT_GCC_OPTIONS='-v' '-o' 'cmTC_58549' '-mlittle-endian' '-mabi=lp64'
 /usr/lib/gcc/aarch64-linux-gnu/9/collect2 -plugin /usr/lib/gcc/aarch64-linux-gnu/9/liblto_plugin.so -plugin-opt=/usr/lib/gcc/aarch64-linux-gnu/9/lto-wrapper -plugin-opt=-fresolution=/tmp/ccE9DTxw.res -plugin-opt=-pass-through=-lgcc -plugin-opt=-pass-through=-lgcc_s -plugin-opt=-pass-through=-lc -plugin-opt=-pass-through=-lgcc -plugin-opt=-pass-through=-lgcc_s --build-id --eh-frame-hdr --hash-style=gnu --as-needed -dynamic-linker /lib/ld-linux-aarch64.so.1 -X -EL -maarch64linux --fix-cortex-a53-843419 -pie -z now -z relro -o cmTC_58549 /usr/lib/gcc/aarch64-linux-gnu/9/../../../aarch64-linux-gnu/Scrt1.o /usr/lib/gcc/aarch64-linux-gnu/9/../../../aarch64-linux-gnu/crti.o /usr/lib/gcc/aarch64-linux-gnu/9/crtbeginS.o -L/usr/lib/gcc/aarch64-linux-gnu/9 -L/usr/lib/gcc/aarch64-linux-gnu/9/../../../aarch64-linux-gnu -L/usr/lib/gcc/aarch64-linux-gnu/9/../../../../lib -L/lib/aarch64-linux-gnu -L/lib/../lib -L/usr/lib/aarch64-linux-gnu -L/usr/lib/../lib -L/usr/lib/gcc/aarch64-linux-gnu/9/../../.. CMakeFiles/cmTC_58549.dir/CMakeCCompilerABI.c.o -lgcc --push-state --as-needed -lgcc_s --pop-state -lc -lgcc --push-state --as-needed -lgcc_s --pop-state /usr/lib/gcc/aarch64-linux-gnu/9/crtendS.o /usr/lib/gcc/aarch64-linux-gnu/9/../../../aarch64-linux-gnu/crtn.o
COLLECT_GCC_OPTIONS='-v' '-o' 'cmTC_58549' '-mlittle-endian' '-mabi=lp64'
make[1]: Leaving directory '/home/unitree/navigation_ws/build/pointcloud_to_laserscan/CMakeFiles/CMakeTmp'



Parsed C implicit include dir info from above output: rv=done
  found start of include info
  found start of implicit include info
    add: [/usr/lib/gcc/aarch64-linux-gnu/9/include]
    add: [/usr/local/include]
    add: [/usr/include/aarch64-linux-gnu]
    add: [/usr/include]
  end of search list found
  collapse include dir [/usr/lib/gcc/aarch64-linux-gnu/9/include] ==> [/usr/lib/gcc/aarch64-linux-gnu/9/include]
  collapse include dir [/usr/local/include] ==> [/usr/local/include]
  collapse include dir [/usr/include/aarch64-linux-gnu] ==> [/usr/include/aarch64-linux-gnu]
  collapse include dir [/usr/include] ==> [/usr/include]
  implicit include dirs: [/usr/lib/gcc/aarch64-linux-gnu/9/include;/usr/local/include;/usr/include/aarch64-linux-gnu;/usr/include]


Parsed C implicit link information from above output:
  link line regex: [^( *|.*[/\])(ld|CMAKE_LINK_STARTFILE-NOTFOUND|([^/\]+-)?ld|collect2)[^/\]*( |$)]
  ignore line: [Change Dir: /home/unitree/navigation_ws/build/pointcloud_to_laserscan/CMakeFiles/CMakeTmp]
  ignore line: []
  ignore line: [Run Build Command(s):/usr/bin/make cmTC_58549/fast && /usr/bin/make -f CMakeFiles/cmTC_58549.dir/build.make CMakeFiles/cmTC_58549.dir/build]
  ignore line: [make[1]: Entering directory '/home/unitree/navigation_ws/build/pointcloud_to_laserscan/CMakeFiles/CMakeTmp']
  ignore line: [Building C object CMakeFiles/cmTC_58549.dir/CMakeCCompilerABI.c.o]
  ignore line: [/usr/bin/cc   -v -o CMakeFiles/cmTC_58549.dir/CMakeCCompilerABI.c.o   -c /usr/share/cmake-3.16/Modules/CMakeCCompilerABI.c]
  ignore line: [Using built-in specs.]
  ignore line: [COLLECT_GCC=/usr/bin/cc]
  ignore line: [Target: aarch64-linux-gnu]
  ignore line: [Configured with: ../src/configure -v --with-pkgversion='Ubuntu 9.4.0-1ubuntu1~20.04.2' --with-bugurl=file:///usr/share/doc/gcc-9/README.Bugs --enable-languages=c ada c++ go d fortran objc obj-c++ gm2 --prefix=/usr --with-gcc-major-version-only --program-suffix=-9 --program-prefix=aarch64-linux-gnu- --enable-shared --enable-linker-build-id --libexecdir=/usr/lib --without-included-gettext --enable-threads=posix --libdir=/usr/lib --enable-nls --enable-clocale=gnu --enable-libstdcxx-debug --enable-libstdcxx-time=yes --with-default-libstdcxx-abi=new --enable-gnu-unique-object --disable-libquadmath --disable-libquadmath-support --enable-plugin --enable-default-pie --with-system-zlib --with-target-system-zlib=auto --enable-objc-gc=auto --enable-multiarch --enable-fix-cortex-a53-843419 --disable-werror --enable-checking=release --build=aarch64-linux-gnu --host=aarch64-linux-gnu --target=aarch64-linux-gnu]
  ignore line: [Thread model: posix]
  ignore line: [gcc version 9.4.0 (Ubuntu 9.4.0-1ubuntu1~20.04.2) ]
  ignore line: [COLLECT_GCC_OPTIONS='-v' '-o' 'CMakeFiles/cmTC_58549.dir/CMakeCCompilerABI.c.o' '-c' '-mlittle-endian' '-mabi=lp64']
  ignore line: [ /usr/lib/gcc/aarch64-linux-gnu/9/cc1 -quiet -v -imultiarch aarch64-linux-gnu /usr/share/cmake-3.16/Modules/CMakeCCompilerABI.c -quiet -dumpbase CMakeCCompilerABI.c -mlittle-endian -mabi=lp64 -auxbase-strip CMakeFiles/cmTC_58549.dir/CMakeCCompilerABI.c.o -version -fasynchronous-unwind-tables -fstack-protector-strong -Wformat -Wformat-security -fstack-clash-protection -o /tmp/ccbQ8yP1.s]
  ignore line: [GNU C17 (Ubuntu 9.4.0-1ubuntu1~20.04.2) version 9.4.0 (aarch64-linux-gnu)]
  ignore line: [	compiled by GNU C version 9.4.0  GMP version 6.2.0  MPFR version 4.0.2  MPC version 1.1.0  isl version isl-0.22.1-GMP]
  ignore line: []
  ignore line: [GGC heuristics: --param ggc-min-expand=100 --param ggc-min-heapsize=131072]
  ignore line: [ignoring nonexistent directory "/usr/local/include/aarch64-linux-gnu"]
  ignore line: [ignoring nonexistent directory "/usr/lib/gcc/aarch64-linux-gnu/9/include-fixed"]
  ignore line: [ignoring nonexistent directory "/usr/lib/gcc/aarch64-linux-gnu/9/../../../../aarch64-linux-gnu/include"]
  ignore line: [#include "..." search starts here:]
  ignore line: [#include <...> search starts here:]
  ignore line: [ /usr/lib/gcc/aarch64-linux-gnu/9/include]
  ignore line: [ /usr/local/include]
  ignore line: [ /usr/include/aarch64-linux-gnu]
  ignore line: [ /usr/include]
  ignore line: [End of search list.]
  ignore line: [GNU C17 (Ubuntu 9.4.0-1ubuntu1~20.04.2) version 9.4.0 (aarch64-linux-gnu)]
  ignore line: [	compiled by GNU C version 9.4.0  GMP version 6.2.0  MPFR version 4.0.2  MPC version 1.1.0  isl version isl-0.22.1-GMP]
  ignore line: []
  ignore line: [GGC heuristics: --param ggc-min-expand=100 --param ggc-min-heapsize=131072]
  ignore line: [Compiler executable checksum: bae83efe2e4e7b8eac1a6149e340cc5c]
  ignore line: [COLLECT_GCC_OPTIONS='-v' '-o' 'CMakeFiles/cmTC_58549.dir/CMakeCCompilerABI.c.o' '-c' '-mlittle-endian' '-mabi=lp64']
  ignore line: [ as -v -EL -mabi=lp64 -o CMakeFiles/cmTC_58549.dir/CMakeCCompilerABI.c.o /tmp/ccbQ8yP1.s]
  ignore line: [GNU assembler version 2.34 (aarch64-linux-gnu) using BFD version (GNU Binutils for Ubuntu) 2.34]
  ignore line: [COMPILER_PATH=/usr/lib/gcc/aarch64-linux-gnu/9/:/usr/lib/gcc/aarch64-linux-gnu/9/:/usr/lib/gcc/aarch64-linux-gnu/:/usr/lib/gcc/aarch64-linux-gnu/9/:/usr/lib/gcc/aarch64-linux-gnu/]
  ignore line: [LIBRARY_PATH=/usr/lib/gcc/aarch64-linux-gnu/9/:/usr/lib/gcc/aarch64-linux-gnu/9/../../../aarch64-linux-gnu/:/usr/lib/gcc/aarch64-linux-gnu/9/../../../../lib/:/lib/aarch64-linux-gnu/:/lib/../lib/:/usr/lib/aarch64-linux-gnu/:/usr/lib/../lib/:/usr/lib/gcc/aarch64-linux-gnu/9/../../../:/lib/:/usr/lib/]
  ignore line: [COLLECT_GCC_OPTIONS='-v' '-o' 'CMakeFiles/cmTC_58549.dir/CMakeCCompilerABI.c.o' '-c' '-mlittle-endian' '-mabi=lp64']
  ignore line: [Linking C executable cmTC_58549]
  ignore line: [/usr/bin/cmake -E cmake_link_script CMakeFiles/cmTC_58549.dir/link.txt --verbose=1]
  ignore line: [/usr/bin/cc     -v CMakeFiles/cmTC_58549.dir/CMakeCCompilerABI.c.o  -o cmTC_58549 ]
  ignore line: [Using built-in specs.]
  ignore line: [COLLECT_GCC=/usr/bin/cc]
  ignore line: [COLLECT_LTO_WRAPPER=/usr/lib/gcc/aarch64-linux-gnu/9/lto-wrapper]
  ignore line: [Target: aarch64-linux-gnu]
  ignore line: [Configured with: ../src/configure -v --with-pkgversion='Ubuntu 9.4.0-1ubuntu1~20.04.2' --with-bugurl=file:///usr/share/doc/gcc-9/README.Bugs --enable-languages=c ada c++ go d fortran objc obj-c++ gm2 --prefix=/usr --with-gcc-major-version-only --program-suffix=-9 --program-prefix=aarch64-linux-gnu- --enable-shared --enable-linker-build-id --libexecdir=/usr/lib --without-included-gettext --enable-threads=posix --libdir=/usr/lib --enable-nls --enable-clocale=gnu --enable-libstdcxx-debug --enable-libstdcxx-time=yes --with-default-libstdcxx-abi=new --enable-gnu-unique-object --disable-libquadmath --disable-libquadmath-support --enable-plugin --enable-default-pie --with-system-zlib --with-target-system-zlib=auto --enable-objc-gc=auto --enable-multiarch --enable-fix-cortex-a53-843419 --disable-werror --enable-checking=release --build=aarch64-linux-gnu --host=aarch64-linux-gnu --target=aarch64-linux-gnu]
  ignore line: [Thread model: posix]
  ignore line: [gcc version 9.4.0 (Ubuntu 9.4.0-1ubuntu1~20.04.2) ]
  ignore line: [COMPILER_PATH=/usr/lib/gcc/aarch64-linux-gnu/9/:/usr/lib/gcc/aarch64-linux-gnu/9/:/usr/lib/gcc/aarch64-linux-gnu/:/usr/lib/gcc/aarch64-linux-gnu/9/:/usr/lib/gcc/aarch64-linux-gnu/]
  ignore line: [LIBRARY_PATH=/usr/lib/gcc/aarch64-linux-gnu/9/:/usr/lib/gcc/aarch64-linux-gnu/9/../../../aarch64-linux-gnu/:/usr/lib/gcc/aarch64-linux-gnu/9/../../../../lib/:/lib/aarch64-linux-gnu/:/lib/../lib/:/usr/lib/aarch64-linux-gnu/:/usr/lib/../lib/:/usr/lib/gcc/aarch64-linux-gnu/9/../../../:/lib/:/usr/lib/]
  ignore line: [COLLECT_GCC_OPTIONS='-v' '-o' 'cmTC_58549' '-mlittle-endian' '-mabi=lp64']
  link line: [ /usr/lib/gcc/aarch64-linux-gnu/9/collect2 -plugin /usr/lib/gcc/aarch64-linux-gnu/9/liblto_plugin.so -plugin-opt=/usr/lib/gcc/aarch64-linux-gnu/9/lto-wrapper -plugin-opt=-fresolution=/tmp/ccE9DTxw.res -plugin-opt=-pass-through=-lgcc -plugin-opt=-pass-through=-lgcc_s -plugin-opt=-pass-through=-lc -plugin-opt=-pass-through=-lgcc -plugin-opt=-pass-through=-lgcc_s --build-id --eh-frame-hdr --hash-style=gnu --as-needed -dynamic-linker /lib/ld-linux-aarch64.so.1 -X -EL -maarch64linux --fix-cortex-a53-843419 -pie -z now -z relro -o cmTC_58549 /usr/lib/gcc/aarch64-linux-gnu/9/../../../aarch64-linux-gnu/Scrt1.o /usr/lib/gcc/aarch64-linux-gnu/9/../../../aarch64-linux-gnu/crti.o /usr/lib/gcc/aarch64-linux-gnu/9/crtbeginS.o -L/usr/lib/gcc/aarch64-linux-gnu/9 -L/usr/lib/gcc/aarch64-linux-gnu/9/../../../aarch64-linux-gnu -L/usr/lib/gcc/aarch64-linux-gnu/9/../../../../lib -L/lib/aarch64-linux-gnu -L/lib/../lib -L/usr/lib/aarch64-linux-gnu -L/usr/lib/../lib -L/usr/lib/gcc/aarch64-linux-gnu/9/../../.. CMakeFiles/cmTC_58549.dir/CMakeCCompilerABI.c.o -lgcc --push-state --as-needed -lgcc_s --pop-state -lc -lgcc --push-state --as-needed -lgcc_s --pop-state /usr/lib/gcc/aarch64-linux-gnu/9/crtendS.o /usr/lib/gcc/aarch64-linux-gnu/9/../../../aarch64-linux-gnu/crtn.o]
    arg [/usr/lib/gcc/aarch64-linux-gnu/9/collect2] ==> ignore
    arg [-plugin] ==> ignore
    arg [/usr/lib/gcc/aarch64-linux-gnu/9/liblto_plugin.so] ==> ignore
    arg [-plugin-opt=/usr/lib/gcc/aarch64-linux-gnu/9/lto-wrapper] ==> ignore
    arg [-plugin-opt=-fresolution=/tmp/ccE9DTxw.res] ==> ignore
    arg [-plugin-opt=-pass-through=-lgcc] ==> ignore
    arg [-plugin-opt=-pass-through=-lgcc_s] ==> ignore
    arg [-plugin-opt=-pass-through=-lc] ==> ignore
    arg [-plugin-opt=-pass-through=-lgcc] ==> ignore
    arg [-plugin-opt=-pass-through=-lgcc_s] ==> ignore
    arg [--build-id] ==> ignore
    arg [--eh-frame-hdr] ==> ignore
    arg [--hash-style=gnu] ==> ignore
    arg [--as-needed] ==> ignore
    arg [-dynamic-linker] ==> ignore
    arg [/lib/ld-linux-aarch64.so.1] ==> ignore
    arg [-X] ==> ignore
    arg [-EL] ==> ignore
    arg [-maarch64linux] ==> ignore
    arg [--fix-cortex-a53-843419] ==> ignore
    arg [-pie] ==> ignore
    arg [-znow] ==> ignore
    arg [-zrelro] ==> ignore
    arg [-o] ==> ignore
    arg [cmTC_58549] ==> ignore
    arg [/usr/lib/gcc/aarch64-linux-gnu/9/../../../aarch64-linux-gnu/Scrt1.o] ==> ignore
    arg [/usr/lib/gcc/aarch64-linux-gnu/9/../../../aarch64-linux-gnu/crti.o] ==> ignore
    arg [/usr/lib/gcc/aarch64-linux-gnu/9/crtbeginS.o] ==> ignore
    arg [-L/usr/lib/gcc/aarch64-linux-gnu/9] ==> dir [/usr/lib/gcc/aarch64-linux-gnu/9]
    arg [-L/usr/lib/gcc/aarch64-linux-gnu/9/../../../aarch64-linux-gnu] ==> dir [/usr/lib/gcc/aarch64-linux-gnu/9/../../../aarch64-linux-gnu]
    arg [-L/usr/lib/gcc/aarch64-linux-gnu/9/../../../../lib] ==> dir [/usr/lib/gcc/aarch64-linux-gnu/9/../../../../lib]
    arg [-L/lib/aarch64-linux-gnu] ==> dir [/lib/aarch64-linux-gnu]
    arg [-L/lib/../lib] ==> dir [/lib/../lib]
    arg [-L/usr/lib/aarch64-linux-gnu] ==> dir [/usr/lib/aarch64-linux-gnu]
    arg [-L/usr/lib/../lib] ==> dir [/usr/lib/../lib]
    arg [-L/usr/lib/gcc/aarch64-linux-gnu/9/../../..] ==> dir [/usr/lib/gcc/aarch64-linux-gnu/9/../../..]
    arg [CMakeFiles/cmTC_58549.dir/CMakeCCompilerABI.c.o] ==> ignore
    arg [-lgcc] ==> lib [gcc]
    arg [--push-state] ==> ignore
    arg [--as-needed] ==> ignore
    arg [-lgcc_s] ==> lib [gcc_s]
    arg [--pop-state] ==> ignore
    arg [-lc] ==> lib [c]
    arg [-lgcc] ==> lib [gcc]
    arg [--push-state] ==> ignore
    arg [--as-needed] ==> ignore
    arg [-lgcc_s] ==> lib [gcc_s]
    arg [--pop-state] ==> ignore
    arg [/usr/lib/gcc/aarch64-linux-gnu/9/crtendS.o] ==> ignore
    arg [/usr/lib/gcc/aarch64-linux-gnu/9/../../../aarch64-linux-gnu/crtn.o] ==> ignore
  collapse library dir [/usr/lib/gcc/aarch64-linux-gnu/9] ==> [/usr/lib/gcc/aarch64-linux-gnu/9]
  collapse library dir [/usr/lib/gcc/aarch64-linux-gnu/9/../../../aarch64-linux-gnu] ==> [/usr/lib/aarch64-linux-gnu]
  collapse library dir [/usr/lib/gcc/aarch64-linux-gnu/9/../../../../lib] ==> [/usr/lib]
  collapse library dir [/lib/aarch64-linux-gnu] ==> [/lib/aarch64-linux-gnu]
  collapse library dir [/lib/../lib] ==> [/lib]
  collapse library dir [/usr/lib/aarch64-linux-gnu] ==> [/usr/lib/aarch64-linux-gnu]
  collapse library dir [/usr/lib/../lib] ==> [/usr/lib]
  collapse library dir [/usr/lib/gcc/aarch64-linux-gnu/9/../../..] ==> [/usr/lib]
  implicit libs: [gcc;gcc_s;c;gcc;gcc_s]
  implicit dirs: [/usr/lib/gcc/aarch64-linux-gnu/9;/usr/lib/aarch64-linux-gnu;/usr/lib;/lib/aarch64-linux-gnu;/lib]
  implicit fwks: []


Determining if the CXX compiler works passed with the following output:
Change Dir: /home/unitree/navigation_ws/build/pointcloud_to_laserscan/CMakeFiles/CMakeTmp

Run Build Command(s):/usr/bin/make cmTC_223bc/fast && /usr/bin/make -f CMakeFiles/cmTC_223bc.dir/build.make CMakeFiles/cmTC_223bc.dir/build
make[1]: Entering directory '/home/unitree/navigation_ws/build/pointcloud_to_laserscan/CMakeFiles/CMakeTmp'
Building CXX object CMakeFiles/cmTC_223bc.dir/testCXXCompiler.cxx.o
/usr/bin/c++     -o CMakeFiles/cmTC_223bc.dir/testCXXCompiler.cxx.o -c /home/unitree/navigation_ws/build/pointcloud_to_laserscan/CMakeFiles/CMakeTmp/testCXXCompiler.cxx
Linking CXX executable cmTC_223bc
/usr/bin/cmake -E cmake_link_script CMakeFiles/cmTC_223bc.dir/link.txt --verbose=1
/usr/bin/c++       CMakeFiles/cmTC_223bc.dir/testCXXCompiler.cxx.o  -o cmTC_223bc 
make[1]: Leaving directory '/home/unitree/navigation_ws/build/pointcloud_to_laserscan/CMakeFiles/CMakeTmp'



Detecting CXX compiler ABI info compiled with the following output:
Change Dir: /home/unitree/navigation_ws/build/pointcloud_to_laserscan/CMakeFiles/CMakeTmp

Run Build Command(s):/usr/bin/make cmTC_4b345/fast && /usr/bin/make -f CMakeFiles/cmTC_4b345.dir/build.make CMakeFiles/cmTC_4b345.dir/build
make[1]: Entering directory '/home/unitree/navigation_ws/build/pointcloud_to_laserscan/CMakeFiles/CMakeTmp'
Building CXX object CMakeFiles/cmTC_4b345.dir/CMakeCXXCompilerABI.cpp.o
/usr/bin/c++    -v -o CMakeFiles/cmTC_4b345.dir/CMakeCXXCompilerABI.cpp.o -c /usr/share/cmake-3.16/Modules/CMakeCXXCompilerABI.cpp
Using built-in specs.
COLLECT_GCC=/usr/bin/c++
Target: aarch64-linux-gnu
Configured with: ../src/configure -v --with-pkgversion='Ubuntu 9.4.0-1ubuntu1~20.04.2' --with-bugurl=file:///usr/share/doc/gcc-9/README.Bugs --enable-languages=c,ada,c++,go,d,fortran,objc,obj-c++,gm2 --prefix=/usr --with-gcc-major-version-only --program-suffix=-9 --program-prefix=aarch64-linux-gnu- --enable-shared --enable-linker-build-id --libexecdir=/usr/lib --without-included-gettext --enable-threads=posix --libdir=/usr/lib --enable-nls --enable-clocale=gnu --enable-libstdcxx-debug --enable-libstdcxx-time=yes --with-default-libstdcxx-abi=new --enable-gnu-unique-object --disable-libquadmath --disable-libquadmath-support --enable-plugin --enable-default-pie --with-system-zlib --with-target-system-zlib=auto --enable-objc-gc=auto --enable-multiarch --enable-fix-cortex-a53-843419 --disable-werror --enable-checking=release --build=aarch64-linux-gnu --host=aarch64-linux-gnu --target=aarch64-linux-gnu
Thread model: posix
gcc version 9.4.0 (Ubuntu 9.4.0-1ubuntu1~20.04.2) 
COLLECT_GCC_OPTIONS='-v' '-o' 'CMakeFiles/cmTC_4b345.dir/CMakeCXXCompilerABI.cpp.o' '-c' '-shared-libgcc' '-mlittle-endian' '-mabi=lp64'
 /usr/lib/gcc/aarch64-linux-gnu/9/cc1plus -quiet -v -imultiarch aarch64-linux-gnu -D_GNU_SOURCE /usr/share/cmake-3.16/Modules/CMakeCXXCompilerABI.cpp -quiet -dumpbase CMakeCXXCompilerABI.cpp -mlittle-endian -mabi=lp64 -auxbase-strip CMakeFiles/cmTC_4b345.dir/CMakeCXXCompilerABI.cpp.o -version -fasynchronous-unwind-tables -fstack-protector-strong -Wformat -Wformat-security -fstack-clash-protection -o /tmp/cciwfCOm.s
GNU C++14 (Ubuntu 9.4.0-1ubuntu1~20.04.2) version 9.4.0 (aarch64-linux-gnu)
	compiled by GNU C version 9.4.0, GMP version 6.2.0, MPFR version 4.0.2, MPC version 1.1.0, isl version isl-0.22.1-GMP

GGC heuristics: --param ggc-min-expand=100 --param ggc-min-heapsize=131072
ignoring duplicate directory "/usr/include/aarch64-linux-gnu/c++/9"
ignoring nonexistent directory "/usr/local/include/aarch64-linux-gnu"
ignoring nonexistent directory "/usr/lib/gcc/aarch64-linux-gnu/9/include-fixed"
ignoring nonexistent directory "/usr/lib/gcc/aarch64-linux-gnu/9/../../../../aarch64-linux-gnu/include"
#include "..." search starts here:
#include <...> search starts here:
 /usr/include/c++/9
 /usr/include/aarch64-linux-gnu/c++/9
 /usr/include/c++/9/backward
 /usr/lib/gcc/aarch64-linux-gnu/9/include
 /usr/local/include
 /usr/include/aarch64-linux-gnu
 /usr/include
End of search list.
GNU C++14 (Ubuntu 9.4.0-1ubuntu1~20.04.2) version 9.4.0 (aarch64-linux-gnu)
	compiled by GNU C version 9.4.0, GMP version 6.2.0, MPFR version 4.0.2, MPC version 1.1.0, isl version isl-0.22.1-GMP

GGC heuristics: --param ggc-min-expand=100 --param ggc-min-heapsize=131072
Compiler executable checksum: 76f300a9566415b293c4e87b0a05621d
COLLECT_GCC_OPTIONS='-v' '-o' 'CMakeFiles/cmTC_4b345.dir/CMakeCXXCompilerABI.cpp.o' '-c' '-shared-libgcc' '-mlittle-endian' '-mabi=lp64'
 as -v -EL -mabi=lp64 -o CMakeFiles/cmTC_4b345.dir/CMakeCXXCompilerABI.cpp.o /tmp/cciwfCOm.s
GNU assembler version 2.34 (aarch64-linux-gnu) using BFD version (GNU Binutils for Ubuntu) 2.34
COMPILER_PATH=/usr/lib/gcc/aarch64-linux-gnu/9/:/usr/lib/gcc/aarch64-linux-gnu/9/:/usr/lib/gcc/aarch64-linux-gnu/:/usr/lib/gcc/aarch64-linux-gnu/9/:/usr/lib/gcc/aarch64-linux-gnu/
LIBRARY_PATH=/usr/lib/gcc/aarch64-linux-gnu/9/:/usr/lib/gcc/aarch64-linux-gnu/9/../../../aarch64-linux-gnu/:/usr/lib/gcc/aarch64-linux-gnu/9/../../../../lib/:/lib/aarch64-linux-gnu/:/lib/../lib/:/usr/lib/aarch64-linux-gnu/:/usr/lib/../lib/:/usr/lib/gcc/aarch64-linux-gnu/9/../../../:/lib/:/usr/lib/
COLLECT_GCC_OPTIONS='-v' '-o' 'CMakeFiles/cmTC_4b345.dir/CMakeCXXCompilerABI.cpp.o' '-c' '-shared-libgcc' '-mlittle-endian' '-mabi=lp64'
Linking CXX executable cmTC_4b345
/usr/bin/cmake -E cmake_link_script CMakeFiles/cmTC_4b345.dir/link.txt --verbose=1
/usr/bin/c++      -v CMakeFiles/cmTC_4b345.dir/CMakeCXXCompilerABI.cpp.o  -o cmTC_4b345 
Using built-in specs.
COLLECT_GCC=/usr/bin/c++
COLLECT_LTO_WRAPPER=/usr/lib/gcc/aarch64-linux-gnu/9/lto-wrapper
Target: aarch64-linux-gnu
Configured with: ../src/configure -v --with-pkgversion='Ubuntu 9.4.0-1ubuntu1~20.04.2' --with-bugurl=file:///usr/share/doc/gcc-9/README.Bugs --enable-languages=c,ada,c++,go,d,fortran,objc,obj-c++,gm2 --prefix=/usr --with-gcc-major-version-only --program-suffix=-9 --program-prefix=aarch64-linux-gnu- --enable-shared --enable-linker-build-id --libexecdir=/usr/lib --without-included-gettext --enable-threads=posix --libdir=/usr/lib --enable-nls --enable-clocale=gnu --enable-libstdcxx-debug --enable-libstdcxx-time=yes --with-default-libstdcxx-abi=new --enable-gnu-unique-object --disable-libquadmath --disable-libquadmath-support --enable-plugin --enable-default-pie --with-system-zlib --with-target-system-zlib=auto --enable-objc-gc=auto --enable-multiarch --enable-fix-cortex-a53-843419 --disable-werror --enable-checking=release --build=aarch64-linux-gnu --host=aarch64-linux-gnu --target=aarch64-linux-gnu
Thread model: posix
gcc version 9.4.0 (Ubuntu 9.4.0-1ubuntu1~20.04.2) 
COMPILER_PATH=/usr/lib/gcc/aarch64-linux-gnu/9/:/usr/lib/gcc/aarch64-linux-gnu/9/:/usr/lib/gcc/aarch64-linux-gnu/:/usr/lib/gcc/aarch64-linux-gnu/9/:/usr/lib/gcc/aarch64-linux-gnu/
LIBRARY_PATH=/usr/lib/gcc/aarch64-linux-gnu/9/:/usr/lib/gcc/aarch64-linux-gnu/9/../../../aarch64-linux-gnu/:/usr/lib/gcc/aarch64-linux-gnu/9/../../../../lib/:/lib/aarch64-linux-gnu/:/lib/../lib/:/usr/lib/aarch64-linux-gnu/:/usr/lib/../lib/:/usr/lib/gcc/aarch64-linux-gnu/9/../../../:/lib/:/usr/lib/
COLLECT_GCC_OPTIONS='-v' '-o' 'cmTC_4b345' '-shared-libgcc' '-mlittle-endian' '-mabi=lp64'
 /usr/lib/gcc/aarch64-linux-gnu/9/collect2 -plugin /usr/lib/gcc/aarch64-linux-gnu/9/liblto_plugin.so -plugin-opt=/usr/lib/gcc/aarch64-linux-gnu/9/lto-wrapper -plugin-opt=-fresolution=/tmp/ccvT6IcO.res -plugin-opt=-pass-through=-lgcc_s -plugin-opt=-pass-through=-lgcc -plugin-opt=-pass-through=-lc -plugin-opt=-pass-through=-lgcc_s -plugin-opt=-pass-through=-lgcc --build-id --eh-frame-hdr --hash-style=gnu --as-needed -dynamic-linker /lib/ld-linux-aarch64.so.1 -X -EL -maarch64linux --fix-cortex-a53-843419 -pie -z now -z relro -o cmTC_4b345 /usr/lib/gcc/aarch64-linux-gnu/9/../../../aarch64-linux-gnu/Scrt1.o /usr/lib/gcc/aarch64-linux-gnu/9/../../../aarch64-linux-gnu/crti.o /usr/lib/gcc/aarch64-linux-gnu/9/crtbeginS.o -L/usr/lib/gcc/aarch64-linux-gnu/9 -L/usr/lib/gcc/aarch64-linux-gnu/9/../../../aarch64-linux-gnu -L/usr/lib/gcc/aarch64-linux-gnu/9/../../../../lib -L/lib/aarch64-linux-gnu -L/lib/../lib -L/usr/lib/aarch64-linux-gnu -L/usr/lib/../lib -L/usr/lib/gcc/aarch64-linux-gnu/9/../../.. CMakeFiles/cmTC_4b345.dir/CMakeCXXCompilerABI.cpp.o -lstdc++ -lm -lgcc_s -lgcc -lc -lgcc_s -lgcc /usr/lib/gcc/aarch64-linux-gnu/9/crtendS.o /usr/lib/gcc/aarch64-linux-gnu/9/../../../aarch64-linux-gnu/crtn.o
COLLECT_GCC_OPTIONS='-v' '-o' 'cmTC_4b345' '-shared-libgcc' '-mlittle-endian' '-mabi=lp64'
make[1]: Leaving directory '/home/unitree/navigation_ws/build/pointcloud_to_laserscan/CMakeFiles/CMakeTmp'



Parsed CXX implicit include dir info from above output: rv=done
  found start of include info
  found start of implicit include info
    add: [/usr/include/c++/9]
    add: [/usr/include/aarch64-linux-gnu/c++/9]
    add: [/usr/include/c++/9/backward]
    add: [/usr/lib/gcc/aarch64-linux-gnu/9/include]
    add: [/usr/local/include]
    add: [/usr/include/aarch64-linux-gnu]
    add: [/usr/include]
  end of search list found
  collapse include dir [/usr/include/c++/9] ==> [/usr/include/c++/9]
  collapse include dir [/usr/include/aarch64-linux-gnu/c++/9] ==> [/usr/include/aarch64-linux-gnu/c++/9]
  collapse include dir [/usr/include/c++/9/backward] ==> [/usr/include/c++/9/backward]
  collapse include dir [/usr/lib/gcc/aarch64-linux-gnu/9/include] ==> [/usr/lib/gcc/aarch64-linux-gnu/9/include]
  collapse include dir [/usr/local/include] ==> [/usr/local/include]
  collapse include dir [/usr/include/aarch64-linux-gnu] ==> [/usr/include/aarch64-linux-gnu]
  collapse include dir [/usr/include] ==> [/usr/include]
  implicit include dirs: [/usr/include/c++/9;/usr/include/aarch64-linux-gnu/c++/9;/usr/include/c++/9/backward;/usr/lib/gcc/aarch64-linux-gnu/9/include;/usr/local/include;/usr/include/aarch64-linux-gnu;/usr/include]


Parsed CXX implicit link information from above output:
  link line regex: [^( *|.*[/\])(ld|CMAKE_LINK_STARTFILE-NOTFOUND|([^/\]+-)?ld|collect2)[^/\]*( |$)]
  ignore line: [Change Dir: /home/unitree/navigation_ws/build/pointcloud_to_laserscan/CMakeFiles/CMakeTmp]
  ignore line: []
  ignore line: [Run Build Command(s):/usr/bin/make cmTC_4b345/fast && /usr/bin/make -f CMakeFiles/cmTC_4b345.dir/build.make CMakeFiles/cmTC_4b345.dir/build]
  ignore line: [make[1]: Entering directory '/home/unitree/navigation_ws/build/pointcloud_to_laserscan/CMakeFiles/CMakeTmp']
  ignore line: [Building CXX object CMakeFiles/cmTC_4b345.dir/CMakeCXXCompilerABI.cpp.o]
  ignore line: [/usr/bin/c++    -v -o CMakeFiles/cmTC_4b345.dir/CMakeCXXCompilerABI.cpp.o -c /usr/share/cmake-3.16/Modules/CMakeCXXCompilerABI.cpp]
  ignore line: [Using built-in specs.]
  ignore line: [COLLECT_GCC=/usr/bin/c++]
  ignore line: [Target: aarch64-linux-gnu]
  ignore line: [Configured with: ../src/configure -v --with-pkgversion='Ubuntu 9.4.0-1ubuntu1~20.04.2' --with-bugurl=file:///usr/share/doc/gcc-9/README.Bugs --enable-languages=c ada c++ go d fortran objc obj-c++ gm2 --prefix=/usr --with-gcc-major-version-only --program-suffix=-9 --program-prefix=aarch64-linux-gnu- --enable-shared --enable-linker-build-id --libexecdir=/usr/lib --without-included-gettext --enable-threads=posix --libdir=/usr/lib --enable-nls --enable-clocale=gnu --enable-libstdcxx-debug --enable-libstdcxx-time=yes --with-default-libstdcxx-abi=new --enable-gnu-unique-object --disable-libquadmath --disable-libquadmath-support --enable-plugin --enable-default-pie --with-system-zlib --with-target-system-zlib=auto --enable-objc-gc=auto --enable-multiarch --enable-fix-cortex-a53-843419 --disable-werror --enable-checking=release --build=aarch64-linux-gnu --host=aarch64-linux-gnu --target=aarch64-linux-gnu]
  ignore line: [Thread model: posix]
  ignore line: [gcc version 9.4.0 (Ubuntu 9.4.0-1ubuntu1~20.04.2) ]
  ignore line: [COLLECT_GCC_OPTIONS='-v' '-o' 'CMakeFiles/cmTC_4b345.dir/CMakeCXXCompilerABI.cpp.o' '-c' '-shared-libgcc' '-mlittle-endian' '-mabi=lp64']
  ignore line: [ /usr/lib/gcc/aarch64-linux-gnu/9/cc1plus -quiet -v -imultiarch aarch64-linux-gnu -D_GNU_SOURCE /usr/share/cmake-3.16/Modules/CMakeCXXCompilerABI.cpp -quiet -dumpbase CMakeCXXCompilerABI.cpp -mlittle-endian -mabi=lp64 -auxbase-strip CMakeFiles/cmTC_4b345.dir/CMakeCXXCompilerABI.cpp.o -version -fasynchronous-unwind-tables -fstack-protector-strong -Wformat -Wformat-security -fstack-clash-protection -o /tmp/cciwfCOm.s]
  ignore line: [GNU C++14 (Ubuntu 9.4.0-1ubuntu1~20.04.2) version 9.4.0 (aarch64-linux-gnu)]
  ignore line: [	compiled by GNU C version 9.4.0  GMP version 6.2.0  MPFR version 4.0.2  MPC version 1.1.0  isl version isl-0.22.1-GMP]
  ignore line: []
  ignore line: [GGC heuristics: --param ggc-min-expand=100 --param ggc-min-heapsize=131072]
  ignore line: [ignoring duplicate directory "/usr/include/aarch64-linux-gnu/c++/9"]
  ignore line: [ignoring nonexistent directory "/usr/local/include/aarch64-linux-gnu"]
  ignore line: [ignoring nonexistent directory "/usr/lib/gcc/aarch64-linux-gnu/9/include-fixed"]
  ignore line: [ignoring nonexistent directory "/usr/lib/gcc/aarch64-linux-gnu/9/../../../../aarch64-linux-gnu/include"]
  ignore line: [#include "..." search starts here:]
  ignore line: [#include <...> search starts here:]
  ignore line: [ /usr/include/c++/9]
  ignore line: [ /usr/include/aarch64-linux-gnu/c++/9]
  ignore line: [ /usr/include/c++/9/backward]
  ignore line: [ /usr/lib/gcc/aarch64-linux-gnu/9/include]
  ignore line: [ /usr/local/include]
  ignore line: [ /usr/include/aarch64-linux-gnu]
  ignore line: [ /usr/include]
  ignore line: [End of search list.]
  ignore line: [GNU C++14 (Ubuntu 9.4.0-1ubuntu1~20.04.2) version 9.4.0 (aarch64-linux-gnu)]
  ignore line: [	compiled by GNU C version 9.4.0  GMP version 6.2.0  MPFR version 4.0.2  MPC version 1.1.0  isl version isl-0.22.1-GMP]
  ignore line: []
  ignore line: [GGC heuristics: --param ggc-min-expand=100 --param ggc-min-heapsize=131072]
  ignore line: [Compiler executable checksum: 76f300a9566415b293c4e87b0a05621d]
  ignore line: [COLLECT_GCC_OPTIONS='-v' '-o' 'CMakeFiles/cmTC_4b345.dir/CMakeCXXCompilerABI.cpp.o' '-c' '-shared-libgcc' '-mlittle-endian' '-mabi=lp64']
  ignore line: [ as -v -EL -mabi=lp64 -o CMakeFiles/cmTC_4b345.dir/CMakeCXXCompilerABI.cpp.o /tmp/cciwfCOm.s]
  ignore line: [GNU assembler version 2.34 (aarch64-linux-gnu) using BFD version (GNU Binutils for Ubuntu) 2.34]
  ignore line: [COMPILER_PATH=/usr/lib/gcc/aarch64-linux-gnu/9/:/usr/lib/gcc/aarch64-linux-gnu/9/:/usr/lib/gcc/aarch64-linux-gnu/:/usr/lib/gcc/aarch64-linux-gnu/9/:/usr/lib/gcc/aarch64-linux-gnu/]
  ignore line: [LIBRARY_PATH=/usr/lib/gcc/aarch64-linux-gnu/9/:/usr/lib/gcc/aarch64-linux-gnu/9/../../../aarch64-linux-gnu/:/usr/lib/gcc/aarch64-linux-gnu/9/../../../../lib/:/lib/aarch64-linux-gnu/:/lib/../lib/:/usr/lib/aarch64-linux-gnu/:/usr/lib/../lib/:/usr/lib/gcc/aarch64-linux-gnu/9/../../../:/lib/:/usr/lib/]
  ignore line: [COLLECT_GCC_OPTIONS='-v' '-o' 'CMakeFiles/cmTC_4b345.dir/CMakeCXXCompilerABI.cpp.o' '-c' '-shared-libgcc' '-mlittle-endian' '-mabi=lp64']
  ignore line: [Linking CXX executable cmTC_4b345]
  ignore line: [/usr/bin/cmake -E cmake_link_script CMakeFiles/cmTC_4b345.dir/link.txt --verbose=1]
  ignore line: [/usr/bin/c++      -v CMakeFiles/cmTC_4b345.dir/CMakeCXXCompilerABI.cpp.o  -o cmTC_4b345 ]
  ignore line: [Using built-in specs.]
  ignore line: [COLLECT_GCC=/usr/bin/c++]
  ignore line: [COLLECT_LTO_WRAPPER=/usr/lib/gcc/aarch64-linux-gnu/9/lto-wrapper]
  ignore line: [Target: aarch64-linux-gnu]
  ignore line: [Configured with: ../src/configure -v --with-pkgversion='Ubuntu 9.4.0-1ubuntu1~20.04.2' --with-bugurl=file:///usr/share/doc/gcc-9/README.Bugs --enable-languages=c ada c++ go d fortran objc obj-c++ gm2 --prefix=/usr --with-gcc-major-version-only --program-suffix=-9 --program-prefix=aarch64-linux-gnu- --enable-shared --enable-linker-build-id --libexecdir=/usr/lib --without-included-gettext --enable-threads=posix --libdir=/usr/lib --enable-nls --enable-clocale=gnu --enable-libstdcxx-debug --enable-libstdcxx-time=yes --with-default-libstdcxx-abi=new --enable-gnu-unique-object --disable-libquadmath --disable-libquadmath-support --enable-plugin --enable-default-pie --with-system-zlib --with-target-system-zlib=auto --enable-objc-gc=auto --enable-multiarch --enable-fix-cortex-a53-843419 --disable-werror --enable-checking=release --build=aarch64-linux-gnu --host=aarch64-linux-gnu --target=aarch64-linux-gnu]
  ignore line: [Thread model: posix]
  ignore line: [gcc version 9.4.0 (Ubuntu 9.4.0-1ubuntu1~20.04.2) ]
  ignore line: [COMPILER_PATH=/usr/lib/gcc/aarch64-linux-gnu/9/:/usr/lib/gcc/aarch64-linux-gnu/9/:/usr/lib/gcc/aarch64-linux-gnu/:/usr/lib/gcc/aarch64-linux-gnu/9/:/usr/lib/gcc/aarch64-linux-gnu/]
  ignore line: [LIBRARY_PATH=/usr/lib/gcc/aarch64-linux-gnu/9/:/usr/lib/gcc/aarch64-linux-gnu/9/../../../aarch64-linux-gnu/:/usr/lib/gcc/aarch64-linux-gnu/9/../../../../lib/:/lib/aarch64-linux-gnu/:/lib/../lib/:/usr/lib/aarch64-linux-gnu/:/usr/lib/../lib/:/usr/lib/gcc/aarch64-linux-gnu/9/../../../:/lib/:/usr/lib/]
  ignore line: [COLLECT_GCC_OPTIONS='-v' '-o' 'cmTC_4b345' '-shared-libgcc' '-mlittle-endian' '-mabi=lp64']
  link line: [ /usr/lib/gcc/aarch64-linux-gnu/9/collect2 -plugin /usr/lib/gcc/aarch64-linux-gnu/9/liblto_plugin.so -plugin-opt=/usr/lib/gcc/aarch64-linux-gnu/9/lto-wrapper -plugin-opt=-fresolution=/tmp/ccvT6IcO.res -plugin-opt=-pass-through=-lgcc_s -plugin-opt=-pass-through=-lgcc -plugin-opt=-pass-through=-lc -plugin-opt=-pass-through=-lgcc_s -plugin-opt=-pass-through=-lgcc --build-id --eh-frame-hdr --hash-style=gnu --as-needed -dynamic-linker /lib/ld-linux-aarch64.so.1 -X -EL -maarch64linux --fix-cortex-a53-843419 -pie -z now -z relro -o cmTC_4b345 /usr/lib/gcc/aarch64-linux-gnu/9/../../../aarch64-linux-gnu/Scrt1.o /usr/lib/gcc/aarch64-linux-gnu/9/../../../aarch64-linux-gnu/crti.o /usr/lib/gcc/aarch64-linux-gnu/9/crtbeginS.o -L/usr/lib/gcc/aarch64-linux-gnu/9 -L/usr/lib/gcc/aarch64-linux-gnu/9/../../../aarch64-linux-gnu -L/usr/lib/gcc/aarch64-linux-gnu/9/../../../../lib -L/lib/aarch64-linux-gnu -L/lib/../lib -L/usr/lib/aarch64-linux-gnu -L/usr/lib/../lib -L/usr/lib/gcc/aarch64-linux-gnu/9/../../.. CMakeFiles/cmTC_4b345.dir/CMakeCXXCompilerABI.cpp.o -lstdc++ -lm -lgcc_s -lgcc -lc -lgcc_s -lgcc /usr/lib/gcc/aarch64-linux-gnu/9/crtendS.o /usr/lib/gcc/aarch64-linux-gnu/9/../../../aarch64-linux-gnu/crtn.o]
    arg [/usr/lib/gcc/aarch64-linux-gnu/9/collect2] ==> ignore
    arg [-plugin] ==> ignore
    arg [/usr/lib/gcc/aarch64-linux-gnu/9/liblto_plugin.so] ==> ignore
    arg [-plugin-opt=/usr/lib/gcc/aarch64-linux-gnu/9/lto-wrapper] ==> ignore
    arg [-plugin-opt=-fresolution=/tmp/ccvT6IcO.res] ==> ignore
    arg [-plugin-opt=-pass-through=-lgcc_s] ==> ignore
    arg [-plugin-opt=-pass-through=-lgcc] ==> ignore
    arg [-plugin-opt=-pass-through=-lc] ==> ignore
    arg [-plugin-opt=-pass-through=-lgcc_s] ==> ignore
    arg [-plugin-opt=-pass-through=-lgcc] ==> ignore
    arg [--build-id] ==> ignore
    arg [--eh-frame-hdr] ==> ignore
    arg [--hash-style=gnu] ==> ignore
    arg [--as-needed] ==> ignore
    arg [-dynamic-linker] ==> ignore
    arg [/lib/ld-linux-aarch64.so.1] ==> ignore
    arg [-X] ==> ignore
    arg [-EL] ==> ignore
    arg [-maarch64linux] ==> ignore
    arg [--fix-cortex-a53-843419] ==> ignore
    arg [-pie] ==> ignore
    arg [-znow] ==> ignore
    arg [-zrelro] ==> ignore
    arg [-o] ==> ignore
    arg [cmTC_4b345] ==> ignore
    arg [/usr/lib/gcc/aarch64-linux-gnu/9/../../../aarch64-linux-gnu/Scrt1.o] ==> ignore
    arg [/usr/lib/gcc/aarch64-linux-gnu/9/../../../aarch64-linux-gnu/crti.o] ==> ignore
    arg [/usr/lib/gcc/aarch64-linux-gnu/9/crtbeginS.o] ==> ignore
    arg [-L/usr/lib/gcc/aarch64-linux-gnu/9] ==> dir [/usr/lib/gcc/aarch64-linux-gnu/9]
    arg [-L/usr/lib/gcc/aarch64-linux-gnu/9/../../../aarch64-linux-gnu] ==> dir [/usr/lib/gcc/aarch64-linux-gnu/9/../../../aarch64-linux-gnu]
    arg [-L/usr/lib/gcc/aarch64-linux-gnu/9/../../../../lib] ==> dir [/usr/lib/gcc/aarch64-linux-gnu/9/../../../../lib]
    arg [-L/lib/aarch64-linux-gnu] ==> dir [/lib/aarch64-linux-gnu]
    arg [-L/lib/../lib] ==> dir [/lib/../lib]
    arg [-L/usr/lib/aarch64-linux-gnu] ==> dir [/usr/lib/aarch64-linux-gnu]
    arg [-L/usr/lib/../lib] ==> dir [/usr/lib/../lib]
    arg [-L/usr/lib/gcc/aarch64-linux-gnu/9/../../..] ==> dir [/usr/lib/gcc/aarch64-linux-gnu/9/../../..]
    arg [CMakeFiles/cmTC_4b345.dir/CMakeCXXCompilerABI.cpp.o] ==> ignore
    arg [-lstdc++] ==> lib [stdc++]
    arg [-lm] ==> lib [m]
    arg [-lgcc_s] ==> lib [gcc_s]
    arg [-lgcc] ==> lib [gcc]
    arg [-lc] ==> lib [c]
    arg [-lgcc_s] ==> lib [gcc_s]
    arg [-lgcc] ==> lib [gcc]
    arg [/usr/lib/gcc/aarch64-linux-gnu/9/crtendS.o] ==> ignore
    arg [/usr/lib/gcc/aarch64-linux-gnu/9/../../../aarch64-linux-gnu/crtn.o] ==> ignore
  collapse library dir [/usr/lib/gcc/aarch64-linux-gnu/9] ==> [/usr/lib/gcc/aarch64-linux-gnu/9]
  collapse library dir [/usr/lib/gcc/aarch64-linux-gnu/9/../../../aarch64-linux-gnu] ==> [/usr/lib/aarch64-linux-gnu]
  collapse library dir [/usr/lib/gcc/aarch64-linux-gnu/9/../../../../lib] ==> [/usr/lib]
  collapse library dir [/lib/aarch64-linux-gnu] ==> [/lib/aarch64-linux-gnu]
  collapse library dir [/lib/../lib] ==> [/lib]
  collapse library dir [/usr/lib/aarch64-linux-gnu] ==> [/usr/lib/aarch64-linux-gnu]
  collapse library dir [/usr/lib/../lib] ==> [/usr/lib]
  collapse library dir [/usr/lib/gcc/aarch64-linux-gnu/9/../../..] ==> [/usr/lib]
  implicit libs: [stdc++;m;gcc_s;gcc;c;gcc_s;gcc]
  implicit dirs: [/usr/lib/gcc/aarch64-linux-gnu/9;/usr/lib/aarch64-linux-gnu;/usr/lib;/lib/aarch64-linux-gnu;/lib]
  implicit fwks: []


Determining if the include file pthread.h exists passed with the following output:
Change Dir: /home/unitree/navigation_ws/build/pointcloud_to_laserscan/CMakeFiles/CMakeTmp

Run Build Command(s):/usr/bin/make cmTC_2fe3e/fast && /usr/bin/make -f CMakeFiles/cmTC_2fe3e.dir/build.make CMakeFiles/cmTC_2fe3e.dir/build
make[1]: Entering directory '/home/unitree/navigation_ws/build/pointcloud_to_laserscan/CMakeFiles/CMakeTmp'
Building C object CMakeFiles/cmTC_2fe3e.dir/CheckIncludeFile.c.o
/usr/bin/cc    -o CMakeFiles/cmTC_2fe3e.dir/CheckIncludeFile.c.o   -c /home/unitree/navigation_ws/build/pointcloud_to_laserscan/CMakeFiles/CMakeTmp/CheckIncludeFile.c
Linking C executable cmTC_2fe3e
/usr/bin/cmake -E cmake_link_script CMakeFiles/cmTC_2fe3e.dir/link.txt --verbose=1
/usr/bin/cc      CMakeFiles/cmTC_2fe3e.dir/CheckIncludeFile.c.o  -o cmTC_2fe3e 
make[1]: Leaving directory '/home/unitree/navigation_ws/build/pointcloud_to_laserscan/CMakeFiles/CMakeTmp'



Determining if the function pthread_create exists in the pthread passed with the following output:
Change Dir: /home/unitree/navigation_ws/build/pointcloud_to_laserscan/CMakeFiles/CMakeTmp

Run Build Command(s):/usr/bin/make cmTC_d498b/fast && /usr/bin/make -f CMakeFiles/cmTC_d498b.dir/build.make CMakeFiles/cmTC_d498b.dir/build
make[1]: Entering directory '/home/unitree/navigation_ws/build/pointcloud_to_laserscan/CMakeFiles/CMakeTmp'
Building C object CMakeFiles/cmTC_d498b.dir/CheckFunctionExists.c.o
/usr/bin/cc   -DCHECK_FUNCTION_EXISTS=pthread_create   -o CMakeFiles/cmTC_d498b.dir/CheckFunctionExists.c.o   -c /usr/share/cmake-3.16/Modules/CheckFunctionExists.c
Linking C executable cmTC_d498b
/usr/bin/cmake -E cmake_link_script CMakeFiles/cmTC_d498b.dir/link.txt --verbose=1
/usr/bin/cc  -DCHECK_FUNCTION_EXISTS=pthread_create    CMakeFiles/cmTC_d498b.dir/CheckFunctionExists.c.o  -o cmTC_d498b  -lpthread 
make[1]: Leaving directory '/home/unitree/navigation_ws/build/pointcloud_to_laserscan/CMakeFiles/CMakeTmp'



