[0.328s] DEBUG:colcon:Command line arguments: ['/usr/bin/colcon', 'build', '--symlink-install']
[0.328s] DEBUG:colcon:Parsed command line arguments: Namespace(allow_overriding=[], ament_cmake_args=None, base_paths=['.'], build_base='build', catkin_cmake_args=None, catkin_skip_building_tests=False, cmake_args=None, cmake_clean_cache=False, cmake_clean_first=False, cmake_force_configure=False, cmake_target=None, cmake_target_skip_unavailable=False, continue_on_error=False, event_handlers=None, executor='parallel', ignore_user_meta=False, install_base='install', log_base=None, log_level=None, main=<bound method BuildVerb.main of <colcon_core.verb.build.BuildVerb object at 0xffff954881f0>>, merge_install=False, metas=['./colcon.meta'], packages_above=None, packages_above_and_dependencies=None, packages_above_depth=None, packages_end=None, packages_ignore=None, packages_ignore_regex=None, packages_select=None, packages_select_build_failed=False, packages_select_by_dep=None, packages_select_regex=None, packages_select_test_failures=False, packages_skip=None, packages_skip_build_finished=False, packages_skip_by_dep=None, packages_skip_regex=None, packages_skip_test_passed=False, packages_skip_up_to=None, packages_start=None, packages_up_to=None, packages_up_to_regex=None, parallel_workers=8, paths=None, symlink_install=True, test_result_base=None, verb_extension=<colcon_core.verb.build.BuildVerb object at 0xffff954881f0>, verb_name='build', verb_parser=<colcon_defaults.argument_parser.defaults.DefaultArgumentsDecorator object at 0xffff9531fcd0>)
[0.568s] Level 1:colcon.colcon_core.package_discovery:discover_packages(colcon_meta) check parameters
[0.568s] Level 1:colcon.colcon_core.package_discovery:discover_packages(recursive) check parameters
[0.568s] Level 1:colcon.colcon_core.package_discovery:discover_packages(ignore) check parameters
[0.568s] Level 1:colcon.colcon_core.package_discovery:discover_packages(path) check parameters
[0.568s] Level 1:colcon.colcon_core.package_discovery:discover_packages(colcon_meta) discover
[0.568s] Level 1:colcon.colcon_core.package_discovery:discover_packages(recursive) discover
[0.568s] INFO:colcon.colcon_core.package_discovery:Crawling recursively for packages in '/home/unitree/navigation_ws'
[0.569s] Level 1:colcon.colcon_core.package_identification:_identify(.) by extensions ['ignore', 'ignore_ament_install']
[0.569s] Level 1:colcon.colcon_core.package_identification:_identify(.) by extension 'ignore'
[0.569s] Level 1:colcon.colcon_core.package_identification:_identify(.) by extension 'ignore_ament_install'
[0.569s] Level 1:colcon.colcon_core.package_identification:_identify(.) by extensions ['colcon_pkg']
[0.569s] Level 1:colcon.colcon_core.package_identification:_identify(.) by extension 'colcon_pkg'
[0.569s] Level 1:colcon.colcon_core.package_identification:_identify(.) by extensions ['colcon_meta']
[0.569s] Level 1:colcon.colcon_core.package_identification:_identify(.) by extension 'colcon_meta'
[0.569s] Level 1:colcon.colcon_core.package_identification:_identify(.) by extensions ['ros']
[0.569s] Level 1:colcon.colcon_core.package_identification:_identify(.) by extension 'ros'
[0.588s] Level 1:colcon.colcon_core.package_identification:_identify(.) by extensions ['cmake', 'python']
[0.588s] Level 1:colcon.colcon_core.package_identification:_identify(.) by extension 'cmake'
[0.588s] Level 1:colcon.colcon_core.package_identification:_identify(.) by extension 'python'
[0.588s] Level 1:colcon.colcon_core.package_identification:_identify(.) by extensions ['python_setup_py']
[0.588s] Level 1:colcon.colcon_core.package_identification:_identify(.) by extension 'python_setup_py'
[0.588s] Level 1:colcon.colcon_core.package_identification:_identify(build) by extensions ['ignore', 'ignore_ament_install']
[0.589s] Level 1:colcon.colcon_core.package_identification:_identify(build) by extension 'ignore'
[0.589s] Level 1:colcon.colcon_core.package_identification:_identify(build) ignored
[0.589s] Level 1:colcon.colcon_core.package_identification:_identify(install) by extensions ['ignore', 'ignore_ament_install']
[0.589s] Level 1:colcon.colcon_core.package_identification:_identify(install) by extension 'ignore'
[0.589s] Level 1:colcon.colcon_core.package_identification:_identify(install) ignored
[0.589s] Level 1:colcon.colcon_core.package_identification:_identify(log) by extensions ['ignore', 'ignore_ament_install']
[0.590s] Level 1:colcon.colcon_core.package_identification:_identify(log) by extension 'ignore'
[0.590s] Level 1:colcon.colcon_core.package_identification:_identify(log) ignored
[0.590s] Level 1:colcon.colcon_core.package_identification:_identify(src) by extensions ['ignore', 'ignore_ament_install']
[0.590s] Level 1:colcon.colcon_core.package_identification:_identify(src) by extension 'ignore'
[0.590s] Level 1:colcon.colcon_core.package_identification:_identify(src) by extension 'ignore_ament_install'
[0.590s] Level 1:colcon.colcon_core.package_identification:_identify(src) by extensions ['colcon_pkg']
[0.590s] Level 1:colcon.colcon_core.package_identification:_identify(src) by extension 'colcon_pkg'
[0.590s] Level 1:colcon.colcon_core.package_identification:_identify(src) by extensions ['colcon_meta']
[0.590s] Level 1:colcon.colcon_core.package_identification:_identify(src) by extension 'colcon_meta'
[0.590s] Level 1:colcon.colcon_core.package_identification:_identify(src) by extensions ['ros']
[0.591s] Level 1:colcon.colcon_core.package_identification:_identify(src) by extension 'ros'
[0.591s] Level 1:colcon.colcon_core.package_identification:_identify(src) by extensions ['cmake', 'python']
[0.591s] Level 1:colcon.colcon_core.package_identification:_identify(src) by extension 'cmake'
[0.591s] Level 1:colcon.colcon_core.package_identification:_identify(src) by extension 'python'
[0.591s] Level 1:colcon.colcon_core.package_identification:_identify(src) by extensions ['python_setup_py']
[0.591s] Level 1:colcon.colcon_core.package_identification:_identify(src) by extension 'python_setup_py'
[0.591s] Level 1:colcon.colcon_core.package_identification:_identify(src/autonomy) by extensions ['ignore', 'ignore_ament_install']
[0.591s] Level 1:colcon.colcon_core.package_identification:_identify(src/autonomy) by extension 'ignore'
[0.591s] Level 1:colcon.colcon_core.package_identification:_identify(src/autonomy) by extension 'ignore_ament_install'
[0.591s] Level 1:colcon.colcon_core.package_identification:_identify(src/autonomy) by extensions ['colcon_pkg']
[0.591s] Level 1:colcon.colcon_core.package_identification:_identify(src/autonomy) by extension 'colcon_pkg'
[0.592s] Level 1:colcon.colcon_core.package_identification:_identify(src/autonomy) by extensions ['colcon_meta']
[0.592s] Level 1:colcon.colcon_core.package_identification:_identify(src/autonomy) by extension 'colcon_meta'
[0.592s] Level 1:colcon.colcon_core.package_identification:_identify(src/autonomy) by extensions ['ros']
[0.592s] Level 1:colcon.colcon_core.package_identification:_identify(src/autonomy) by extension 'ros'
[0.592s] Level 1:colcon.colcon_core.package_identification:_identify(src/autonomy) by extensions ['cmake', 'python']
[0.592s] Level 1:colcon.colcon_core.package_identification:_identify(src/autonomy) by extension 'cmake'
[0.592s] Level 1:colcon.colcon_core.package_identification:_identify(src/autonomy) by extension 'python'
[0.592s] Level 1:colcon.colcon_core.package_identification:_identify(src/autonomy) by extensions ['python_setup_py']
[0.592s] Level 1:colcon.colcon_core.package_identification:_identify(src/autonomy) by extension 'python_setup_py'
[0.592s] Level 1:colcon.colcon_core.package_identification:_identify(src/autonomy/BehaviorTree.CPP) by extensions ['ignore', 'ignore_ament_install']
[0.592s] Level 1:colcon.colcon_core.package_identification:_identify(src/autonomy/BehaviorTree.CPP) by extension 'ignore'
[0.593s] Level 1:colcon.colcon_core.package_identification:_identify(src/autonomy/BehaviorTree.CPP) by extension 'ignore_ament_install'
[0.593s] Level 1:colcon.colcon_core.package_identification:_identify(src/autonomy/BehaviorTree.CPP) by extensions ['colcon_pkg']
[0.593s] Level 1:colcon.colcon_core.package_identification:_identify(src/autonomy/BehaviorTree.CPP) by extension 'colcon_pkg'
[0.593s] Level 1:colcon.colcon_core.package_identification:_identify(src/autonomy/BehaviorTree.CPP) by extensions ['colcon_meta']
[0.593s] Level 1:colcon.colcon_core.package_identification:_identify(src/autonomy/BehaviorTree.CPP) by extension 'colcon_meta'
[0.593s] Level 1:colcon.colcon_core.package_identification:_identify(src/autonomy/BehaviorTree.CPP) by extensions ['ros']
[0.593s] Level 1:colcon.colcon_core.package_identification:_identify(src/autonomy/BehaviorTree.CPP) by extension 'ros'
[0.597s] DEBUG:colcon.colcon_core.package_identification:Package 'src/autonomy/BehaviorTree.CPP' with type 'ros.ament_cmake' and name 'behaviortree_cpp'
[0.598s] Level 1:colcon.colcon_core.package_identification:_identify(src/autonomy/rm_autonomy) by extensions ['ignore', 'ignore_ament_install']
[0.598s] Level 1:colcon.colcon_core.package_identification:_identify(src/autonomy/rm_autonomy) by extension 'ignore'
[0.598s] Level 1:colcon.colcon_core.package_identification:_identify(src/autonomy/rm_autonomy) by extension 'ignore_ament_install'
[0.598s] Level 1:colcon.colcon_core.package_identification:_identify(src/autonomy/rm_autonomy) by extensions ['colcon_pkg']
[0.598s] Level 1:colcon.colcon_core.package_identification:_identify(src/autonomy/rm_autonomy) by extension 'colcon_pkg'
[0.598s] Level 1:colcon.colcon_core.package_identification:_identify(src/autonomy/rm_autonomy) by extensions ['colcon_meta']
[0.598s] Level 1:colcon.colcon_core.package_identification:_identify(src/autonomy/rm_autonomy) by extension 'colcon_meta'
[0.598s] Level 1:colcon.colcon_core.package_identification:_identify(src/autonomy/rm_autonomy) by extensions ['ros']
[0.599s] Level 1:colcon.colcon_core.package_identification:_identify(src/autonomy/rm_autonomy) by extension 'ros'
[0.601s] DEBUG:colcon.colcon_core.package_identification:Package 'src/autonomy/rm_autonomy' with type 'ros.ament_cmake' and name 'rm_autonomy'
[0.601s] Level 1:colcon.colcon_core.package_identification:_identify(src/autonomy/rm_autonomy_interfaces) by extensions ['ignore', 'ignore_ament_install']
[0.602s] Level 1:colcon.colcon_core.package_identification:_identify(src/autonomy/rm_autonomy_interfaces) by extension 'ignore'
[0.602s] Level 1:colcon.colcon_core.package_identification:_identify(src/autonomy/rm_autonomy_interfaces) by extension 'ignore_ament_install'
[0.602s] Level 1:colcon.colcon_core.package_identification:_identify(src/autonomy/rm_autonomy_interfaces) by extensions ['colcon_pkg']
[0.602s] Level 1:colcon.colcon_core.package_identification:_identify(src/autonomy/rm_autonomy_interfaces) by extension 'colcon_pkg'
[0.602s] Level 1:colcon.colcon_core.package_identification:_identify(src/autonomy/rm_autonomy_interfaces) by extensions ['colcon_meta']
[0.602s] Level 1:colcon.colcon_core.package_identification:_identify(src/autonomy/rm_autonomy_interfaces) by extension 'colcon_meta'
[0.602s] Level 1:colcon.colcon_core.package_identification:_identify(src/autonomy/rm_autonomy_interfaces) by extensions ['ros']
[0.602s] Level 1:colcon.colcon_core.package_identification:_identify(src/autonomy/rm_autonomy_interfaces) by extension 'ros'
[0.603s] DEBUG:colcon.colcon_core.package_identification:Package 'src/autonomy/rm_autonomy_interfaces' with type 'ros.ament_cmake' and name 'rm_autonomy_interfaces'
[0.603s] Level 1:colcon.colcon_core.package_identification:_identify(src/bringup) by extensions ['ignore', 'ignore_ament_install']
[0.603s] Level 1:colcon.colcon_core.package_identification:_identify(src/bringup) by extension 'ignore'
[0.604s] Level 1:colcon.colcon_core.package_identification:_identify(src/bringup) by extension 'ignore_ament_install'
[0.604s] Level 1:colcon.colcon_core.package_identification:_identify(src/bringup) by extensions ['colcon_pkg']
[0.604s] Level 1:colcon.colcon_core.package_identification:_identify(src/bringup) by extension 'colcon_pkg'
[0.604s] Level 1:colcon.colcon_core.package_identification:_identify(src/bringup) by extensions ['colcon_meta']
[0.604s] Level 1:colcon.colcon_core.package_identification:_identify(src/bringup) by extension 'colcon_meta'
[0.604s] Level 1:colcon.colcon_core.package_identification:_identify(src/bringup) by extensions ['ros']
[0.604s] Level 1:colcon.colcon_core.package_identification:_identify(src/bringup) by extension 'ros'
[0.605s] DEBUG:colcon.colcon_core.package_identification:Package 'src/bringup' with type 'ros.ament_cmake' and name 'bringup'
[0.605s] Level 1:colcon.colcon_core.package_identification:_identify(src/cmd_vel_processor) by extensions ['ignore', 'ignore_ament_install']
[0.605s] Level 1:colcon.colcon_core.package_identification:_identify(src/cmd_vel_processor) by extension 'ignore'
[0.605s] Level 1:colcon.colcon_core.package_identification:_identify(src/cmd_vel_processor) by extension 'ignore_ament_install'
[0.605s] Level 1:colcon.colcon_core.package_identification:_identify(src/cmd_vel_processor) by extensions ['colcon_pkg']
[0.605s] Level 1:colcon.colcon_core.package_identification:_identify(src/cmd_vel_processor) by extension 'colcon_pkg'
[0.606s] Level 1:colcon.colcon_core.package_identification:_identify(src/cmd_vel_processor) by extensions ['colcon_meta']
[0.606s] Level 1:colcon.colcon_core.package_identification:_identify(src/cmd_vel_processor) by extension 'colcon_meta'
[0.606s] Level 1:colcon.colcon_core.package_identification:_identify(src/cmd_vel_processor) by extensions ['ros']
[0.606s] Level 1:colcon.colcon_core.package_identification:_identify(src/cmd_vel_processor) by extension 'ros'
[0.607s] DEBUG:colcon.colcon_core.package_identification:Package 'src/cmd_vel_processor' with type 'ros.ament_cmake' and name 'cmd_vel_processor'
[0.607s] Level 1:colcon.colcon_core.package_identification:_identify(src/livox_ros_driver2) by extensions ['ignore', 'ignore_ament_install']
[0.607s] Level 1:colcon.colcon_core.package_identification:_identify(src/livox_ros_driver2) by extension 'ignore'
[0.607s] Level 1:colcon.colcon_core.package_identification:_identify(src/livox_ros_driver2) by extension 'ignore_ament_install'
[0.607s] Level 1:colcon.colcon_core.package_identification:_identify(src/livox_ros_driver2) by extensions ['colcon_pkg']
[0.607s] Level 1:colcon.colcon_core.package_identification:_identify(src/livox_ros_driver2) by extension 'colcon_pkg'
[0.607s] Level 1:colcon.colcon_core.package_identification:_identify(src/livox_ros_driver2) by extensions ['colcon_meta']
[0.607s] Level 1:colcon.colcon_core.package_identification:_identify(src/livox_ros_driver2) by extension 'colcon_meta'
[0.608s] Level 1:colcon.colcon_core.package_identification:_identify(src/livox_ros_driver2) by extensions ['ros']
[0.608s] Level 1:colcon.colcon_core.package_identification:_identify(src/livox_ros_driver2) by extension 'ros'
[0.609s] DEBUG:colcon.colcon_core.package_identification:Package 'src/livox_ros_driver2' with type 'ros.ament_cmake' and name 'livox_ros_driver2'
[0.610s] Level 1:colcon.colcon_core.package_identification:_identify(src/localization) by extensions ['ignore', 'ignore_ament_install']
[0.610s] Level 1:colcon.colcon_core.package_identification:_identify(src/localization) by extension 'ignore'
[0.610s] Level 1:colcon.colcon_core.package_identification:_identify(src/localization) by extension 'ignore_ament_install'
[0.610s] Level 1:colcon.colcon_core.package_identification:_identify(src/localization) by extensions ['colcon_pkg']
[0.610s] Level 1:colcon.colcon_core.package_identification:_identify(src/localization) by extension 'colcon_pkg'
[0.610s] Level 1:colcon.colcon_core.package_identification:_identify(src/localization) by extensions ['colcon_meta']
[0.610s] Level 1:colcon.colcon_core.package_identification:_identify(src/localization) by extension 'colcon_meta'
[0.610s] Level 1:colcon.colcon_core.package_identification:_identify(src/localization) by extensions ['ros']
[0.610s] Level 1:colcon.colcon_core.package_identification:_identify(src/localization) by extension 'ros'
[0.610s] Level 1:colcon.colcon_core.package_identification:_identify(src/localization) by extensions ['cmake', 'python']
[0.610s] Level 1:colcon.colcon_core.package_identification:_identify(src/localization) by extension 'cmake'
[0.611s] Level 1:colcon.colcon_core.package_identification:_identify(src/localization) by extension 'python'
[0.611s] Level 1:colcon.colcon_core.package_identification:_identify(src/localization) by extensions ['python_setup_py']
[0.611s] Level 1:colcon.colcon_core.package_identification:_identify(src/localization) by extension 'python_setup_py'
[0.611s] Level 1:colcon.colcon_core.package_identification:_identify(src/localization/FAST_LIO) by extensions ['ignore', 'ignore_ament_install']
[0.611s] Level 1:colcon.colcon_core.package_identification:_identify(src/localization/FAST_LIO) by extension 'ignore'
[0.611s] Level 1:colcon.colcon_core.package_identification:_identify(src/localization/FAST_LIO) by extension 'ignore_ament_install'
[0.611s] Level 1:colcon.colcon_core.package_identification:_identify(src/localization/FAST_LIO) by extensions ['colcon_pkg']
[0.611s] Level 1:colcon.colcon_core.package_identification:_identify(src/localization/FAST_LIO) by extension 'colcon_pkg'
[0.611s] Level 1:colcon.colcon_core.package_identification:_identify(src/localization/FAST_LIO) by extensions ['colcon_meta']
[0.611s] Level 1:colcon.colcon_core.package_identification:_identify(src/localization/FAST_LIO) by extension 'colcon_meta'
[0.611s] Level 1:colcon.colcon_core.package_identification:_identify(src/localization/FAST_LIO) by extensions ['ros']
[0.612s] Level 1:colcon.colcon_core.package_identification:_identify(src/localization/FAST_LIO) by extension 'ros'
[0.613s] DEBUG:colcon.colcon_core.package_identification:Package 'src/localization/FAST_LIO' with type 'ros.ament_cmake' and name 'fast_lio'
[0.614s] Level 1:colcon.colcon_core.package_identification:_identify(src/localization/loam_interface) by extensions ['ignore', 'ignore_ament_install']
[0.614s] Level 1:colcon.colcon_core.package_identification:_identify(src/localization/loam_interface) by extension 'ignore'
[0.614s] Level 1:colcon.colcon_core.package_identification:_identify(src/localization/loam_interface) by extension 'ignore_ament_install'
[0.614s] Level 1:colcon.colcon_core.package_identification:_identify(src/localization/loam_interface) by extensions ['colcon_pkg']
[0.614s] Level 1:colcon.colcon_core.package_identification:_identify(src/localization/loam_interface) by extension 'colcon_pkg'
[0.614s] Level 1:colcon.colcon_core.package_identification:_identify(src/localization/loam_interface) by extensions ['colcon_meta']
[0.614s] Level 1:colcon.colcon_core.package_identification:_identify(src/localization/loam_interface) by extension 'colcon_meta'
[0.614s] Level 1:colcon.colcon_core.package_identification:_identify(src/localization/loam_interface) by extensions ['ros']
[0.614s] Level 1:colcon.colcon_core.package_identification:_identify(src/localization/loam_interface) by extension 'ros'
[0.616s] DEBUG:colcon.colcon_core.package_identification:Package 'src/localization/loam_interface' with type 'ros.ament_cmake' and name 'loam_interface'
[0.616s] Level 1:colcon.colcon_core.package_identification:_identify(src/navigation2) by extensions ['ignore', 'ignore_ament_install']
[0.616s] Level 1:colcon.colcon_core.package_identification:_identify(src/navigation2) by extension 'ignore'
[0.617s] Level 1:colcon.colcon_core.package_identification:_identify(src/navigation2) by extension 'ignore_ament_install'
[0.617s] Level 1:colcon.colcon_core.package_identification:_identify(src/navigation2) by extensions ['colcon_pkg']
[0.617s] Level 1:colcon.colcon_core.package_identification:_identify(src/navigation2) by extension 'colcon_pkg'
[0.617s] Level 1:colcon.colcon_core.package_identification:_identify(src/navigation2) by extensions ['colcon_meta']
[0.617s] Level 1:colcon.colcon_core.package_identification:_identify(src/navigation2) by extension 'colcon_meta'
[0.617s] Level 1:colcon.colcon_core.package_identification:_identify(src/navigation2) by extensions ['ros']
[0.617s] Level 1:colcon.colcon_core.package_identification:_identify(src/navigation2) by extension 'ros'
[0.617s] Level 1:colcon.colcon_core.package_identification:_identify(src/navigation2) by extensions ['cmake', 'python']
[0.617s] Level 1:colcon.colcon_core.package_identification:_identify(src/navigation2) by extension 'cmake'
[0.617s] Level 1:colcon.colcon_core.package_identification:_identify(src/navigation2) by extension 'python'
[0.617s] Level 1:colcon.colcon_core.package_identification:_identify(src/navigation2) by extensions ['python_setup_py']
[0.617s] Level 1:colcon.colcon_core.package_identification:_identify(src/navigation2) by extension 'python_setup_py'
[0.618s] Level 1:colcon.colcon_core.package_identification:_identify(src/navigation2/doc) by extensions ['ignore', 'ignore_ament_install']
[0.618s] Level 1:colcon.colcon_core.package_identification:_identify(src/navigation2/doc) by extension 'ignore'
[0.618s] Level 1:colcon.colcon_core.package_identification:_identify(src/navigation2/doc) by extension 'ignore_ament_install'
[0.618s] Level 1:colcon.colcon_core.package_identification:_identify(src/navigation2/doc) by extensions ['colcon_pkg']
[0.618s] Level 1:colcon.colcon_core.package_identification:_identify(src/navigation2/doc) by extension 'colcon_pkg'
[0.618s] Level 1:colcon.colcon_core.package_identification:_identify(src/navigation2/doc) by extensions ['colcon_meta']
[0.618s] Level 1:colcon.colcon_core.package_identification:_identify(src/navigation2/doc) by extension 'colcon_meta'
[0.618s] Level 1:colcon.colcon_core.package_identification:_identify(src/navigation2/doc) by extensions ['ros']
[0.618s] Level 1:colcon.colcon_core.package_identification:_identify(src/navigation2/doc) by extension 'ros'
[0.618s] Level 1:colcon.colcon_core.package_identification:_identify(src/navigation2/doc) by extensions ['cmake', 'python']
[0.618s] Level 1:colcon.colcon_core.package_identification:_identify(src/navigation2/doc) by extension 'cmake'
[0.618s] Level 1:colcon.colcon_core.package_identification:_identify(src/navigation2/doc) by extension 'python'
[0.619s] Level 1:colcon.colcon_core.package_identification:_identify(src/navigation2/doc) by extensions ['python_setup_py']
[0.619s] Level 1:colcon.colcon_core.package_identification:_identify(src/navigation2/doc) by extension 'python_setup_py'
[0.619s] Level 1:colcon.colcon_core.package_identification:_identify(src/navigation2/doc/architecture) by extensions ['ignore', 'ignore_ament_install']
[0.619s] Level 1:colcon.colcon_core.package_identification:_identify(src/navigation2/doc/architecture) by extension 'ignore'
[0.619s] Level 1:colcon.colcon_core.package_identification:_identify(src/navigation2/doc/architecture) by extension 'ignore_ament_install'
[0.619s] Level 1:colcon.colcon_core.package_identification:_identify(src/navigation2/doc/architecture) by extensions ['colcon_pkg']
[0.619s] Level 1:colcon.colcon_core.package_identification:_identify(src/navigation2/doc/architecture) by extension 'colcon_pkg'
[0.619s] Level 1:colcon.colcon_core.package_identification:_identify(src/navigation2/doc/architecture) by extensions ['colcon_meta']
[0.619s] Level 1:colcon.colcon_core.package_identification:_identify(src/navigation2/doc/architecture) by extension 'colcon_meta'
[0.619s] Level 1:colcon.colcon_core.package_identification:_identify(src/navigation2/doc/architecture) by extensions ['ros']
[0.619s] Level 1:colcon.colcon_core.package_identification:_identify(src/navigation2/doc/architecture) by extension 'ros'
[0.620s] Level 1:colcon.colcon_core.package_identification:_identify(src/navigation2/doc/architecture) by extensions ['cmake', 'python']
[0.620s] Level 1:colcon.colcon_core.package_identification:_identify(src/navigation2/doc/architecture) by extension 'cmake'
[0.620s] Level 1:colcon.colcon_core.package_identification:_identify(src/navigation2/doc/architecture) by extension 'python'
[0.620s] Level 1:colcon.colcon_core.package_identification:_identify(src/navigation2/doc/architecture) by extensions ['python_setup_py']
[0.620s] Level 1:colcon.colcon_core.package_identification:_identify(src/navigation2/doc/architecture) by extension 'python_setup_py'
[0.620s] Level 1:colcon.colcon_core.package_identification:_identify(src/navigation2/doc/design) by extensions ['ignore', 'ignore_ament_install']
[0.620s] Level 1:colcon.colcon_core.package_identification:_identify(src/navigation2/doc/design) by extension 'ignore'
[0.620s] Level 1:colcon.colcon_core.package_identification:_identify(src/navigation2/doc/design) by extension 'ignore_ament_install'
[0.620s] Level 1:colcon.colcon_core.package_identification:_identify(src/navigation2/doc/design) by extensions ['colcon_pkg']
[0.620s] Level 1:colcon.colcon_core.package_identification:_identify(src/navigation2/doc/design) by extension 'colcon_pkg'
[0.620s] Level 1:colcon.colcon_core.package_identification:_identify(src/navigation2/doc/design) by extensions ['colcon_meta']
[0.620s] Level 1:colcon.colcon_core.package_identification:_identify(src/navigation2/doc/design) by extension 'colcon_meta'
[0.621s] Level 1:colcon.colcon_core.package_identification:_identify(src/navigation2/doc/design) by extensions ['ros']
[0.621s] Level 1:colcon.colcon_core.package_identification:_identify(src/navigation2/doc/design) by extension 'ros'
[0.621s] Level 1:colcon.colcon_core.package_identification:_identify(src/navigation2/doc/design) by extensions ['cmake', 'python']
[0.621s] Level 1:colcon.colcon_core.package_identification:_identify(src/navigation2/doc/design) by extension 'cmake'
[0.621s] Level 1:colcon.colcon_core.package_identification:_identify(src/navigation2/doc/design) by extension 'python'
[0.621s] Level 1:colcon.colcon_core.package_identification:_identify(src/navigation2/doc/design) by extensions ['python_setup_py']
[0.621s] Level 1:colcon.colcon_core.package_identification:_identify(src/navigation2/doc/design) by extension 'python_setup_py'
[0.621s] Level 1:colcon.colcon_core.package_identification:_identify(src/navigation2/doc/parameters) by extensions ['ignore', 'ignore_ament_install']
[0.621s] Level 1:colcon.colcon_core.package_identification:_identify(src/navigation2/doc/parameters) by extension 'ignore'
[0.621s] Level 1:colcon.colcon_core.package_identification:_identify(src/navigation2/doc/parameters) by extension 'ignore_ament_install'
[0.621s] Level 1:colcon.colcon_core.package_identification:_identify(src/navigation2/doc/parameters) by extensions ['colcon_pkg']
[0.622s] Level 1:colcon.colcon_core.package_identification:_identify(src/navigation2/doc/parameters) by extension 'colcon_pkg'
[0.622s] Level 1:colcon.colcon_core.package_identification:_identify(src/navigation2/doc/parameters) by extensions ['colcon_meta']
[0.622s] Level 1:colcon.colcon_core.package_identification:_identify(src/navigation2/doc/parameters) by extension 'colcon_meta'
[0.622s] Level 1:colcon.colcon_core.package_identification:_identify(src/navigation2/doc/parameters) by extensions ['ros']
[0.622s] Level 1:colcon.colcon_core.package_identification:_identify(src/navigation2/doc/parameters) by extension 'ros'
[0.622s] Level 1:colcon.colcon_core.package_identification:_identify(src/navigation2/doc/parameters) by extensions ['cmake', 'python']
[0.622s] Level 1:colcon.colcon_core.package_identification:_identify(src/navigation2/doc/parameters) by extension 'cmake'
[0.622s] Level 1:colcon.colcon_core.package_identification:_identify(src/navigation2/doc/parameters) by extension 'python'
[0.622s] Level 1:colcon.colcon_core.package_identification:_identify(src/navigation2/doc/parameters) by extensions ['python_setup_py']
[0.622s] Level 1:colcon.colcon_core.package_identification:_identify(src/navigation2/doc/parameters) by extension 'python_setup_py'
[0.622s] Level 1:colcon.colcon_core.package_identification:_identify(src/navigation2/doc/process) by extensions ['ignore', 'ignore_ament_install']
[0.622s] Level 1:colcon.colcon_core.package_identification:_identify(src/navigation2/doc/process) by extension 'ignore'
[0.623s] Level 1:colcon.colcon_core.package_identification:_identify(src/navigation2/doc/process) by extension 'ignore_ament_install'
[0.623s] Level 1:colcon.colcon_core.package_identification:_identify(src/navigation2/doc/process) by extensions ['colcon_pkg']
[0.623s] Level 1:colcon.colcon_core.package_identification:_identify(src/navigation2/doc/process) by extension 'colcon_pkg'
[0.623s] Level 1:colcon.colcon_core.package_identification:_identify(src/navigation2/doc/process) by extensions ['colcon_meta']
[0.623s] Level 1:colcon.colcon_core.package_identification:_identify(src/navigation2/doc/process) by extension 'colcon_meta'
[0.623s] Level 1:colcon.colcon_core.package_identification:_identify(src/navigation2/doc/process) by extensions ['ros']
[0.623s] Level 1:colcon.colcon_core.package_identification:_identify(src/navigation2/doc/process) by extension 'ros'
[0.623s] Level 1:colcon.colcon_core.package_identification:_identify(src/navigation2/doc/process) by extensions ['cmake', 'python']
[0.623s] Level 1:colcon.colcon_core.package_identification:_identify(src/navigation2/doc/process) by extension 'cmake'
[0.623s] Level 1:colcon.colcon_core.package_identification:_identify(src/navigation2/doc/process) by extension 'python'
[0.623s] Level 1:colcon.colcon_core.package_identification:_identify(src/navigation2/doc/process) by extensions ['python_setup_py']
[0.623s] Level 1:colcon.colcon_core.package_identification:_identify(src/navigation2/doc/process) by extension 'python_setup_py'
[0.624s] Level 1:colcon.colcon_core.package_identification:_identify(src/navigation2/doc/requirements) by extensions ['ignore', 'ignore_ament_install']
[0.624s] Level 1:colcon.colcon_core.package_identification:_identify(src/navigation2/doc/requirements) by extension 'ignore'
[0.624s] Level 1:colcon.colcon_core.package_identification:_identify(src/navigation2/doc/requirements) by extension 'ignore_ament_install'
[0.624s] Level 1:colcon.colcon_core.package_identification:_identify(src/navigation2/doc/requirements) by extensions ['colcon_pkg']
[0.624s] Level 1:colcon.colcon_core.package_identification:_identify(src/navigation2/doc/requirements) by extension 'colcon_pkg'
[0.624s] Level 1:colcon.colcon_core.package_identification:_identify(src/navigation2/doc/requirements) by extensions ['colcon_meta']
[0.624s] Level 1:colcon.colcon_core.package_identification:_identify(src/navigation2/doc/requirements) by extension 'colcon_meta'
[0.624s] Level 1:colcon.colcon_core.package_identification:_identify(src/navigation2/doc/requirements) by extensions ['ros']
[0.624s] Level 1:colcon.colcon_core.package_identification:_identify(src/navigation2/doc/requirements) by extension 'ros'
[0.624s] Level 1:colcon.colcon_core.package_identification:_identify(src/navigation2/doc/requirements) by extensions ['cmake', 'python']
[0.624s] Level 1:colcon.colcon_core.package_identification:_identify(src/navigation2/doc/requirements) by extension 'cmake'
[0.624s] Level 1:colcon.colcon_core.package_identification:_identify(src/navigation2/doc/requirements) by extension 'python'
[0.625s] Level 1:colcon.colcon_core.package_identification:_identify(src/navigation2/doc/requirements) by extensions ['python_setup_py']
[0.625s] Level 1:colcon.colcon_core.package_identification:_identify(src/navigation2/doc/requirements) by extension 'python_setup_py'
[0.625s] Level 1:colcon.colcon_core.package_identification:_identify(src/navigation2/doc/requirements/images) by extensions ['ignore', 'ignore_ament_install']
[0.625s] Level 1:colcon.colcon_core.package_identification:_identify(src/navigation2/doc/requirements/images) by extension 'ignore'
[0.625s] Level 1:colcon.colcon_core.package_identification:_identify(src/navigation2/doc/requirements/images) by extension 'ignore_ament_install'
[0.625s] Level 1:colcon.colcon_core.package_identification:_identify(src/navigation2/doc/requirements/images) by extensions ['colcon_pkg']
[0.625s] Level 1:colcon.colcon_core.package_identification:_identify(src/navigation2/doc/requirements/images) by extension 'colcon_pkg'
[0.625s] Level 1:colcon.colcon_core.package_identification:_identify(src/navigation2/doc/requirements/images) by extensions ['colcon_meta']
[0.625s] Level 1:colcon.colcon_core.package_identification:_identify(src/navigation2/doc/requirements/images) by extension 'colcon_meta'
[0.625s] Level 1:colcon.colcon_core.package_identification:_identify(src/navigation2/doc/requirements/images) by extensions ['ros']
[0.625s] Level 1:colcon.colcon_core.package_identification:_identify(src/navigation2/doc/requirements/images) by extension 'ros'
[0.626s] Level 1:colcon.colcon_core.package_identification:_identify(src/navigation2/doc/requirements/images) by extensions ['cmake', 'python']
[0.626s] Level 1:colcon.colcon_core.package_identification:_identify(src/navigation2/doc/requirements/images) by extension 'cmake'
[0.626s] Level 1:colcon.colcon_core.package_identification:_identify(src/navigation2/doc/requirements/images) by extension 'python'
[0.626s] Level 1:colcon.colcon_core.package_identification:_identify(src/navigation2/doc/requirements/images) by extensions ['python_setup_py']
[0.626s] Level 1:colcon.colcon_core.package_identification:_identify(src/navigation2/doc/requirements/images) by extension 'python_setup_py'
[0.626s] Level 1:colcon.colcon_core.package_identification:_identify(src/navigation2/doc/use_cases) by extensions ['ignore', 'ignore_ament_install']
[0.626s] Level 1:colcon.colcon_core.package_identification:_identify(src/navigation2/doc/use_cases) by extension 'ignore'
[0.626s] Level 1:colcon.colcon_core.package_identification:_identify(src/navigation2/doc/use_cases) by extension 'ignore_ament_install'
[0.626s] Level 1:colcon.colcon_core.package_identification:_identify(src/navigation2/doc/use_cases) by extensions ['colcon_pkg']
[0.626s] Level 1:colcon.colcon_core.package_identification:_identify(src/navigation2/doc/use_cases) by extension 'colcon_pkg'
[0.626s] Level 1:colcon.colcon_core.package_identification:_identify(src/navigation2/doc/use_cases) by extensions ['colcon_meta']
[0.626s] Level 1:colcon.colcon_core.package_identification:_identify(src/navigation2/doc/use_cases) by extension 'colcon_meta'
[0.627s] Level 1:colcon.colcon_core.package_identification:_identify(src/navigation2/doc/use_cases) by extensions ['ros']
[0.627s] Level 1:colcon.colcon_core.package_identification:_identify(src/navigation2/doc/use_cases) by extension 'ros'
[0.627s] Level 1:colcon.colcon_core.package_identification:_identify(src/navigation2/doc/use_cases) by extensions ['cmake', 'python']
[0.627s] Level 1:colcon.colcon_core.package_identification:_identify(src/navigation2/doc/use_cases) by extension 'cmake'
[0.627s] Level 1:colcon.colcon_core.package_identification:_identify(src/navigation2/doc/use_cases) by extension 'python'
[0.627s] Level 1:colcon.colcon_core.package_identification:_identify(src/navigation2/doc/use_cases) by extensions ['python_setup_py']
[0.627s] Level 1:colcon.colcon_core.package_identification:_identify(src/navigation2/doc/use_cases) by extension 'python_setup_py'
[0.627s] Level 1:colcon.colcon_core.package_identification:_identify(src/navigation2/nav2_amcl) by extensions ['ignore', 'ignore_ament_install']
[0.627s] Level 1:colcon.colcon_core.package_identification:_identify(src/navigation2/nav2_amcl) by extension 'ignore'
[0.627s] Level 1:colcon.colcon_core.package_identification:_identify(src/navigation2/nav2_amcl) by extension 'ignore_ament_install'
[0.627s] Level 1:colcon.colcon_core.package_identification:_identify(src/navigation2/nav2_amcl) by extensions ['colcon_pkg']
[0.627s] Level 1:colcon.colcon_core.package_identification:_identify(src/navigation2/nav2_amcl) by extension 'colcon_pkg'
[0.628s] Level 1:colcon.colcon_core.package_identification:_identify(src/navigation2/nav2_amcl) by extensions ['colcon_meta']
[0.628s] Level 1:colcon.colcon_core.package_identification:_identify(src/navigation2/nav2_amcl) by extension 'colcon_meta'
[0.628s] Level 1:colcon.colcon_core.package_identification:_identify(src/navigation2/nav2_amcl) by extensions ['ros']
[0.628s] Level 1:colcon.colcon_core.package_identification:_identify(src/navigation2/nav2_amcl) by extension 'ros'
[0.630s] DEBUG:colcon.colcon_core.package_identification:Package 'src/navigation2/nav2_amcl' with type 'ros.ament_cmake' and name 'nav2_amcl'
[0.630s] Level 1:colcon.colcon_core.package_identification:_identify(src/navigation2/nav2_behavior_tree) by extensions ['ignore', 'ignore_ament_install']
[0.630s] Level 1:colcon.colcon_core.package_identification:_identify(src/navigation2/nav2_behavior_tree) by extension 'ignore'
[0.630s] Level 1:colcon.colcon_core.package_identification:_identify(src/navigation2/nav2_behavior_tree) by extension 'ignore_ament_install'
[0.630s] Level 1:colcon.colcon_core.package_identification:_identify(src/navigation2/nav2_behavior_tree) by extensions ['colcon_pkg']
[0.630s] Level 1:colcon.colcon_core.package_identification:_identify(src/navigation2/nav2_behavior_tree) by extension 'colcon_pkg'
[0.631s] Level 1:colcon.colcon_core.package_identification:_identify(src/navigation2/nav2_behavior_tree) by extensions ['colcon_meta']
[0.631s] Level 1:colcon.colcon_core.package_identification:_identify(src/navigation2/nav2_behavior_tree) by extension 'colcon_meta'
[0.631s] Level 1:colcon.colcon_core.package_identification:_identify(src/navigation2/nav2_behavior_tree) by extensions ['ros']
[0.631s] Level 1:colcon.colcon_core.package_identification:_identify(src/navigation2/nav2_behavior_tree) by extension 'ros'
[0.632s] DEBUG:colcon.colcon_core.package_identification:Package 'src/navigation2/nav2_behavior_tree' with type 'ros.ament_cmake' and name 'nav2_behavior_tree'
[0.632s] Level 1:colcon.colcon_core.package_identification:_identify(src/navigation2/nav2_bringup) by extensions ['ignore', 'ignore_ament_install']
[0.633s] Level 1:colcon.colcon_core.package_identification:_identify(src/navigation2/nav2_bringup) by extension 'ignore'
[0.633s] Level 1:colcon.colcon_core.package_identification:_identify(src/navigation2/nav2_bringup) by extension 'ignore_ament_install'
[0.633s] Level 1:colcon.colcon_core.package_identification:_identify(src/navigation2/nav2_bringup) by extensions ['colcon_pkg']
[0.633s] Level 1:colcon.colcon_core.package_identification:_identify(src/navigation2/nav2_bringup) by extension 'colcon_pkg'
[0.633s] Level 1:colcon.colcon_core.package_identification:_identify(src/navigation2/nav2_bringup) by extensions ['colcon_meta']
[0.633s] Level 1:colcon.colcon_core.package_identification:_identify(src/navigation2/nav2_bringup) by extension 'colcon_meta'
[0.633s] Level 1:colcon.colcon_core.package_identification:_identify(src/navigation2/nav2_bringup) by extensions ['ros']
[0.633s] Level 1:colcon.colcon_core.package_identification:_identify(src/navigation2/nav2_bringup) by extension 'ros'
[0.633s] Level 1:colcon.colcon_core.package_identification:_identify(src/navigation2/nav2_bringup) by extensions ['cmake', 'python']
[0.633s] Level 1:colcon.colcon_core.package_identification:_identify(src/navigation2/nav2_bringup) by extension 'cmake'
[0.633s] Level 1:colcon.colcon_core.package_identification:_identify(src/navigation2/nav2_bringup) by extension 'python'
[0.633s] Level 1:colcon.colcon_core.package_identification:_identify(src/navigation2/nav2_bringup) by extensions ['python_setup_py']
[0.634s] Level 1:colcon.colcon_core.package_identification:_identify(src/navigation2/nav2_bringup) by extension 'python_setup_py'
[0.634s] Level 1:colcon.colcon_core.package_identification:_identify(src/navigation2/nav2_bringup/bringup) by extensions ['ignore', 'ignore_ament_install']
[0.634s] Level 1:colcon.colcon_core.package_identification:_identify(src/navigation2/nav2_bringup/bringup) by extension 'ignore'
[0.634s] Level 1:colcon.colcon_core.package_identification:_identify(src/navigation2/nav2_bringup/bringup) by extension 'ignore_ament_install'
[0.634s] Level 1:colcon.colcon_core.package_identification:_identify(src/navigation2/nav2_bringup/bringup) by extensions ['colcon_pkg']
[0.634s] Level 1:colcon.colcon_core.package_identification:_identify(src/navigation2/nav2_bringup/bringup) by extension 'colcon_pkg'
[0.634s] Level 1:colcon.colcon_core.package_identification:_identify(src/navigation2/nav2_bringup/bringup) by extensions ['colcon_meta']
[0.634s] Level 1:colcon.colcon_core.package_identification:_identify(src/navigation2/nav2_bringup/bringup) by extension 'colcon_meta'
[0.634s] Level 1:colcon.colcon_core.package_identification:_identify(src/navigation2/nav2_bringup/bringup) by extensions ['ros']
[0.634s] Level 1:colcon.colcon_core.package_identification:_identify(src/navigation2/nav2_bringup/bringup) by extension 'ros'
[0.635s] DEBUG:colcon.colcon_core.package_identification:Package 'src/navigation2/nav2_bringup/bringup' with type 'ros.ament_cmake' and name 'nav2_bringup'
[0.635s] Level 1:colcon.colcon_core.package_identification:_identify(src/navigation2/nav2_bt_navigator) by extensions ['ignore', 'ignore_ament_install']
[0.636s] Level 1:colcon.colcon_core.package_identification:_identify(src/navigation2/nav2_bt_navigator) by extension 'ignore'
[0.636s] Level 1:colcon.colcon_core.package_identification:_identify(src/navigation2/nav2_bt_navigator) by extension 'ignore_ament_install'
[0.636s] Level 1:colcon.colcon_core.package_identification:_identify(src/navigation2/nav2_bt_navigator) by extensions ['colcon_pkg']
[0.636s] Level 1:colcon.colcon_core.package_identification:_identify(src/navigation2/nav2_bt_navigator) by extension 'colcon_pkg'
[0.636s] Level 1:colcon.colcon_core.package_identification:_identify(src/navigation2/nav2_bt_navigator) by extensions ['colcon_meta']
[0.636s] Level 1:colcon.colcon_core.package_identification:_identify(src/navigation2/nav2_bt_navigator) by extension 'colcon_meta'
[0.636s] Level 1:colcon.colcon_core.package_identification:_identify(src/navigation2/nav2_bt_navigator) by extensions ['ros']
[0.636s] Level 1:colcon.colcon_core.package_identification:_identify(src/navigation2/nav2_bt_navigator) by extension 'ros'
[0.637s] DEBUG:colcon.colcon_core.package_identification:Package 'src/navigation2/nav2_bt_navigator' with type 'ros.ament_cmake' and name 'nav2_bt_navigator'
[0.638s] Level 1:colcon.colcon_core.package_identification:_identify(src/navigation2/nav2_common) by extensions ['ignore', 'ignore_ament_install']
[0.638s] Level 1:colcon.colcon_core.package_identification:_identify(src/navigation2/nav2_common) by extension 'ignore'
[0.638s] Level 1:colcon.colcon_core.package_identification:_identify(src/navigation2/nav2_common) by extension 'ignore_ament_install'
[0.638s] Level 1:colcon.colcon_core.package_identification:_identify(src/navigation2/nav2_common) by extensions ['colcon_pkg']
[0.638s] Level 1:colcon.colcon_core.package_identification:_identify(src/navigation2/nav2_common) by extension 'colcon_pkg'
[0.638s] Level 1:colcon.colcon_core.package_identification:_identify(src/navigation2/nav2_common) by extensions ['colcon_meta']
[0.638s] Level 1:colcon.colcon_core.package_identification:_identify(src/navigation2/nav2_common) by extension 'colcon_meta'
[0.638s] Level 1:colcon.colcon_core.package_identification:_identify(src/navigation2/nav2_common) by extensions ['ros']
[0.638s] Level 1:colcon.colcon_core.package_identification:_identify(src/navigation2/nav2_common) by extension 'ros'
[0.641s] DEBUG:colcon.colcon_core.package_identification:Package 'src/navigation2/nav2_common' with type 'ros.ament_cmake' and name 'nav2_common'
[0.642s] Level 1:colcon.colcon_core.package_identification:_identify(src/navigation2/nav2_controller) by extensions ['ignore', 'ignore_ament_install']
[0.642s] Level 1:colcon.colcon_core.package_identification:_identify(src/navigation2/nav2_controller) by extension 'ignore'
[0.642s] Level 1:colcon.colcon_core.package_identification:_identify(src/navigation2/nav2_controller) by extension 'ignore_ament_install'
[0.642s] Level 1:colcon.colcon_core.package_identification:_identify(src/navigation2/nav2_controller) by extensions ['colcon_pkg']
[0.642s] Level 1:colcon.colcon_core.package_identification:_identify(src/navigation2/nav2_controller) by extension 'colcon_pkg'
[0.642s] Level 1:colcon.colcon_core.package_identification:_identify(src/navigation2/nav2_controller) by extensions ['colcon_meta']
[0.642s] Level 1:colcon.colcon_core.package_identification:_identify(src/navigation2/nav2_controller) by extension 'colcon_meta'
[0.642s] Level 1:colcon.colcon_core.package_identification:_identify(src/navigation2/nav2_controller) by extensions ['ros']
[0.642s] Level 1:colcon.colcon_core.package_identification:_identify(src/navigation2/nav2_controller) by extension 'ros'
[0.644s] DEBUG:colcon.colcon_core.package_identification:Package 'src/navigation2/nav2_controller' with type 'ros.ament_cmake' and name 'nav2_controller'
[0.644s] Level 1:colcon.colcon_core.package_identification:_identify(src/navigation2/nav2_core) by extensions ['ignore', 'ignore_ament_install']
[0.645s] Level 1:colcon.colcon_core.package_identification:_identify(src/navigation2/nav2_core) by extension 'ignore'
[0.645s] Level 1:colcon.colcon_core.package_identification:_identify(src/navigation2/nav2_core) by extension 'ignore_ament_install'
[0.645s] Level 1:colcon.colcon_core.package_identification:_identify(src/navigation2/nav2_core) by extensions ['colcon_pkg']
[0.645s] Level 1:colcon.colcon_core.package_identification:_identify(src/navigation2/nav2_core) by extension 'colcon_pkg'
[0.645s] Level 1:colcon.colcon_core.package_identification:_identify(src/navigation2/nav2_core) by extensions ['colcon_meta']
[0.645s] Level 1:colcon.colcon_core.package_identification:_identify(src/navigation2/nav2_core) by extension 'colcon_meta'
[0.645s] Level 1:colcon.colcon_core.package_identification:_identify(src/navigation2/nav2_core) by extensions ['ros']
[0.645s] Level 1:colcon.colcon_core.package_identification:_identify(src/navigation2/nav2_core) by extension 'ros'
[0.647s] DEBUG:colcon.colcon_core.package_identification:Package 'src/navigation2/nav2_core' with type 'ros.ament_cmake' and name 'nav2_core'
[0.647s] Level 1:colcon.colcon_core.package_identification:_identify(src/navigation2/nav2_costmap_2d) by extensions ['ignore', 'ignore_ament_install']
[0.647s] Level 1:colcon.colcon_core.package_identification:_identify(src/navigation2/nav2_costmap_2d) by extension 'ignore'
[0.647s] Level 1:colcon.colcon_core.package_identification:_identify(src/navigation2/nav2_costmap_2d) by extension 'ignore_ament_install'
[0.647s] Level 1:colcon.colcon_core.package_identification:_identify(src/navigation2/nav2_costmap_2d) by extensions ['colcon_pkg']
[0.647s] Level 1:colcon.colcon_core.package_identification:_identify(src/navigation2/nav2_costmap_2d) by extension 'colcon_pkg'
[0.647s] Level 1:colcon.colcon_core.package_identification:_identify(src/navigation2/nav2_costmap_2d) by extensions ['colcon_meta']
[0.647s] Level 1:colcon.colcon_core.package_identification:_identify(src/navigation2/nav2_costmap_2d) by extension 'colcon_meta'
[0.648s] Level 1:colcon.colcon_core.package_identification:_identify(src/navigation2/nav2_costmap_2d) by extensions ['ros']
[0.648s] Level 1:colcon.colcon_core.package_identification:_identify(src/navigation2/nav2_costmap_2d) by extension 'ros'
[0.650s] DEBUG:colcon.colcon_core.package_identification:Package 'src/navigation2/nav2_costmap_2d' with type 'ros.ament_cmake' and name 'nav2_costmap_2d'
[0.651s] Level 1:colcon.colcon_core.package_identification:_identify(src/navigation2/nav2_dwb_controller) by extensions ['ignore', 'ignore_ament_install']
[0.651s] Level 1:colcon.colcon_core.package_identification:_identify(src/navigation2/nav2_dwb_controller) by extension 'ignore'
[0.651s] Level 1:colcon.colcon_core.package_identification:_identify(src/navigation2/nav2_dwb_controller) by extension 'ignore_ament_install'
[0.651s] Level 1:colcon.colcon_core.package_identification:_identify(src/navigation2/nav2_dwb_controller) by extensions ['colcon_pkg']
[0.651s] Level 1:colcon.colcon_core.package_identification:_identify(src/navigation2/nav2_dwb_controller) by extension 'colcon_pkg'
[0.651s] Level 1:colcon.colcon_core.package_identification:_identify(src/navigation2/nav2_dwb_controller) by extensions ['colcon_meta']
[0.651s] Level 1:colcon.colcon_core.package_identification:_identify(src/navigation2/nav2_dwb_controller) by extension 'colcon_meta'
[0.651s] Level 1:colcon.colcon_core.package_identification:_identify(src/navigation2/nav2_dwb_controller) by extensions ['ros']
[0.651s] Level 1:colcon.colcon_core.package_identification:_identify(src/navigation2/nav2_dwb_controller) by extension 'ros'
[0.652s] Level 1:colcon.colcon_core.package_identification:_identify(src/navigation2/nav2_dwb_controller) by extensions ['cmake', 'python']
[0.652s] Level 1:colcon.colcon_core.package_identification:_identify(src/navigation2/nav2_dwb_controller) by extension 'cmake'
[0.652s] Level 1:colcon.colcon_core.package_identification:_identify(src/navigation2/nav2_dwb_controller) by extension 'python'
[0.652s] Level 1:colcon.colcon_core.package_identification:_identify(src/navigation2/nav2_dwb_controller) by extensions ['python_setup_py']
[0.652s] Level 1:colcon.colcon_core.package_identification:_identify(src/navigation2/nav2_dwb_controller) by extension 'python_setup_py'
[0.652s] Level 1:colcon.colcon_core.package_identification:_identify(src/navigation2/nav2_dwb_controller/costmap_queue) by extensions ['ignore', 'ignore_ament_install']
[0.652s] Level 1:colcon.colcon_core.package_identification:_identify(src/navigation2/nav2_dwb_controller/costmap_queue) by extension 'ignore'
[0.652s] Level 1:colcon.colcon_core.package_identification:_identify(src/navigation2/nav2_dwb_controller/costmap_queue) by extension 'ignore_ament_install'
[0.652s] Level 1:colcon.colcon_core.package_identification:_identify(src/navigation2/nav2_dwb_controller/costmap_queue) by extensions ['colcon_pkg']
[0.652s] Level 1:colcon.colcon_core.package_identification:_identify(src/navigation2/nav2_dwb_controller/costmap_queue) by extension 'colcon_pkg'
[0.652s] Level 1:colcon.colcon_core.package_identification:_identify(src/navigation2/nav2_dwb_controller/costmap_queue) by extensions ['colcon_meta']
[0.653s] Level 1:colcon.colcon_core.package_identification:_identify(src/navigation2/nav2_dwb_controller/costmap_queue) by extension 'colcon_meta'
[0.653s] Level 1:colcon.colcon_core.package_identification:_identify(src/navigation2/nav2_dwb_controller/costmap_queue) by extensions ['ros']
[0.653s] Level 1:colcon.colcon_core.package_identification:_identify(src/navigation2/nav2_dwb_controller/costmap_queue) by extension 'ros'
[0.654s] DEBUG:colcon.colcon_core.package_identification:Package 'src/navigation2/nav2_dwb_controller/costmap_queue' with type 'ros.ament_cmake' and name 'costmap_queue'
[0.654s] Level 1:colcon.colcon_core.package_identification:_identify(src/navigation2/nav2_dwb_controller/dwb_core) by extensions ['ignore', 'ignore_ament_install']
[0.654s] Level 1:colcon.colcon_core.package_identification:_identify(src/navigation2/nav2_dwb_controller/dwb_core) by extension 'ignore'
[0.654s] Level 1:colcon.colcon_core.package_identification:_identify(src/navigation2/nav2_dwb_controller/dwb_core) by extension 'ignore_ament_install'
[0.654s] Level 1:colcon.colcon_core.package_identification:_identify(src/navigation2/nav2_dwb_controller/dwb_core) by extensions ['colcon_pkg']
[0.654s] Level 1:colcon.colcon_core.package_identification:_identify(src/navigation2/nav2_dwb_controller/dwb_core) by extension 'colcon_pkg'
[0.654s] Level 1:colcon.colcon_core.package_identification:_identify(src/navigation2/nav2_dwb_controller/dwb_core) by extensions ['colcon_meta']
[0.654s] Level 1:colcon.colcon_core.package_identification:_identify(src/navigation2/nav2_dwb_controller/dwb_core) by extension 'colcon_meta'
[0.654s] Level 1:colcon.colcon_core.package_identification:_identify(src/navigation2/nav2_dwb_controller/dwb_core) by extensions ['ros']
[0.654s] Level 1:colcon.colcon_core.package_identification:_identify(src/navigation2/nav2_dwb_controller/dwb_core) by extension 'ros'
[0.656s] DEBUG:colcon.colcon_core.package_identification:Package 'src/navigation2/nav2_dwb_controller/dwb_core' with type 'ros.ament_cmake' and name 'dwb_core'
[0.656s] Level 1:colcon.colcon_core.package_identification:_identify(src/navigation2/nav2_dwb_controller/dwb_critics) by extensions ['ignore', 'ignore_ament_install']
[0.656s] Level 1:colcon.colcon_core.package_identification:_identify(src/navigation2/nav2_dwb_controller/dwb_critics) by extension 'ignore'
[0.656s] Level 1:colcon.colcon_core.package_identification:_identify(src/navigation2/nav2_dwb_controller/dwb_critics) by extension 'ignore_ament_install'
[0.656s] Level 1:colcon.colcon_core.package_identification:_identify(src/navigation2/nav2_dwb_controller/dwb_critics) by extensions ['colcon_pkg']
[0.656s] Level 1:colcon.colcon_core.package_identification:_identify(src/navigation2/nav2_dwb_controller/dwb_critics) by extension 'colcon_pkg'
[0.656s] Level 1:colcon.colcon_core.package_identification:_identify(src/navigation2/nav2_dwb_controller/dwb_critics) by extensions ['colcon_meta']
[0.656s] Level 1:colcon.colcon_core.package_identification:_identify(src/navigation2/nav2_dwb_controller/dwb_critics) by extension 'colcon_meta'
[0.657s] Level 1:colcon.colcon_core.package_identification:_identify(src/navigation2/nav2_dwb_controller/dwb_critics) by extensions ['ros']
[0.657s] Level 1:colcon.colcon_core.package_identification:_identify(src/navigation2/nav2_dwb_controller/dwb_critics) by extension 'ros'
[0.658s] DEBUG:colcon.colcon_core.package_identification:Package 'src/navigation2/nav2_dwb_controller/dwb_critics' with type 'ros.ament_cmake' and name 'dwb_critics'
[0.659s] Level 1:colcon.colcon_core.package_identification:_identify(src/navigation2/nav2_dwb_controller/dwb_msgs) by extensions ['ignore', 'ignore_ament_install']
[0.659s] Level 1:colcon.colcon_core.package_identification:_identify(src/navigation2/nav2_dwb_controller/dwb_msgs) by extension 'ignore'
[0.659s] Level 1:colcon.colcon_core.package_identification:_identify(src/navigation2/nav2_dwb_controller/dwb_msgs) by extension 'ignore_ament_install'
[0.659s] Level 1:colcon.colcon_core.package_identification:_identify(src/navigation2/nav2_dwb_controller/dwb_msgs) by extensions ['colcon_pkg']
[0.659s] Level 1:colcon.colcon_core.package_identification:_identify(src/navigation2/nav2_dwb_controller/dwb_msgs) by extension 'colcon_pkg'
[0.659s] Level 1:colcon.colcon_core.package_identification:_identify(src/navigation2/nav2_dwb_controller/dwb_msgs) by extensions ['colcon_meta']
[0.659s] Level 1:colcon.colcon_core.package_identification:_identify(src/navigation2/nav2_dwb_controller/dwb_msgs) by extension 'colcon_meta'
[0.659s] Level 1:colcon.colcon_core.package_identification:_identify(src/navigation2/nav2_dwb_controller/dwb_msgs) by extensions ['ros']
[0.659s] Level 1:colcon.colcon_core.package_identification:_identify(src/navigation2/nav2_dwb_controller/dwb_msgs) by extension 'ros'
[0.661s] DEBUG:colcon.colcon_core.package_identification:Package 'src/navigation2/nav2_dwb_controller/dwb_msgs' with type 'ros.ament_cmake' and name 'dwb_msgs'
[0.661s] Level 1:colcon.colcon_core.package_identification:_identify(src/navigation2/nav2_dwb_controller/dwb_plugins) by extensions ['ignore', 'ignore_ament_install']
[0.661s] Level 1:colcon.colcon_core.package_identification:_identify(src/navigation2/nav2_dwb_controller/dwb_plugins) by extension 'ignore'
[0.661s] Level 1:colcon.colcon_core.package_identification:_identify(src/navigation2/nav2_dwb_controller/dwb_plugins) by extension 'ignore_ament_install'
[0.661s] Level 1:colcon.colcon_core.package_identification:_identify(src/navigation2/nav2_dwb_controller/dwb_plugins) by extensions ['colcon_pkg']
[0.661s] Level 1:colcon.colcon_core.package_identification:_identify(src/navigation2/nav2_dwb_controller/dwb_plugins) by extension 'colcon_pkg'
[0.661s] Level 1:colcon.colcon_core.package_identification:_identify(src/navigation2/nav2_dwb_controller/dwb_plugins) by extensions ['colcon_meta']
[0.662s] Level 1:colcon.colcon_core.package_identification:_identify(src/navigation2/nav2_dwb_controller/dwb_plugins) by extension 'colcon_meta'
[0.662s] Level 1:colcon.colcon_core.package_identification:_identify(src/navigation2/nav2_dwb_controller/dwb_plugins) by extensions ['ros']
[0.662s] Level 1:colcon.colcon_core.package_identification:_identify(src/navigation2/nav2_dwb_controller/dwb_plugins) by extension 'ros'
[0.663s] DEBUG:colcon.colcon_core.package_identification:Package 'src/navigation2/nav2_dwb_controller/dwb_plugins' with type 'ros.ament_cmake' and name 'dwb_plugins'
[0.663s] Level 1:colcon.colcon_core.package_identification:_identify(src/navigation2/nav2_dwb_controller/images) by extensions ['ignore', 'ignore_ament_install']
[0.663s] Level 1:colcon.colcon_core.package_identification:_identify(src/navigation2/nav2_dwb_controller/images) by extension 'ignore'
[0.663s] Level 1:colcon.colcon_core.package_identification:_identify(src/navigation2/nav2_dwb_controller/images) by extension 'ignore_ament_install'
[0.664s] Level 1:colcon.colcon_core.package_identification:_identify(src/navigation2/nav2_dwb_controller/images) by extensions ['colcon_pkg']
[0.664s] Level 1:colcon.colcon_core.package_identification:_identify(src/navigation2/nav2_dwb_controller/images) by extension 'colcon_pkg'
[0.664s] Level 1:colcon.colcon_core.package_identification:_identify(src/navigation2/nav2_dwb_controller/images) by extensions ['colcon_meta']
[0.664s] Level 1:colcon.colcon_core.package_identification:_identify(src/navigation2/nav2_dwb_controller/images) by extension 'colcon_meta'
[0.664s] Level 1:colcon.colcon_core.package_identification:_identify(src/navigation2/nav2_dwb_controller/images) by extensions ['ros']
[0.664s] Level 1:colcon.colcon_core.package_identification:_identify(src/navigation2/nav2_dwb_controller/images) by extension 'ros'
[0.664s] Level 1:colcon.colcon_core.package_identification:_identify(src/navigation2/nav2_dwb_controller/images) by extensions ['cmake', 'python']
[0.664s] Level 1:colcon.colcon_core.package_identification:_identify(src/navigation2/nav2_dwb_controller/images) by extension 'cmake'
[0.664s] Level 1:colcon.colcon_core.package_identification:_identify(src/navigation2/nav2_dwb_controller/images) by extension 'python'
[0.664s] Level 1:colcon.colcon_core.package_identification:_identify(src/navigation2/nav2_dwb_controller/images) by extensions ['python_setup_py']
[0.664s] Level 1:colcon.colcon_core.package_identification:_identify(src/navigation2/nav2_dwb_controller/images) by extension 'python_setup_py'
[0.665s] Level 1:colcon.colcon_core.package_identification:_identify(src/navigation2/nav2_dwb_controller/nav2_dwb_controller) by extensions ['ignore', 'ignore_ament_install']
[0.665s] Level 1:colcon.colcon_core.package_identification:_identify(src/navigation2/nav2_dwb_controller/nav2_dwb_controller) by extension 'ignore'
[0.665s] Level 1:colcon.colcon_core.package_identification:_identify(src/navigation2/nav2_dwb_controller/nav2_dwb_controller) by extension 'ignore_ament_install'
[0.665s] Level 1:colcon.colcon_core.package_identification:_identify(src/navigation2/nav2_dwb_controller/nav2_dwb_controller) by extensions ['colcon_pkg']
[0.665s] Level 1:colcon.colcon_core.package_identification:_identify(src/navigation2/nav2_dwb_controller/nav2_dwb_controller) by extension 'colcon_pkg'
[0.665s] Level 1:colcon.colcon_core.package_identification:_identify(src/navigation2/nav2_dwb_controller/nav2_dwb_controller) by extensions ['colcon_meta']
[0.665s] Level 1:colcon.colcon_core.package_identification:_identify(src/navigation2/nav2_dwb_controller/nav2_dwb_controller) by extension 'colcon_meta'
[0.665s] Level 1:colcon.colcon_core.package_identification:_identify(src/navigation2/nav2_dwb_controller/nav2_dwb_controller) by extensions ['ros']
[0.665s] Level 1:colcon.colcon_core.package_identification:_identify(src/navigation2/nav2_dwb_controller/nav2_dwb_controller) by extension 'ros'
[0.666s] DEBUG:colcon.colcon_core.package_identification:Package 'src/navigation2/nav2_dwb_controller/nav2_dwb_controller' with type 'ros.ament_cmake' and name 'nav2_dwb_controller'
[0.667s] Level 1:colcon.colcon_core.package_identification:_identify(src/navigation2/nav2_dwb_controller/nav_2d_msgs) by extensions ['ignore', 'ignore_ament_install']
[0.667s] Level 1:colcon.colcon_core.package_identification:_identify(src/navigation2/nav2_dwb_controller/nav_2d_msgs) by extension 'ignore'
[0.667s] Level 1:colcon.colcon_core.package_identification:_identify(src/navigation2/nav2_dwb_controller/nav_2d_msgs) by extension 'ignore_ament_install'
[0.667s] Level 1:colcon.colcon_core.package_identification:_identify(src/navigation2/nav2_dwb_controller/nav_2d_msgs) by extensions ['colcon_pkg']
[0.667s] Level 1:colcon.colcon_core.package_identification:_identify(src/navigation2/nav2_dwb_controller/nav_2d_msgs) by extension 'colcon_pkg'
[0.667s] Level 1:colcon.colcon_core.package_identification:_identify(src/navigation2/nav2_dwb_controller/nav_2d_msgs) by extensions ['colcon_meta']
[0.667s] Level 1:colcon.colcon_core.package_identification:_identify(src/navigation2/nav2_dwb_controller/nav_2d_msgs) by extension 'colcon_meta'
[0.667s] Level 1:colcon.colcon_core.package_identification:_identify(src/navigation2/nav2_dwb_controller/nav_2d_msgs) by extensions ['ros']
[0.667s] Level 1:colcon.colcon_core.package_identification:_identify(src/navigation2/nav2_dwb_controller/nav_2d_msgs) by extension 'ros'
[0.668s] DEBUG:colcon.colcon_core.package_identification:Package 'src/navigation2/nav2_dwb_controller/nav_2d_msgs' with type 'ros.ament_cmake' and name 'nav_2d_msgs'
[0.669s] Level 1:colcon.colcon_core.package_identification:_identify(src/navigation2/nav2_dwb_controller/nav_2d_utils) by extensions ['ignore', 'ignore_ament_install']
[0.669s] Level 1:colcon.colcon_core.package_identification:_identify(src/navigation2/nav2_dwb_controller/nav_2d_utils) by extension 'ignore'
[0.669s] Level 1:colcon.colcon_core.package_identification:_identify(src/navigation2/nav2_dwb_controller/nav_2d_utils) by extension 'ignore_ament_install'
[0.669s] Level 1:colcon.colcon_core.package_identification:_identify(src/navigation2/nav2_dwb_controller/nav_2d_utils) by extensions ['colcon_pkg']
[0.669s] Level 1:colcon.colcon_core.package_identification:_identify(src/navigation2/nav2_dwb_controller/nav_2d_utils) by extension 'colcon_pkg'
[0.669s] Level 1:colcon.colcon_core.package_identification:_identify(src/navigation2/nav2_dwb_controller/nav_2d_utils) by extensions ['colcon_meta']
[0.669s] Level 1:colcon.colcon_core.package_identification:_identify(src/navigation2/nav2_dwb_controller/nav_2d_utils) by extension 'colcon_meta'
[0.669s] Level 1:colcon.colcon_core.package_identification:_identify(src/navigation2/nav2_dwb_controller/nav_2d_utils) by extensions ['ros']
[0.669s] Level 1:colcon.colcon_core.package_identification:_identify(src/navigation2/nav2_dwb_controller/nav_2d_utils) by extension 'ros'
[0.671s] DEBUG:colcon.colcon_core.package_identification:Package 'src/navigation2/nav2_dwb_controller/nav_2d_utils' with type 'ros.ament_cmake' and name 'nav_2d_utils'
[0.671s] Level 1:colcon.colcon_core.package_identification:_identify(src/navigation2/nav2_lifecycle_manager) by extensions ['ignore', 'ignore_ament_install']
[0.671s] Level 1:colcon.colcon_core.package_identification:_identify(src/navigation2/nav2_lifecycle_manager) by extension 'ignore'
[0.671s] Level 1:colcon.colcon_core.package_identification:_identify(src/navigation2/nav2_lifecycle_manager) by extension 'ignore_ament_install'
[0.671s] Level 1:colcon.colcon_core.package_identification:_identify(src/navigation2/nav2_lifecycle_manager) by extensions ['colcon_pkg']
[0.671s] Level 1:colcon.colcon_core.package_identification:_identify(src/navigation2/nav2_lifecycle_manager) by extension 'colcon_pkg'
[0.671s] Level 1:colcon.colcon_core.package_identification:_identify(src/navigation2/nav2_lifecycle_manager) by extensions ['colcon_meta']
[0.671s] Level 1:colcon.colcon_core.package_identification:_identify(src/navigation2/nav2_lifecycle_manager) by extension 'colcon_meta'
[0.671s] Level 1:colcon.colcon_core.package_identification:_identify(src/navigation2/nav2_lifecycle_manager) by extensions ['ros']
[0.672s] Level 1:colcon.colcon_core.package_identification:_identify(src/navigation2/nav2_lifecycle_manager) by extension 'ros'
[0.673s] DEBUG:colcon.colcon_core.package_identification:Package 'src/navigation2/nav2_lifecycle_manager' with type 'ros.ament_cmake' and name 'nav2_lifecycle_manager'
[0.673s] Level 1:colcon.colcon_core.package_identification:_identify(src/navigation2/nav2_map_server) by extensions ['ignore', 'ignore_ament_install']
[0.673s] Level 1:colcon.colcon_core.package_identification:_identify(src/navigation2/nav2_map_server) by extension 'ignore'
[0.673s] Level 1:colcon.colcon_core.package_identification:_identify(src/navigation2/nav2_map_server) by extension 'ignore_ament_install'
[0.673s] Level 1:colcon.colcon_core.package_identification:_identify(src/navigation2/nav2_map_server) by extensions ['colcon_pkg']
[0.673s] Level 1:colcon.colcon_core.package_identification:_identify(src/navigation2/nav2_map_server) by extension 'colcon_pkg'
[0.673s] Level 1:colcon.colcon_core.package_identification:_identify(src/navigation2/nav2_map_server) by extensions ['colcon_meta']
[0.673s] Level 1:colcon.colcon_core.package_identification:_identify(src/navigation2/nav2_map_server) by extension 'colcon_meta'
[0.674s] Level 1:colcon.colcon_core.package_identification:_identify(src/navigation2/nav2_map_server) by extensions ['ros']
[0.674s] Level 1:colcon.colcon_core.package_identification:_identify(src/navigation2/nav2_map_server) by extension 'ros'
[0.675s] DEBUG:colcon.colcon_core.package_identification:Package 'src/navigation2/nav2_map_server' with type 'ros.ament_cmake' and name 'nav2_map_server'
[0.676s] Level 1:colcon.colcon_core.package_identification:_identify(src/navigation2/nav2_msgs) by extensions ['ignore', 'ignore_ament_install']
[0.676s] Level 1:colcon.colcon_core.package_identification:_identify(src/navigation2/nav2_msgs) by extension 'ignore'
[0.676s] Level 1:colcon.colcon_core.package_identification:_identify(src/navigation2/nav2_msgs) by extension 'ignore_ament_install'
[0.676s] Level 1:colcon.colcon_core.package_identification:_identify(src/navigation2/nav2_msgs) by extensions ['colcon_pkg']
[0.676s] Level 1:colcon.colcon_core.package_identification:_identify(src/navigation2/nav2_msgs) by extension 'colcon_pkg'
[0.676s] Level 1:colcon.colcon_core.package_identification:_identify(src/navigation2/nav2_msgs) by extensions ['colcon_meta']
[0.676s] Level 1:colcon.colcon_core.package_identification:_identify(src/navigation2/nav2_msgs) by extension 'colcon_meta'
[0.676s] Level 1:colcon.colcon_core.package_identification:_identify(src/navigation2/nav2_msgs) by extensions ['ros']
[0.676s] Level 1:colcon.colcon_core.package_identification:_identify(src/navigation2/nav2_msgs) by extension 'ros'
[0.678s] DEBUG:colcon.colcon_core.package_identification:Package 'src/navigation2/nav2_msgs' with type 'ros.ament_cmake' and name 'nav2_msgs'
[0.678s] Level 1:colcon.colcon_core.package_identification:_identify(src/navigation2/nav2_navfn_planner) by extensions ['ignore', 'ignore_ament_install']
[0.678s] Level 1:colcon.colcon_core.package_identification:_identify(src/navigation2/nav2_navfn_planner) by extension 'ignore'
[0.678s] Level 1:colcon.colcon_core.package_identification:_identify(src/navigation2/nav2_navfn_planner) by extension 'ignore_ament_install'
[0.678s] Level 1:colcon.colcon_core.package_identification:_identify(src/navigation2/nav2_navfn_planner) by extensions ['colcon_pkg']
[0.678s] Level 1:colcon.colcon_core.package_identification:_identify(src/navigation2/nav2_navfn_planner) by extension 'colcon_pkg'
[0.678s] Level 1:colcon.colcon_core.package_identification:_identify(src/navigation2/nav2_navfn_planner) by extensions ['colcon_meta']
[0.679s] Level 1:colcon.colcon_core.package_identification:_identify(src/navigation2/nav2_navfn_planner) by extension 'colcon_meta'
[0.679s] Level 1:colcon.colcon_core.package_identification:_identify(src/navigation2/nav2_navfn_planner) by extensions ['ros']
[0.679s] Level 1:colcon.colcon_core.package_identification:_identify(src/navigation2/nav2_navfn_planner) by extension 'ros'
[0.681s] DEBUG:colcon.colcon_core.package_identification:Package 'src/navigation2/nav2_navfn_planner' with type 'ros.ament_cmake' and name 'nav2_navfn_planner'
[0.681s] Level 1:colcon.colcon_core.package_identification:_identify(src/navigation2/nav2_planner) by extensions ['ignore', 'ignore_ament_install']
[0.681s] Level 1:colcon.colcon_core.package_identification:_identify(src/navigation2/nav2_planner) by extension 'ignore'
[0.681s] Level 1:colcon.colcon_core.package_identification:_identify(src/navigation2/nav2_planner) by extension 'ignore_ament_install'
[0.681s] Level 1:colcon.colcon_core.package_identification:_identify(src/navigation2/nav2_planner) by extensions ['colcon_pkg']
[0.681s] Level 1:colcon.colcon_core.package_identification:_identify(src/navigation2/nav2_planner) by extension 'colcon_pkg'
[0.682s] Level 1:colcon.colcon_core.package_identification:_identify(src/navigation2/nav2_planner) by extensions ['colcon_meta']
[0.682s] Level 1:colcon.colcon_core.package_identification:_identify(src/navigation2/nav2_planner) by extension 'colcon_meta'
[0.682s] Level 1:colcon.colcon_core.package_identification:_identify(src/navigation2/nav2_planner) by extensions ['ros']
[0.682s] Level 1:colcon.colcon_core.package_identification:_identify(src/navigation2/nav2_planner) by extension 'ros'
[0.684s] DEBUG:colcon.colcon_core.package_identification:Package 'src/navigation2/nav2_planner' with type 'ros.ament_cmake' and name 'nav2_planner'
[0.684s] Level 1:colcon.colcon_core.package_identification:_identify(src/navigation2/nav2_recoveries) by extensions ['ignore', 'ignore_ament_install']
[0.684s] Level 1:colcon.colcon_core.package_identification:_identify(src/navigation2/nav2_recoveries) by extension 'ignore'
[0.684s] Level 1:colcon.colcon_core.package_identification:_identify(src/navigation2/nav2_recoveries) by extension 'ignore_ament_install'
[0.684s] Level 1:colcon.colcon_core.package_identification:_identify(src/navigation2/nav2_recoveries) by extensions ['colcon_pkg']
[0.684s] Level 1:colcon.colcon_core.package_identification:_identify(src/navigation2/nav2_recoveries) by extension 'colcon_pkg'
[0.684s] Level 1:colcon.colcon_core.package_identification:_identify(src/navigation2/nav2_recoveries) by extensions ['colcon_meta']
[0.685s] Level 1:colcon.colcon_core.package_identification:_identify(src/navigation2/nav2_recoveries) by extension 'colcon_meta'
[0.685s] Level 1:colcon.colcon_core.package_identification:_identify(src/navigation2/nav2_recoveries) by extensions ['ros']
[0.685s] Level 1:colcon.colcon_core.package_identification:_identify(src/navigation2/nav2_recoveries) by extension 'ros'
[0.686s] DEBUG:colcon.colcon_core.package_identification:Package 'src/navigation2/nav2_recoveries' with type 'ros.ament_cmake' and name 'nav2_recoveries'
[0.686s] Level 1:colcon.colcon_core.package_identification:_identify(src/navigation2/nav2_regulated_pure_pursuit_controller) by extensions ['ignore', 'ignore_ament_install']
[0.686s] Level 1:colcon.colcon_core.package_identification:_identify(src/navigation2/nav2_regulated_pure_pursuit_controller) by extension 'ignore'
[0.686s] Level 1:colcon.colcon_core.package_identification:_identify(src/navigation2/nav2_regulated_pure_pursuit_controller) by extension 'ignore_ament_install'
[0.686s] Level 1:colcon.colcon_core.package_identification:_identify(src/navigation2/nav2_regulated_pure_pursuit_controller) by extensions ['colcon_pkg']
[0.686s] Level 1:colcon.colcon_core.package_identification:_identify(src/navigation2/nav2_regulated_pure_pursuit_controller) by extension 'colcon_pkg'
[0.686s] Level 1:colcon.colcon_core.package_identification:_identify(src/navigation2/nav2_regulated_pure_pursuit_controller) by extensions ['colcon_meta']
[0.687s] Level 1:colcon.colcon_core.package_identification:_identify(src/navigation2/nav2_regulated_pure_pursuit_controller) by extension 'colcon_meta'
[0.687s] Level 1:colcon.colcon_core.package_identification:_identify(src/navigation2/nav2_regulated_pure_pursuit_controller) by extensions ['ros']
[0.687s] Level 1:colcon.colcon_core.package_identification:_identify(src/navigation2/nav2_regulated_pure_pursuit_controller) by extension 'ros'
[0.688s] DEBUG:colcon.colcon_core.package_identification:Package 'src/navigation2/nav2_regulated_pure_pursuit_controller' with type 'ros.ament_cmake' and name 'nav2_regulated_pure_pursuit_controller'
[0.689s] Level 1:colcon.colcon_core.package_identification:_identify(src/navigation2/nav2_util) by extensions ['ignore', 'ignore_ament_install']
[0.689s] Level 1:colcon.colcon_core.package_identification:_identify(src/navigation2/nav2_util) by extension 'ignore'
[0.689s] Level 1:colcon.colcon_core.package_identification:_identify(src/navigation2/nav2_util) by extension 'ignore_ament_install'
[0.689s] Level 1:colcon.colcon_core.package_identification:_identify(src/navigation2/nav2_util) by extensions ['colcon_pkg']
[0.689s] Level 1:colcon.colcon_core.package_identification:_identify(src/navigation2/nav2_util) by extension 'colcon_pkg'
[0.689s] Level 1:colcon.colcon_core.package_identification:_identify(src/navigation2/nav2_util) by extensions ['colcon_meta']
[0.689s] Level 1:colcon.colcon_core.package_identification:_identify(src/navigation2/nav2_util) by extension 'colcon_meta'
[0.689s] Level 1:colcon.colcon_core.package_identification:_identify(src/navigation2/nav2_util) by extensions ['ros']
[0.689s] Level 1:colcon.colcon_core.package_identification:_identify(src/navigation2/nav2_util) by extension 'ros'
[0.691s] DEBUG:colcon.colcon_core.package_identification:Package 'src/navigation2/nav2_util' with type 'ros.ament_cmake' and name 'nav2_util'
[0.692s] Level 1:colcon.colcon_core.package_identification:_identify(src/navigation2/nav2_voxel_grid) by extensions ['ignore', 'ignore_ament_install']
[0.692s] Level 1:colcon.colcon_core.package_identification:_identify(src/navigation2/nav2_voxel_grid) by extension 'ignore'
[0.692s] Level 1:colcon.colcon_core.package_identification:_identify(src/navigation2/nav2_voxel_grid) by extension 'ignore_ament_install'
[0.692s] Level 1:colcon.colcon_core.package_identification:_identify(src/navigation2/nav2_voxel_grid) by extensions ['colcon_pkg']
[0.692s] Level 1:colcon.colcon_core.package_identification:_identify(src/navigation2/nav2_voxel_grid) by extension 'colcon_pkg'
[0.692s] Level 1:colcon.colcon_core.package_identification:_identify(src/navigation2/nav2_voxel_grid) by extensions ['colcon_meta']
[0.692s] Level 1:colcon.colcon_core.package_identification:_identify(src/navigation2/nav2_voxel_grid) by extension 'colcon_meta'
[0.692s] Level 1:colcon.colcon_core.package_identification:_identify(src/navigation2/nav2_voxel_grid) by extensions ['ros']
[0.692s] Level 1:colcon.colcon_core.package_identification:_identify(src/navigation2/nav2_voxel_grid) by extension 'ros'
[0.693s] DEBUG:colcon.colcon_core.package_identification:Package 'src/navigation2/nav2_voxel_grid' with type 'ros.ament_cmake' and name 'nav2_voxel_grid'
[0.694s] Level 1:colcon.colcon_core.package_identification:_identify(src/navigation2/nav2_waypoint_follower) by extensions ['ignore', 'ignore_ament_install']
[0.694s] Level 1:colcon.colcon_core.package_identification:_identify(src/navigation2/nav2_waypoint_follower) by extension 'ignore'
[0.694s] Level 1:colcon.colcon_core.package_identification:_identify(src/navigation2/nav2_waypoint_follower) by extension 'ignore_ament_install'
[0.694s] Level 1:colcon.colcon_core.package_identification:_identify(src/navigation2/nav2_waypoint_follower) by extensions ['colcon_pkg']
[0.694s] Level 1:colcon.colcon_core.package_identification:_identify(src/navigation2/nav2_waypoint_follower) by extension 'colcon_pkg'
[0.694s] Level 1:colcon.colcon_core.package_identification:_identify(src/navigation2/nav2_waypoint_follower) by extensions ['colcon_meta']
[0.694s] Level 1:colcon.colcon_core.package_identification:_identify(src/navigation2/nav2_waypoint_follower) by extension 'colcon_meta'
[0.694s] Level 1:colcon.colcon_core.package_identification:_identify(src/navigation2/nav2_waypoint_follower) by extensions ['ros']
[0.694s] Level 1:colcon.colcon_core.package_identification:_identify(src/navigation2/nav2_waypoint_follower) by extension 'ros'
[0.696s] DEBUG:colcon.colcon_core.package_identification:Package 'src/navigation2/nav2_waypoint_follower' with type 'ros.ament_cmake' and name 'nav2_waypoint_follower'
[0.696s] Level 1:colcon.colcon_core.package_identification:_identify(src/navigation2/navigation2) by extensions ['ignore', 'ignore_ament_install']
[0.696s] Level 1:colcon.colcon_core.package_identification:_identify(src/navigation2/navigation2) by extension 'ignore'
[0.696s] Level 1:colcon.colcon_core.package_identification:_identify(src/navigation2/navigation2) by extension 'ignore_ament_install'
[0.696s] Level 1:colcon.colcon_core.package_identification:_identify(src/navigation2/navigation2) by extensions ['colcon_pkg']
[0.696s] Level 1:colcon.colcon_core.package_identification:_identify(src/navigation2/navigation2) by extension 'colcon_pkg'
[0.696s] Level 1:colcon.colcon_core.package_identification:_identify(src/navigation2/navigation2) by extensions ['colcon_meta']
[0.696s] Level 1:colcon.colcon_core.package_identification:_identify(src/navigation2/navigation2) by extension 'colcon_meta'
[0.696s] Level 1:colcon.colcon_core.package_identification:_identify(src/navigation2/navigation2) by extensions ['ros']
[0.696s] Level 1:colcon.colcon_core.package_identification:_identify(src/navigation2/navigation2) by extension 'ros'
[0.698s] DEBUG:colcon.colcon_core.package_identification:Package 'src/navigation2/navigation2' with type 'ros.ament_cmake' and name 'navigation2'
[0.698s] Level 1:colcon.colcon_core.package_identification:_identify(src/navigation2/smac_planner) by extensions ['ignore', 'ignore_ament_install']
[0.698s] Level 1:colcon.colcon_core.package_identification:_identify(src/navigation2/smac_planner) by extension 'ignore'
[0.698s] Level 1:colcon.colcon_core.package_identification:_identify(src/navigation2/smac_planner) by extension 'ignore_ament_install'
[0.698s] Level 1:colcon.colcon_core.package_identification:_identify(src/navigation2/smac_planner) by extensions ['colcon_pkg']
[0.698s] Level 1:colcon.colcon_core.package_identification:_identify(src/navigation2/smac_planner) by extension 'colcon_pkg'
[0.698s] Level 1:colcon.colcon_core.package_identification:_identify(src/navigation2/smac_planner) by extensions ['colcon_meta']
[0.698s] Level 1:colcon.colcon_core.package_identification:_identify(src/navigation2/smac_planner) by extension 'colcon_meta'
[0.698s] Level 1:colcon.colcon_core.package_identification:_identify(src/navigation2/smac_planner) by extensions ['ros']
[0.699s] Level 1:colcon.colcon_core.package_identification:_identify(src/navigation2/smac_planner) by extension 'ros'
[0.701s] DEBUG:colcon.colcon_core.package_identification:Package 'src/navigation2/smac_planner' with type 'ros.ament_cmake' and name 'smac_planner'
[0.701s] Level 1:colcon.colcon_core.package_identification:_identify(src/navigation2/tools) by extensions ['ignore', 'ignore_ament_install']
[0.701s] Level 1:colcon.colcon_core.package_identification:_identify(src/navigation2/tools) by extension 'ignore'
[0.701s] Level 1:colcon.colcon_core.package_identification:_identify(src/navigation2/tools) by extension 'ignore_ament_install'
[0.702s] Level 1:colcon.colcon_core.package_identification:_identify(src/navigation2/tools) by extensions ['colcon_pkg']
[0.702s] Level 1:colcon.colcon_core.package_identification:_identify(src/navigation2/tools) by extension 'colcon_pkg'
[0.702s] Level 1:colcon.colcon_core.package_identification:_identify(src/navigation2/tools) by extensions ['colcon_meta']
[0.702s] Level 1:colcon.colcon_core.package_identification:_identify(src/navigation2/tools) by extension 'colcon_meta'
[0.702s] Level 1:colcon.colcon_core.package_identification:_identify(src/navigation2/tools) by extensions ['ros']
[0.702s] Level 1:colcon.colcon_core.package_identification:_identify(src/navigation2/tools) by extension 'ros'
[0.702s] Level 1:colcon.colcon_core.package_identification:_identify(src/navigation2/tools) by extensions ['cmake', 'python']
[0.702s] Level 1:colcon.colcon_core.package_identification:_identify(src/navigation2/tools) by extension 'cmake'
[0.702s] Level 1:colcon.colcon_core.package_identification:_identify(src/navigation2/tools) by extension 'python'
[0.702s] Level 1:colcon.colcon_core.package_identification:_identify(src/navigation2/tools) by extensions ['python_setup_py']
[0.702s] Level 1:colcon.colcon_core.package_identification:_identify(src/navigation2/tools) by extension 'python_setup_py'
[0.702s] Level 1:colcon.colcon_core.package_identification:_identify(src/reconstruction) by extensions ['ignore', 'ignore_ament_install']
[0.703s] Level 1:colcon.colcon_core.package_identification:_identify(src/reconstruction) by extension 'ignore'
[0.703s] Level 1:colcon.colcon_core.package_identification:_identify(src/reconstruction) by extension 'ignore_ament_install'
[0.703s] Level 1:colcon.colcon_core.package_identification:_identify(src/reconstruction) by extensions ['colcon_pkg']
[0.703s] Level 1:colcon.colcon_core.package_identification:_identify(src/reconstruction) by extension 'colcon_pkg'
[0.703s] Level 1:colcon.colcon_core.package_identification:_identify(src/reconstruction) by extensions ['colcon_meta']
[0.703s] Level 1:colcon.colcon_core.package_identification:_identify(src/reconstruction) by extension 'colcon_meta'
[0.703s] Level 1:colcon.colcon_core.package_identification:_identify(src/reconstruction) by extensions ['ros']
[0.703s] Level 1:colcon.colcon_core.package_identification:_identify(src/reconstruction) by extension 'ros'
[0.703s] Level 1:colcon.colcon_core.package_identification:_identify(src/reconstruction) by extensions ['cmake', 'python']
[0.703s] Level 1:colcon.colcon_core.package_identification:_identify(src/reconstruction) by extension 'cmake'
[0.703s] Level 1:colcon.colcon_core.package_identification:_identify(src/reconstruction) by extension 'python'
[0.703s] Level 1:colcon.colcon_core.package_identification:_identify(src/reconstruction) by extensions ['python_setup_py']
[0.703s] Level 1:colcon.colcon_core.package_identification:_identify(src/reconstruction) by extension 'python_setup_py'
[0.704s] Level 1:colcon.colcon_core.package_identification:_identify(src/reconstruction/linefit_ground_segmentation_ros2) by extensions ['ignore', 'ignore_ament_install']
[0.704s] Level 1:colcon.colcon_core.package_identification:_identify(src/reconstruction/linefit_ground_segmentation_ros2) by extension 'ignore'
[0.704s] Level 1:colcon.colcon_core.package_identification:_identify(src/reconstruction/linefit_ground_segmentation_ros2) by extension 'ignore_ament_install'
[0.704s] Level 1:colcon.colcon_core.package_identification:_identify(src/reconstruction/linefit_ground_segmentation_ros2) by extensions ['colcon_pkg']
[0.704s] Level 1:colcon.colcon_core.package_identification:_identify(src/reconstruction/linefit_ground_segmentation_ros2) by extension 'colcon_pkg'
[0.704s] Level 1:colcon.colcon_core.package_identification:_identify(src/reconstruction/linefit_ground_segmentation_ros2) by extensions ['colcon_meta']
[0.704s] Level 1:colcon.colcon_core.package_identification:_identify(src/reconstruction/linefit_ground_segmentation_ros2) by extension 'colcon_meta'
[0.704s] Level 1:colcon.colcon_core.package_identification:_identify(src/reconstruction/linefit_ground_segmentation_ros2) by extensions ['ros']
[0.704s] Level 1:colcon.colcon_core.package_identification:_identify(src/reconstruction/linefit_ground_segmentation_ros2) by extension 'ros'
[0.704s] Level 1:colcon.colcon_core.package_identification:_identify(src/reconstruction/linefit_ground_segmentation_ros2) by extensions ['cmake', 'python']
[0.704s] Level 1:colcon.colcon_core.package_identification:_identify(src/reconstruction/linefit_ground_segmentation_ros2) by extension 'cmake'
[0.705s] Level 1:colcon.colcon_core.package_identification:_identify(src/reconstruction/linefit_ground_segmentation_ros2) by extension 'python'
[0.705s] Level 1:colcon.colcon_core.package_identification:_identify(src/reconstruction/linefit_ground_segmentation_ros2) by extensions ['python_setup_py']
[0.705s] Level 1:colcon.colcon_core.package_identification:_identify(src/reconstruction/linefit_ground_segmentation_ros2) by extension 'python_setup_py'
[0.705s] Level 1:colcon.colcon_core.package_identification:_identify(src/reconstruction/linefit_ground_segmentation_ros2/doc) by extensions ['ignore', 'ignore_ament_install']
[0.705s] Level 1:colcon.colcon_core.package_identification:_identify(src/reconstruction/linefit_ground_segmentation_ros2/doc) by extension 'ignore'
[0.705s] Level 1:colcon.colcon_core.package_identification:_identify(src/reconstruction/linefit_ground_segmentation_ros2/doc) by extension 'ignore_ament_install'
[0.705s] Level 1:colcon.colcon_core.package_identification:_identify(src/reconstruction/linefit_ground_segmentation_ros2/doc) by extensions ['colcon_pkg']
[0.705s] Level 1:colcon.colcon_core.package_identification:_identify(src/reconstruction/linefit_ground_segmentation_ros2/doc) by extension 'colcon_pkg'
[0.705s] Level 1:colcon.colcon_core.package_identification:_identify(src/reconstruction/linefit_ground_segmentation_ros2/doc) by extensions ['colcon_meta']
[0.705s] Level 1:colcon.colcon_core.package_identification:_identify(src/reconstruction/linefit_ground_segmentation_ros2/doc) by extension 'colcon_meta'
[0.705s] Level 1:colcon.colcon_core.package_identification:_identify(src/reconstruction/linefit_ground_segmentation_ros2/doc) by extensions ['ros']
[0.705s] Level 1:colcon.colcon_core.package_identification:_identify(src/reconstruction/linefit_ground_segmentation_ros2/doc) by extension 'ros'
[0.706s] Level 1:colcon.colcon_core.package_identification:_identify(src/reconstruction/linefit_ground_segmentation_ros2/doc) by extensions ['cmake', 'python']
[0.706s] Level 1:colcon.colcon_core.package_identification:_identify(src/reconstruction/linefit_ground_segmentation_ros2/doc) by extension 'cmake'
[0.706s] Level 1:colcon.colcon_core.package_identification:_identify(src/reconstruction/linefit_ground_segmentation_ros2/doc) by extension 'python'
[0.706s] Level 1:colcon.colcon_core.package_identification:_identify(src/reconstruction/linefit_ground_segmentation_ros2/doc) by extensions ['python_setup_py']
[0.706s] Level 1:colcon.colcon_core.package_identification:_identify(src/reconstruction/linefit_ground_segmentation_ros2/doc) by extension 'python_setup_py'
[0.706s] Level 1:colcon.colcon_core.package_identification:_identify(src/reconstruction/linefit_ground_segmentation_ros2/linefit_ground_segmentation) by extensions ['ignore', 'ignore_ament_install']
[0.706s] Level 1:colcon.colcon_core.package_identification:_identify(src/reconstruction/linefit_ground_segmentation_ros2/linefit_ground_segmentation) by extension 'ignore'
[0.706s] Level 1:colcon.colcon_core.package_identification:_identify(src/reconstruction/linefit_ground_segmentation_ros2/linefit_ground_segmentation) by extension 'ignore_ament_install'
[0.706s] Level 1:colcon.colcon_core.package_identification:_identify(src/reconstruction/linefit_ground_segmentation_ros2/linefit_ground_segmentation) by extensions ['colcon_pkg']
[0.706s] Level 1:colcon.colcon_core.package_identification:_identify(src/reconstruction/linefit_ground_segmentation_ros2/linefit_ground_segmentation) by extension 'colcon_pkg'
[0.706s] Level 1:colcon.colcon_core.package_identification:_identify(src/reconstruction/linefit_ground_segmentation_ros2/linefit_ground_segmentation) by extensions ['colcon_meta']
[0.707s] Level 1:colcon.colcon_core.package_identification:_identify(src/reconstruction/linefit_ground_segmentation_ros2/linefit_ground_segmentation) by extension 'colcon_meta'
[0.707s] Level 1:colcon.colcon_core.package_identification:_identify(src/reconstruction/linefit_ground_segmentation_ros2/linefit_ground_segmentation) by extensions ['ros']
[0.707s] Level 1:colcon.colcon_core.package_identification:_identify(src/reconstruction/linefit_ground_segmentation_ros2/linefit_ground_segmentation) by extension 'ros'
[0.708s] DEBUG:colcon.colcon_core.package_identification:Package 'src/reconstruction/linefit_ground_segmentation_ros2/linefit_ground_segmentation' with type 'ros.ament_cmake' and name 'linefit_ground_segmentation'
[0.708s] Level 1:colcon.colcon_core.package_identification:_identify(src/reconstruction/linefit_ground_segmentation_ros2/linefit_ground_segmentation_ros) by extensions ['ignore', 'ignore_ament_install']
[0.708s] Level 1:colcon.colcon_core.package_identification:_identify(src/reconstruction/linefit_ground_segmentation_ros2/linefit_ground_segmentation_ros) by extension 'ignore'
[0.708s] Level 1:colcon.colcon_core.package_identification:_identify(src/reconstruction/linefit_ground_segmentation_ros2/linefit_ground_segmentation_ros) by extension 'ignore_ament_install'
[0.708s] Level 1:colcon.colcon_core.package_identification:_identify(src/reconstruction/linefit_ground_segmentation_ros2/linefit_ground_segmentation_ros) by extensions ['colcon_pkg']
[0.708s] Level 1:colcon.colcon_core.package_identification:_identify(src/reconstruction/linefit_ground_segmentation_ros2/linefit_ground_segmentation_ros) by extension 'colcon_pkg'
[0.708s] Level 1:colcon.colcon_core.package_identification:_identify(src/reconstruction/linefit_ground_segmentation_ros2/linefit_ground_segmentation_ros) by extensions ['colcon_meta']
[0.708s] Level 1:colcon.colcon_core.package_identification:_identify(src/reconstruction/linefit_ground_segmentation_ros2/linefit_ground_segmentation_ros) by extension 'colcon_meta'
[0.708s] Level 1:colcon.colcon_core.package_identification:_identify(src/reconstruction/linefit_ground_segmentation_ros2/linefit_ground_segmentation_ros) by extensions ['ros']
[0.708s] Level 1:colcon.colcon_core.package_identification:_identify(src/reconstruction/linefit_ground_segmentation_ros2/linefit_ground_segmentation_ros) by extension 'ros'
[0.710s] DEBUG:colcon.colcon_core.package_identification:Package 'src/reconstruction/linefit_ground_segmentation_ros2/linefit_ground_segmentation_ros' with type 'ros.ament_cmake' and name 'linefit_ground_segmentation_ros'
[0.710s] Level 1:colcon.colcon_core.package_identification:_identify(src/reconstruction/pointcloud_to_laserscan) by extensions ['ignore', 'ignore_ament_install']
[0.710s] Level 1:colcon.colcon_core.package_identification:_identify(src/reconstruction/pointcloud_to_laserscan) by extension 'ignore'
[0.710s] Level 1:colcon.colcon_core.package_identification:_identify(src/reconstruction/pointcloud_to_laserscan) by extension 'ignore_ament_install'
[0.710s] Level 1:colcon.colcon_core.package_identification:_identify(src/reconstruction/pointcloud_to_laserscan) by extensions ['colcon_pkg']
[0.710s] Level 1:colcon.colcon_core.package_identification:_identify(src/reconstruction/pointcloud_to_laserscan) by extension 'colcon_pkg'
[0.711s] Level 1:colcon.colcon_core.package_identification:_identify(src/reconstruction/pointcloud_to_laserscan) by extensions ['colcon_meta']
[0.711s] Level 1:colcon.colcon_core.package_identification:_identify(src/reconstruction/pointcloud_to_laserscan) by extension 'colcon_meta'
[0.711s] Level 1:colcon.colcon_core.package_identification:_identify(src/reconstruction/pointcloud_to_laserscan) by extensions ['ros']
[0.711s] Level 1:colcon.colcon_core.package_identification:_identify(src/reconstruction/pointcloud_to_laserscan) by extension 'ros'
[0.713s] DEBUG:colcon.colcon_core.package_identification:Package 'src/reconstruction/pointcloud_to_laserscan' with type 'ros.ament_cmake' and name 'pointcloud_to_laserscan'
[0.713s] Level 1:colcon.colcon_core.package_discovery:discover_packages(recursive) using defaults
[0.713s] Level 1:colcon.colcon_core.package_discovery:discover_packages(ignore) discover
[0.713s] Level 1:colcon.colcon_core.package_discovery:discover_packages(ignore) using defaults
[0.713s] Level 1:colcon.colcon_core.package_discovery:discover_packages(path) discover
[0.713s] Level 1:colcon.colcon_core.package_discovery:discover_packages(path) using defaults
[0.800s] Level 1:colcon.colcon_core.package_discovery:discover_packages(prefix_path) check parameters
[0.800s] Level 1:colcon.colcon_core.package_discovery:discover_packages(prefix_path) discover
[0.808s] DEBUG:colcon.colcon_installed_package_information.package_discovery:Found 39 installed packages in /home/unitree/navigation_ws/install
[0.809s] DEBUG:colcon.colcon_installed_package_information.package_discovery:Found 2 installed packages in /home/unitree/cyclonedds_ws/install
[0.811s] DEBUG:colcon.colcon_installed_package_information.package_discovery:Found 289 installed packages in /opt/ros/foxy
[0.815s] Level 1:colcon.colcon_core.package_discovery:discover_packages(prefix_path) using defaults
[0.914s] Level 5:colcon.colcon_core.verb:set package 'behaviortree_cpp' build argument 'cmake_args' from command line to 'None'
[0.914s] Level 5:colcon.colcon_core.verb:set package 'behaviortree_cpp' build argument 'cmake_target' from command line to 'None'
[0.914s] Level 5:colcon.colcon_core.verb:set package 'behaviortree_cpp' build argument 'cmake_target_skip_unavailable' from command line to 'False'
[0.914s] Level 5:colcon.colcon_core.verb:set package 'behaviortree_cpp' build argument 'cmake_clean_cache' from command line to 'False'
[0.914s] Level 5:colcon.colcon_core.verb:set package 'behaviortree_cpp' build argument 'cmake_clean_first' from command line to 'False'
[0.914s] Level 5:colcon.colcon_core.verb:set package 'behaviortree_cpp' build argument 'cmake_force_configure' from command line to 'False'
[0.914s] Level 5:colcon.colcon_core.verb:set package 'behaviortree_cpp' build argument 'ament_cmake_args' from command line to 'None'
[0.914s] Level 5:colcon.colcon_core.verb:set package 'behaviortree_cpp' build argument 'catkin_cmake_args' from command line to 'None'
[0.914s] Level 5:colcon.colcon_core.verb:set package 'behaviortree_cpp' build argument 'catkin_skip_building_tests' from command line to 'False'
[0.914s] DEBUG:colcon.colcon_core.verb:Building package 'behaviortree_cpp' with the following arguments: {'ament_cmake_args': None, 'build_base': '/home/unitree/navigation_ws/build/behaviortree_cpp', 'catkin_cmake_args': None, 'catkin_skip_building_tests': False, 'cmake_args': None, 'cmake_clean_cache': False, 'cmake_clean_first': False, 'cmake_force_configure': False, 'cmake_target': None, 'cmake_target_skip_unavailable': False, 'install_base': '/home/unitree/navigation_ws/install/behaviortree_cpp', 'merge_install': False, 'path': '/home/unitree/navigation_ws/src/autonomy/BehaviorTree.CPP', 'symlink_install': True, 'test_result_base': None}
[0.915s] Level 5:colcon.colcon_core.verb:set package 'cmd_vel_processor' build argument 'cmake_args' from command line to 'None'
[0.915s] Level 5:colcon.colcon_core.verb:set package 'cmd_vel_processor' build argument 'cmake_target' from command line to 'None'
[0.915s] Level 5:colcon.colcon_core.verb:set package 'cmd_vel_processor' build argument 'cmake_target_skip_unavailable' from command line to 'False'
[0.915s] Level 5:colcon.colcon_core.verb:set package 'cmd_vel_processor' build argument 'cmake_clean_cache' from command line to 'False'
[0.915s] Level 5:colcon.colcon_core.verb:set package 'cmd_vel_processor' build argument 'cmake_clean_first' from command line to 'False'
[0.915s] Level 5:colcon.colcon_core.verb:set package 'cmd_vel_processor' build argument 'cmake_force_configure' from command line to 'False'
[0.915s] Level 5:colcon.colcon_core.verb:set package 'cmd_vel_processor' build argument 'ament_cmake_args' from command line to 'None'
[0.915s] Level 5:colcon.colcon_core.verb:set package 'cmd_vel_processor' build argument 'catkin_cmake_args' from command line to 'None'
[0.915s] Level 5:colcon.colcon_core.verb:set package 'cmd_vel_processor' build argument 'catkin_skip_building_tests' from command line to 'False'
[0.915s] DEBUG:colcon.colcon_core.verb:Building package 'cmd_vel_processor' with the following arguments: {'ament_cmake_args': None, 'build_base': '/home/unitree/navigation_ws/build/cmd_vel_processor', 'catkin_cmake_args': None, 'catkin_skip_building_tests': False, 'cmake_args': None, 'cmake_clean_cache': False, 'cmake_clean_first': False, 'cmake_force_configure': False, 'cmake_target': None, 'cmake_target_skip_unavailable': False, 'install_base': '/home/unitree/navigation_ws/install/cmd_vel_processor', 'merge_install': False, 'path': '/home/unitree/navigation_ws/src/cmd_vel_processor', 'symlink_install': True, 'test_result_base': None}
[0.916s] Level 5:colcon.colcon_core.verb:set package 'linefit_ground_segmentation' build argument 'cmake_args' from command line to 'None'
[0.916s] Level 5:colcon.colcon_core.verb:set package 'linefit_ground_segmentation' build argument 'cmake_target' from command line to 'None'
[0.916s] Level 5:colcon.colcon_core.verb:set package 'linefit_ground_segmentation' build argument 'cmake_target_skip_unavailable' from command line to 'False'
[0.916s] Level 5:colcon.colcon_core.verb:set package 'linefit_ground_segmentation' build argument 'cmake_clean_cache' from command line to 'False'
[0.916s] Level 5:colcon.colcon_core.verb:set package 'linefit_ground_segmentation' build argument 'cmake_clean_first' from command line to 'False'
[0.916s] Level 5:colcon.colcon_core.verb:set package 'linefit_ground_segmentation' build argument 'cmake_force_configure' from command line to 'False'
[0.916s] Level 5:colcon.colcon_core.verb:set package 'linefit_ground_segmentation' build argument 'ament_cmake_args' from command line to 'None'
[0.916s] Level 5:colcon.colcon_core.verb:set package 'linefit_ground_segmentation' build argument 'catkin_cmake_args' from command line to 'None'
[0.916s] Level 5:colcon.colcon_core.verb:set package 'linefit_ground_segmentation' build argument 'catkin_skip_building_tests' from command line to 'False'
[0.916s] DEBUG:colcon.colcon_core.verb:Building package 'linefit_ground_segmentation' with the following arguments: {'ament_cmake_args': None, 'build_base': '/home/unitree/navigation_ws/build/linefit_ground_segmentation', 'catkin_cmake_args': None, 'catkin_skip_building_tests': False, 'cmake_args': None, 'cmake_clean_cache': False, 'cmake_clean_first': False, 'cmake_force_configure': False, 'cmake_target': None, 'cmake_target_skip_unavailable': False, 'install_base': '/home/unitree/navigation_ws/install/linefit_ground_segmentation', 'merge_install': False, 'path': '/home/unitree/navigation_ws/src/reconstruction/linefit_ground_segmentation_ros2/linefit_ground_segmentation', 'symlink_install': True, 'test_result_base': None}
[0.917s] Level 5:colcon.colcon_core.verb:set package 'livox_ros_driver2' build argument 'cmake_args' from command line to 'None'
[0.917s] Level 5:colcon.colcon_core.verb:set package 'livox_ros_driver2' build argument 'cmake_target' from command line to 'None'
[0.917s] Level 5:colcon.colcon_core.verb:set package 'livox_ros_driver2' build argument 'cmake_target_skip_unavailable' from command line to 'False'
[0.917s] Level 5:colcon.colcon_core.verb:set package 'livox_ros_driver2' build argument 'cmake_clean_cache' from command line to 'False'
[0.917s] Level 5:colcon.colcon_core.verb:set package 'livox_ros_driver2' build argument 'cmake_clean_first' from command line to 'False'
[0.917s] Level 5:colcon.colcon_core.verb:set package 'livox_ros_driver2' build argument 'cmake_force_configure' from command line to 'False'
[0.917s] Level 5:colcon.colcon_core.verb:set package 'livox_ros_driver2' build argument 'ament_cmake_args' from command line to 'None'
[0.917s] Level 5:colcon.colcon_core.verb:set package 'livox_ros_driver2' build argument 'catkin_cmake_args' from command line to 'None'
[0.917s] Level 5:colcon.colcon_core.verb:set package 'livox_ros_driver2' build argument 'catkin_skip_building_tests' from command line to 'False'
[0.917s] DEBUG:colcon.colcon_core.verb:Building package 'livox_ros_driver2' with the following arguments: {'ament_cmake_args': None, 'build_base': '/home/unitree/navigation_ws/build/livox_ros_driver2', 'catkin_cmake_args': None, 'catkin_skip_building_tests': False, 'cmake_args': None, 'cmake_clean_cache': False, 'cmake_clean_first': False, 'cmake_force_configure': False, 'cmake_target': None, 'cmake_target_skip_unavailable': False, 'install_base': '/home/unitree/navigation_ws/install/livox_ros_driver2', 'merge_install': False, 'path': '/home/unitree/navigation_ws/src/livox_ros_driver2', 'symlink_install': True, 'test_result_base': None}
[0.918s] Level 5:colcon.colcon_core.verb:set package 'nav2_common' build argument 'cmake_args' from command line to 'None'
[0.918s] Level 5:colcon.colcon_core.verb:set package 'nav2_common' build argument 'cmake_target' from command line to 'None'
[0.918s] Level 5:colcon.colcon_core.verb:set package 'nav2_common' build argument 'cmake_target_skip_unavailable' from command line to 'False'
[0.918s] Level 5:colcon.colcon_core.verb:set package 'nav2_common' build argument 'cmake_clean_cache' from command line to 'False'
[0.918s] Level 5:colcon.colcon_core.verb:set package 'nav2_common' build argument 'cmake_clean_first' from command line to 'False'
[0.918s] Level 5:colcon.colcon_core.verb:set package 'nav2_common' build argument 'cmake_force_configure' from command line to 'False'
[0.918s] Level 5:colcon.colcon_core.verb:set package 'nav2_common' build argument 'ament_cmake_args' from command line to 'None'
[0.918s] Level 5:colcon.colcon_core.verb:set package 'nav2_common' build argument 'catkin_cmake_args' from command line to 'None'
[0.918s] Level 5:colcon.colcon_core.verb:set package 'nav2_common' build argument 'catkin_skip_building_tests' from command line to 'False'
[0.918s] DEBUG:colcon.colcon_core.verb:Building package 'nav2_common' with the following arguments: {'ament_cmake_args': None, 'build_base': '/home/unitree/navigation_ws/build/nav2_common', 'catkin_cmake_args': None, 'catkin_skip_building_tests': False, 'cmake_args': None, 'cmake_clean_cache': False, 'cmake_clean_first': False, 'cmake_force_configure': False, 'cmake_target': None, 'cmake_target_skip_unavailable': False, 'install_base': '/home/unitree/navigation_ws/install/nav2_common', 'merge_install': False, 'path': '/home/unitree/navigation_ws/src/navigation2/nav2_common', 'symlink_install': True, 'test_result_base': None}
[0.919s] Level 5:colcon.colcon_core.verb:set package 'nav_2d_msgs' build argument 'cmake_args' from command line to 'None'
[0.919s] Level 5:colcon.colcon_core.verb:set package 'nav_2d_msgs' build argument 'cmake_target' from command line to 'None'
[0.919s] Level 5:colcon.colcon_core.verb:set package 'nav_2d_msgs' build argument 'cmake_target_skip_unavailable' from command line to 'False'
[0.919s] Level 5:colcon.colcon_core.verb:set package 'nav_2d_msgs' build argument 'cmake_clean_cache' from command line to 'False'
[0.919s] Level 5:colcon.colcon_core.verb:set package 'nav_2d_msgs' build argument 'cmake_clean_first' from command line to 'False'
[0.919s] Level 5:colcon.colcon_core.verb:set package 'nav_2d_msgs' build argument 'cmake_force_configure' from command line to 'False'
[0.919s] Level 5:colcon.colcon_core.verb:set package 'nav_2d_msgs' build argument 'ament_cmake_args' from command line to 'None'
[0.919s] Level 5:colcon.colcon_core.verb:set package 'nav_2d_msgs' build argument 'catkin_cmake_args' from command line to 'None'
[0.919s] Level 5:colcon.colcon_core.verb:set package 'nav_2d_msgs' build argument 'catkin_skip_building_tests' from command line to 'False'
[0.919s] DEBUG:colcon.colcon_core.verb:Building package 'nav_2d_msgs' with the following arguments: {'ament_cmake_args': None, 'build_base': '/home/unitree/navigation_ws/build/nav_2d_msgs', 'catkin_cmake_args': None, 'catkin_skip_building_tests': False, 'cmake_args': None, 'cmake_clean_cache': False, 'cmake_clean_first': False, 'cmake_force_configure': False, 'cmake_target': None, 'cmake_target_skip_unavailable': False, 'install_base': '/home/unitree/navigation_ws/install/nav_2d_msgs', 'merge_install': False, 'path': '/home/unitree/navigation_ws/src/navigation2/nav2_dwb_controller/nav_2d_msgs', 'symlink_install': True, 'test_result_base': None}
[0.920s] Level 5:colcon.colcon_core.verb:set package 'pointcloud_to_laserscan' build argument 'cmake_args' from command line to 'None'
[0.920s] Level 5:colcon.colcon_core.verb:set package 'pointcloud_to_laserscan' build argument 'cmake_target' from command line to 'None'
[0.920s] Level 5:colcon.colcon_core.verb:set package 'pointcloud_to_laserscan' build argument 'cmake_target_skip_unavailable' from command line to 'False'
[0.920s] Level 5:colcon.colcon_core.verb:set package 'pointcloud_to_laserscan' build argument 'cmake_clean_cache' from command line to 'False'
[0.920s] Level 5:colcon.colcon_core.verb:set package 'pointcloud_to_laserscan' build argument 'cmake_clean_first' from command line to 'False'
[0.920s] Level 5:colcon.colcon_core.verb:set package 'pointcloud_to_laserscan' build argument 'cmake_force_configure' from command line to 'False'
[0.920s] Level 5:colcon.colcon_core.verb:set package 'pointcloud_to_laserscan' build argument 'ament_cmake_args' from command line to 'None'
[0.920s] Level 5:colcon.colcon_core.verb:set package 'pointcloud_to_laserscan' build argument 'catkin_cmake_args' from command line to 'None'
[0.920s] Level 5:colcon.colcon_core.verb:set package 'pointcloud_to_laserscan' build argument 'catkin_skip_building_tests' from command line to 'False'
[0.920s] DEBUG:colcon.colcon_core.verb:Building package 'pointcloud_to_laserscan' with the following arguments: {'ament_cmake_args': None, 'build_base': '/home/unitree/navigation_ws/build/pointcloud_to_laserscan', 'catkin_cmake_args': None, 'catkin_skip_building_tests': False, 'cmake_args': None, 'cmake_clean_cache': False, 'cmake_clean_first': False, 'cmake_force_configure': False, 'cmake_target': None, 'cmake_target_skip_unavailable': False, 'install_base': '/home/unitree/navigation_ws/install/pointcloud_to_laserscan', 'merge_install': False, 'path': '/home/unitree/navigation_ws/src/reconstruction/pointcloud_to_laserscan', 'symlink_install': True, 'test_result_base': None}
[0.921s] Level 5:colcon.colcon_core.verb:set package 'rm_autonomy_interfaces' build argument 'cmake_args' from command line to 'None'
[0.921s] Level 5:colcon.colcon_core.verb:set package 'rm_autonomy_interfaces' build argument 'cmake_target' from command line to 'None'
[0.921s] Level 5:colcon.colcon_core.verb:set package 'rm_autonomy_interfaces' build argument 'cmake_target_skip_unavailable' from command line to 'False'
[0.921s] Level 5:colcon.colcon_core.verb:set package 'rm_autonomy_interfaces' build argument 'cmake_clean_cache' from command line to 'False'
[0.921s] Level 5:colcon.colcon_core.verb:set package 'rm_autonomy_interfaces' build argument 'cmake_clean_first' from command line to 'False'
[0.921s] Level 5:colcon.colcon_core.verb:set package 'rm_autonomy_interfaces' build argument 'cmake_force_configure' from command line to 'False'
[0.921s] Level 5:colcon.colcon_core.verb:set package 'rm_autonomy_interfaces' build argument 'ament_cmake_args' from command line to 'None'
[0.921s] Level 5:colcon.colcon_core.verb:set package 'rm_autonomy_interfaces' build argument 'catkin_cmake_args' from command line to 'None'
[0.921s] Level 5:colcon.colcon_core.verb:set package 'rm_autonomy_interfaces' build argument 'catkin_skip_building_tests' from command line to 'False'
[0.921s] DEBUG:colcon.colcon_core.verb:Building package 'rm_autonomy_interfaces' with the following arguments: {'ament_cmake_args': None, 'build_base': '/home/unitree/navigation_ws/build/rm_autonomy_interfaces', 'catkin_cmake_args': None, 'catkin_skip_building_tests': False, 'cmake_args': None, 'cmake_clean_cache': False, 'cmake_clean_first': False, 'cmake_force_configure': False, 'cmake_target': None, 'cmake_target_skip_unavailable': False, 'install_base': '/home/unitree/navigation_ws/install/rm_autonomy_interfaces', 'merge_install': False, 'path': '/home/unitree/navigation_ws/src/autonomy/rm_autonomy_interfaces', 'symlink_install': True, 'test_result_base': None}
[0.921s] Level 5:colcon.colcon_core.verb:set package 'bringup' build argument 'cmake_args' from command line to 'None'
[0.922s] Level 5:colcon.colcon_core.verb:set package 'bringup' build argument 'cmake_target' from command line to 'None'
[0.922s] Level 5:colcon.colcon_core.verb:set package 'bringup' build argument 'cmake_target_skip_unavailable' from command line to 'False'
[0.922s] Level 5:colcon.colcon_core.verb:set package 'bringup' build argument 'cmake_clean_cache' from command line to 'False'
[0.922s] Level 5:colcon.colcon_core.verb:set package 'bringup' build argument 'cmake_clean_first' from command line to 'False'
[0.922s] Level 5:colcon.colcon_core.verb:set package 'bringup' build argument 'cmake_force_configure' from command line to 'False'
[0.922s] Level 5:colcon.colcon_core.verb:set package 'bringup' build argument 'ament_cmake_args' from command line to 'None'
[0.922s] Level 5:colcon.colcon_core.verb:set package 'bringup' build argument 'catkin_cmake_args' from command line to 'None'
[0.922s] Level 5:colcon.colcon_core.verb:set package 'bringup' build argument 'catkin_skip_building_tests' from command line to 'False'
[0.922s] DEBUG:colcon.colcon_core.verb:Building package 'bringup' with the following arguments: {'ament_cmake_args': None, 'build_base': '/home/unitree/navigation_ws/build/bringup', 'catkin_cmake_args': None, 'catkin_skip_building_tests': False, 'cmake_args': None, 'cmake_clean_cache': False, 'cmake_clean_first': False, 'cmake_force_configure': False, 'cmake_target': None, 'cmake_target_skip_unavailable': False, 'install_base': '/home/unitree/navigation_ws/install/bringup', 'merge_install': False, 'path': '/home/unitree/navigation_ws/src/bringup', 'symlink_install': True, 'test_result_base': None}
[0.922s] Level 5:colcon.colcon_core.verb:set package 'dwb_msgs' build argument 'cmake_args' from command line to 'None'
[0.922s] Level 5:colcon.colcon_core.verb:set package 'dwb_msgs' build argument 'cmake_target' from command line to 'None'
[0.922s] Level 5:colcon.colcon_core.verb:set package 'dwb_msgs' build argument 'cmake_target_skip_unavailable' from command line to 'False'
[0.922s] Level 5:colcon.colcon_core.verb:set package 'dwb_msgs' build argument 'cmake_clean_cache' from command line to 'False'
[0.923s] Level 5:colcon.colcon_core.verb:set package 'dwb_msgs' build argument 'cmake_clean_first' from command line to 'False'
[0.923s] Level 5:colcon.colcon_core.verb:set package 'dwb_msgs' build argument 'cmake_force_configure' from command line to 'False'
[0.923s] Level 5:colcon.colcon_core.verb:set package 'dwb_msgs' build argument 'ament_cmake_args' from command line to 'None'
[0.923s] Level 5:colcon.colcon_core.verb:set package 'dwb_msgs' build argument 'catkin_cmake_args' from command line to 'None'
[0.923s] Level 5:colcon.colcon_core.verb:set package 'dwb_msgs' build argument 'catkin_skip_building_tests' from command line to 'False'
[0.923s] DEBUG:colcon.colcon_core.verb:Building package 'dwb_msgs' with the following arguments: {'ament_cmake_args': None, 'build_base': '/home/unitree/navigation_ws/build/dwb_msgs', 'catkin_cmake_args': None, 'catkin_skip_building_tests': False, 'cmake_args': None, 'cmake_clean_cache': False, 'cmake_clean_first': False, 'cmake_force_configure': False, 'cmake_target': None, 'cmake_target_skip_unavailable': False, 'install_base': '/home/unitree/navigation_ws/install/dwb_msgs', 'merge_install': False, 'path': '/home/unitree/navigation_ws/src/navigation2/nav2_dwb_controller/dwb_msgs', 'symlink_install': True, 'test_result_base': None}
[0.923s] Level 5:colcon.colcon_core.verb:set package 'fast_lio' build argument 'cmake_args' from command line to 'None'
[0.923s] Level 5:colcon.colcon_core.verb:set package 'fast_lio' build argument 'cmake_target' from command line to 'None'
[0.923s] Level 5:colcon.colcon_core.verb:set package 'fast_lio' build argument 'cmake_target_skip_unavailable' from command line to 'False'
[0.923s] Level 5:colcon.colcon_core.verb:set package 'fast_lio' build argument 'cmake_clean_cache' from command line to 'False'
[0.923s] Level 5:colcon.colcon_core.verb:set package 'fast_lio' build argument 'cmake_clean_first' from command line to 'False'
[0.923s] Level 5:colcon.colcon_core.verb:set package 'fast_lio' build argument 'cmake_force_configure' from command line to 'False'
[0.924s] Level 5:colcon.colcon_core.verb:set package 'fast_lio' build argument 'ament_cmake_args' from command line to 'None'
[0.924s] Level 5:colcon.colcon_core.verb:set package 'fast_lio' build argument 'catkin_cmake_args' from command line to 'None'
[0.924s] Level 5:colcon.colcon_core.verb:set package 'fast_lio' build argument 'catkin_skip_building_tests' from command line to 'False'
[0.924s] DEBUG:colcon.colcon_core.verb:Building package 'fast_lio' with the following arguments: {'ament_cmake_args': None, 'build_base': '/home/unitree/navigation_ws/build/fast_lio', 'catkin_cmake_args': None, 'catkin_skip_building_tests': False, 'cmake_args': None, 'cmake_clean_cache': False, 'cmake_clean_first': False, 'cmake_force_configure': False, 'cmake_target': None, 'cmake_target_skip_unavailable': False, 'install_base': '/home/unitree/navigation_ws/install/fast_lio', 'merge_install': False, 'path': '/home/unitree/navigation_ws/src/localization/FAST_LIO', 'symlink_install': True, 'test_result_base': None}
[0.924s] Level 5:colcon.colcon_core.verb:set package 'linefit_ground_segmentation_ros' build argument 'cmake_args' from command line to 'None'
[0.924s] Level 5:colcon.colcon_core.verb:set package 'linefit_ground_segmentation_ros' build argument 'cmake_target' from command line to 'None'
[0.924s] Level 5:colcon.colcon_core.verb:set package 'linefit_ground_segmentation_ros' build argument 'cmake_target_skip_unavailable' from command line to 'False'
[0.924s] Level 5:colcon.colcon_core.verb:set package 'linefit_ground_segmentation_ros' build argument 'cmake_clean_cache' from command line to 'False'
[0.924s] Level 5:colcon.colcon_core.verb:set package 'linefit_ground_segmentation_ros' build argument 'cmake_clean_first' from command line to 'False'
[0.924s] Level 5:colcon.colcon_core.verb:set package 'linefit_ground_segmentation_ros' build argument 'cmake_force_configure' from command line to 'False'
[0.924s] Level 5:colcon.colcon_core.verb:set package 'linefit_ground_segmentation_ros' build argument 'ament_cmake_args' from command line to 'None'
[0.924s] Level 5:colcon.colcon_core.verb:set package 'linefit_ground_segmentation_ros' build argument 'catkin_cmake_args' from command line to 'None'
[0.924s] Level 5:colcon.colcon_core.verb:set package 'linefit_ground_segmentation_ros' build argument 'catkin_skip_building_tests' from command line to 'False'
[0.925s] DEBUG:colcon.colcon_core.verb:Building package 'linefit_ground_segmentation_ros' with the following arguments: {'ament_cmake_args': None, 'build_base': '/home/unitree/navigation_ws/build/linefit_ground_segmentation_ros', 'catkin_cmake_args': None, 'catkin_skip_building_tests': False, 'cmake_args': None, 'cmake_clean_cache': False, 'cmake_clean_first': False, 'cmake_force_configure': False, 'cmake_target': None, 'cmake_target_skip_unavailable': False, 'install_base': '/home/unitree/navigation_ws/install/linefit_ground_segmentation_ros', 'merge_install': False, 'path': '/home/unitree/navigation_ws/src/reconstruction/linefit_ground_segmentation_ros2/linefit_ground_segmentation_ros', 'symlink_install': True, 'test_result_base': None}
[0.925s] Level 5:colcon.colcon_core.verb:set package 'loam_interface' build argument 'cmake_args' from command line to 'None'
[0.925s] Level 5:colcon.colcon_core.verb:set package 'loam_interface' build argument 'cmake_target' from command line to 'None'
[0.925s] Level 5:colcon.colcon_core.verb:set package 'loam_interface' build argument 'cmake_target_skip_unavailable' from command line to 'False'
[0.925s] Level 5:colcon.colcon_core.verb:set package 'loam_interface' build argument 'cmake_clean_cache' from command line to 'False'
[0.925s] Level 5:colcon.colcon_core.verb:set package 'loam_interface' build argument 'cmake_clean_first' from command line to 'False'
[0.925s] Level 5:colcon.colcon_core.verb:set package 'loam_interface' build argument 'cmake_force_configure' from command line to 'False'
[0.925s] Level 5:colcon.colcon_core.verb:set package 'loam_interface' build argument 'ament_cmake_args' from command line to 'None'
[0.925s] Level 5:colcon.colcon_core.verb:set package 'loam_interface' build argument 'catkin_cmake_args' from command line to 'None'
[0.925s] Level 5:colcon.colcon_core.verb:set package 'loam_interface' build argument 'catkin_skip_building_tests' from command line to 'False'
[0.925s] DEBUG:colcon.colcon_core.verb:Building package 'loam_interface' with the following arguments: {'ament_cmake_args': None, 'build_base': '/home/unitree/navigation_ws/build/loam_interface', 'catkin_cmake_args': None, 'catkin_skip_building_tests': False, 'cmake_args': None, 'cmake_clean_cache': False, 'cmake_clean_first': False, 'cmake_force_configure': False, 'cmake_target': None, 'cmake_target_skip_unavailable': False, 'install_base': '/home/unitree/navigation_ws/install/loam_interface', 'merge_install': False, 'path': '/home/unitree/navigation_ws/src/localization/loam_interface', 'symlink_install': True, 'test_result_base': None}
[0.926s] Level 5:colcon.colcon_core.verb:set package 'nav2_msgs' build argument 'cmake_args' from command line to 'None'
[0.926s] Level 5:colcon.colcon_core.verb:set package 'nav2_msgs' build argument 'cmake_target' from command line to 'None'
[0.926s] Level 5:colcon.colcon_core.verb:set package 'nav2_msgs' build argument 'cmake_target_skip_unavailable' from command line to 'False'
[0.926s] Level 5:colcon.colcon_core.verb:set package 'nav2_msgs' build argument 'cmake_clean_cache' from command line to 'False'
[0.926s] Level 5:colcon.colcon_core.verb:set package 'nav2_msgs' build argument 'cmake_clean_first' from command line to 'False'
[0.926s] Level 5:colcon.colcon_core.verb:set package 'nav2_msgs' build argument 'cmake_force_configure' from command line to 'False'
[0.926s] Level 5:colcon.colcon_core.verb:set package 'nav2_msgs' build argument 'ament_cmake_args' from command line to 'None'
[0.926s] Level 5:colcon.colcon_core.verb:set package 'nav2_msgs' build argument 'catkin_cmake_args' from command line to 'None'
[0.926s] Level 5:colcon.colcon_core.verb:set package 'nav2_msgs' build argument 'catkin_skip_building_tests' from command line to 'False'
[0.926s] DEBUG:colcon.colcon_core.verb:Building package 'nav2_msgs' with the following arguments: {'ament_cmake_args': None, 'build_base': '/home/unitree/navigation_ws/build/nav2_msgs', 'catkin_cmake_args': None, 'catkin_skip_building_tests': False, 'cmake_args': None, 'cmake_clean_cache': False, 'cmake_clean_first': False, 'cmake_force_configure': False, 'cmake_target': None, 'cmake_target_skip_unavailable': False, 'install_base': '/home/unitree/navigation_ws/install/nav2_msgs', 'merge_install': False, 'path': '/home/unitree/navigation_ws/src/navigation2/nav2_msgs', 'symlink_install': True, 'test_result_base': None}
[0.927s] Level 5:colcon.colcon_core.verb:set package 'nav2_voxel_grid' build argument 'cmake_args' from command line to 'None'
[0.927s] Level 5:colcon.colcon_core.verb:set package 'nav2_voxel_grid' build argument 'cmake_target' from command line to 'None'
[0.927s] Level 5:colcon.colcon_core.verb:set package 'nav2_voxel_grid' build argument 'cmake_target_skip_unavailable' from command line to 'False'
[0.927s] Level 5:colcon.colcon_core.verb:set package 'nav2_voxel_grid' build argument 'cmake_clean_cache' from command line to 'False'
[0.927s] Level 5:colcon.colcon_core.verb:set package 'nav2_voxel_grid' build argument 'cmake_clean_first' from command line to 'False'
[0.927s] Level 5:colcon.colcon_core.verb:set package 'nav2_voxel_grid' build argument 'cmake_force_configure' from command line to 'False'
[0.927s] Level 5:colcon.colcon_core.verb:set package 'nav2_voxel_grid' build argument 'ament_cmake_args' from command line to 'None'
[0.927s] Level 5:colcon.colcon_core.verb:set package 'nav2_voxel_grid' build argument 'catkin_cmake_args' from command line to 'None'
[0.927s] Level 5:colcon.colcon_core.verb:set package 'nav2_voxel_grid' build argument 'catkin_skip_building_tests' from command line to 'False'
[0.927s] DEBUG:colcon.colcon_core.verb:Building package 'nav2_voxel_grid' with the following arguments: {'ament_cmake_args': None, 'build_base': '/home/unitree/navigation_ws/build/nav2_voxel_grid', 'catkin_cmake_args': None, 'catkin_skip_building_tests': False, 'cmake_args': None, 'cmake_clean_cache': False, 'cmake_clean_first': False, 'cmake_force_configure': False, 'cmake_target': None, 'cmake_target_skip_unavailable': False, 'install_base': '/home/unitree/navigation_ws/install/nav2_voxel_grid', 'merge_install': False, 'path': '/home/unitree/navigation_ws/src/navigation2/nav2_voxel_grid', 'symlink_install': True, 'test_result_base': None}
[0.928s] Level 5:colcon.colcon_core.verb:set package 'nav2_util' build argument 'cmake_args' from command line to 'None'
[0.928s] Level 5:colcon.colcon_core.verb:set package 'nav2_util' build argument 'cmake_target' from command line to 'None'
[0.928s] Level 5:colcon.colcon_core.verb:set package 'nav2_util' build argument 'cmake_target_skip_unavailable' from command line to 'False'
[0.928s] Level 5:colcon.colcon_core.verb:set package 'nav2_util' build argument 'cmake_clean_cache' from command line to 'False'
[0.928s] Level 5:colcon.colcon_core.verb:set package 'nav2_util' build argument 'cmake_clean_first' from command line to 'False'
[0.928s] Level 5:colcon.colcon_core.verb:set package 'nav2_util' build argument 'cmake_force_configure' from command line to 'False'
[0.928s] Level 5:colcon.colcon_core.verb:set package 'nav2_util' build argument 'ament_cmake_args' from command line to 'None'
[0.928s] Level 5:colcon.colcon_core.verb:set package 'nav2_util' build argument 'catkin_cmake_args' from command line to 'None'
[0.928s] Level 5:colcon.colcon_core.verb:set package 'nav2_util' build argument 'catkin_skip_building_tests' from command line to 'False'
[0.928s] DEBUG:colcon.colcon_core.verb:Building package 'nav2_util' with the following arguments: {'ament_cmake_args': None, 'build_base': '/home/unitree/navigation_ws/build/nav2_util', 'catkin_cmake_args': None, 'catkin_skip_building_tests': False, 'cmake_args': None, 'cmake_clean_cache': False, 'cmake_clean_first': False, 'cmake_force_configure': False, 'cmake_target': None, 'cmake_target_skip_unavailable': False, 'install_base': '/home/unitree/navigation_ws/install/nav2_util', 'merge_install': False, 'path': '/home/unitree/navigation_ws/src/navigation2/nav2_util', 'symlink_install': True, 'test_result_base': None}
[0.929s] Level 5:colcon.colcon_core.verb:set package 'nav2_amcl' build argument 'cmake_args' from command line to 'None'
[0.929s] Level 5:colcon.colcon_core.verb:set package 'nav2_amcl' build argument 'cmake_target' from command line to 'None'
[0.929s] Level 5:colcon.colcon_core.verb:set package 'nav2_amcl' build argument 'cmake_target_skip_unavailable' from command line to 'False'
[0.929s] Level 5:colcon.colcon_core.verb:set package 'nav2_amcl' build argument 'cmake_clean_cache' from command line to 'False'
[0.929s] Level 5:colcon.colcon_core.verb:set package 'nav2_amcl' build argument 'cmake_clean_first' from command line to 'False'
[0.929s] Level 5:colcon.colcon_core.verb:set package 'nav2_amcl' build argument 'cmake_force_configure' from command line to 'False'
[0.929s] Level 5:colcon.colcon_core.verb:set package 'nav2_amcl' build argument 'ament_cmake_args' from command line to 'None'
[0.929s] Level 5:colcon.colcon_core.verb:set package 'nav2_amcl' build argument 'catkin_cmake_args' from command line to 'None'
[0.929s] Level 5:colcon.colcon_core.verb:set package 'nav2_amcl' build argument 'catkin_skip_building_tests' from command line to 'False'
[0.929s] DEBUG:colcon.colcon_core.verb:Building package 'nav2_amcl' with the following arguments: {'ament_cmake_args': None, 'build_base': '/home/unitree/navigation_ws/build/nav2_amcl', 'catkin_cmake_args': None, 'catkin_skip_building_tests': False, 'cmake_args': None, 'cmake_clean_cache': False, 'cmake_clean_first': False, 'cmake_force_configure': False, 'cmake_target': None, 'cmake_target_skip_unavailable': False, 'install_base': '/home/unitree/navigation_ws/install/nav2_amcl', 'merge_install': False, 'path': '/home/unitree/navigation_ws/src/navigation2/nav2_amcl', 'symlink_install': True, 'test_result_base': None}
[0.930s] Level 5:colcon.colcon_core.verb:set package 'nav2_behavior_tree' build argument 'cmake_args' from command line to 'None'
[0.930s] Level 5:colcon.colcon_core.verb:set package 'nav2_behavior_tree' build argument 'cmake_target' from command line to 'None'
[0.930s] Level 5:colcon.colcon_core.verb:set package 'nav2_behavior_tree' build argument 'cmake_target_skip_unavailable' from command line to 'False'
[0.930s] Level 5:colcon.colcon_core.verb:set package 'nav2_behavior_tree' build argument 'cmake_clean_cache' from command line to 'False'
[0.930s] Level 5:colcon.colcon_core.verb:set package 'nav2_behavior_tree' build argument 'cmake_clean_first' from command line to 'False'
[0.930s] Level 5:colcon.colcon_core.verb:set package 'nav2_behavior_tree' build argument 'cmake_force_configure' from command line to 'False'
[0.930s] Level 5:colcon.colcon_core.verb:set package 'nav2_behavior_tree' build argument 'ament_cmake_args' from command line to 'None'
[0.930s] Level 5:colcon.colcon_core.verb:set package 'nav2_behavior_tree' build argument 'catkin_cmake_args' from command line to 'None'
[0.930s] Level 5:colcon.colcon_core.verb:set package 'nav2_behavior_tree' build argument 'catkin_skip_building_tests' from command line to 'False'
[0.930s] DEBUG:colcon.colcon_core.verb:Building package 'nav2_behavior_tree' with the following arguments: {'ament_cmake_args': None, 'build_base': '/home/unitree/navigation_ws/build/nav2_behavior_tree', 'catkin_cmake_args': None, 'catkin_skip_building_tests': False, 'cmake_args': None, 'cmake_clean_cache': False, 'cmake_clean_first': False, 'cmake_force_configure': False, 'cmake_target': None, 'cmake_target_skip_unavailable': False, 'install_base': '/home/unitree/navigation_ws/install/nav2_behavior_tree', 'merge_install': False, 'path': '/home/unitree/navigation_ws/src/navigation2/nav2_behavior_tree', 'symlink_install': True, 'test_result_base': None}
[0.931s] Level 5:colcon.colcon_core.verb:set package 'nav2_lifecycle_manager' build argument 'cmake_args' from command line to 'None'
[0.931s] Level 5:colcon.colcon_core.verb:set package 'nav2_lifecycle_manager' build argument 'cmake_target' from command line to 'None'
[0.931s] Level 5:colcon.colcon_core.verb:set package 'nav2_lifecycle_manager' build argument 'cmake_target_skip_unavailable' from command line to 'False'
[0.931s] Level 5:colcon.colcon_core.verb:set package 'nav2_lifecycle_manager' build argument 'cmake_clean_cache' from command line to 'False'
[0.931s] Level 5:colcon.colcon_core.verb:set package 'nav2_lifecycle_manager' build argument 'cmake_clean_first' from command line to 'False'
[0.931s] Level 5:colcon.colcon_core.verb:set package 'nav2_lifecycle_manager' build argument 'cmake_force_configure' from command line to 'False'
[0.931s] Level 5:colcon.colcon_core.verb:set package 'nav2_lifecycle_manager' build argument 'ament_cmake_args' from command line to 'None'
[0.931s] Level 5:colcon.colcon_core.verb:set package 'nav2_lifecycle_manager' build argument 'catkin_cmake_args' from command line to 'None'
[0.931s] Level 5:colcon.colcon_core.verb:set package 'nav2_lifecycle_manager' build argument 'catkin_skip_building_tests' from command line to 'False'
[0.931s] DEBUG:colcon.colcon_core.verb:Building package 'nav2_lifecycle_manager' with the following arguments: {'ament_cmake_args': None, 'build_base': '/home/unitree/navigation_ws/build/nav2_lifecycle_manager', 'catkin_cmake_args': None, 'catkin_skip_building_tests': False, 'cmake_args': None, 'cmake_clean_cache': False, 'cmake_clean_first': False, 'cmake_force_configure': False, 'cmake_target': None, 'cmake_target_skip_unavailable': False, 'install_base': '/home/unitree/navigation_ws/install/nav2_lifecycle_manager', 'merge_install': False, 'path': '/home/unitree/navigation_ws/src/navigation2/nav2_lifecycle_manager', 'symlink_install': True, 'test_result_base': None}
[0.931s] Level 5:colcon.colcon_core.verb:set package 'nav2_map_server' build argument 'cmake_args' from command line to 'None'
[0.932s] Level 5:colcon.colcon_core.verb:set package 'nav2_map_server' build argument 'cmake_target' from command line to 'None'
[0.932s] Level 5:colcon.colcon_core.verb:set package 'nav2_map_server' build argument 'cmake_target_skip_unavailable' from command line to 'False'
[0.932s] Level 5:colcon.colcon_core.verb:set package 'nav2_map_server' build argument 'cmake_clean_cache' from command line to 'False'
[0.932s] Level 5:colcon.colcon_core.verb:set package 'nav2_map_server' build argument 'cmake_clean_first' from command line to 'False'
[0.932s] Level 5:colcon.colcon_core.verb:set package 'nav2_map_server' build argument 'cmake_force_configure' from command line to 'False'
[0.932s] Level 5:colcon.colcon_core.verb:set package 'nav2_map_server' build argument 'ament_cmake_args' from command line to 'None'
[0.932s] Level 5:colcon.colcon_core.verb:set package 'nav2_map_server' build argument 'catkin_cmake_args' from command line to 'None'
[0.932s] Level 5:colcon.colcon_core.verb:set package 'nav2_map_server' build argument 'catkin_skip_building_tests' from command line to 'False'
[0.932s] DEBUG:colcon.colcon_core.verb:Building package 'nav2_map_server' with the following arguments: {'ament_cmake_args': None, 'build_base': '/home/unitree/navigation_ws/build/nav2_map_server', 'catkin_cmake_args': None, 'catkin_skip_building_tests': False, 'cmake_args': None, 'cmake_clean_cache': False, 'cmake_clean_first': False, 'cmake_force_configure': False, 'cmake_target': None, 'cmake_target_skip_unavailable': False, 'install_base': '/home/unitree/navigation_ws/install/nav2_map_server', 'merge_install': False, 'path': '/home/unitree/navigation_ws/src/navigation2/nav2_map_server', 'symlink_install': True, 'test_result_base': None}
[0.932s] Level 5:colcon.colcon_core.verb:set package 'nav2_waypoint_follower' build argument 'cmake_args' from command line to 'None'
[0.932s] Level 5:colcon.colcon_core.verb:set package 'nav2_waypoint_follower' build argument 'cmake_target' from command line to 'None'
[0.933s] Level 5:colcon.colcon_core.verb:set package 'nav2_waypoint_follower' build argument 'cmake_target_skip_unavailable' from command line to 'False'
[0.933s] Level 5:colcon.colcon_core.verb:set package 'nav2_waypoint_follower' build argument 'cmake_clean_cache' from command line to 'False'
[0.933s] Level 5:colcon.colcon_core.verb:set package 'nav2_waypoint_follower' build argument 'cmake_clean_first' from command line to 'False'
[0.933s] Level 5:colcon.colcon_core.verb:set package 'nav2_waypoint_follower' build argument 'cmake_force_configure' from command line to 'False'
[0.933s] Level 5:colcon.colcon_core.verb:set package 'nav2_waypoint_follower' build argument 'ament_cmake_args' from command line to 'None'
[0.933s] Level 5:colcon.colcon_core.verb:set package 'nav2_waypoint_follower' build argument 'catkin_cmake_args' from command line to 'None'
[0.933s] Level 5:colcon.colcon_core.verb:set package 'nav2_waypoint_follower' build argument 'catkin_skip_building_tests' from command line to 'False'
[0.933s] DEBUG:colcon.colcon_core.verb:Building package 'nav2_waypoint_follower' with the following arguments: {'ament_cmake_args': None, 'build_base': '/home/unitree/navigation_ws/build/nav2_waypoint_follower', 'catkin_cmake_args': None, 'catkin_skip_building_tests': False, 'cmake_args': None, 'cmake_clean_cache': False, 'cmake_clean_first': False, 'cmake_force_configure': False, 'cmake_target': None, 'cmake_target_skip_unavailable': False, 'install_base': '/home/unitree/navigation_ws/install/nav2_waypoint_follower', 'merge_install': False, 'path': '/home/unitree/navigation_ws/src/navigation2/nav2_waypoint_follower', 'symlink_install': True, 'test_result_base': None}
[0.933s] Level 5:colcon.colcon_core.verb:set package 'nav_2d_utils' build argument 'cmake_args' from command line to 'None'
[0.933s] Level 5:colcon.colcon_core.verb:set package 'nav_2d_utils' build argument 'cmake_target' from command line to 'None'
[0.933s] Level 5:colcon.colcon_core.verb:set package 'nav_2d_utils' build argument 'cmake_target_skip_unavailable' from command line to 'False'
[0.933s] Level 5:colcon.colcon_core.verb:set package 'nav_2d_utils' build argument 'cmake_clean_cache' from command line to 'False'
[0.933s] Level 5:colcon.colcon_core.verb:set package 'nav_2d_utils' build argument 'cmake_clean_first' from command line to 'False'
[0.934s] Level 5:colcon.colcon_core.verb:set package 'nav_2d_utils' build argument 'cmake_force_configure' from command line to 'False'
[0.934s] Level 5:colcon.colcon_core.verb:set package 'nav_2d_utils' build argument 'ament_cmake_args' from command line to 'None'
[0.934s] Level 5:colcon.colcon_core.verb:set package 'nav_2d_utils' build argument 'catkin_cmake_args' from command line to 'None'
[0.934s] Level 5:colcon.colcon_core.verb:set package 'nav_2d_utils' build argument 'catkin_skip_building_tests' from command line to 'False'
[0.934s] DEBUG:colcon.colcon_core.verb:Building package 'nav_2d_utils' with the following arguments: {'ament_cmake_args': None, 'build_base': '/home/unitree/navigation_ws/build/nav_2d_utils', 'catkin_cmake_args': None, 'catkin_skip_building_tests': False, 'cmake_args': None, 'cmake_clean_cache': False, 'cmake_clean_first': False, 'cmake_force_configure': False, 'cmake_target': None, 'cmake_target_skip_unavailable': False, 'install_base': '/home/unitree/navigation_ws/install/nav_2d_utils', 'merge_install': False, 'path': '/home/unitree/navigation_ws/src/navigation2/nav2_dwb_controller/nav_2d_utils', 'symlink_install': True, 'test_result_base': None}
[0.934s] Level 5:colcon.colcon_core.verb:set package 'nav2_bt_navigator' build argument 'cmake_args' from command line to 'None'
[0.934s] Level 5:colcon.colcon_core.verb:set package 'nav2_bt_navigator' build argument 'cmake_target' from command line to 'None'
[0.934s] Level 5:colcon.colcon_core.verb:set package 'nav2_bt_navigator' build argument 'cmake_target_skip_unavailable' from command line to 'False'
[0.934s] Level 5:colcon.colcon_core.verb:set package 'nav2_bt_navigator' build argument 'cmake_clean_cache' from command line to 'False'
[0.934s] Level 5:colcon.colcon_core.verb:set package 'nav2_bt_navigator' build argument 'cmake_clean_first' from command line to 'False'
[0.934s] Level 5:colcon.colcon_core.verb:set package 'nav2_bt_navigator' build argument 'cmake_force_configure' from command line to 'False'
[0.935s] Level 5:colcon.colcon_core.verb:set package 'nav2_bt_navigator' build argument 'ament_cmake_args' from command line to 'None'
[0.935s] Level 5:colcon.colcon_core.verb:set package 'nav2_bt_navigator' build argument 'catkin_cmake_args' from command line to 'None'
[0.935s] Level 5:colcon.colcon_core.verb:set package 'nav2_bt_navigator' build argument 'catkin_skip_building_tests' from command line to 'False'
[0.935s] DEBUG:colcon.colcon_core.verb:Building package 'nav2_bt_navigator' with the following arguments: {'ament_cmake_args': None, 'build_base': '/home/unitree/navigation_ws/build/nav2_bt_navigator', 'catkin_cmake_args': None, 'catkin_skip_building_tests': False, 'cmake_args': None, 'cmake_clean_cache': False, 'cmake_clean_first': False, 'cmake_force_configure': False, 'cmake_target': None, 'cmake_target_skip_unavailable': False, 'install_base': '/home/unitree/navigation_ws/install/nav2_bt_navigator', 'merge_install': False, 'path': '/home/unitree/navigation_ws/src/navigation2/nav2_bt_navigator', 'symlink_install': True, 'test_result_base': None}
[0.935s] Level 5:colcon.colcon_core.verb:set package 'nav2_costmap_2d' build argument 'cmake_args' from command line to 'None'
[0.935s] Level 5:colcon.colcon_core.verb:set package 'nav2_costmap_2d' build argument 'cmake_target' from command line to 'None'
[0.935s] Level 5:colcon.colcon_core.verb:set package 'nav2_costmap_2d' build argument 'cmake_target_skip_unavailable' from command line to 'False'
[0.935s] Level 5:colcon.colcon_core.verb:set package 'nav2_costmap_2d' build argument 'cmake_clean_cache' from command line to 'False'
[0.935s] Level 5:colcon.colcon_core.verb:set package 'nav2_costmap_2d' build argument 'cmake_clean_first' from command line to 'False'
[0.935s] Level 5:colcon.colcon_core.verb:set package 'nav2_costmap_2d' build argument 'cmake_force_configure' from command line to 'False'
[0.935s] Level 5:colcon.colcon_core.verb:set package 'nav2_costmap_2d' build argument 'ament_cmake_args' from command line to 'None'
[0.935s] Level 5:colcon.colcon_core.verb:set package 'nav2_costmap_2d' build argument 'catkin_cmake_args' from command line to 'None'
[0.936s] Level 5:colcon.colcon_core.verb:set package 'nav2_costmap_2d' build argument 'catkin_skip_building_tests' from command line to 'False'
[0.936s] DEBUG:colcon.colcon_core.verb:Building package 'nav2_costmap_2d' with the following arguments: {'ament_cmake_args': None, 'build_base': '/home/unitree/navigation_ws/build/nav2_costmap_2d', 'catkin_cmake_args': None, 'catkin_skip_building_tests': False, 'cmake_args': None, 'cmake_clean_cache': False, 'cmake_clean_first': False, 'cmake_force_configure': False, 'cmake_target': None, 'cmake_target_skip_unavailable': False, 'install_base': '/home/unitree/navigation_ws/install/nav2_costmap_2d', 'merge_install': False, 'path': '/home/unitree/navigation_ws/src/navigation2/nav2_costmap_2d', 'symlink_install': True, 'test_result_base': None}
[0.936s] Level 5:colcon.colcon_core.verb:set package 'costmap_queue' build argument 'cmake_args' from command line to 'None'
[0.936s] Level 5:colcon.colcon_core.verb:set package 'costmap_queue' build argument 'cmake_target' from command line to 'None'
[0.936s] Level 5:colcon.colcon_core.verb:set package 'costmap_queue' build argument 'cmake_target_skip_unavailable' from command line to 'False'
[0.936s] Level 5:colcon.colcon_core.verb:set package 'costmap_queue' build argument 'cmake_clean_cache' from command line to 'False'
[0.936s] Level 5:colcon.colcon_core.verb:set package 'costmap_queue' build argument 'cmake_clean_first' from command line to 'False'
[0.936s] Level 5:colcon.colcon_core.verb:set package 'costmap_queue' build argument 'cmake_force_configure' from command line to 'False'
[0.936s] Level 5:colcon.colcon_core.verb:set package 'costmap_queue' build argument 'ament_cmake_args' from command line to 'None'
[0.936s] Level 5:colcon.colcon_core.verb:set package 'costmap_queue' build argument 'catkin_cmake_args' from command line to 'None'
[0.936s] Level 5:colcon.colcon_core.verb:set package 'costmap_queue' build argument 'catkin_skip_building_tests' from command line to 'False'
[0.937s] DEBUG:colcon.colcon_core.verb:Building package 'costmap_queue' with the following arguments: {'ament_cmake_args': None, 'build_base': '/home/unitree/navigation_ws/build/costmap_queue', 'catkin_cmake_args': None, 'catkin_skip_building_tests': False, 'cmake_args': None, 'cmake_clean_cache': False, 'cmake_clean_first': False, 'cmake_force_configure': False, 'cmake_target': None, 'cmake_target_skip_unavailable': False, 'install_base': '/home/unitree/navigation_ws/install/costmap_queue', 'merge_install': False, 'path': '/home/unitree/navigation_ws/src/navigation2/nav2_dwb_controller/costmap_queue', 'symlink_install': True, 'test_result_base': None}
[0.937s] Level 5:colcon.colcon_core.verb:set package 'nav2_core' build argument 'cmake_args' from command line to 'None'
[0.937s] Level 5:colcon.colcon_core.verb:set package 'nav2_core' build argument 'cmake_target' from command line to 'None'
[0.937s] Level 5:colcon.colcon_core.verb:set package 'nav2_core' build argument 'cmake_target_skip_unavailable' from command line to 'False'
[0.937s] Level 5:colcon.colcon_core.verb:set package 'nav2_core' build argument 'cmake_clean_cache' from command line to 'False'
[0.937s] Level 5:colcon.colcon_core.verb:set package 'nav2_core' build argument 'cmake_clean_first' from command line to 'False'
[0.937s] Level 5:colcon.colcon_core.verb:set package 'nav2_core' build argument 'cmake_force_configure' from command line to 'False'
[0.937s] Level 5:colcon.colcon_core.verb:set package 'nav2_core' build argument 'ament_cmake_args' from command line to 'None'
[0.937s] Level 5:colcon.colcon_core.verb:set package 'nav2_core' build argument 'catkin_cmake_args' from command line to 'None'
[0.937s] Level 5:colcon.colcon_core.verb:set package 'nav2_core' build argument 'catkin_skip_building_tests' from command line to 'False'
[0.937s] DEBUG:colcon.colcon_core.verb:Building package 'nav2_core' with the following arguments: {'ament_cmake_args': None, 'build_base': '/home/unitree/navigation_ws/build/nav2_core', 'catkin_cmake_args': None, 'catkin_skip_building_tests': False, 'cmake_args': None, 'cmake_clean_cache': False, 'cmake_clean_first': False, 'cmake_force_configure': False, 'cmake_target': None, 'cmake_target_skip_unavailable': False, 'install_base': '/home/unitree/navigation_ws/install/nav2_core', 'merge_install': False, 'path': '/home/unitree/navigation_ws/src/navigation2/nav2_core', 'symlink_install': True, 'test_result_base': None}
[0.938s] Level 5:colcon.colcon_core.verb:set package 'rm_autonomy' build argument 'cmake_args' from command line to 'None'
[0.938s] Level 5:colcon.colcon_core.verb:set package 'rm_autonomy' build argument 'cmake_target' from command line to 'None'
[0.938s] Level 5:colcon.colcon_core.verb:set package 'rm_autonomy' build argument 'cmake_target_skip_unavailable' from command line to 'False'
[0.938s] Level 5:colcon.colcon_core.verb:set package 'rm_autonomy' build argument 'cmake_clean_cache' from command line to 'False'
[0.938s] Level 5:colcon.colcon_core.verb:set package 'rm_autonomy' build argument 'cmake_clean_first' from command line to 'False'
[0.938s] Level 5:colcon.colcon_core.verb:set package 'rm_autonomy' build argument 'cmake_force_configure' from command line to 'False'
[0.938s] Level 5:colcon.colcon_core.verb:set package 'rm_autonomy' build argument 'ament_cmake_args' from command line to 'None'
[0.938s] Level 5:colcon.colcon_core.verb:set package 'rm_autonomy' build argument 'catkin_cmake_args' from command line to 'None'
[0.938s] Level 5:colcon.colcon_core.verb:set package 'rm_autonomy' build argument 'catkin_skip_building_tests' from command line to 'False'
[0.938s] DEBUG:colcon.colcon_core.verb:Building package 'rm_autonomy' with the following arguments: {'ament_cmake_args': None, 'build_base': '/home/unitree/navigation_ws/build/rm_autonomy', 'catkin_cmake_args': None, 'catkin_skip_building_tests': False, 'cmake_args': None, 'cmake_clean_cache': False, 'cmake_clean_first': False, 'cmake_force_configure': False, 'cmake_target': None, 'cmake_target_skip_unavailable': False, 'install_base': '/home/unitree/navigation_ws/install/rm_autonomy', 'merge_install': False, 'path': '/home/unitree/navigation_ws/src/autonomy/rm_autonomy', 'symlink_install': True, 'test_result_base': None}
[0.939s] Level 5:colcon.colcon_core.verb:set package 'dwb_core' build argument 'cmake_args' from command line to 'None'
[0.939s] Level 5:colcon.colcon_core.verb:set package 'dwb_core' build argument 'cmake_target' from command line to 'None'
[0.939s] Level 5:colcon.colcon_core.verb:set package 'dwb_core' build argument 'cmake_target_skip_unavailable' from command line to 'False'
[0.939s] Level 5:colcon.colcon_core.verb:set package 'dwb_core' build argument 'cmake_clean_cache' from command line to 'False'
[0.939s] Level 5:colcon.colcon_core.verb:set package 'dwb_core' build argument 'cmake_clean_first' from command line to 'False'
[0.939s] Level 5:colcon.colcon_core.verb:set package 'dwb_core' build argument 'cmake_force_configure' from command line to 'False'
[0.939s] Level 5:colcon.colcon_core.verb:set package 'dwb_core' build argument 'ament_cmake_args' from command line to 'None'
[0.939s] Level 5:colcon.colcon_core.verb:set package 'dwb_core' build argument 'catkin_cmake_args' from command line to 'None'
[0.939s] Level 5:colcon.colcon_core.verb:set package 'dwb_core' build argument 'catkin_skip_building_tests' from command line to 'False'
[0.939s] DEBUG:colcon.colcon_core.verb:Building package 'dwb_core' with the following arguments: {'ament_cmake_args': None, 'build_base': '/home/unitree/navigation_ws/build/dwb_core', 'catkin_cmake_args': None, 'catkin_skip_building_tests': False, 'cmake_args': None, 'cmake_clean_cache': False, 'cmake_clean_first': False, 'cmake_force_configure': False, 'cmake_target': None, 'cmake_target_skip_unavailable': False, 'install_base': '/home/unitree/navigation_ws/install/dwb_core', 'merge_install': False, 'path': '/home/unitree/navigation_ws/src/navigation2/nav2_dwb_controller/dwb_core', 'symlink_install': True, 'test_result_base': None}
[0.940s] Level 5:colcon.colcon_core.verb:set package 'nav2_controller' build argument 'cmake_args' from command line to 'None'
[0.940s] Level 5:colcon.colcon_core.verb:set package 'nav2_controller' build argument 'cmake_target' from command line to 'None'
[0.940s] Level 5:colcon.colcon_core.verb:set package 'nav2_controller' build argument 'cmake_target_skip_unavailable' from command line to 'False'
[0.940s] Level 5:colcon.colcon_core.verb:set package 'nav2_controller' build argument 'cmake_clean_cache' from command line to 'False'
[0.940s] Level 5:colcon.colcon_core.verb:set package 'nav2_controller' build argument 'cmake_clean_first' from command line to 'False'
[0.940s] Level 5:colcon.colcon_core.verb:set package 'nav2_controller' build argument 'cmake_force_configure' from command line to 'False'
[0.940s] Level 5:colcon.colcon_core.verb:set package 'nav2_controller' build argument 'ament_cmake_args' from command line to 'None'
[0.940s] Level 5:colcon.colcon_core.verb:set package 'nav2_controller' build argument 'catkin_cmake_args' from command line to 'None'
[0.940s] Level 5:colcon.colcon_core.verb:set package 'nav2_controller' build argument 'catkin_skip_building_tests' from command line to 'False'
[0.940s] DEBUG:colcon.colcon_core.verb:Building package 'nav2_controller' with the following arguments: {'ament_cmake_args': None, 'build_base': '/home/unitree/navigation_ws/build/nav2_controller', 'catkin_cmake_args': None, 'catkin_skip_building_tests': False, 'cmake_args': None, 'cmake_clean_cache': False, 'cmake_clean_first': False, 'cmake_force_configure': False, 'cmake_target': None, 'cmake_target_skip_unavailable': False, 'install_base': '/home/unitree/navigation_ws/install/nav2_controller', 'merge_install': False, 'path': '/home/unitree/navigation_ws/src/navigation2/nav2_controller', 'symlink_install': True, 'test_result_base': None}
[0.941s] Level 5:colcon.colcon_core.verb:set package 'nav2_navfn_planner' build argument 'cmake_args' from command line to 'None'
[0.941s] Level 5:colcon.colcon_core.verb:set package 'nav2_navfn_planner' build argument 'cmake_target' from command line to 'None'
[0.941s] Level 5:colcon.colcon_core.verb:set package 'nav2_navfn_planner' build argument 'cmake_target_skip_unavailable' from command line to 'False'
[0.941s] Level 5:colcon.colcon_core.verb:set package 'nav2_navfn_planner' build argument 'cmake_clean_cache' from command line to 'False'
[0.941s] Level 5:colcon.colcon_core.verb:set package 'nav2_navfn_planner' build argument 'cmake_clean_first' from command line to 'False'
[0.941s] Level 5:colcon.colcon_core.verb:set package 'nav2_navfn_planner' build argument 'cmake_force_configure' from command line to 'False'
[0.941s] Level 5:colcon.colcon_core.verb:set package 'nav2_navfn_planner' build argument 'ament_cmake_args' from command line to 'None'
[0.941s] Level 5:colcon.colcon_core.verb:set package 'nav2_navfn_planner' build argument 'catkin_cmake_args' from command line to 'None'
[0.941s] Level 5:colcon.colcon_core.verb:set package 'nav2_navfn_planner' build argument 'catkin_skip_building_tests' from command line to 'False'
[0.941s] DEBUG:colcon.colcon_core.verb:Building package 'nav2_navfn_planner' with the following arguments: {'ament_cmake_args': None, 'build_base': '/home/unitree/navigation_ws/build/nav2_navfn_planner', 'catkin_cmake_args': None, 'catkin_skip_building_tests': False, 'cmake_args': None, 'cmake_clean_cache': False, 'cmake_clean_first': False, 'cmake_force_configure': False, 'cmake_target': None, 'cmake_target_skip_unavailable': False, 'install_base': '/home/unitree/navigation_ws/install/nav2_navfn_planner', 'merge_install': False, 'path': '/home/unitree/navigation_ws/src/navigation2/nav2_navfn_planner', 'symlink_install': True, 'test_result_base': None}
[0.942s] Level 5:colcon.colcon_core.verb:set package 'nav2_planner' build argument 'cmake_args' from command line to 'None'
[0.942s] Level 5:colcon.colcon_core.verb:set package 'nav2_planner' build argument 'cmake_target' from command line to 'None'
[0.942s] Level 5:colcon.colcon_core.verb:set package 'nav2_planner' build argument 'cmake_target_skip_unavailable' from command line to 'False'
[0.942s] Level 5:colcon.colcon_core.verb:set package 'nav2_planner' build argument 'cmake_clean_cache' from command line to 'False'
[0.942s] Level 5:colcon.colcon_core.verb:set package 'nav2_planner' build argument 'cmake_clean_first' from command line to 'False'
[0.942s] Level 5:colcon.colcon_core.verb:set package 'nav2_planner' build argument 'cmake_force_configure' from command line to 'False'
[0.942s] Level 5:colcon.colcon_core.verb:set package 'nav2_planner' build argument 'ament_cmake_args' from command line to 'None'
[0.942s] Level 5:colcon.colcon_core.verb:set package 'nav2_planner' build argument 'catkin_cmake_args' from command line to 'None'
[0.942s] Level 5:colcon.colcon_core.verb:set package 'nav2_planner' build argument 'catkin_skip_building_tests' from command line to 'False'
[0.942s] DEBUG:colcon.colcon_core.verb:Building package 'nav2_planner' with the following arguments: {'ament_cmake_args': None, 'build_base': '/home/unitree/navigation_ws/build/nav2_planner', 'catkin_cmake_args': None, 'catkin_skip_building_tests': False, 'cmake_args': None, 'cmake_clean_cache': False, 'cmake_clean_first': False, 'cmake_force_configure': False, 'cmake_target': None, 'cmake_target_skip_unavailable': False, 'install_base': '/home/unitree/navigation_ws/install/nav2_planner', 'merge_install': False, 'path': '/home/unitree/navigation_ws/src/navigation2/nav2_planner', 'symlink_install': True, 'test_result_base': None}
[0.942s] Level 5:colcon.colcon_core.verb:set package 'nav2_recoveries' build argument 'cmake_args' from command line to 'None'
[0.943s] Level 5:colcon.colcon_core.verb:set package 'nav2_recoveries' build argument 'cmake_target' from command line to 'None'
[0.943s] Level 5:colcon.colcon_core.verb:set package 'nav2_recoveries' build argument 'cmake_target_skip_unavailable' from command line to 'False'
[0.943s] Level 5:colcon.colcon_core.verb:set package 'nav2_recoveries' build argument 'cmake_clean_cache' from command line to 'False'
[0.943s] Level 5:colcon.colcon_core.verb:set package 'nav2_recoveries' build argument 'cmake_clean_first' from command line to 'False'
[0.943s] Level 5:colcon.colcon_core.verb:set package 'nav2_recoveries' build argument 'cmake_force_configure' from command line to 'False'
[0.943s] Level 5:colcon.colcon_core.verb:set package 'nav2_recoveries' build argument 'ament_cmake_args' from command line to 'None'
[0.943s] Level 5:colcon.colcon_core.verb:set package 'nav2_recoveries' build argument 'catkin_cmake_args' from command line to 'None'
[0.943s] Level 5:colcon.colcon_core.verb:set package 'nav2_recoveries' build argument 'catkin_skip_building_tests' from command line to 'False'
[0.943s] DEBUG:colcon.colcon_core.verb:Building package 'nav2_recoveries' with the following arguments: {'ament_cmake_args': None, 'build_base': '/home/unitree/navigation_ws/build/nav2_recoveries', 'catkin_cmake_args': None, 'catkin_skip_building_tests': False, 'cmake_args': None, 'cmake_clean_cache': False, 'cmake_clean_first': False, 'cmake_force_configure': False, 'cmake_target': None, 'cmake_target_skip_unavailable': False, 'install_base': '/home/unitree/navigation_ws/install/nav2_recoveries', 'merge_install': False, 'path': '/home/unitree/navigation_ws/src/navigation2/nav2_recoveries', 'symlink_install': True, 'test_result_base': None}
[0.943s] Level 5:colcon.colcon_core.verb:set package 'nav2_regulated_pure_pursuit_controller' build argument 'cmake_args' from command line to 'None'
[0.943s] Level 5:colcon.colcon_core.verb:set package 'nav2_regulated_pure_pursuit_controller' build argument 'cmake_target' from command line to 'None'
[0.943s] Level 5:colcon.colcon_core.verb:set package 'nav2_regulated_pure_pursuit_controller' build argument 'cmake_target_skip_unavailable' from command line to 'False'
[0.944s] Level 5:colcon.colcon_core.verb:set package 'nav2_regulated_pure_pursuit_controller' build argument 'cmake_clean_cache' from command line to 'False'
[0.944s] Level 5:colcon.colcon_core.verb:set package 'nav2_regulated_pure_pursuit_controller' build argument 'cmake_clean_first' from command line to 'False'
[0.944s] Level 5:colcon.colcon_core.verb:set package 'nav2_regulated_pure_pursuit_controller' build argument 'cmake_force_configure' from command line to 'False'
[0.944s] Level 5:colcon.colcon_core.verb:set package 'nav2_regulated_pure_pursuit_controller' build argument 'ament_cmake_args' from command line to 'None'
[0.944s] Level 5:colcon.colcon_core.verb:set package 'nav2_regulated_pure_pursuit_controller' build argument 'catkin_cmake_args' from command line to 'None'
[0.944s] Level 5:colcon.colcon_core.verb:set package 'nav2_regulated_pure_pursuit_controller' build argument 'catkin_skip_building_tests' from command line to 'False'
[0.944s] DEBUG:colcon.colcon_core.verb:Building package 'nav2_regulated_pure_pursuit_controller' with the following arguments: {'ament_cmake_args': None, 'build_base': '/home/unitree/navigation_ws/build/nav2_regulated_pure_pursuit_controller', 'catkin_cmake_args': None, 'catkin_skip_building_tests': False, 'cmake_args': None, 'cmake_clean_cache': False, 'cmake_clean_first': False, 'cmake_force_configure': False, 'cmake_target': None, 'cmake_target_skip_unavailable': False, 'install_base': '/home/unitree/navigation_ws/install/nav2_regulated_pure_pursuit_controller', 'merge_install': False, 'path': '/home/unitree/navigation_ws/src/navigation2/nav2_regulated_pure_pursuit_controller', 'symlink_install': True, 'test_result_base': None}
[0.944s] Level 5:colcon.colcon_core.verb:set package 'smac_planner' build argument 'cmake_args' from command line to 'None'
[0.944s] Level 5:colcon.colcon_core.verb:set package 'smac_planner' build argument 'cmake_target' from command line to 'None'
[0.944s] Level 5:colcon.colcon_core.verb:set package 'smac_planner' build argument 'cmake_target_skip_unavailable' from command line to 'False'
[0.944s] Level 5:colcon.colcon_core.verb:set package 'smac_planner' build argument 'cmake_clean_cache' from command line to 'False'
[0.945s] Level 5:colcon.colcon_core.verb:set package 'smac_planner' build argument 'cmake_clean_first' from command line to 'False'
[0.945s] Level 5:colcon.colcon_core.verb:set package 'smac_planner' build argument 'cmake_force_configure' from command line to 'False'
[0.945s] Level 5:colcon.colcon_core.verb:set package 'smac_planner' build argument 'ament_cmake_args' from command line to 'None'
[0.945s] Level 5:colcon.colcon_core.verb:set package 'smac_planner' build argument 'catkin_cmake_args' from command line to 'None'
[0.945s] Level 5:colcon.colcon_core.verb:set package 'smac_planner' build argument 'catkin_skip_building_tests' from command line to 'False'
[0.945s] DEBUG:colcon.colcon_core.verb:Building package 'smac_planner' with the following arguments: {'ament_cmake_args': None, 'build_base': '/home/unitree/navigation_ws/build/smac_planner', 'catkin_cmake_args': None, 'catkin_skip_building_tests': False, 'cmake_args': None, 'cmake_clean_cache': False, 'cmake_clean_first': False, 'cmake_force_configure': False, 'cmake_target': None, 'cmake_target_skip_unavailable': False, 'install_base': '/home/unitree/navigation_ws/install/smac_planner', 'merge_install': False, 'path': '/home/unitree/navigation_ws/src/navigation2/smac_planner', 'symlink_install': True, 'test_result_base': None}
[0.945s] Level 5:colcon.colcon_core.verb:set package 'dwb_critics' build argument 'cmake_args' from command line to 'None'
[0.945s] Level 5:colcon.colcon_core.verb:set package 'dwb_critics' build argument 'cmake_target' from command line to 'None'
[0.945s] Level 5:colcon.colcon_core.verb:set package 'dwb_critics' build argument 'cmake_target_skip_unavailable' from command line to 'False'
[0.945s] Level 5:colcon.colcon_core.verb:set package 'dwb_critics' build argument 'cmake_clean_cache' from command line to 'False'
[0.945s] Level 5:colcon.colcon_core.verb:set package 'dwb_critics' build argument 'cmake_clean_first' from command line to 'False'
[0.945s] Level 5:colcon.colcon_core.verb:set package 'dwb_critics' build argument 'cmake_force_configure' from command line to 'False'
[0.945s] Level 5:colcon.colcon_core.verb:set package 'dwb_critics' build argument 'ament_cmake_args' from command line to 'None'
[0.946s] Level 5:colcon.colcon_core.verb:set package 'dwb_critics' build argument 'catkin_cmake_args' from command line to 'None'
[0.946s] Level 5:colcon.colcon_core.verb:set package 'dwb_critics' build argument 'catkin_skip_building_tests' from command line to 'False'
[0.946s] DEBUG:colcon.colcon_core.verb:Building package 'dwb_critics' with the following arguments: {'ament_cmake_args': None, 'build_base': '/home/unitree/navigation_ws/build/dwb_critics', 'catkin_cmake_args': None, 'catkin_skip_building_tests': False, 'cmake_args': None, 'cmake_clean_cache': False, 'cmake_clean_first': False, 'cmake_force_configure': False, 'cmake_target': None, 'cmake_target_skip_unavailable': False, 'install_base': '/home/unitree/navigation_ws/install/dwb_critics', 'merge_install': False, 'path': '/home/unitree/navigation_ws/src/navigation2/nav2_dwb_controller/dwb_critics', 'symlink_install': True, 'test_result_base': None}
[0.946s] Level 5:colcon.colcon_core.verb:set package 'dwb_plugins' build argument 'cmake_args' from command line to 'None'
[0.946s] Level 5:colcon.colcon_core.verb:set package 'dwb_plugins' build argument 'cmake_target' from command line to 'None'
[0.946s] Level 5:colcon.colcon_core.verb:set package 'dwb_plugins' build argument 'cmake_target_skip_unavailable' from command line to 'False'
[0.946s] Level 5:colcon.colcon_core.verb:set package 'dwb_plugins' build argument 'cmake_clean_cache' from command line to 'False'
[0.946s] Level 5:colcon.colcon_core.verb:set package 'dwb_plugins' build argument 'cmake_clean_first' from command line to 'False'
[0.946s] Level 5:colcon.colcon_core.verb:set package 'dwb_plugins' build argument 'cmake_force_configure' from command line to 'False'
[0.946s] Level 5:colcon.colcon_core.verb:set package 'dwb_plugins' build argument 'ament_cmake_args' from command line to 'None'
[0.946s] Level 5:colcon.colcon_core.verb:set package 'dwb_plugins' build argument 'catkin_cmake_args' from command line to 'None'
[0.946s] Level 5:colcon.colcon_core.verb:set package 'dwb_plugins' build argument 'catkin_skip_building_tests' from command line to 'False'
[0.947s] DEBUG:colcon.colcon_core.verb:Building package 'dwb_plugins' with the following arguments: {'ament_cmake_args': None, 'build_base': '/home/unitree/navigation_ws/build/dwb_plugins', 'catkin_cmake_args': None, 'catkin_skip_building_tests': False, 'cmake_args': None, 'cmake_clean_cache': False, 'cmake_clean_first': False, 'cmake_force_configure': False, 'cmake_target': None, 'cmake_target_skip_unavailable': False, 'install_base': '/home/unitree/navigation_ws/install/dwb_plugins', 'merge_install': False, 'path': '/home/unitree/navigation_ws/src/navigation2/nav2_dwb_controller/dwb_plugins', 'symlink_install': True, 'test_result_base': None}
[0.947s] Level 5:colcon.colcon_core.verb:set package 'nav2_dwb_controller' build argument 'cmake_args' from command line to 'None'
[0.947s] Level 5:colcon.colcon_core.verb:set package 'nav2_dwb_controller' build argument 'cmake_target' from command line to 'None'
[0.947s] Level 5:colcon.colcon_core.verb:set package 'nav2_dwb_controller' build argument 'cmake_target_skip_unavailable' from command line to 'False'
[0.947s] Level 5:colcon.colcon_core.verb:set package 'nav2_dwb_controller' build argument 'cmake_clean_cache' from command line to 'False'
[0.947s] Level 5:colcon.colcon_core.verb:set package 'nav2_dwb_controller' build argument 'cmake_clean_first' from command line to 'False'
[0.947s] Level 5:colcon.colcon_core.verb:set package 'nav2_dwb_controller' build argument 'cmake_force_configure' from command line to 'False'
[0.947s] Level 5:colcon.colcon_core.verb:set package 'nav2_dwb_controller' build argument 'ament_cmake_args' from command line to 'None'
[0.947s] Level 5:colcon.colcon_core.verb:set package 'nav2_dwb_controller' build argument 'catkin_cmake_args' from command line to 'None'
[0.947s] Level 5:colcon.colcon_core.verb:set package 'nav2_dwb_controller' build argument 'catkin_skip_building_tests' from command line to 'False'
[0.947s] DEBUG:colcon.colcon_core.verb:Building package 'nav2_dwb_controller' with the following arguments: {'ament_cmake_args': None, 'build_base': '/home/unitree/navigation_ws/build/nav2_dwb_controller', 'catkin_cmake_args': None, 'catkin_skip_building_tests': False, 'cmake_args': None, 'cmake_clean_cache': False, 'cmake_clean_first': False, 'cmake_force_configure': False, 'cmake_target': None, 'cmake_target_skip_unavailable': False, 'install_base': '/home/unitree/navigation_ws/install/nav2_dwb_controller', 'merge_install': False, 'path': '/home/unitree/navigation_ws/src/navigation2/nav2_dwb_controller/nav2_dwb_controller', 'symlink_install': True, 'test_result_base': None}
[0.948s] Level 5:colcon.colcon_core.verb:set package 'navigation2' build argument 'cmake_args' from command line to 'None'
[0.948s] Level 5:colcon.colcon_core.verb:set package 'navigation2' build argument 'cmake_target' from command line to 'None'
[0.948s] Level 5:colcon.colcon_core.verb:set package 'navigation2' build argument 'cmake_target_skip_unavailable' from command line to 'False'
[0.948s] Level 5:colcon.colcon_core.verb:set package 'navigation2' build argument 'cmake_clean_cache' from command line to 'False'
[0.948s] Level 5:colcon.colcon_core.verb:set package 'navigation2' build argument 'cmake_clean_first' from command line to 'False'
[0.948s] Level 5:colcon.colcon_core.verb:set package 'navigation2' build argument 'cmake_force_configure' from command line to 'False'
[0.948s] Level 5:colcon.colcon_core.verb:set package 'navigation2' build argument 'ament_cmake_args' from command line to 'None'
[0.948s] Level 5:colcon.colcon_core.verb:set package 'navigation2' build argument 'catkin_cmake_args' from command line to 'None'
[0.948s] Level 5:colcon.colcon_core.verb:set package 'navigation2' build argument 'catkin_skip_building_tests' from command line to 'False'
[0.948s] DEBUG:colcon.colcon_core.verb:Building package 'navigation2' with the following arguments: {'ament_cmake_args': None, 'build_base': '/home/unitree/navigation_ws/build/navigation2', 'catkin_cmake_args': None, 'catkin_skip_building_tests': False, 'cmake_args': None, 'cmake_clean_cache': False, 'cmake_clean_first': False, 'cmake_force_configure': False, 'cmake_target': None, 'cmake_target_skip_unavailable': False, 'install_base': '/home/unitree/navigation_ws/install/navigation2', 'merge_install': False, 'path': '/home/unitree/navigation_ws/src/navigation2/navigation2', 'symlink_install': True, 'test_result_base': None}
[0.949s] Level 5:colcon.colcon_core.verb:set package 'nav2_bringup' build argument 'cmake_args' from command line to 'None'
[0.949s] Level 5:colcon.colcon_core.verb:set package 'nav2_bringup' build argument 'cmake_target' from command line to 'None'
[0.949s] Level 5:colcon.colcon_core.verb:set package 'nav2_bringup' build argument 'cmake_target_skip_unavailable' from command line to 'False'
[0.949s] Level 5:colcon.colcon_core.verb:set package 'nav2_bringup' build argument 'cmake_clean_cache' from command line to 'False'
[0.949s] Level 5:colcon.colcon_core.verb:set package 'nav2_bringup' build argument 'cmake_clean_first' from command line to 'False'
[0.949s] Level 5:colcon.colcon_core.verb:set package 'nav2_bringup' build argument 'cmake_force_configure' from command line to 'False'
[0.949s] Level 5:colcon.colcon_core.verb:set package 'nav2_bringup' build argument 'ament_cmake_args' from command line to 'None'
[0.949s] Level 5:colcon.colcon_core.verb:set package 'nav2_bringup' build argument 'catkin_cmake_args' from command line to 'None'
[0.949s] Level 5:colcon.colcon_core.verb:set package 'nav2_bringup' build argument 'catkin_skip_building_tests' from command line to 'False'
[0.949s] DEBUG:colcon.colcon_core.verb:Building package 'nav2_bringup' with the following arguments: {'ament_cmake_args': None, 'build_base': '/home/unitree/navigation_ws/build/nav2_bringup', 'catkin_cmake_args': None, 'catkin_skip_building_tests': False, 'cmake_args': None, 'cmake_clean_cache': False, 'cmake_clean_first': False, 'cmake_force_configure': False, 'cmake_target': None, 'cmake_target_skip_unavailable': False, 'install_base': '/home/unitree/navigation_ws/install/nav2_bringup', 'merge_install': False, 'path': '/home/unitree/navigation_ws/src/navigation2/nav2_bringup/bringup', 'symlink_install': True, 'test_result_base': None}
[0.950s] INFO:colcon.colcon_core.executor:Executing jobs using 'parallel' executor
[0.952s] DEBUG:colcon.colcon_parallel_executor.executor.parallel:run_until_complete
[0.953s] INFO:colcon.colcon_ros.task.ament_cmake.build:Building ROS package in '/home/unitree/navigation_ws/src/navigation2/nav2_common' with build type 'ament_cmake'
[0.954s] INFO:colcon.colcon_cmake.task.cmake.build:Building CMake package in '/home/unitree/navigation_ws/src/navigation2/nav2_common'
[0.959s] INFO:colcon.colcon_core.plugin_system:Skipping extension 'colcon_core.shell.bat': Not used on non-Windows systems
[0.959s] INFO:colcon.colcon_core.shell:Skip shell extension 'powershell' for command environment: Not usable outside of PowerShell
[0.959s] DEBUG:colcon.colcon_core.shell:Skip shell extension 'dsv' for command environment
[0.975s] INFO:colcon.colcon_ros.task.ament_cmake.build:Building ROS package in '/home/unitree/navigation_ws/src/navigation2/nav2_dwb_controller/nav_2d_msgs' with build type 'ament_cmake'
[0.976s] INFO:colcon.colcon_cmake.task.cmake.build:Building CMake package in '/home/unitree/navigation_ws/src/navigation2/nav2_dwb_controller/nav_2d_msgs'
[0.977s] INFO:colcon.colcon_core.shell:Skip shell extension 'powershell' for command environment: Not usable outside of PowerShell
[0.977s] DEBUG:colcon.colcon_core.shell:Skip shell extension 'dsv' for command environment
[0.993s] INFO:colcon.colcon_ros.task.ament_cmake.build:Building ROS package in '/home/unitree/navigation_ws/src/livox_ros_driver2' with build type 'ament_cmake'
[0.994s] INFO:colcon.colcon_cmake.task.cmake.build:Building CMake package in '/home/unitree/navigation_ws/src/livox_ros_driver2'
[0.995s] INFO:colcon.colcon_core.shell:Skip shell extension 'powershell' for command environment: Not usable outside of PowerShell
[0.995s] DEBUG:colcon.colcon_core.shell:Skip shell extension 'dsv' for command environment
[1.009s] INFO:colcon.colcon_ros.task.ament_cmake.build:Building ROS package in '/home/unitree/navigation_ws/src/autonomy/BehaviorTree.CPP' with build type 'ament_cmake'
[1.009s] INFO:colcon.colcon_cmake.task.cmake.build:Building CMake package in '/home/unitree/navigation_ws/src/autonomy/BehaviorTree.CPP'
[1.010s] INFO:colcon.colcon_core.shell:Skip shell extension 'powershell' for command environment: Not usable outside of PowerShell
[1.011s] DEBUG:colcon.colcon_core.shell:Skip shell extension 'dsv' for command environment
[1.024s] INFO:colcon.colcon_ros.task.ament_cmake.build:Building ROS package in '/home/unitree/navigation_ws/src/reconstruction/linefit_ground_segmentation_ros2/linefit_ground_segmentation' with build type 'ament_cmake'
[1.025s] INFO:colcon.colcon_cmake.task.cmake.build:Building CMake package in '/home/unitree/navigation_ws/src/reconstruction/linefit_ground_segmentation_ros2/linefit_ground_segmentation'
[1.025s] INFO:colcon.colcon_core.shell:Skip shell extension 'powershell' for command environment: Not usable outside of PowerShell
[1.026s] DEBUG:colcon.colcon_core.shell:Skip shell extension 'dsv' for command environment
[1.039s] INFO:colcon.colcon_ros.task.ament_cmake.build:Building ROS package in '/home/unitree/navigation_ws/src/reconstruction/pointcloud_to_laserscan' with build type 'ament_cmake'
[1.040s] INFO:colcon.colcon_cmake.task.cmake.build:Building CMake package in '/home/unitree/navigation_ws/src/reconstruction/pointcloud_to_laserscan'
[1.041s] INFO:colcon.colcon_core.shell:Skip shell extension 'powershell' for command environment: Not usable outside of PowerShell
[1.041s] DEBUG:colcon.colcon_core.shell:Skip shell extension 'dsv' for command environment
[1.055s] INFO:colcon.colcon_ros.task.ament_cmake.build:Building ROS package in '/home/unitree/navigation_ws/src/autonomy/rm_autonomy_interfaces' with build type 'ament_cmake'
[1.055s] INFO:colcon.colcon_cmake.task.cmake.build:Building CMake package in '/home/unitree/navigation_ws/src/autonomy/rm_autonomy_interfaces'
[1.056s] INFO:colcon.colcon_core.shell:Skip shell extension 'powershell' for command environment: Not usable outside of PowerShell
[1.056s] DEBUG:colcon.colcon_core.shell:Skip shell extension 'dsv' for command environment
[1.070s] INFO:colcon.colcon_ros.task.ament_cmake.build:Building ROS package in '/home/unitree/navigation_ws/src/cmd_vel_processor' with build type 'ament_cmake'
[1.070s] INFO:colcon.colcon_cmake.task.cmake.build:Building CMake package in '/home/unitree/navigation_ws/src/cmd_vel_processor'
[1.071s] INFO:colcon.colcon_core.shell:Skip shell extension 'powershell' for command environment: Not usable outside of PowerShell
[1.071s] DEBUG:colcon.colcon_core.shell:Skip shell extension 'dsv' for command environment
[1.095s] DEBUG:colcon.colcon_core.event_handler.log_command:Invoking command in '/home/unitree/navigation_ws/build/nav2_common': CMAKE_PREFIX_PATH=${CMAKE_PREFIX_PATH}:/opt/ros/foxy /usr/bin/cmake --build /home/unitree/navigation_ws/build/nav2_common -- -j8 -l8
[1.110s] DEBUG:colcon.colcon_core.event_handler.log_command:Invoking command in '/home/unitree/navigation_ws/build/nav_2d_msgs': CMAKE_PREFIX_PATH=${CMAKE_PREFIX_PATH}:/opt/ros/foxy /usr/bin/cmake --build /home/unitree/navigation_ws/build/nav_2d_msgs -- -j8 -l8
[1.118s] DEBUG:colcon.colcon_core.event_handler.log_command:Invoking command in '/home/unitree/navigation_ws/build/livox_ros_driver2': CMAKE_PREFIX_PATH=${CMAKE_PREFIX_PATH}:/opt/ros/foxy /usr/bin/cmake --build /home/unitree/navigation_ws/build/livox_ros_driver2 -- -j8 -l8
[1.127s] DEBUG:colcon.colcon_core.event_handler.log_command:Invoking command in '/home/unitree/navigation_ws/build/behaviortree_cpp': CMAKE_PREFIX_PATH=${CMAKE_PREFIX_PATH}:/opt/ros/foxy /usr/bin/cmake --build /home/unitree/navigation_ws/build/behaviortree_cpp -- -j8 -l8
[1.138s] DEBUG:colcon.colcon_core.event_handler.log_command:Invoking command in '/home/unitree/navigation_ws/build/linefit_ground_segmentation': CMAKE_PREFIX_PATH=${CMAKE_PREFIX_PATH}:/opt/ros/foxy /usr/bin/cmake --build /home/unitree/navigation_ws/build/linefit_ground_segmentation -- -j8 -l8
[1.147s] DEBUG:colcon.colcon_core.event_handler.log_command:Invoking command in '/home/unitree/navigation_ws/build/pointcloud_to_laserscan': CMAKE_PREFIX_PATH=${CMAKE_PREFIX_PATH}:/opt/ros/foxy /usr/bin/cmake --build /home/unitree/navigation_ws/build/pointcloud_to_laserscan -- -j8 -l8
[1.159s] DEBUG:colcon.colcon_core.event_handler.log_command:Invoking command in '/home/unitree/navigation_ws/build/rm_autonomy_interfaces': CMAKE_PREFIX_PATH=${CMAKE_PREFIX_PATH}:/opt/ros/foxy /usr/bin/cmake --build /home/unitree/navigation_ws/build/rm_autonomy_interfaces -- -j8 -l8
[1.207s] DEBUG:colcon.colcon_core.event_handler.log_command:Invoking command in '/home/unitree/navigation_ws/build/cmd_vel_processor': CMAKE_PREFIX_PATH=${CMAKE_PREFIX_PATH}:/opt/ros/foxy /usr/bin/cmake --build /home/unitree/navigation_ws/build/cmd_vel_processor -- -j8 -l8
[1.230s] DEBUG:colcon.colcon_core.event_handler.log_command:Invoked command in '/home/unitree/navigation_ws/build/nav2_common' returned '0': CMAKE_PREFIX_PATH=${CMAKE_PREFIX_PATH}:/opt/ros/foxy /usr/bin/cmake --build /home/unitree/navigation_ws/build/nav2_common -- -j8 -l8
[1.447s] DEBUG:colcon.colcon_core.event_handler.log_command:Invoking command in '/home/unitree/navigation_ws/build/nav2_common': CMAKE_PREFIX_PATH=${CMAKE_PREFIX_PATH}:/opt/ros/foxy /usr/bin/cmake --install /home/unitree/navigation_ws/build/nav2_common
[1.491s] DEBUG:colcon.colcon_core.event_handler.log_command:Invoked command in '/home/unitree/navigation_ws/build/linefit_ground_segmentation' returned '0': CMAKE_PREFIX_PATH=${CMAKE_PREFIX_PATH}:/opt/ros/foxy /usr/bin/cmake --build /home/unitree/navigation_ws/build/linefit_ground_segmentation -- -j8 -l8
[1.560s] DEBUG:colcon.colcon_core.event_handler.log_command:Invoked command in '/home/unitree/navigation_ws/build/pointcloud_to_laserscan' returned '0': CMAKE_PREFIX_PATH=${CMAKE_PREFIX_PATH}:/opt/ros/foxy /usr/bin/cmake --build /home/unitree/navigation_ws/build/pointcloud_to_laserscan -- -j8 -l8
[1.597s] DEBUG:colcon.colcon_core.event_handler.log_command:Invoked command in '/home/unitree/navigation_ws/build/cmd_vel_processor' returned '0': CMAKE_PREFIX_PATH=${CMAKE_PREFIX_PATH}:/opt/ros/foxy /usr/bin/cmake --build /home/unitree/navigation_ws/build/cmd_vel_processor -- -j8 -l8
[1.642s] Level 1:colcon.colcon_core.environment:create_environment_scripts_only(nav2_common)
[1.647s] Level 1:colcon.colcon_core.environment:checking '/home/unitree/navigation_ws/install/nav2_common' for CMake module files
[1.650s] DEBUG:colcon.colcon_core.event_handler.log_command:Invoked command in '/home/unitree/navigation_ws/build/nav2_common' returned '0': CMAKE_PREFIX_PATH=${CMAKE_PREFIX_PATH}:/opt/ros/foxy /usr/bin/cmake --install /home/unitree/navigation_ws/build/nav2_common
[1.651s] Level 1:colcon.colcon_core.environment:checking '/home/unitree/navigation_ws/install/nav2_common' for CMake config files
[1.652s] Level 1:colcon.colcon_core.shell:create_environment_hook('nav2_common', 'cmake_prefix_path')
[1.656s] INFO:colcon.colcon_core.shell:Creating environment hook '/home/unitree/navigation_ws/install/nav2_common/share/nav2_common/hook/cmake_prefix_path.ps1'
[1.660s] INFO:colcon.colcon_core.shell:Creating environment descriptor '/home/unitree/navigation_ws/install/nav2_common/share/nav2_common/hook/cmake_prefix_path.dsv'
[1.662s] INFO:colcon.colcon_core.shell:Creating environment hook '/home/unitree/navigation_ws/install/nav2_common/share/nav2_common/hook/cmake_prefix_path.sh'
[1.669s] Level 1:colcon.colcon_core.environment:checking '/home/unitree/navigation_ws/install/nav2_common/lib'
[1.670s] Level 1:colcon.colcon_core.environment:checking '/home/unitree/navigation_ws/install/nav2_common/bin'
[1.670s] Level 1:colcon.colcon_core.environment:checking '/home/unitree/navigation_ws/install/nav2_common/lib/pkgconfig/nav2_common.pc'
[1.671s] Level 1:colcon.colcon_core.environment:checking '/home/unitree/navigation_ws/install/nav2_common/lib/python3.8/site-packages'
[1.671s] Level 1:colcon.colcon_core.shell:create_environment_hook('nav2_common', 'pythonpath')
[1.672s] INFO:colcon.colcon_core.shell:Creating environment hook '/home/unitree/navigation_ws/install/nav2_common/share/nav2_common/hook/pythonpath.ps1'
[1.674s] INFO:colcon.colcon_core.shell:Creating environment descriptor '/home/unitree/navigation_ws/install/nav2_common/share/nav2_common/hook/pythonpath.dsv'
[1.675s] INFO:colcon.colcon_core.shell:Creating environment hook '/home/unitree/navigation_ws/install/nav2_common/share/nav2_common/hook/pythonpath.sh'
[1.677s] Level 1:colcon.colcon_core.environment:checking '/home/unitree/navigation_ws/install/nav2_common/bin'
[1.678s] INFO:colcon.colcon_core.shell:Creating package script '/home/unitree/navigation_ws/install/nav2_common/share/nav2_common/package.ps1'
[1.680s] INFO:colcon.colcon_core.shell:Creating package descriptor '/home/unitree/navigation_ws/install/nav2_common/share/nav2_common/package.dsv'
[1.684s] INFO:colcon.colcon_core.shell:Creating package script '/home/unitree/navigation_ws/install/nav2_common/share/nav2_common/package.sh'
[1.686s] INFO:colcon.colcon_core.shell:Creating package script '/home/unitree/navigation_ws/install/nav2_common/share/nav2_common/package.bash'
[1.688s] INFO:colcon.colcon_core.shell:Creating package script '/home/unitree/navigation_ws/install/nav2_common/share/nav2_common/package.zsh'
[1.690s] Level 1:colcon.colcon_core.environment:create_file_with_runtime_dependencies(/home/unitree/navigation_ws/install/nav2_common/share/colcon-core/packages/nav2_common)
[1.760s] DEBUG:colcon.colcon_core.event_handler.log_command:Invoking command in '/home/unitree/navigation_ws/build/cmd_vel_processor': CMAKE_PREFIX_PATH=${CMAKE_PREFIX_PATH}:/opt/ros/foxy /usr/bin/cmake --install /home/unitree/navigation_ws/build/cmd_vel_processor
[1.779s] DEBUG:colcon.colcon_core.event_handler.log_command:Invoking command in '/home/unitree/navigation_ws/build/linefit_ground_segmentation': CMAKE_PREFIX_PATH=${CMAKE_PREFIX_PATH}:/opt/ros/foxy /usr/bin/cmake --install /home/unitree/navigation_ws/build/linefit_ground_segmentation
[1.822s] Level 1:colcon.colcon_core.environment:create_environment_scripts_only(nav2_common)
[1.822s] Level 1:colcon.colcon_core.environment:checking '/home/unitree/navigation_ws/install/nav2_common' for CMake module files
[1.824s] Level 1:colcon.colcon_core.environment:checking '/home/unitree/navigation_ws/install/nav2_common' for CMake config files
[1.826s] Level 1:colcon.colcon_core.shell:create_environment_hook('nav2_common', 'cmake_prefix_path')
[1.826s] INFO:colcon.colcon_core.shell:Creating environment hook '/home/unitree/navigation_ws/install/nav2_common/share/nav2_common/hook/cmake_prefix_path.ps1'
[1.848s] INFO:colcon.colcon_core.shell:Creating environment descriptor '/home/unitree/navigation_ws/install/nav2_common/share/nav2_common/hook/cmake_prefix_path.dsv'
[1.849s] INFO:colcon.colcon_core.shell:Creating environment hook '/home/unitree/navigation_ws/install/nav2_common/share/nav2_common/hook/cmake_prefix_path.sh'
[1.852s] Level 1:colcon.colcon_core.environment:checking '/home/unitree/navigation_ws/install/nav2_common/lib'
[1.853s] Level 1:colcon.colcon_core.environment:checking '/home/unitree/navigation_ws/install/nav2_common/bin'
[1.853s] Level 1:colcon.colcon_core.environment:checking '/home/unitree/navigation_ws/install/nav2_common/lib/pkgconfig/nav2_common.pc'
[1.853s] Level 1:colcon.colcon_core.environment:checking '/home/unitree/navigation_ws/install/nav2_common/lib/python3.8/site-packages'
[1.853s] Level 1:colcon.colcon_core.shell:create_environment_hook('nav2_common', 'pythonpath')
[1.854s] INFO:colcon.colcon_core.shell:Creating environment hook '/home/unitree/navigation_ws/install/nav2_common/share/nav2_common/hook/pythonpath.ps1'
[1.855s] INFO:colcon.colcon_core.shell:Creating environment descriptor '/home/unitree/navigation_ws/install/nav2_common/share/nav2_common/hook/pythonpath.dsv'
[1.856s] INFO:colcon.colcon_core.shell:Creating environment hook '/home/unitree/navigation_ws/install/nav2_common/share/nav2_common/hook/pythonpath.sh'
[1.858s] Level 1:colcon.colcon_core.environment:checking '/home/unitree/navigation_ws/install/nav2_common/bin'
[1.858s] INFO:colcon.colcon_core.shell:Creating package script '/home/unitree/navigation_ws/install/nav2_common/share/nav2_common/package.ps1'
[1.860s] INFO:colcon.colcon_core.shell:Creating package descriptor '/home/unitree/navigation_ws/install/nav2_common/share/nav2_common/package.dsv'
[1.861s] INFO:colcon.colcon_core.shell:Creating package script '/home/unitree/navigation_ws/install/nav2_common/share/nav2_common/package.sh'
[1.862s] INFO:colcon.colcon_core.shell:Creating package script '/home/unitree/navigation_ws/install/nav2_common/share/nav2_common/package.bash'
[1.863s] INFO:colcon.colcon_core.shell:Creating package script '/home/unitree/navigation_ws/install/nav2_common/share/nav2_common/package.zsh'
[1.864s] Level 1:colcon.colcon_core.environment:create_file_with_runtime_dependencies(/home/unitree/navigation_ws/install/nav2_common/share/colcon-core/packages/nav2_common)
[1.867s] INFO:colcon.colcon_ros.task.ament_cmake.build:Building ROS package in '/home/unitree/navigation_ws/src/navigation2/nav2_msgs' with build type 'ament_cmake'
[1.868s] INFO:colcon.colcon_cmake.task.cmake.build:Building CMake package in '/home/unitree/navigation_ws/src/navigation2/nav2_msgs'
[1.869s] INFO:colcon.colcon_core.shell:Skip shell extension 'powershell' for command environment: Not usable outside of PowerShell
[1.869s] DEBUG:colcon.colcon_core.shell:Skip shell extension 'dsv' for command environment
[1.898s] Level 1:colcon.colcon_core.environment:create_environment_scripts_only(cmd_vel_processor)
[1.899s] Level 1:colcon.colcon_core.environment:checking '/home/unitree/navigation_ws/install/cmd_vel_processor' for CMake module files
[1.902s] Level 1:colcon.colcon_core.environment:checking '/home/unitree/navigation_ws/install/cmd_vel_processor' for CMake config files
[1.903s] Level 1:colcon.colcon_core.shell:create_environment_hook('cmd_vel_processor', 'cmake_prefix_path')
[1.904s] INFO:colcon.colcon_core.shell:Creating environment hook '/home/unitree/navigation_ws/install/cmd_vel_processor/share/cmd_vel_processor/hook/cmake_prefix_path.ps1'
[1.907s] DEBUG:colcon.colcon_core.event_handler.log_command:Invoked command in '/home/unitree/navigation_ws/build/cmd_vel_processor' returned '0': CMAKE_PREFIX_PATH=${CMAKE_PREFIX_PATH}:/opt/ros/foxy /usr/bin/cmake --install /home/unitree/navigation_ws/build/cmd_vel_processor
[1.907s] INFO:colcon.colcon_core.shell:Creating environment descriptor '/home/unitree/navigation_ws/install/cmd_vel_processor/share/cmd_vel_processor/hook/cmake_prefix_path.dsv'
[1.908s] INFO:colcon.colcon_core.shell:Creating environment hook '/home/unitree/navigation_ws/install/cmd_vel_processor/share/cmd_vel_processor/hook/cmake_prefix_path.sh'
[1.909s] Level 1:colcon.colcon_core.environment:checking '/home/unitree/navigation_ws/install/cmd_vel_processor/lib'
[1.910s] Level 1:colcon.colcon_core.environment:checking '/home/unitree/navigation_ws/install/cmd_vel_processor/bin'
[1.910s] Level 1:colcon.colcon_core.environment:checking '/home/unitree/navigation_ws/install/cmd_vel_processor/lib/pkgconfig/cmd_vel_processor.pc'
[1.910s] Level 1:colcon.colcon_core.environment:checking '/home/unitree/navigation_ws/install/cmd_vel_processor/lib/python3.8/site-packages'
[1.910s] Level 1:colcon.colcon_core.environment:checking '/home/unitree/navigation_ws/install/cmd_vel_processor/bin'
[1.912s] INFO:colcon.colcon_core.shell:Creating package script '/home/unitree/navigation_ws/install/cmd_vel_processor/share/cmd_vel_processor/package.ps1'
[1.913s] INFO:colcon.colcon_core.shell:Creating package descriptor '/home/unitree/navigation_ws/install/cmd_vel_processor/share/cmd_vel_processor/package.dsv'
[1.914s] INFO:colcon.colcon_core.shell:Creating package script '/home/unitree/navigation_ws/install/cmd_vel_processor/share/cmd_vel_processor/package.sh'
[1.915s] INFO:colcon.colcon_core.shell:Creating package script '/home/unitree/navigation_ws/install/cmd_vel_processor/share/cmd_vel_processor/package.bash'
[1.915s] INFO:colcon.colcon_core.shell:Creating package script '/home/unitree/navigation_ws/install/cmd_vel_processor/share/cmd_vel_processor/package.zsh'
[1.916s] Level 1:colcon.colcon_core.environment:create_file_with_runtime_dependencies(/home/unitree/navigation_ws/install/cmd_vel_processor/share/colcon-core/packages/cmd_vel_processor)
[1.932s] Level 1:colcon.colcon_core.environment:create_environment_scripts_only(linefit_ground_segmentation)
[1.933s] Level 1:colcon.colcon_core.environment:checking '/home/unitree/navigation_ws/install/linefit_ground_segmentation' for CMake module files
[1.934s] Level 1:colcon.colcon_core.environment:checking '/home/unitree/navigation_ws/install/linefit_ground_segmentation' for CMake config files
[1.937s] DEBUG:colcon.colcon_core.event_handler.log_command:Invoked command in '/home/unitree/navigation_ws/build/linefit_ground_segmentation' returned '0': CMAKE_PREFIX_PATH=${CMAKE_PREFIX_PATH}:/opt/ros/foxy /usr/bin/cmake --install /home/unitree/navigation_ws/build/linefit_ground_segmentation
[1.940s] Level 1:colcon.colcon_core.shell:create_environment_hook('linefit_ground_segmentation', 'cmake_prefix_path')
[1.941s] INFO:colcon.colcon_core.shell:Creating environment hook '/home/unitree/navigation_ws/install/linefit_ground_segmentation/share/linefit_ground_segmentation/hook/cmake_prefix_path.ps1'
[1.942s] INFO:colcon.colcon_core.shell:Creating environment descriptor '/home/unitree/navigation_ws/install/linefit_ground_segmentation/share/linefit_ground_segmentation/hook/cmake_prefix_path.dsv'
[1.943s] INFO:colcon.colcon_core.shell:Creating environment hook '/home/unitree/navigation_ws/install/linefit_ground_segmentation/share/linefit_ground_segmentation/hook/cmake_prefix_path.sh'
[1.944s] Level 1:colcon.colcon_core.environment:checking '/home/unitree/navigation_ws/install/linefit_ground_segmentation/lib'
[1.944s] Level 1:colcon.colcon_core.shell:create_environment_hook('linefit_ground_segmentation', 'ld_library_path_lib')
[1.945s] INFO:colcon.colcon_core.shell:Creating environment hook '/home/unitree/navigation_ws/install/linefit_ground_segmentation/share/linefit_ground_segmentation/hook/ld_library_path_lib.ps1'
[1.946s] INFO:colcon.colcon_core.shell:Creating environment descriptor '/home/unitree/navigation_ws/install/linefit_ground_segmentation/share/linefit_ground_segmentation/hook/ld_library_path_lib.dsv'
[1.946s] INFO:colcon.colcon_core.shell:Creating environment hook '/home/unitree/navigation_ws/install/linefit_ground_segmentation/share/linefit_ground_segmentation/hook/ld_library_path_lib.sh'
[1.947s] Level 1:colcon.colcon_core.environment:checking '/home/unitree/navigation_ws/install/linefit_ground_segmentation/bin'
[1.949s] Level 1:colcon.colcon_core.environment:checking '/home/unitree/navigation_ws/install/linefit_ground_segmentation/lib/pkgconfig/linefit_ground_segmentation.pc'
[1.950s] Level 1:colcon.colcon_core.environment:checking '/home/unitree/navigation_ws/install/linefit_ground_segmentation/lib/python3.8/site-packages'
[1.950s] Level 1:colcon.colcon_core.environment:checking '/home/unitree/navigation_ws/install/linefit_ground_segmentation/bin'
[1.951s] INFO:colcon.colcon_core.shell:Creating package script '/home/unitree/navigation_ws/install/linefit_ground_segmentation/share/linefit_ground_segmentation/package.ps1'
[1.955s] INFO:colcon.colcon_core.shell:Creating package descriptor '/home/unitree/navigation_ws/install/linefit_ground_segmentation/share/linefit_ground_segmentation/package.dsv'
[1.956s] INFO:colcon.colcon_core.shell:Creating package script '/home/unitree/navigation_ws/install/linefit_ground_segmentation/share/linefit_ground_segmentation/package.sh'
[1.957s] INFO:colcon.colcon_core.shell:Creating package script '/home/unitree/navigation_ws/install/linefit_ground_segmentation/share/linefit_ground_segmentation/package.bash'
[1.958s] INFO:colcon.colcon_core.shell:Creating package script '/home/unitree/navigation_ws/install/linefit_ground_segmentation/share/linefit_ground_segmentation/package.zsh'
[1.958s] Level 1:colcon.colcon_core.environment:create_file_with_runtime_dependencies(/home/unitree/navigation_ws/install/linefit_ground_segmentation/share/colcon-core/packages/linefit_ground_segmentation)
[1.991s] DEBUG:colcon.colcon_core.event_handler.log_command:Invoking command in '/home/unitree/navigation_ws/build/pointcloud_to_laserscan': CMAKE_PREFIX_PATH=${CMAKE_PREFIX_PATH}:/opt/ros/foxy /usr/bin/cmake --install /home/unitree/navigation_ws/build/pointcloud_to_laserscan
[2.026s] DEBUG:colcon.colcon_core.event_handler.log_command:Invoking command in '/home/unitree/navigation_ws/build/nav2_msgs': CMAKE_PREFIX_PATH=/home/unitree/navigation_ws/install/nav2_common:/home/unitree/navigation_ws/install/nav2_bringup:/home/unitree/navigation_ws/install/navigation2:/home/unitree/navigation_ws/install/smac_planner:/home/unitree/navigation_ws/install/rm_autonomy:/home/unitree/navigation_ws/install/rm_autonomy_interfaces:/home/unitree/navigation_ws/install/bringup:/home/unitree/navigation_ws/install/pointcloud_to_laserscan:/home/unitree/navigation_ws/install/nav2_dwb_controller:/home/unitree/navigation_ws/install/nav2_controller:/home/unitree/navigation_ws/install/dwb_plugins:/home/unitree/navigation_ws/install/dwb_critics:/home/unitree/navigation_ws/install/dwb_core:/home/unitree/navigation_ws/install/nav_2d_utils:/home/unitree/navigation_ws/install/dwb_msgs:/home/unitree/navigation_ws/install/nav_2d_msgs:/home/unitree/navigation_ws/install/nav2_waypoint_follower:/home/unitree/navigation_ws/install/nav2_regulated_pure_pursuit_controller:/home/unitree/navigation_ws/install/nav2_recoveries:/home/unitree/navigation_ws/install/nav2_planner:/home/unitree/navigation_ws/install/nav2_navfn_planner:/home/unitree/navigation_ws/install/nav2_core:/home/unitree/navigation_ws/install/costmap_queue:/home/unitree/navigation_ws/install/nav2_costmap_2d:/home/unitree/navigation_ws/install/nav2_voxel_grid:/home/unitree/navigation_ws/install/nav2_map_server:/home/unitree/navigation_ws/install/nav2_lifecycle_manager:/home/unitree/navigation_ws/install/nav2_bt_navigator:/home/unitree/navigation_ws/install/nav2_behavior_tree:/home/unitree/navigation_ws/install/nav2_amcl:/home/unitree/navigation_ws/install/nav2_util:/home/unitree/navigation_ws/install/nav2_msgs:/home/unitree/navigation_ws/install/loam_interface:/home/unitree/navigation_ws/install/fast_lio:/home/unitree/navigation_ws/install/livox_ros_driver2:/home/unitree/navigation_ws/install/linefit_ground_segmentation_ros:/home/unitree/navigation_ws/install/linefit_ground_segmentation:/home/unitree/navigation_ws/install/cmd_vel_processor:/home/unitree/navigation_ws/install/behaviortree_cpp:/home/unitree/cyclonedds_ws/install/rmw_cyclonedds_cpp:/home/unitree/cyclonedds_ws/install/cyclonedds:/opt/ros/foxy PYTHONPATH=/home/unitree/navigation_ws/install/nav2_common/lib/python3.8/site-packages:/home/unitree/navigation_ws/install/rm_autonomy_interfaces/lib/python3.8/site-packages:/home/unitree/navigation_ws/install/dwb_msgs/lib/python3.8/site-packages:/home/unitree/navigation_ws/install/nav_2d_msgs/lib/python3.8/site-packages:/home/unitree/navigation_ws/install/nav2_msgs/lib/python3.8/site-packages:/home/unitree/navigation_ws/install/fast_lio/lib/python3.8/site-packages:/home/unitree/navigation_ws/install/livox_ros_driver2/lib/python3.8/site-packages:/opt/ros/foxy/lib/python3.8/site-packages /usr/bin/cmake --build /home/unitree/navigation_ws/build/nav2_msgs -- -j8 -l8
[2.083s] Level 1:colcon.colcon_core.environment:create_environment_scripts_only(pointcloud_to_laserscan)
[2.085s] Level 1:colcon.colcon_core.environment:checking '/home/unitree/navigation_ws/install/pointcloud_to_laserscan' for CMake module files
[2.085s] Level 1:colcon.colcon_core.environment:checking '/home/unitree/navigation_ws/install/pointcloud_to_laserscan' for CMake config files
[2.086s] Level 1:colcon.colcon_core.shell:create_environment_hook('pointcloud_to_laserscan', 'cmake_prefix_path')
[2.087s] INFO:colcon.colcon_core.shell:Creating environment hook '/home/unitree/navigation_ws/install/pointcloud_to_laserscan/share/pointcloud_to_laserscan/hook/cmake_prefix_path.ps1'
[2.088s] INFO:colcon.colcon_core.shell:Creating environment descriptor '/home/unitree/navigation_ws/install/pointcloud_to_laserscan/share/pointcloud_to_laserscan/hook/cmake_prefix_path.dsv'
[2.089s] INFO:colcon.colcon_core.shell:Creating environment hook '/home/unitree/navigation_ws/install/pointcloud_to_laserscan/share/pointcloud_to_laserscan/hook/cmake_prefix_path.sh'
[2.090s] Level 1:colcon.colcon_core.environment:checking '/home/unitree/navigation_ws/install/pointcloud_to_laserscan/lib'
[2.090s] Level 1:colcon.colcon_core.shell:create_environment_hook('pointcloud_to_laserscan', 'ld_library_path_lib')
[2.090s] INFO:colcon.colcon_core.shell:Creating environment hook '/home/unitree/navigation_ws/install/pointcloud_to_laserscan/share/pointcloud_to_laserscan/hook/ld_library_path_lib.ps1'
[2.091s] INFO:colcon.colcon_core.shell:Creating environment descriptor '/home/unitree/navigation_ws/install/pointcloud_to_laserscan/share/pointcloud_to_laserscan/hook/ld_library_path_lib.dsv'
[2.092s] INFO:colcon.colcon_core.shell:Creating environment hook '/home/unitree/navigation_ws/install/pointcloud_to_laserscan/share/pointcloud_to_laserscan/hook/ld_library_path_lib.sh'
[2.092s] Level 1:colcon.colcon_core.environment:checking '/home/unitree/navigation_ws/install/pointcloud_to_laserscan/bin'
[2.093s] DEBUG:colcon.colcon_core.event_handler.log_command:Invoked command in '/home/unitree/navigation_ws/build/pointcloud_to_laserscan' returned '0': CMAKE_PREFIX_PATH=${CMAKE_PREFIX_PATH}:/opt/ros/foxy /usr/bin/cmake --install /home/unitree/navigation_ws/build/pointcloud_to_laserscan
[2.093s] Level 1:colcon.colcon_core.environment:checking '/home/unitree/navigation_ws/install/pointcloud_to_laserscan/lib/pkgconfig/pointcloud_to_laserscan.pc'
[2.094s] Level 1:colcon.colcon_core.environment:checking '/home/unitree/navigation_ws/install/pointcloud_to_laserscan/lib/python3.8/site-packages'
[2.094s] Level 1:colcon.colcon_core.environment:checking '/home/unitree/navigation_ws/install/pointcloud_to_laserscan/bin'
[2.095s] INFO:colcon.colcon_core.shell:Creating package script '/home/unitree/navigation_ws/install/pointcloud_to_laserscan/share/pointcloud_to_laserscan/package.ps1'
[2.096s] INFO:colcon.colcon_core.shell:Creating package descriptor '/home/unitree/navigation_ws/install/pointcloud_to_laserscan/share/pointcloud_to_laserscan/package.dsv'
[2.097s] INFO:colcon.colcon_core.shell:Creating package script '/home/unitree/navigation_ws/install/pointcloud_to_laserscan/share/pointcloud_to_laserscan/package.sh'
[2.098s] INFO:colcon.colcon_core.shell:Creating package script '/home/unitree/navigation_ws/install/pointcloud_to_laserscan/share/pointcloud_to_laserscan/package.bash'
[2.099s] INFO:colcon.colcon_core.shell:Creating package script '/home/unitree/navigation_ws/install/pointcloud_to_laserscan/share/pointcloud_to_laserscan/package.zsh'
[2.099s] Level 1:colcon.colcon_core.environment:create_file_with_runtime_dependencies(/home/unitree/navigation_ws/install/pointcloud_to_laserscan/share/colcon-core/packages/pointcloud_to_laserscan)
[2.156s] Level 1:colcon.colcon_core.environment:create_environment_scripts_only(cmd_vel_processor)
[2.157s] Level 1:colcon.colcon_core.environment:checking '/home/unitree/navigation_ws/install/cmd_vel_processor' for CMake module files
[2.158s] Level 1:colcon.colcon_core.environment:checking '/home/unitree/navigation_ws/install/cmd_vel_processor' for CMake config files
[2.160s] Level 1:colcon.colcon_core.shell:create_environment_hook('cmd_vel_processor', 'cmake_prefix_path')
[2.161s] INFO:colcon.colcon_core.shell:Creating environment hook '/home/unitree/navigation_ws/install/cmd_vel_processor/share/cmd_vel_processor/hook/cmake_prefix_path.ps1'
[2.162s] INFO:colcon.colcon_core.shell:Creating environment descriptor '/home/unitree/navigation_ws/install/cmd_vel_processor/share/cmd_vel_processor/hook/cmake_prefix_path.dsv'
[2.163s] INFO:colcon.colcon_core.shell:Creating environment hook '/home/unitree/navigation_ws/install/cmd_vel_processor/share/cmd_vel_processor/hook/cmake_prefix_path.sh'
[2.166s] Level 1:colcon.colcon_core.environment:checking '/home/unitree/navigation_ws/install/cmd_vel_processor/lib'
[2.166s] Level 1:colcon.colcon_core.environment:checking '/home/unitree/navigation_ws/install/cmd_vel_processor/bin'
[2.167s] Level 1:colcon.colcon_core.environment:checking '/home/unitree/navigation_ws/install/cmd_vel_processor/lib/pkgconfig/cmd_vel_processor.pc'
[2.167s] Level 1:colcon.colcon_core.environment:checking '/home/unitree/navigation_ws/install/cmd_vel_processor/lib/python3.8/site-packages'
[2.168s] Level 1:colcon.colcon_core.environment:checking '/home/unitree/navigation_ws/install/cmd_vel_processor/bin'
[2.168s] INFO:colcon.colcon_core.shell:Creating package script '/home/unitree/navigation_ws/install/cmd_vel_processor/share/cmd_vel_processor/package.ps1'
[2.170s] INFO:colcon.colcon_core.shell:Creating package descriptor '/home/unitree/navigation_ws/install/cmd_vel_processor/share/cmd_vel_processor/package.dsv'
[2.179s] INFO:colcon.colcon_core.shell:Creating package script '/home/unitree/navigation_ws/install/cmd_vel_processor/share/cmd_vel_processor/package.sh'
[2.181s] INFO:colcon.colcon_core.shell:Creating package script '/home/unitree/navigation_ws/install/cmd_vel_processor/share/cmd_vel_processor/package.bash'
[2.182s] INFO:colcon.colcon_core.shell:Creating package script '/home/unitree/navigation_ws/install/cmd_vel_processor/share/cmd_vel_processor/package.zsh'
[2.183s] Level 1:colcon.colcon_core.environment:create_file_with_runtime_dependencies(/home/unitree/navigation_ws/install/cmd_vel_processor/share/colcon-core/packages/cmd_vel_processor)
[2.199s] INFO:colcon.colcon_ros.task.ament_cmake.build:Building ROS package in '/home/unitree/navigation_ws/src/navigation2/nav2_voxel_grid' with build type 'ament_cmake'
[2.201s] INFO:colcon.colcon_cmake.task.cmake.build:Building CMake package in '/home/unitree/navigation_ws/src/navigation2/nav2_voxel_grid'
[2.202s] INFO:colcon.colcon_core.shell:Skip shell extension 'powershell' for command environment: Not usable outside of PowerShell
[2.202s] DEBUG:colcon.colcon_core.shell:Skip shell extension 'dsv' for command environment
[2.289s] DEBUG:colcon.colcon_core.event_handler.log_command:Invoking command in '/home/unitree/navigation_ws/build/nav2_voxel_grid': CMAKE_PREFIX_PATH=/home/unitree/navigation_ws/install/nav2_common:/home/unitree/navigation_ws/install/nav2_bringup:/home/unitree/navigation_ws/install/navigation2:/home/unitree/navigation_ws/install/smac_planner:/home/unitree/navigation_ws/install/rm_autonomy:/home/unitree/navigation_ws/install/rm_autonomy_interfaces:/home/unitree/navigation_ws/install/bringup:/home/unitree/navigation_ws/install/pointcloud_to_laserscan:/home/unitree/navigation_ws/install/nav2_dwb_controller:/home/unitree/navigation_ws/install/nav2_controller:/home/unitree/navigation_ws/install/dwb_plugins:/home/unitree/navigation_ws/install/dwb_critics:/home/unitree/navigation_ws/install/dwb_core:/home/unitree/navigation_ws/install/nav_2d_utils:/home/unitree/navigation_ws/install/dwb_msgs:/home/unitree/navigation_ws/install/nav_2d_msgs:/home/unitree/navigation_ws/install/nav2_waypoint_follower:/home/unitree/navigation_ws/install/nav2_regulated_pure_pursuit_controller:/home/unitree/navigation_ws/install/nav2_recoveries:/home/unitree/navigation_ws/install/nav2_planner:/home/unitree/navigation_ws/install/nav2_navfn_planner:/home/unitree/navigation_ws/install/nav2_core:/home/unitree/navigation_ws/install/costmap_queue:/home/unitree/navigation_ws/install/nav2_costmap_2d:/home/unitree/navigation_ws/install/nav2_voxel_grid:/home/unitree/navigation_ws/install/nav2_map_server:/home/unitree/navigation_ws/install/nav2_lifecycle_manager:/home/unitree/navigation_ws/install/nav2_bt_navigator:/home/unitree/navigation_ws/install/nav2_behavior_tree:/home/unitree/navigation_ws/install/nav2_amcl:/home/unitree/navigation_ws/install/nav2_util:/home/unitree/navigation_ws/install/nav2_msgs:/home/unitree/navigation_ws/install/loam_interface:/home/unitree/navigation_ws/install/fast_lio:/home/unitree/navigation_ws/install/livox_ros_driver2:/home/unitree/navigation_ws/install/linefit_ground_segmentation_ros:/home/unitree/navigation_ws/install/linefit_ground_segmentation:/home/unitree/navigation_ws/install/cmd_vel_processor:/home/unitree/navigation_ws/install/behaviortree_cpp:/home/unitree/cyclonedds_ws/install/rmw_cyclonedds_cpp:/home/unitree/cyclonedds_ws/install/cyclonedds:/opt/ros/foxy PYTHONPATH=/home/unitree/navigation_ws/install/nav2_common/lib/python3.8/site-packages:/home/unitree/navigation_ws/install/rm_autonomy_interfaces/lib/python3.8/site-packages:/home/unitree/navigation_ws/install/dwb_msgs/lib/python3.8/site-packages:/home/unitree/navigation_ws/install/nav_2d_msgs/lib/python3.8/site-packages:/home/unitree/navigation_ws/install/nav2_msgs/lib/python3.8/site-packages:/home/unitree/navigation_ws/install/fast_lio/lib/python3.8/site-packages:/home/unitree/navigation_ws/install/livox_ros_driver2/lib/python3.8/site-packages:/opt/ros/foxy/lib/python3.8/site-packages /usr/bin/cmake --build /home/unitree/navigation_ws/build/nav2_voxel_grid -- -j8 -l8
[2.354s] DEBUG:colcon.colcon_core.event_handler.log_command:Invoked command in '/home/unitree/navigation_ws/build/nav_2d_msgs' returned '0': CMAKE_PREFIX_PATH=${CMAKE_PREFIX_PATH}:/opt/ros/foxy /usr/bin/cmake --build /home/unitree/navigation_ws/build/nav_2d_msgs -- -j8 -l8
[2.379s] Level 1:colcon.colcon_core.environment:create_environment_scripts_only(linefit_ground_segmentation)
[2.379s] Level 1:colcon.colcon_core.environment:checking '/home/unitree/navigation_ws/install/linefit_ground_segmentation' for CMake module files
[2.380s] Level 1:colcon.colcon_core.environment:checking '/home/unitree/navigation_ws/install/linefit_ground_segmentation' for CMake config files
[2.381s] Level 1:colcon.colcon_core.shell:create_environment_hook('linefit_ground_segmentation', 'cmake_prefix_path')
[2.381s] INFO:colcon.colcon_core.shell:Creating environment hook '/home/unitree/navigation_ws/install/linefit_ground_segmentation/share/linefit_ground_segmentation/hook/cmake_prefix_path.ps1'
[2.383s] INFO:colcon.colcon_core.shell:Creating environment descriptor '/home/unitree/navigation_ws/install/linefit_ground_segmentation/share/linefit_ground_segmentation/hook/cmake_prefix_path.dsv'
[2.383s] INFO:colcon.colcon_core.shell:Creating environment hook '/home/unitree/navigation_ws/install/linefit_ground_segmentation/share/linefit_ground_segmentation/hook/cmake_prefix_path.sh'
[2.386s] Level 1:colcon.colcon_core.environment:checking '/home/unitree/navigation_ws/install/linefit_ground_segmentation/lib'
[2.386s] Level 1:colcon.colcon_core.shell:create_environment_hook('linefit_ground_segmentation', 'ld_library_path_lib')
[2.387s] INFO:colcon.colcon_core.shell:Creating environment hook '/home/unitree/navigation_ws/install/linefit_ground_segmentation/share/linefit_ground_segmentation/hook/ld_library_path_lib.ps1'
[2.389s] INFO:colcon.colcon_core.shell:Creating environment descriptor '/home/unitree/navigation_ws/install/linefit_ground_segmentation/share/linefit_ground_segmentation/hook/ld_library_path_lib.dsv'
[2.389s] INFO:colcon.colcon_core.shell:Creating environment hook '/home/unitree/navigation_ws/install/linefit_ground_segmentation/share/linefit_ground_segmentation/hook/ld_library_path_lib.sh'
[2.390s] Level 1:colcon.colcon_core.environment:checking '/home/unitree/navigation_ws/install/linefit_ground_segmentation/bin'
[2.390s] Level 1:colcon.colcon_core.environment:checking '/home/unitree/navigation_ws/install/linefit_ground_segmentation/lib/pkgconfig/linefit_ground_segmentation.pc'
[2.391s] Level 1:colcon.colcon_core.environment:checking '/home/unitree/navigation_ws/install/linefit_ground_segmentation/lib/python3.8/site-packages'
[2.391s] Level 1:colcon.colcon_core.environment:checking '/home/unitree/navigation_ws/install/linefit_ground_segmentation/bin'
[2.392s] INFO:colcon.colcon_core.shell:Creating package script '/home/unitree/navigation_ws/install/linefit_ground_segmentation/share/linefit_ground_segmentation/package.ps1'
[2.393s] INFO:colcon.colcon_core.shell:Creating package descriptor '/home/unitree/navigation_ws/install/linefit_ground_segmentation/share/linefit_ground_segmentation/package.dsv'
[2.394s] INFO:colcon.colcon_core.shell:Creating package script '/home/unitree/navigation_ws/install/linefit_ground_segmentation/share/linefit_ground_segmentation/package.sh'
[2.394s] INFO:colcon.colcon_core.shell:Creating package script '/home/unitree/navigation_ws/install/linefit_ground_segmentation/share/linefit_ground_segmentation/package.bash'
[2.395s] INFO:colcon.colcon_core.shell:Creating package script '/home/unitree/navigation_ws/install/linefit_ground_segmentation/share/linefit_ground_segmentation/package.zsh'
[2.396s] Level 1:colcon.colcon_core.environment:create_file_with_runtime_dependencies(/home/unitree/navigation_ws/install/linefit_ground_segmentation/share/colcon-core/packages/linefit_ground_segmentation)
[2.398s] INFO:colcon.colcon_ros.task.ament_cmake.build:Building ROS package in '/home/unitree/navigation_ws/src/reconstruction/linefit_ground_segmentation_ros2/linefit_ground_segmentation_ros' with build type 'ament_cmake'
[2.403s] INFO:colcon.colcon_cmake.task.cmake.build:Building CMake package in '/home/unitree/navigation_ws/src/reconstruction/linefit_ground_segmentation_ros2/linefit_ground_segmentation_ros'
[2.404s] INFO:colcon.colcon_core.shell:Skip shell extension 'powershell' for command environment: Not usable outside of PowerShell
[2.404s] DEBUG:colcon.colcon_core.shell:Skip shell extension 'dsv' for command environment
[2.452s] DEBUG:colcon.colcon_core.event_handler.log_command:Invoked command in '/home/unitree/navigation_ws/build/rm_autonomy_interfaces' returned '0': CMAKE_PREFIX_PATH=${CMAKE_PREFIX_PATH}:/opt/ros/foxy /usr/bin/cmake --build /home/unitree/navigation_ws/build/rm_autonomy_interfaces -- -j8 -l8
[2.465s] DEBUG:colcon.colcon_core.event_handler.log_command:Invoked command in '/home/unitree/navigation_ws/build/behaviortree_cpp' returned '0': CMAKE_PREFIX_PATH=${CMAKE_PREFIX_PATH}:/opt/ros/foxy /usr/bin/cmake --build /home/unitree/navigation_ws/build/behaviortree_cpp -- -j8 -l8
[2.498s] DEBUG:colcon.colcon_core.event_handler.log_command:Invoking command in '/home/unitree/navigation_ws/build/linefit_ground_segmentation_ros': CMAKE_PREFIX_PATH=/home/unitree/navigation_ws/install/linefit_ground_segmentation:/home/unitree/navigation_ws/install/nav2_bringup:/home/unitree/navigation_ws/install/navigation2:/home/unitree/navigation_ws/install/smac_planner:/home/unitree/navigation_ws/install/rm_autonomy:/home/unitree/navigation_ws/install/rm_autonomy_interfaces:/home/unitree/navigation_ws/install/bringup:/home/unitree/navigation_ws/install/pointcloud_to_laserscan:/home/unitree/navigation_ws/install/nav2_dwb_controller:/home/unitree/navigation_ws/install/nav2_controller:/home/unitree/navigation_ws/install/dwb_plugins:/home/unitree/navigation_ws/install/dwb_critics:/home/unitree/navigation_ws/install/dwb_core:/home/unitree/navigation_ws/install/nav_2d_utils:/home/unitree/navigation_ws/install/dwb_msgs:/home/unitree/navigation_ws/install/nav_2d_msgs:/home/unitree/navigation_ws/install/nav2_waypoint_follower:/home/unitree/navigation_ws/install/nav2_regulated_pure_pursuit_controller:/home/unitree/navigation_ws/install/nav2_recoveries:/home/unitree/navigation_ws/install/nav2_planner:/home/unitree/navigation_ws/install/nav2_navfn_planner:/home/unitree/navigation_ws/install/nav2_core:/home/unitree/navigation_ws/install/costmap_queue:/home/unitree/navigation_ws/install/nav2_costmap_2d:/home/unitree/navigation_ws/install/nav2_voxel_grid:/home/unitree/navigation_ws/install/nav2_map_server:/home/unitree/navigation_ws/install/nav2_lifecycle_manager:/home/unitree/navigation_ws/install/nav2_bt_navigator:/home/unitree/navigation_ws/install/nav2_behavior_tree:/home/unitree/navigation_ws/install/nav2_amcl:/home/unitree/navigation_ws/install/nav2_util:/home/unitree/navigation_ws/install/nav2_msgs:/home/unitree/navigation_ws/install/nav2_common:/home/unitree/navigation_ws/install/loam_interface:/home/unitree/navigation_ws/install/fast_lio:/home/unitree/navigation_ws/install/livox_ros_driver2:/home/unitree/navigation_ws/install/linefit_ground_segmentation_ros:/home/unitree/navigation_ws/install/cmd_vel_processor:/home/unitree/navigation_ws/install/behaviortree_cpp:/home/unitree/cyclonedds_ws/install/rmw_cyclonedds_cpp:/home/unitree/cyclonedds_ws/install/cyclonedds:/opt/ros/foxy LD_LIBRARY_PATH=/home/unitree/navigation_ws/install/linefit_ground_segmentation/lib:/home/unitree/navigation_ws/install/smac_planner/lib:/home/unitree/navigation_ws/install/rm_autonomy/lib:/home/unitree/navigation_ws/install/rm_autonomy_interfaces/lib:/home/unitree/navigation_ws/install/pointcloud_to_laserscan/lib:/home/unitree/navigation_ws/install/nav2_controller/lib:/home/unitree/navigation_ws/install/dwb_plugins/lib:/home/unitree/navigation_ws/install/dwb_critics/lib:/home/unitree/navigation_ws/install/dwb_core/lib:/home/unitree/navigation_ws/install/nav_2d_utils/lib:/home/unitree/navigation_ws/install/dwb_msgs/lib:/home/unitree/navigation_ws/install/nav_2d_msgs/lib:/home/unitree/navigation_ws/install/nav2_waypoint_follower/lib:/home/unitree/navigation_ws/install/nav2_regulated_pure_pursuit_controller/lib:/home/unitree/navigation_ws/install/nav2_recoveries/lib:/home/unitree/navigation_ws/install/nav2_planner/lib:/home/unitree/navigation_ws/install/nav2_navfn_planner/lib:/home/unitree/navigation_ws/install/costmap_queue/lib:/home/unitree/navigation_ws/install/nav2_costmap_2d/lib:/home/unitree/navigation_ws/install/nav2_voxel_grid/lib:/home/unitree/navigation_ws/install/nav2_map_server/lib:/home/unitree/navigation_ws/install/nav2_lifecycle_manager/lib:/home/unitree/navigation_ws/install/nav2_bt_navigator/lib:/home/unitree/navigation_ws/install/nav2_behavior_tree/lib:/home/unitree/navigation_ws/install/nav2_amcl/lib:/home/unitree/navigation_ws/install/nav2_util/lib:/home/unitree/navigation_ws/install/nav2_msgs/lib:/home/unitree/navigation_ws/install/loam_interface/lib:/home/unitree/navigation_ws/install/fast_lio/lib:/home/unitree/navigation_ws/install/livox_ros_driver2/lib:/home/unitree/navigation_ws/install/behaviortree_cpp/lib:/usr/local/cuda-11.4/lib64:/usr/local/lib:/home/unitree/cyclonedds_ws/install/rmw_cyclonedds_cpp/lib:/home/unitree/cyclonedds_ws/install/cyclonedds/lib:/opt/ros/foxy/opt/yaml_cpp_vendor/lib:/opt/ros/foxy/opt/rviz_ogre_vendor/lib:/opt/ros/foxy/lib/aarch64-linux-gnu:/opt/ros/foxy/lib:/usr/local/cuda-11.4/lib64 /usr/bin/cmake --build /home/unitree/navigation_ws/build/linefit_ground_segmentation_ros -- -j8 -l8
[2.514s] Level 1:colcon.colcon_core.environment:create_environment_scripts_only(pointcloud_to_laserscan)
[2.514s] Level 1:colcon.colcon_core.environment:checking '/home/unitree/navigation_ws/install/pointcloud_to_laserscan' for CMake module files
[2.515s] Level 1:colcon.colcon_core.environment:checking '/home/unitree/navigation_ws/install/pointcloud_to_laserscan' for CMake config files
[2.516s] Level 1:colcon.colcon_core.shell:create_environment_hook('pointcloud_to_laserscan', 'cmake_prefix_path')
[2.517s] INFO:colcon.colcon_core.shell:Creating environment hook '/home/unitree/navigation_ws/install/pointcloud_to_laserscan/share/pointcloud_to_laserscan/hook/cmake_prefix_path.ps1'
[2.519s] INFO:colcon.colcon_core.shell:Creating environment descriptor '/home/unitree/navigation_ws/install/pointcloud_to_laserscan/share/pointcloud_to_laserscan/hook/cmake_prefix_path.dsv'
[2.519s] INFO:colcon.colcon_core.shell:Creating environment hook '/home/unitree/navigation_ws/install/pointcloud_to_laserscan/share/pointcloud_to_laserscan/hook/cmake_prefix_path.sh'
[2.521s] Level 1:colcon.colcon_core.environment:checking '/home/unitree/navigation_ws/install/pointcloud_to_laserscan/lib'
[2.521s] Level 1:colcon.colcon_core.shell:create_environment_hook('pointcloud_to_laserscan', 'ld_library_path_lib')
[2.521s] INFO:colcon.colcon_core.shell:Creating environment hook '/home/unitree/navigation_ws/install/pointcloud_to_laserscan/share/pointcloud_to_laserscan/hook/ld_library_path_lib.ps1'
[2.524s] INFO:colcon.colcon_core.shell:Creating environment descriptor '/home/unitree/navigation_ws/install/pointcloud_to_laserscan/share/pointcloud_to_laserscan/hook/ld_library_path_lib.dsv'
[2.525s] INFO:colcon.colcon_core.shell:Creating environment hook '/home/unitree/navigation_ws/install/pointcloud_to_laserscan/share/pointcloud_to_laserscan/hook/ld_library_path_lib.sh'
[2.525s] Level 1:colcon.colcon_core.environment:checking '/home/unitree/navigation_ws/install/pointcloud_to_laserscan/bin'
[2.525s] Level 1:colcon.colcon_core.environment:checking '/home/unitree/navigation_ws/install/pointcloud_to_laserscan/lib/pkgconfig/pointcloud_to_laserscan.pc'
[2.526s] Level 1:colcon.colcon_core.environment:checking '/home/unitree/navigation_ws/install/pointcloud_to_laserscan/lib/python3.8/site-packages'
[2.526s] Level 1:colcon.colcon_core.environment:checking '/home/unitree/navigation_ws/install/pointcloud_to_laserscan/bin'
[2.527s] INFO:colcon.colcon_core.shell:Creating package script '/home/unitree/navigation_ws/install/pointcloud_to_laserscan/share/pointcloud_to_laserscan/package.ps1'
[2.529s] INFO:colcon.colcon_core.shell:Creating package descriptor '/home/unitree/navigation_ws/install/pointcloud_to_laserscan/share/pointcloud_to_laserscan/package.dsv'
[2.530s] INFO:colcon.colcon_core.shell:Creating package script '/home/unitree/navigation_ws/install/pointcloud_to_laserscan/share/pointcloud_to_laserscan/package.sh'
[2.531s] INFO:colcon.colcon_core.shell:Creating package script '/home/unitree/navigation_ws/install/pointcloud_to_laserscan/share/pointcloud_to_laserscan/package.bash'
[2.533s] INFO:colcon.colcon_core.shell:Creating package script '/home/unitree/navigation_ws/install/pointcloud_to_laserscan/share/pointcloud_to_laserscan/package.zsh'
[2.534s] Level 1:colcon.colcon_core.environment:create_file_with_runtime_dependencies(/home/unitree/navigation_ws/install/pointcloud_to_laserscan/share/colcon-core/packages/pointcloud_to_laserscan)
[2.538s] INFO:colcon.colcon_ros.task.ament_cmake.build:Building ROS package in '/home/unitree/navigation_ws/src/bringup' with build type 'ament_cmake'
[2.539s] INFO:colcon.colcon_cmake.task.cmake.build:Building CMake package in '/home/unitree/navigation_ws/src/bringup'
[2.540s] INFO:colcon.colcon_core.shell:Skip shell extension 'powershell' for command environment: Not usable outside of PowerShell
[2.540s] DEBUG:colcon.colcon_core.shell:Skip shell extension 'dsv' for command environment
[2.570s] DEBUG:colcon.colcon_core.event_handler.log_command:Invoked command in '/home/unitree/navigation_ws/build/livox_ros_driver2' returned '0': CMAKE_PREFIX_PATH=${CMAKE_PREFIX_PATH}:/opt/ros/foxy /usr/bin/cmake --build /home/unitree/navigation_ws/build/livox_ros_driver2 -- -j8 -l8
[2.588s] DEBUG:colcon.colcon_core.event_handler.log_command:Invoking command in '/home/unitree/navigation_ws/build/bringup': CMAKE_PREFIX_PATH=/home/unitree/navigation_ws/install/pointcloud_to_laserscan:/home/unitree/navigation_ws/install/nav2_bringup:/home/unitree/navigation_ws/install/navigation2:/home/unitree/navigation_ws/install/smac_planner:/home/unitree/navigation_ws/install/rm_autonomy:/home/unitree/navigation_ws/install/rm_autonomy_interfaces:/home/unitree/navigation_ws/install/bringup:/home/unitree/navigation_ws/install/nav2_dwb_controller:/home/unitree/navigation_ws/install/nav2_controller:/home/unitree/navigation_ws/install/dwb_plugins:/home/unitree/navigation_ws/install/dwb_critics:/home/unitree/navigation_ws/install/dwb_core:/home/unitree/navigation_ws/install/nav_2d_utils:/home/unitree/navigation_ws/install/dwb_msgs:/home/unitree/navigation_ws/install/nav_2d_msgs:/home/unitree/navigation_ws/install/nav2_waypoint_follower:/home/unitree/navigation_ws/install/nav2_regulated_pure_pursuit_controller:/home/unitree/navigation_ws/install/nav2_recoveries:/home/unitree/navigation_ws/install/nav2_planner:/home/unitree/navigation_ws/install/nav2_navfn_planner:/home/unitree/navigation_ws/install/nav2_core:/home/unitree/navigation_ws/install/costmap_queue:/home/unitree/navigation_ws/install/nav2_costmap_2d:/home/unitree/navigation_ws/install/nav2_voxel_grid:/home/unitree/navigation_ws/install/nav2_map_server:/home/unitree/navigation_ws/install/nav2_lifecycle_manager:/home/unitree/navigation_ws/install/nav2_bt_navigator:/home/unitree/navigation_ws/install/nav2_behavior_tree:/home/unitree/navigation_ws/install/nav2_amcl:/home/unitree/navigation_ws/install/nav2_util:/home/unitree/navigation_ws/install/nav2_msgs:/home/unitree/navigation_ws/install/nav2_common:/home/unitree/navigation_ws/install/loam_interface:/home/unitree/navigation_ws/install/fast_lio:/home/unitree/navigation_ws/install/livox_ros_driver2:/home/unitree/navigation_ws/install/linefit_ground_segmentation_ros:/home/unitree/navigation_ws/install/linefit_ground_segmentation:/home/unitree/navigation_ws/install/cmd_vel_processor:/home/unitree/navigation_ws/install/behaviortree_cpp:/home/unitree/cyclonedds_ws/install/rmw_cyclonedds_cpp:/home/unitree/cyclonedds_ws/install/cyclonedds:/opt/ros/foxy LD_LIBRARY_PATH=/home/unitree/navigation_ws/install/pointcloud_to_laserscan/lib:/home/unitree/navigation_ws/install/smac_planner/lib:/home/unitree/navigation_ws/install/rm_autonomy/lib:/home/unitree/navigation_ws/install/rm_autonomy_interfaces/lib:/home/unitree/navigation_ws/install/nav2_controller/lib:/home/unitree/navigation_ws/install/dwb_plugins/lib:/home/unitree/navigation_ws/install/dwb_critics/lib:/home/unitree/navigation_ws/install/dwb_core/lib:/home/unitree/navigation_ws/install/nav_2d_utils/lib:/home/unitree/navigation_ws/install/dwb_msgs/lib:/home/unitree/navigation_ws/install/nav_2d_msgs/lib:/home/unitree/navigation_ws/install/nav2_waypoint_follower/lib:/home/unitree/navigation_ws/install/nav2_regulated_pure_pursuit_controller/lib:/home/unitree/navigation_ws/install/nav2_recoveries/lib:/home/unitree/navigation_ws/install/nav2_planner/lib:/home/unitree/navigation_ws/install/nav2_navfn_planner/lib:/home/unitree/navigation_ws/install/costmap_queue/lib:/home/unitree/navigation_ws/install/nav2_costmap_2d/lib:/home/unitree/navigation_ws/install/nav2_voxel_grid/lib:/home/unitree/navigation_ws/install/nav2_map_server/lib:/home/unitree/navigation_ws/install/nav2_lifecycle_manager/lib:/home/unitree/navigation_ws/install/nav2_bt_navigator/lib:/home/unitree/navigation_ws/install/nav2_behavior_tree/lib:/home/unitree/navigation_ws/install/nav2_amcl/lib:/home/unitree/navigation_ws/install/nav2_util/lib:/home/unitree/navigation_ws/install/nav2_msgs/lib:/home/unitree/navigation_ws/install/loam_interface/lib:/home/unitree/navigation_ws/install/fast_lio/lib:/home/unitree/navigation_ws/install/livox_ros_driver2/lib:/home/unitree/navigation_ws/install/linefit_ground_segmentation/lib:/home/unitree/navigation_ws/install/behaviortree_cpp/lib:/usr/local/cuda-11.4/lib64:/usr/local/lib:/home/unitree/cyclonedds_ws/install/rmw_cyclonedds_cpp/lib:/home/unitree/cyclonedds_ws/install/cyclonedds/lib:/opt/ros/foxy/opt/yaml_cpp_vendor/lib:/opt/ros/foxy/opt/rviz_ogre_vendor/lib:/opt/ros/foxy/lib/aarch64-linux-gnu:/opt/ros/foxy/lib:/usr/local/cuda-11.4/lib64 /usr/bin/cmake --build /home/unitree/navigation_ws/build/bringup -- -j8 -l8
[2.674s] DEBUG:colcon.colcon_core.event_handler.log_command:Invoked command in '/home/unitree/navigation_ws/build/nav2_voxel_grid' returned '0': CMAKE_PREFIX_PATH=/home/unitree/navigation_ws/install/nav2_common:/home/unitree/navigation_ws/install/nav2_bringup:/home/unitree/navigation_ws/install/navigation2:/home/unitree/navigation_ws/install/smac_planner:/home/unitree/navigation_ws/install/rm_autonomy:/home/unitree/navigation_ws/install/rm_autonomy_interfaces:/home/unitree/navigation_ws/install/bringup:/home/unitree/navigation_ws/install/pointcloud_to_laserscan:/home/unitree/navigation_ws/install/nav2_dwb_controller:/home/unitree/navigation_ws/install/nav2_controller:/home/unitree/navigation_ws/install/dwb_plugins:/home/unitree/navigation_ws/install/dwb_critics:/home/unitree/navigation_ws/install/dwb_core:/home/unitree/navigation_ws/install/nav_2d_utils:/home/unitree/navigation_ws/install/dwb_msgs:/home/unitree/navigation_ws/install/nav_2d_msgs:/home/unitree/navigation_ws/install/nav2_waypoint_follower:/home/unitree/navigation_ws/install/nav2_regulated_pure_pursuit_controller:/home/unitree/navigation_ws/install/nav2_recoveries:/home/unitree/navigation_ws/install/nav2_planner:/home/unitree/navigation_ws/install/nav2_navfn_planner:/home/unitree/navigation_ws/install/nav2_core:/home/unitree/navigation_ws/install/costmap_queue:/home/unitree/navigation_ws/install/nav2_costmap_2d:/home/unitree/navigation_ws/install/nav2_voxel_grid:/home/unitree/navigation_ws/install/nav2_map_server:/home/unitree/navigation_ws/install/nav2_lifecycle_manager:/home/unitree/navigation_ws/install/nav2_bt_navigator:/home/unitree/navigation_ws/install/nav2_behavior_tree:/home/unitree/navigation_ws/install/nav2_amcl:/home/unitree/navigation_ws/install/nav2_util:/home/unitree/navigation_ws/install/nav2_msgs:/home/unitree/navigation_ws/install/loam_interface:/home/unitree/navigation_ws/install/fast_lio:/home/unitree/navigation_ws/install/livox_ros_driver2:/home/unitree/navigation_ws/install/linefit_ground_segmentation_ros:/home/unitree/navigation_ws/install/linefit_ground_segmentation:/home/unitree/navigation_ws/install/cmd_vel_processor:/home/unitree/navigation_ws/install/behaviortree_cpp:/home/unitree/cyclonedds_ws/install/rmw_cyclonedds_cpp:/home/unitree/cyclonedds_ws/install/cyclonedds:/opt/ros/foxy PYTHONPATH=/home/unitree/navigation_ws/install/nav2_common/lib/python3.8/site-packages:/home/unitree/navigation_ws/install/rm_autonomy_interfaces/lib/python3.8/site-packages:/home/unitree/navigation_ws/install/dwb_msgs/lib/python3.8/site-packages:/home/unitree/navigation_ws/install/nav_2d_msgs/lib/python3.8/site-packages:/home/unitree/navigation_ws/install/nav2_msgs/lib/python3.8/site-packages:/home/unitree/navigation_ws/install/fast_lio/lib/python3.8/site-packages:/home/unitree/navigation_ws/install/livox_ros_driver2/lib/python3.8/site-packages:/opt/ros/foxy/lib/python3.8/site-packages /usr/bin/cmake --build /home/unitree/navigation_ws/build/nav2_voxel_grid -- -j8 -l8
[2.723s] DEBUG:colcon.colcon_core.event_handler.log_command:Invoked command in '/home/unitree/navigation_ws/build/bringup' returned '0': CMAKE_PREFIX_PATH=/home/unitree/navigation_ws/install/pointcloud_to_laserscan:/home/unitree/navigation_ws/install/nav2_bringup:/home/unitree/navigation_ws/install/navigation2:/home/unitree/navigation_ws/install/smac_planner:/home/unitree/navigation_ws/install/rm_autonomy:/home/unitree/navigation_ws/install/rm_autonomy_interfaces:/home/unitree/navigation_ws/install/bringup:/home/unitree/navigation_ws/install/nav2_dwb_controller:/home/unitree/navigation_ws/install/nav2_controller:/home/unitree/navigation_ws/install/dwb_plugins:/home/unitree/navigation_ws/install/dwb_critics:/home/unitree/navigation_ws/install/dwb_core:/home/unitree/navigation_ws/install/nav_2d_utils:/home/unitree/navigation_ws/install/dwb_msgs:/home/unitree/navigation_ws/install/nav_2d_msgs:/home/unitree/navigation_ws/install/nav2_waypoint_follower:/home/unitree/navigation_ws/install/nav2_regulated_pure_pursuit_controller:/home/unitree/navigation_ws/install/nav2_recoveries:/home/unitree/navigation_ws/install/nav2_planner:/home/unitree/navigation_ws/install/nav2_navfn_planner:/home/unitree/navigation_ws/install/nav2_core:/home/unitree/navigation_ws/install/costmap_queue:/home/unitree/navigation_ws/install/nav2_costmap_2d:/home/unitree/navigation_ws/install/nav2_voxel_grid:/home/unitree/navigation_ws/install/nav2_map_server:/home/unitree/navigation_ws/install/nav2_lifecycle_manager:/home/unitree/navigation_ws/install/nav2_bt_navigator:/home/unitree/navigation_ws/install/nav2_behavior_tree:/home/unitree/navigation_ws/install/nav2_amcl:/home/unitree/navigation_ws/install/nav2_util:/home/unitree/navigation_ws/install/nav2_msgs:/home/unitree/navigation_ws/install/nav2_common:/home/unitree/navigation_ws/install/loam_interface:/home/unitree/navigation_ws/install/fast_lio:/home/unitree/navigation_ws/install/livox_ros_driver2:/home/unitree/navigation_ws/install/linefit_ground_segmentation_ros:/home/unitree/navigation_ws/install/linefit_ground_segmentation:/home/unitree/navigation_ws/install/cmd_vel_processor:/home/unitree/navigation_ws/install/behaviortree_cpp:/home/unitree/cyclonedds_ws/install/rmw_cyclonedds_cpp:/home/unitree/cyclonedds_ws/install/cyclonedds:/opt/ros/foxy LD_LIBRARY_PATH=/home/unitree/navigation_ws/install/pointcloud_to_laserscan/lib:/home/unitree/navigation_ws/install/smac_planner/lib:/home/unitree/navigation_ws/install/rm_autonomy/lib:/home/unitree/navigation_ws/install/rm_autonomy_interfaces/lib:/home/unitree/navigation_ws/install/nav2_controller/lib:/home/unitree/navigation_ws/install/dwb_plugins/lib:/home/unitree/navigation_ws/install/dwb_critics/lib:/home/unitree/navigation_ws/install/dwb_core/lib:/home/unitree/navigation_ws/install/nav_2d_utils/lib:/home/unitree/navigation_ws/install/dwb_msgs/lib:/home/unitree/navigation_ws/install/nav_2d_msgs/lib:/home/unitree/navigation_ws/install/nav2_waypoint_follower/lib:/home/unitree/navigation_ws/install/nav2_regulated_pure_pursuit_controller/lib:/home/unitree/navigation_ws/install/nav2_recoveries/lib:/home/unitree/navigation_ws/install/nav2_planner/lib:/home/unitree/navigation_ws/install/nav2_navfn_planner/lib:/home/unitree/navigation_ws/install/costmap_queue/lib:/home/unitree/navigation_ws/install/nav2_costmap_2d/lib:/home/unitree/navigation_ws/install/nav2_voxel_grid/lib:/home/unitree/navigation_ws/install/nav2_map_server/lib:/home/unitree/navigation_ws/install/nav2_lifecycle_manager/lib:/home/unitree/navigation_ws/install/nav2_bt_navigator/lib:/home/unitree/navigation_ws/install/nav2_behavior_tree/lib:/home/unitree/navigation_ws/install/nav2_amcl/lib:/home/unitree/navigation_ws/install/nav2_util/lib:/home/unitree/navigation_ws/install/nav2_msgs/lib:/home/unitree/navigation_ws/install/loam_interface/lib:/home/unitree/navigation_ws/install/fast_lio/lib:/home/unitree/navigation_ws/install/livox_ros_driver2/lib:/home/unitree/navigation_ws/install/linefit_ground_segmentation/lib:/home/unitree/navigation_ws/install/behaviortree_cpp/lib:/usr/local/cuda-11.4/lib64:/usr/local/lib:/home/unitree/cyclonedds_ws/install/rmw_cyclonedds_cpp/lib:/home/unitree/cyclonedds_ws/install/cyclonedds/lib:/opt/ros/foxy/opt/yaml_cpp_vendor/lib:/opt/ros/foxy/opt/rviz_ogre_vendor/lib:/opt/ros/foxy/lib/aarch64-linux-gnu:/opt/ros/foxy/lib:/usr/local/cuda-11.4/lib64 /usr/bin/cmake --build /home/unitree/navigation_ws/build/bringup -- -j8 -l8
[2.766s] DEBUG:colcon.colcon_core.event_handler.log_command:Invoked command in '/home/unitree/navigation_ws/build/linefit_ground_segmentation_ros' returned '0': CMAKE_PREFIX_PATH=/home/unitree/navigation_ws/install/linefit_ground_segmentation:/home/unitree/navigation_ws/install/nav2_bringup:/home/unitree/navigation_ws/install/navigation2:/home/unitree/navigation_ws/install/smac_planner:/home/unitree/navigation_ws/install/rm_autonomy:/home/unitree/navigation_ws/install/rm_autonomy_interfaces:/home/unitree/navigation_ws/install/bringup:/home/unitree/navigation_ws/install/pointcloud_to_laserscan:/home/unitree/navigation_ws/install/nav2_dwb_controller:/home/unitree/navigation_ws/install/nav2_controller:/home/unitree/navigation_ws/install/dwb_plugins:/home/unitree/navigation_ws/install/dwb_critics:/home/unitree/navigation_ws/install/dwb_core:/home/unitree/navigation_ws/install/nav_2d_utils:/home/unitree/navigation_ws/install/dwb_msgs:/home/unitree/navigation_ws/install/nav_2d_msgs:/home/unitree/navigation_ws/install/nav2_waypoint_follower:/home/unitree/navigation_ws/install/nav2_regulated_pure_pursuit_controller:/home/unitree/navigation_ws/install/nav2_recoveries:/home/unitree/navigation_ws/install/nav2_planner:/home/unitree/navigation_ws/install/nav2_navfn_planner:/home/unitree/navigation_ws/install/nav2_core:/home/unitree/navigation_ws/install/costmap_queue:/home/unitree/navigation_ws/install/nav2_costmap_2d:/home/unitree/navigation_ws/install/nav2_voxel_grid:/home/unitree/navigation_ws/install/nav2_map_server:/home/unitree/navigation_ws/install/nav2_lifecycle_manager:/home/unitree/navigation_ws/install/nav2_bt_navigator:/home/unitree/navigation_ws/install/nav2_behavior_tree:/home/unitree/navigation_ws/install/nav2_amcl:/home/unitree/navigation_ws/install/nav2_util:/home/unitree/navigation_ws/install/nav2_msgs:/home/unitree/navigation_ws/install/nav2_common:/home/unitree/navigation_ws/install/loam_interface:/home/unitree/navigation_ws/install/fast_lio:/home/unitree/navigation_ws/install/livox_ros_driver2:/home/unitree/navigation_ws/install/linefit_ground_segmentation_ros:/home/unitree/navigation_ws/install/cmd_vel_processor:/home/unitree/navigation_ws/install/behaviortree_cpp:/home/unitree/cyclonedds_ws/install/rmw_cyclonedds_cpp:/home/unitree/cyclonedds_ws/install/cyclonedds:/opt/ros/foxy LD_LIBRARY_PATH=/home/unitree/navigation_ws/install/linefit_ground_segmentation/lib:/home/unitree/navigation_ws/install/smac_planner/lib:/home/unitree/navigation_ws/install/rm_autonomy/lib:/home/unitree/navigation_ws/install/rm_autonomy_interfaces/lib:/home/unitree/navigation_ws/install/pointcloud_to_laserscan/lib:/home/unitree/navigation_ws/install/nav2_controller/lib:/home/unitree/navigation_ws/install/dwb_plugins/lib:/home/unitree/navigation_ws/install/dwb_critics/lib:/home/unitree/navigation_ws/install/dwb_core/lib:/home/unitree/navigation_ws/install/nav_2d_utils/lib:/home/unitree/navigation_ws/install/dwb_msgs/lib:/home/unitree/navigation_ws/install/nav_2d_msgs/lib:/home/unitree/navigation_ws/install/nav2_waypoint_follower/lib:/home/unitree/navigation_ws/install/nav2_regulated_pure_pursuit_controller/lib:/home/unitree/navigation_ws/install/nav2_recoveries/lib:/home/unitree/navigation_ws/install/nav2_planner/lib:/home/unitree/navigation_ws/install/nav2_navfn_planner/lib:/home/unitree/navigation_ws/install/costmap_queue/lib:/home/unitree/navigation_ws/install/nav2_costmap_2d/lib:/home/unitree/navigation_ws/install/nav2_voxel_grid/lib:/home/unitree/navigation_ws/install/nav2_map_server/lib:/home/unitree/navigation_ws/install/nav2_lifecycle_manager/lib:/home/unitree/navigation_ws/install/nav2_bt_navigator/lib:/home/unitree/navigation_ws/install/nav2_behavior_tree/lib:/home/unitree/navigation_ws/install/nav2_amcl/lib:/home/unitree/navigation_ws/install/nav2_util/lib:/home/unitree/navigation_ws/install/nav2_msgs/lib:/home/unitree/navigation_ws/install/loam_interface/lib:/home/unitree/navigation_ws/install/fast_lio/lib:/home/unitree/navigation_ws/install/livox_ros_driver2/lib:/home/unitree/navigation_ws/install/behaviortree_cpp/lib:/usr/local/cuda-11.4/lib64:/usr/local/lib:/home/unitree/cyclonedds_ws/install/rmw_cyclonedds_cpp/lib:/home/unitree/cyclonedds_ws/install/cyclonedds/lib:/opt/ros/foxy/opt/yaml_cpp_vendor/lib:/opt/ros/foxy/opt/rviz_ogre_vendor/lib:/opt/ros/foxy/lib/aarch64-linux-gnu:/opt/ros/foxy/lib:/usr/local/cuda-11.4/lib64 /usr/bin/cmake --build /home/unitree/navigation_ws/build/linefit_ground_segmentation_ros -- -j8 -l8
[2.780s] DEBUG:colcon.colcon_core.event_handler.log_command:Invoking command in '/home/unitree/navigation_ws/build/nav2_voxel_grid': CMAKE_PREFIX_PATH=/home/unitree/navigation_ws/install/nav2_common:/home/unitree/navigation_ws/install/nav2_bringup:/home/unitree/navigation_ws/install/navigation2:/home/unitree/navigation_ws/install/smac_planner:/home/unitree/navigation_ws/install/rm_autonomy:/home/unitree/navigation_ws/install/rm_autonomy_interfaces:/home/unitree/navigation_ws/install/bringup:/home/unitree/navigation_ws/install/pointcloud_to_laserscan:/home/unitree/navigation_ws/install/nav2_dwb_controller:/home/unitree/navigation_ws/install/nav2_controller:/home/unitree/navigation_ws/install/dwb_plugins:/home/unitree/navigation_ws/install/dwb_critics:/home/unitree/navigation_ws/install/dwb_core:/home/unitree/navigation_ws/install/nav_2d_utils:/home/unitree/navigation_ws/install/dwb_msgs:/home/unitree/navigation_ws/install/nav_2d_msgs:/home/unitree/navigation_ws/install/nav2_waypoint_follower:/home/unitree/navigation_ws/install/nav2_regulated_pure_pursuit_controller:/home/unitree/navigation_ws/install/nav2_recoveries:/home/unitree/navigation_ws/install/nav2_planner:/home/unitree/navigation_ws/install/nav2_navfn_planner:/home/unitree/navigation_ws/install/nav2_core:/home/unitree/navigation_ws/install/costmap_queue:/home/unitree/navigation_ws/install/nav2_costmap_2d:/home/unitree/navigation_ws/install/nav2_voxel_grid:/home/unitree/navigation_ws/install/nav2_map_server:/home/unitree/navigation_ws/install/nav2_lifecycle_manager:/home/unitree/navigation_ws/install/nav2_bt_navigator:/home/unitree/navigation_ws/install/nav2_behavior_tree:/home/unitree/navigation_ws/install/nav2_amcl:/home/unitree/navigation_ws/install/nav2_util:/home/unitree/navigation_ws/install/nav2_msgs:/home/unitree/navigation_ws/install/loam_interface:/home/unitree/navigation_ws/install/fast_lio:/home/unitree/navigation_ws/install/livox_ros_driver2:/home/unitree/navigation_ws/install/linefit_ground_segmentation_ros:/home/unitree/navigation_ws/install/linefit_ground_segmentation:/home/unitree/navigation_ws/install/cmd_vel_processor:/home/unitree/navigation_ws/install/behaviortree_cpp:/home/unitree/cyclonedds_ws/install/rmw_cyclonedds_cpp:/home/unitree/cyclonedds_ws/install/cyclonedds:/opt/ros/foxy PYTHONPATH=/home/unitree/navigation_ws/install/nav2_common/lib/python3.8/site-packages:/home/unitree/navigation_ws/install/rm_autonomy_interfaces/lib/python3.8/site-packages:/home/unitree/navigation_ws/install/dwb_msgs/lib/python3.8/site-packages:/home/unitree/navigation_ws/install/nav_2d_msgs/lib/python3.8/site-packages:/home/unitree/navigation_ws/install/nav2_msgs/lib/python3.8/site-packages:/home/unitree/navigation_ws/install/fast_lio/lib/python3.8/site-packages:/home/unitree/navigation_ws/install/livox_ros_driver2/lib/python3.8/site-packages:/opt/ros/foxy/lib/python3.8/site-packages /usr/bin/cmake --install /home/unitree/navigation_ws/build/nav2_voxel_grid
[2.796s] DEBUG:colcon.colcon_core.event_handler.log_command:Invoking command in '/home/unitree/navigation_ws/build/bringup': CMAKE_PREFIX_PATH=/home/unitree/navigation_ws/install/pointcloud_to_laserscan:/home/unitree/navigation_ws/install/nav2_bringup:/home/unitree/navigation_ws/install/navigation2:/home/unitree/navigation_ws/install/smac_planner:/home/unitree/navigation_ws/install/rm_autonomy:/home/unitree/navigation_ws/install/rm_autonomy_interfaces:/home/unitree/navigation_ws/install/bringup:/home/unitree/navigation_ws/install/nav2_dwb_controller:/home/unitree/navigation_ws/install/nav2_controller:/home/unitree/navigation_ws/install/dwb_plugins:/home/unitree/navigation_ws/install/dwb_critics:/home/unitree/navigation_ws/install/dwb_core:/home/unitree/navigation_ws/install/nav_2d_utils:/home/unitree/navigation_ws/install/dwb_msgs:/home/unitree/navigation_ws/install/nav_2d_msgs:/home/unitree/navigation_ws/install/nav2_waypoint_follower:/home/unitree/navigation_ws/install/nav2_regulated_pure_pursuit_controller:/home/unitree/navigation_ws/install/nav2_recoveries:/home/unitree/navigation_ws/install/nav2_planner:/home/unitree/navigation_ws/install/nav2_navfn_planner:/home/unitree/navigation_ws/install/nav2_core:/home/unitree/navigation_ws/install/costmap_queue:/home/unitree/navigation_ws/install/nav2_costmap_2d:/home/unitree/navigation_ws/install/nav2_voxel_grid:/home/unitree/navigation_ws/install/nav2_map_server:/home/unitree/navigation_ws/install/nav2_lifecycle_manager:/home/unitree/navigation_ws/install/nav2_bt_navigator:/home/unitree/navigation_ws/install/nav2_behavior_tree:/home/unitree/navigation_ws/install/nav2_amcl:/home/unitree/navigation_ws/install/nav2_util:/home/unitree/navigation_ws/install/nav2_msgs:/home/unitree/navigation_ws/install/nav2_common:/home/unitree/navigation_ws/install/loam_interface:/home/unitree/navigation_ws/install/fast_lio:/home/unitree/navigation_ws/install/livox_ros_driver2:/home/unitree/navigation_ws/install/linefit_ground_segmentation_ros:/home/unitree/navigation_ws/install/linefit_ground_segmentation:/home/unitree/navigation_ws/install/cmd_vel_processor:/home/unitree/navigation_ws/install/behaviortree_cpp:/home/unitree/cyclonedds_ws/install/rmw_cyclonedds_cpp:/home/unitree/cyclonedds_ws/install/cyclonedds:/opt/ros/foxy LD_LIBRARY_PATH=/home/unitree/navigation_ws/install/pointcloud_to_laserscan/lib:/home/unitree/navigation_ws/install/smac_planner/lib:/home/unitree/navigation_ws/install/rm_autonomy/lib:/home/unitree/navigation_ws/install/rm_autonomy_interfaces/lib:/home/unitree/navigation_ws/install/nav2_controller/lib:/home/unitree/navigation_ws/install/dwb_plugins/lib:/home/unitree/navigation_ws/install/dwb_critics/lib:/home/unitree/navigation_ws/install/dwb_core/lib:/home/unitree/navigation_ws/install/nav_2d_utils/lib:/home/unitree/navigation_ws/install/dwb_msgs/lib:/home/unitree/navigation_ws/install/nav_2d_msgs/lib:/home/unitree/navigation_ws/install/nav2_waypoint_follower/lib:/home/unitree/navigation_ws/install/nav2_regulated_pure_pursuit_controller/lib:/home/unitree/navigation_ws/install/nav2_recoveries/lib:/home/unitree/navigation_ws/install/nav2_planner/lib:/home/unitree/navigation_ws/install/nav2_navfn_planner/lib:/home/unitree/navigation_ws/install/costmap_queue/lib:/home/unitree/navigation_ws/install/nav2_costmap_2d/lib:/home/unitree/navigation_ws/install/nav2_voxel_grid/lib:/home/unitree/navigation_ws/install/nav2_map_server/lib:/home/unitree/navigation_ws/install/nav2_lifecycle_manager/lib:/home/unitree/navigation_ws/install/nav2_bt_navigator/lib:/home/unitree/navigation_ws/install/nav2_behavior_tree/lib:/home/unitree/navigation_ws/install/nav2_amcl/lib:/home/unitree/navigation_ws/install/nav2_util/lib:/home/unitree/navigation_ws/install/nav2_msgs/lib:/home/unitree/navigation_ws/install/loam_interface/lib:/home/unitree/navigation_ws/install/fast_lio/lib:/home/unitree/navigation_ws/install/livox_ros_driver2/lib:/home/unitree/navigation_ws/install/linefit_ground_segmentation/lib:/home/unitree/navigation_ws/install/behaviortree_cpp/lib:/usr/local/cuda-11.4/lib64:/usr/local/lib:/home/unitree/cyclonedds_ws/install/rmw_cyclonedds_cpp/lib:/home/unitree/cyclonedds_ws/install/cyclonedds/lib:/opt/ros/foxy/opt/yaml_cpp_vendor/lib:/opt/ros/foxy/opt/rviz_ogre_vendor/lib:/opt/ros/foxy/lib/aarch64-linux-gnu:/opt/ros/foxy/lib:/usr/local/cuda-11.4/lib64 /usr/bin/cmake --install /home/unitree/navigation_ws/build/bringup
[2.868s] DEBUG:colcon.colcon_core.event_handler.log_command:Invoking command in '/home/unitree/navigation_ws/build/linefit_ground_segmentation_ros': CMAKE_PREFIX_PATH=/home/unitree/navigation_ws/install/linefit_ground_segmentation:/home/unitree/navigation_ws/install/nav2_bringup:/home/unitree/navigation_ws/install/navigation2:/home/unitree/navigation_ws/install/smac_planner:/home/unitree/navigation_ws/install/rm_autonomy:/home/unitree/navigation_ws/install/rm_autonomy_interfaces:/home/unitree/navigation_ws/install/bringup:/home/unitree/navigation_ws/install/pointcloud_to_laserscan:/home/unitree/navigation_ws/install/nav2_dwb_controller:/home/unitree/navigation_ws/install/nav2_controller:/home/unitree/navigation_ws/install/dwb_plugins:/home/unitree/navigation_ws/install/dwb_critics:/home/unitree/navigation_ws/install/dwb_core:/home/unitree/navigation_ws/install/nav_2d_utils:/home/unitree/navigation_ws/install/dwb_msgs:/home/unitree/navigation_ws/install/nav_2d_msgs:/home/unitree/navigation_ws/install/nav2_waypoint_follower:/home/unitree/navigation_ws/install/nav2_regulated_pure_pursuit_controller:/home/unitree/navigation_ws/install/nav2_recoveries:/home/unitree/navigation_ws/install/nav2_planner:/home/unitree/navigation_ws/install/nav2_navfn_planner:/home/unitree/navigation_ws/install/nav2_core:/home/unitree/navigation_ws/install/costmap_queue:/home/unitree/navigation_ws/install/nav2_costmap_2d:/home/unitree/navigation_ws/install/nav2_voxel_grid:/home/unitree/navigation_ws/install/nav2_map_server:/home/unitree/navigation_ws/install/nav2_lifecycle_manager:/home/unitree/navigation_ws/install/nav2_bt_navigator:/home/unitree/navigation_ws/install/nav2_behavior_tree:/home/unitree/navigation_ws/install/nav2_amcl:/home/unitree/navigation_ws/install/nav2_util:/home/unitree/navigation_ws/install/nav2_msgs:/home/unitree/navigation_ws/install/nav2_common:/home/unitree/navigation_ws/install/loam_interface:/home/unitree/navigation_ws/install/fast_lio:/home/unitree/navigation_ws/install/livox_ros_driver2:/home/unitree/navigation_ws/install/linefit_ground_segmentation_ros:/home/unitree/navigation_ws/install/cmd_vel_processor:/home/unitree/navigation_ws/install/behaviortree_cpp:/home/unitree/cyclonedds_ws/install/rmw_cyclonedds_cpp:/home/unitree/cyclonedds_ws/install/cyclonedds:/opt/ros/foxy LD_LIBRARY_PATH=/home/unitree/navigation_ws/install/linefit_ground_segmentation/lib:/home/unitree/navigation_ws/install/smac_planner/lib:/home/unitree/navigation_ws/install/rm_autonomy/lib:/home/unitree/navigation_ws/install/rm_autonomy_interfaces/lib:/home/unitree/navigation_ws/install/pointcloud_to_laserscan/lib:/home/unitree/navigation_ws/install/nav2_controller/lib:/home/unitree/navigation_ws/install/dwb_plugins/lib:/home/unitree/navigation_ws/install/dwb_critics/lib:/home/unitree/navigation_ws/install/dwb_core/lib:/home/unitree/navigation_ws/install/nav_2d_utils/lib:/home/unitree/navigation_ws/install/dwb_msgs/lib:/home/unitree/navigation_ws/install/nav_2d_msgs/lib:/home/unitree/navigation_ws/install/nav2_waypoint_follower/lib:/home/unitree/navigation_ws/install/nav2_regulated_pure_pursuit_controller/lib:/home/unitree/navigation_ws/install/nav2_recoveries/lib:/home/unitree/navigation_ws/install/nav2_planner/lib:/home/unitree/navigation_ws/install/nav2_navfn_planner/lib:/home/unitree/navigation_ws/install/costmap_queue/lib:/home/unitree/navigation_ws/install/nav2_costmap_2d/lib:/home/unitree/navigation_ws/install/nav2_voxel_grid/lib:/home/unitree/navigation_ws/install/nav2_map_server/lib:/home/unitree/navigation_ws/install/nav2_lifecycle_manager/lib:/home/unitree/navigation_ws/install/nav2_bt_navigator/lib:/home/unitree/navigation_ws/install/nav2_behavior_tree/lib:/home/unitree/navigation_ws/install/nav2_amcl/lib:/home/unitree/navigation_ws/install/nav2_util/lib:/home/unitree/navigation_ws/install/nav2_msgs/lib:/home/unitree/navigation_ws/install/loam_interface/lib:/home/unitree/navigation_ws/install/fast_lio/lib:/home/unitree/navigation_ws/install/livox_ros_driver2/lib:/home/unitree/navigation_ws/install/behaviortree_cpp/lib:/usr/local/cuda-11.4/lib64:/usr/local/lib:/home/unitree/cyclonedds_ws/install/rmw_cyclonedds_cpp/lib:/home/unitree/cyclonedds_ws/install/cyclonedds/lib:/opt/ros/foxy/opt/yaml_cpp_vendor/lib:/opt/ros/foxy/opt/rviz_ogre_vendor/lib:/opt/ros/foxy/lib/aarch64-linux-gnu:/opt/ros/foxy/lib:/usr/local/cuda-11.4/lib64 /usr/bin/cmake --install /home/unitree/navigation_ws/build/linefit_ground_segmentation_ros
[2.874s] Level 1:colcon.colcon_core.environment:create_environment_scripts_only(nav2_voxel_grid)
[2.875s] Level 1:colcon.colcon_core.environment:checking '/home/unitree/navigation_ws/install/nav2_voxel_grid' for CMake module files
[2.876s] DEBUG:colcon.colcon_core.event_handler.log_command:Invoked command in '/home/unitree/navigation_ws/build/nav2_voxel_grid' returned '0': CMAKE_PREFIX_PATH=/home/unitree/navigation_ws/install/nav2_common:/home/unitree/navigation_ws/install/nav2_bringup:/home/unitree/navigation_ws/install/navigation2:/home/unitree/navigation_ws/install/smac_planner:/home/unitree/navigation_ws/install/rm_autonomy:/home/unitree/navigation_ws/install/rm_autonomy_interfaces:/home/unitree/navigation_ws/install/bringup:/home/unitree/navigation_ws/install/pointcloud_to_laserscan:/home/unitree/navigation_ws/install/nav2_dwb_controller:/home/unitree/navigation_ws/install/nav2_controller:/home/unitree/navigation_ws/install/dwb_plugins:/home/unitree/navigation_ws/install/dwb_critics:/home/unitree/navigation_ws/install/dwb_core:/home/unitree/navigation_ws/install/nav_2d_utils:/home/unitree/navigation_ws/install/dwb_msgs:/home/unitree/navigation_ws/install/nav_2d_msgs:/home/unitree/navigation_ws/install/nav2_waypoint_follower:/home/unitree/navigation_ws/install/nav2_regulated_pure_pursuit_controller:/home/unitree/navigation_ws/install/nav2_recoveries:/home/unitree/navigation_ws/install/nav2_planner:/home/unitree/navigation_ws/install/nav2_navfn_planner:/home/unitree/navigation_ws/install/nav2_core:/home/unitree/navigation_ws/install/costmap_queue:/home/unitree/navigation_ws/install/nav2_costmap_2d:/home/unitree/navigation_ws/install/nav2_voxel_grid:/home/unitree/navigation_ws/install/nav2_map_server:/home/unitree/navigation_ws/install/nav2_lifecycle_manager:/home/unitree/navigation_ws/install/nav2_bt_navigator:/home/unitree/navigation_ws/install/nav2_behavior_tree:/home/unitree/navigation_ws/install/nav2_amcl:/home/unitree/navigation_ws/install/nav2_util:/home/unitree/navigation_ws/install/nav2_msgs:/home/unitree/navigation_ws/install/loam_interface:/home/unitree/navigation_ws/install/fast_lio:/home/unitree/navigation_ws/install/livox_ros_driver2:/home/unitree/navigation_ws/install/linefit_ground_segmentation_ros:/home/unitree/navigation_ws/install/linefit_ground_segmentation:/home/unitree/navigation_ws/install/cmd_vel_processor:/home/unitree/navigation_ws/install/behaviortree_cpp:/home/unitree/cyclonedds_ws/install/rmw_cyclonedds_cpp:/home/unitree/cyclonedds_ws/install/cyclonedds:/opt/ros/foxy PYTHONPATH=/home/unitree/navigation_ws/install/nav2_common/lib/python3.8/site-packages:/home/unitree/navigation_ws/install/rm_autonomy_interfaces/lib/python3.8/site-packages:/home/unitree/navigation_ws/install/dwb_msgs/lib/python3.8/site-packages:/home/unitree/navigation_ws/install/nav_2d_msgs/lib/python3.8/site-packages:/home/unitree/navigation_ws/install/nav2_msgs/lib/python3.8/site-packages:/home/unitree/navigation_ws/install/fast_lio/lib/python3.8/site-packages:/home/unitree/navigation_ws/install/livox_ros_driver2/lib/python3.8/site-packages:/opt/ros/foxy/lib/python3.8/site-packages /usr/bin/cmake --install /home/unitree/navigation_ws/build/nav2_voxel_grid
[2.879s] Level 1:colcon.colcon_core.environment:checking '/home/unitree/navigation_ws/install/nav2_voxel_grid' for CMake config files
[2.880s] Level 1:colcon.colcon_core.shell:create_environment_hook('nav2_voxel_grid', 'cmake_prefix_path')
[2.881s] INFO:colcon.colcon_core.shell:Creating environment hook '/home/unitree/navigation_ws/install/nav2_voxel_grid/share/nav2_voxel_grid/hook/cmake_prefix_path.ps1'
[2.882s] INFO:colcon.colcon_core.shell:Creating environment descriptor '/home/unitree/navigation_ws/install/nav2_voxel_grid/share/nav2_voxel_grid/hook/cmake_prefix_path.dsv'
[2.883s] INFO:colcon.colcon_core.shell:Creating environment hook '/home/unitree/navigation_ws/install/nav2_voxel_grid/share/nav2_voxel_grid/hook/cmake_prefix_path.sh'
[2.884s] Level 1:colcon.colcon_core.environment:checking '/home/unitree/navigation_ws/install/nav2_voxel_grid/lib'
[2.884s] Level 1:colcon.colcon_core.shell:create_environment_hook('nav2_voxel_grid', 'ld_library_path_lib')
[2.884s] INFO:colcon.colcon_core.shell:Creating environment hook '/home/unitree/navigation_ws/install/nav2_voxel_grid/share/nav2_voxel_grid/hook/ld_library_path_lib.ps1'
[2.885s] INFO:colcon.colcon_core.shell:Creating environment descriptor '/home/unitree/navigation_ws/install/nav2_voxel_grid/share/nav2_voxel_grid/hook/ld_library_path_lib.dsv'
[2.886s] INFO:colcon.colcon_core.shell:Creating environment hook '/home/unitree/navigation_ws/install/nav2_voxel_grid/share/nav2_voxel_grid/hook/ld_library_path_lib.sh'
[2.886s] Level 1:colcon.colcon_core.environment:checking '/home/unitree/navigation_ws/install/nav2_voxel_grid/bin'
[2.887s] Level 1:colcon.colcon_core.environment:checking '/home/unitree/navigation_ws/install/nav2_voxel_grid/lib/pkgconfig/nav2_voxel_grid.pc'
[2.887s] Level 1:colcon.colcon_core.environment:checking '/home/unitree/navigation_ws/install/nav2_voxel_grid/lib/python3.8/site-packages'
[2.887s] Level 1:colcon.colcon_core.environment:checking '/home/unitree/navigation_ws/install/nav2_voxel_grid/bin'
[2.888s] INFO:colcon.colcon_core.shell:Creating package script '/home/unitree/navigation_ws/install/nav2_voxel_grid/share/nav2_voxel_grid/package.ps1'
[2.889s] INFO:colcon.colcon_core.shell:Creating package descriptor '/home/unitree/navigation_ws/install/nav2_voxel_grid/share/nav2_voxel_grid/package.dsv'
[2.890s] INFO:colcon.colcon_core.shell:Creating package script '/home/unitree/navigation_ws/install/nav2_voxel_grid/share/nav2_voxel_grid/package.sh'
[2.890s] INFO:colcon.colcon_core.shell:Creating package script '/home/unitree/navigation_ws/install/nav2_voxel_grid/share/nav2_voxel_grid/package.bash'
[2.891s] INFO:colcon.colcon_core.shell:Creating package script '/home/unitree/navigation_ws/install/nav2_voxel_grid/share/nav2_voxel_grid/package.zsh'
[2.891s] Level 1:colcon.colcon_core.environment:create_file_with_runtime_dependencies(/home/unitree/navigation_ws/install/nav2_voxel_grid/share/colcon-core/packages/nav2_voxel_grid)
[2.913s] Level 1:colcon.colcon_core.environment:create_environment_scripts_only(bringup)
[2.914s] Level 1:colcon.colcon_core.environment:checking '/home/unitree/navigation_ws/install/bringup' for CMake module files
[2.916s] DEBUG:colcon.colcon_core.event_handler.log_command:Invoked command in '/home/unitree/navigation_ws/build/bringup' returned '0': CMAKE_PREFIX_PATH=/home/unitree/navigation_ws/install/pointcloud_to_laserscan:/home/unitree/navigation_ws/install/nav2_bringup:/home/unitree/navigation_ws/install/navigation2:/home/unitree/navigation_ws/install/smac_planner:/home/unitree/navigation_ws/install/rm_autonomy:/home/unitree/navigation_ws/install/rm_autonomy_interfaces:/home/unitree/navigation_ws/install/bringup:/home/unitree/navigation_ws/install/nav2_dwb_controller:/home/unitree/navigation_ws/install/nav2_controller:/home/unitree/navigation_ws/install/dwb_plugins:/home/unitree/navigation_ws/install/dwb_critics:/home/unitree/navigation_ws/install/dwb_core:/home/unitree/navigation_ws/install/nav_2d_utils:/home/unitree/navigation_ws/install/dwb_msgs:/home/unitree/navigation_ws/install/nav_2d_msgs:/home/unitree/navigation_ws/install/nav2_waypoint_follower:/home/unitree/navigation_ws/install/nav2_regulated_pure_pursuit_controller:/home/unitree/navigation_ws/install/nav2_recoveries:/home/unitree/navigation_ws/install/nav2_planner:/home/unitree/navigation_ws/install/nav2_navfn_planner:/home/unitree/navigation_ws/install/nav2_core:/home/unitree/navigation_ws/install/costmap_queue:/home/unitree/navigation_ws/install/nav2_costmap_2d:/home/unitree/navigation_ws/install/nav2_voxel_grid:/home/unitree/navigation_ws/install/nav2_map_server:/home/unitree/navigation_ws/install/nav2_lifecycle_manager:/home/unitree/navigation_ws/install/nav2_bt_navigator:/home/unitree/navigation_ws/install/nav2_behavior_tree:/home/unitree/navigation_ws/install/nav2_amcl:/home/unitree/navigation_ws/install/nav2_util:/home/unitree/navigation_ws/install/nav2_msgs:/home/unitree/navigation_ws/install/nav2_common:/home/unitree/navigation_ws/install/loam_interface:/home/unitree/navigation_ws/install/fast_lio:/home/unitree/navigation_ws/install/livox_ros_driver2:/home/unitree/navigation_ws/install/linefit_ground_segmentation_ros:/home/unitree/navigation_ws/install/linefit_ground_segmentation:/home/unitree/navigation_ws/install/cmd_vel_processor:/home/unitree/navigation_ws/install/behaviortree_cpp:/home/unitree/cyclonedds_ws/install/rmw_cyclonedds_cpp:/home/unitree/cyclonedds_ws/install/cyclonedds:/opt/ros/foxy LD_LIBRARY_PATH=/home/unitree/navigation_ws/install/pointcloud_to_laserscan/lib:/home/unitree/navigation_ws/install/smac_planner/lib:/home/unitree/navigation_ws/install/rm_autonomy/lib:/home/unitree/navigation_ws/install/rm_autonomy_interfaces/lib:/home/unitree/navigation_ws/install/nav2_controller/lib:/home/unitree/navigation_ws/install/dwb_plugins/lib:/home/unitree/navigation_ws/install/dwb_critics/lib:/home/unitree/navigation_ws/install/dwb_core/lib:/home/unitree/navigation_ws/install/nav_2d_utils/lib:/home/unitree/navigation_ws/install/dwb_msgs/lib:/home/unitree/navigation_ws/install/nav_2d_msgs/lib:/home/unitree/navigation_ws/install/nav2_waypoint_follower/lib:/home/unitree/navigation_ws/install/nav2_regulated_pure_pursuit_controller/lib:/home/unitree/navigation_ws/install/nav2_recoveries/lib:/home/unitree/navigation_ws/install/nav2_planner/lib:/home/unitree/navigation_ws/install/nav2_navfn_planner/lib:/home/unitree/navigation_ws/install/costmap_queue/lib:/home/unitree/navigation_ws/install/nav2_costmap_2d/lib:/home/unitree/navigation_ws/install/nav2_voxel_grid/lib:/home/unitree/navigation_ws/install/nav2_map_server/lib:/home/unitree/navigation_ws/install/nav2_lifecycle_manager/lib:/home/unitree/navigation_ws/install/nav2_bt_navigator/lib:/home/unitree/navigation_ws/install/nav2_behavior_tree/lib:/home/unitree/navigation_ws/install/nav2_amcl/lib:/home/unitree/navigation_ws/install/nav2_util/lib:/home/unitree/navigation_ws/install/nav2_msgs/lib:/home/unitree/navigation_ws/install/loam_interface/lib:/home/unitree/navigation_ws/install/fast_lio/lib:/home/unitree/navigation_ws/install/livox_ros_driver2/lib:/home/unitree/navigation_ws/install/linefit_ground_segmentation/lib:/home/unitree/navigation_ws/install/behaviortree_cpp/lib:/usr/local/cuda-11.4/lib64:/usr/local/lib:/home/unitree/cyclonedds_ws/install/rmw_cyclonedds_cpp/lib:/home/unitree/cyclonedds_ws/install/cyclonedds/lib:/opt/ros/foxy/opt/yaml_cpp_vendor/lib:/opt/ros/foxy/opt/rviz_ogre_vendor/lib:/opt/ros/foxy/lib/aarch64-linux-gnu:/opt/ros/foxy/lib:/usr/local/cuda-11.4/lib64 /usr/bin/cmake --install /home/unitree/navigation_ws/build/bringup
[2.917s] Level 1:colcon.colcon_core.environment:checking '/home/unitree/navigation_ws/install/bringup' for CMake config files
[2.918s] Level 1:colcon.colcon_core.shell:create_environment_hook('bringup', 'cmake_prefix_path')
[2.919s] INFO:colcon.colcon_core.shell:Creating environment hook '/home/unitree/navigation_ws/install/bringup/share/bringup/hook/cmake_prefix_path.ps1'
[2.920s] INFO:colcon.colcon_core.shell:Creating environment descriptor '/home/unitree/navigation_ws/install/bringup/share/bringup/hook/cmake_prefix_path.dsv'
[2.921s] INFO:colcon.colcon_core.shell:Creating environment hook '/home/unitree/navigation_ws/install/bringup/share/bringup/hook/cmake_prefix_path.sh'
[2.922s] Level 1:colcon.colcon_core.environment:checking '/home/unitree/navigation_ws/install/bringup/bin'
[2.923s] Level 1:colcon.colcon_core.environment:checking '/home/unitree/navigation_ws/install/bringup/lib/pkgconfig/bringup.pc'
[2.923s] Level 1:colcon.colcon_core.environment:checking '/home/unitree/navigation_ws/install/bringup/lib/python3.8/site-packages'
[2.923s] Level 1:colcon.colcon_core.environment:checking '/home/unitree/navigation_ws/install/bringup/bin'
[2.924s] INFO:colcon.colcon_core.shell:Creating package script '/home/unitree/navigation_ws/install/bringup/share/bringup/package.ps1'
[2.925s] INFO:colcon.colcon_core.shell:Creating package descriptor '/home/unitree/navigation_ws/install/bringup/share/bringup/package.dsv'
[2.926s] INFO:colcon.colcon_core.shell:Creating package script '/home/unitree/navigation_ws/install/bringup/share/bringup/package.sh'
[2.927s] INFO:colcon.colcon_core.shell:Creating package script '/home/unitree/navigation_ws/install/bringup/share/bringup/package.bash'
[2.927s] INFO:colcon.colcon_core.shell:Creating package script '/home/unitree/navigation_ws/install/bringup/share/bringup/package.zsh'
[2.931s] Level 1:colcon.colcon_core.environment:create_file_with_runtime_dependencies(/home/unitree/navigation_ws/install/bringup/share/colcon-core/packages/bringup)
[2.951s] Level 1:colcon.colcon_core.environment:create_environment_scripts_only(linefit_ground_segmentation_ros)
[2.952s] Level 1:colcon.colcon_core.environment:checking '/home/unitree/navigation_ws/install/linefit_ground_segmentation_ros' for CMake module files
[2.954s] DEBUG:colcon.colcon_core.event_handler.log_command:Invoked command in '/home/unitree/navigation_ws/build/linefit_ground_segmentation_ros' returned '0': CMAKE_PREFIX_PATH=/home/unitree/navigation_ws/install/linefit_ground_segmentation:/home/unitree/navigation_ws/install/nav2_bringup:/home/unitree/navigation_ws/install/navigation2:/home/unitree/navigation_ws/install/smac_planner:/home/unitree/navigation_ws/install/rm_autonomy:/home/unitree/navigation_ws/install/rm_autonomy_interfaces:/home/unitree/navigation_ws/install/bringup:/home/unitree/navigation_ws/install/pointcloud_to_laserscan:/home/unitree/navigation_ws/install/nav2_dwb_controller:/home/unitree/navigation_ws/install/nav2_controller:/home/unitree/navigation_ws/install/dwb_plugins:/home/unitree/navigation_ws/install/dwb_critics:/home/unitree/navigation_ws/install/dwb_core:/home/unitree/navigation_ws/install/nav_2d_utils:/home/unitree/navigation_ws/install/dwb_msgs:/home/unitree/navigation_ws/install/nav_2d_msgs:/home/unitree/navigation_ws/install/nav2_waypoint_follower:/home/unitree/navigation_ws/install/nav2_regulated_pure_pursuit_controller:/home/unitree/navigation_ws/install/nav2_recoveries:/home/unitree/navigation_ws/install/nav2_planner:/home/unitree/navigation_ws/install/nav2_navfn_planner:/home/unitree/navigation_ws/install/nav2_core:/home/unitree/navigation_ws/install/costmap_queue:/home/unitree/navigation_ws/install/nav2_costmap_2d:/home/unitree/navigation_ws/install/nav2_voxel_grid:/home/unitree/navigation_ws/install/nav2_map_server:/home/unitree/navigation_ws/install/nav2_lifecycle_manager:/home/unitree/navigation_ws/install/nav2_bt_navigator:/home/unitree/navigation_ws/install/nav2_behavior_tree:/home/unitree/navigation_ws/install/nav2_amcl:/home/unitree/navigation_ws/install/nav2_util:/home/unitree/navigation_ws/install/nav2_msgs:/home/unitree/navigation_ws/install/nav2_common:/home/unitree/navigation_ws/install/loam_interface:/home/unitree/navigation_ws/install/fast_lio:/home/unitree/navigation_ws/install/livox_ros_driver2:/home/unitree/navigation_ws/install/linefit_ground_segmentation_ros:/home/unitree/navigation_ws/install/cmd_vel_processor:/home/unitree/navigation_ws/install/behaviortree_cpp:/home/unitree/cyclonedds_ws/install/rmw_cyclonedds_cpp:/home/unitree/cyclonedds_ws/install/cyclonedds:/opt/ros/foxy LD_LIBRARY_PATH=/home/unitree/navigation_ws/install/linefit_ground_segmentation/lib:/home/unitree/navigation_ws/install/smac_planner/lib:/home/unitree/navigation_ws/install/rm_autonomy/lib:/home/unitree/navigation_ws/install/rm_autonomy_interfaces/lib:/home/unitree/navigation_ws/install/pointcloud_to_laserscan/lib:/home/unitree/navigation_ws/install/nav2_controller/lib:/home/unitree/navigation_ws/install/dwb_plugins/lib:/home/unitree/navigation_ws/install/dwb_critics/lib:/home/unitree/navigation_ws/install/dwb_core/lib:/home/unitree/navigation_ws/install/nav_2d_utils/lib:/home/unitree/navigation_ws/install/dwb_msgs/lib:/home/unitree/navigation_ws/install/nav_2d_msgs/lib:/home/unitree/navigation_ws/install/nav2_waypoint_follower/lib:/home/unitree/navigation_ws/install/nav2_regulated_pure_pursuit_controller/lib:/home/unitree/navigation_ws/install/nav2_recoveries/lib:/home/unitree/navigation_ws/install/nav2_planner/lib:/home/unitree/navigation_ws/install/nav2_navfn_planner/lib:/home/unitree/navigation_ws/install/costmap_queue/lib:/home/unitree/navigation_ws/install/nav2_costmap_2d/lib:/home/unitree/navigation_ws/install/nav2_voxel_grid/lib:/home/unitree/navigation_ws/install/nav2_map_server/lib:/home/unitree/navigation_ws/install/nav2_lifecycle_manager/lib:/home/unitree/navigation_ws/install/nav2_bt_navigator/lib:/home/unitree/navigation_ws/install/nav2_behavior_tree/lib:/home/unitree/navigation_ws/install/nav2_amcl/lib:/home/unitree/navigation_ws/install/nav2_util/lib:/home/unitree/navigation_ws/install/nav2_msgs/lib:/home/unitree/navigation_ws/install/loam_interface/lib:/home/unitree/navigation_ws/install/fast_lio/lib:/home/unitree/navigation_ws/install/livox_ros_driver2/lib:/home/unitree/navigation_ws/install/behaviortree_cpp/lib:/usr/local/cuda-11.4/lib64:/usr/local/lib:/home/unitree/cyclonedds_ws/install/rmw_cyclonedds_cpp/lib:/home/unitree/cyclonedds_ws/install/cyclonedds/lib:/opt/ros/foxy/opt/yaml_cpp_vendor/lib:/opt/ros/foxy/opt/rviz_ogre_vendor/lib:/opt/ros/foxy/lib/aarch64-linux-gnu:/opt/ros/foxy/lib:/usr/local/cuda-11.4/lib64 /usr/bin/cmake --install /home/unitree/navigation_ws/build/linefit_ground_segmentation_ros
[2.955s] Level 1:colcon.colcon_core.environment:checking '/home/unitree/navigation_ws/install/linefit_ground_segmentation_ros' for CMake config files
[2.956s] Level 1:colcon.colcon_core.shell:create_environment_hook('linefit_ground_segmentation_ros', 'cmake_prefix_path')
[2.956s] INFO:colcon.colcon_core.shell:Creating environment hook '/home/unitree/navigation_ws/install/linefit_ground_segmentation_ros/share/linefit_ground_segmentation_ros/hook/cmake_prefix_path.ps1'
[2.958s] INFO:colcon.colcon_core.shell:Creating environment descriptor '/home/unitree/navigation_ws/install/linefit_ground_segmentation_ros/share/linefit_ground_segmentation_ros/hook/cmake_prefix_path.dsv'
[2.958s] INFO:colcon.colcon_core.shell:Creating environment hook '/home/unitree/navigation_ws/install/linefit_ground_segmentation_ros/share/linefit_ground_segmentation_ros/hook/cmake_prefix_path.sh'
[2.960s] Level 1:colcon.colcon_core.environment:checking '/home/unitree/navigation_ws/install/linefit_ground_segmentation_ros/lib'
[2.960s] Level 1:colcon.colcon_core.environment:checking '/home/unitree/navigation_ws/install/linefit_ground_segmentation_ros/bin'
[2.960s] Level 1:colcon.colcon_core.environment:checking '/home/unitree/navigation_ws/install/linefit_ground_segmentation_ros/lib/pkgconfig/linefit_ground_segmentation_ros.pc'
[2.960s] Level 1:colcon.colcon_core.environment:checking '/home/unitree/navigation_ws/install/linefit_ground_segmentation_ros/lib/python3.8/site-packages'
[2.961s] Level 1:colcon.colcon_core.environment:checking '/home/unitree/navigation_ws/install/linefit_ground_segmentation_ros/bin'
[2.961s] INFO:colcon.colcon_core.shell:Creating package script '/home/unitree/navigation_ws/install/linefit_ground_segmentation_ros/share/linefit_ground_segmentation_ros/package.ps1'
[2.962s] INFO:colcon.colcon_core.shell:Creating package descriptor '/home/unitree/navigation_ws/install/linefit_ground_segmentation_ros/share/linefit_ground_segmentation_ros/package.dsv'
[2.964s] INFO:colcon.colcon_core.shell:Creating package script '/home/unitree/navigation_ws/install/linefit_ground_segmentation_ros/share/linefit_ground_segmentation_ros/package.sh'
[2.965s] INFO:colcon.colcon_core.shell:Creating package script '/home/unitree/navigation_ws/install/linefit_ground_segmentation_ros/share/linefit_ground_segmentation_ros/package.bash'
[2.966s] INFO:colcon.colcon_core.shell:Creating package script '/home/unitree/navigation_ws/install/linefit_ground_segmentation_ros/share/linefit_ground_segmentation_ros/package.zsh'
[2.967s] Level 1:colcon.colcon_core.environment:create_file_with_runtime_dependencies(/home/unitree/navigation_ws/install/linefit_ground_segmentation_ros/share/colcon-core/packages/linefit_ground_segmentation_ros)
[2.994s] Level 1:colcon.colcon_core.environment:create_environment_scripts_only(nav2_voxel_grid)
[2.995s] Level 1:colcon.colcon_core.environment:checking '/home/unitree/navigation_ws/install/nav2_voxel_grid' for CMake module files
[2.996s] Level 1:colcon.colcon_core.environment:checking '/home/unitree/navigation_ws/install/nav2_voxel_grid' for CMake config files
[2.996s] Level 1:colcon.colcon_core.shell:create_environment_hook('nav2_voxel_grid', 'cmake_prefix_path')
[2.997s] INFO:colcon.colcon_core.shell:Creating environment hook '/home/unitree/navigation_ws/install/nav2_voxel_grid/share/nav2_voxel_grid/hook/cmake_prefix_path.ps1'
[2.998s] INFO:colcon.colcon_core.shell:Creating environment descriptor '/home/unitree/navigation_ws/install/nav2_voxel_grid/share/nav2_voxel_grid/hook/cmake_prefix_path.dsv'
[2.999s] INFO:colcon.colcon_core.shell:Creating environment hook '/home/unitree/navigation_ws/install/nav2_voxel_grid/share/nav2_voxel_grid/hook/cmake_prefix_path.sh'
[3.001s] Level 1:colcon.colcon_core.environment:checking '/home/unitree/navigation_ws/install/nav2_voxel_grid/lib'
[3.002s] Level 1:colcon.colcon_core.shell:create_environment_hook('nav2_voxel_grid', 'ld_library_path_lib')
[3.002s] INFO:colcon.colcon_core.shell:Creating environment hook '/home/unitree/navigation_ws/install/nav2_voxel_grid/share/nav2_voxel_grid/hook/ld_library_path_lib.ps1'
[3.003s] INFO:colcon.colcon_core.shell:Creating environment descriptor '/home/unitree/navigation_ws/install/nav2_voxel_grid/share/nav2_voxel_grid/hook/ld_library_path_lib.dsv'
[3.004s] INFO:colcon.colcon_core.shell:Creating environment hook '/home/unitree/navigation_ws/install/nav2_voxel_grid/share/nav2_voxel_grid/hook/ld_library_path_lib.sh'
[3.004s] Level 1:colcon.colcon_core.environment:checking '/home/unitree/navigation_ws/install/nav2_voxel_grid/bin'
[3.005s] Level 1:colcon.colcon_core.environment:checking '/home/unitree/navigation_ws/install/nav2_voxel_grid/lib/pkgconfig/nav2_voxel_grid.pc'
[3.005s] Level 1:colcon.colcon_core.environment:checking '/home/unitree/navigation_ws/install/nav2_voxel_grid/lib/python3.8/site-packages'
[3.005s] Level 1:colcon.colcon_core.environment:checking '/home/unitree/navigation_ws/install/nav2_voxel_grid/bin'
[3.006s] INFO:colcon.colcon_core.shell:Creating package script '/home/unitree/navigation_ws/install/nav2_voxel_grid/share/nav2_voxel_grid/package.ps1'
[3.007s] INFO:colcon.colcon_core.shell:Creating package descriptor '/home/unitree/navigation_ws/install/nav2_voxel_grid/share/nav2_voxel_grid/package.dsv'
[3.008s] INFO:colcon.colcon_core.shell:Creating package script '/home/unitree/navigation_ws/install/nav2_voxel_grid/share/nav2_voxel_grid/package.sh'
[3.009s] INFO:colcon.colcon_core.shell:Creating package script '/home/unitree/navigation_ws/install/nav2_voxel_grid/share/nav2_voxel_grid/package.bash'
[3.010s] INFO:colcon.colcon_core.shell:Creating package script '/home/unitree/navigation_ws/install/nav2_voxel_grid/share/nav2_voxel_grid/package.zsh'
[3.011s] Level 1:colcon.colcon_core.environment:create_file_with_runtime_dependencies(/home/unitree/navigation_ws/install/nav2_voxel_grid/share/colcon-core/packages/nav2_voxel_grid)
[3.024s] DEBUG:colcon.colcon_core.event_handler.log_command:Invoking command in '/home/unitree/navigation_ws/build/livox_ros_driver2': CMAKE_PREFIX_PATH=${CMAKE_PREFIX_PATH}:/opt/ros/foxy /usr/bin/cmake --install /home/unitree/navigation_ws/build/livox_ros_driver2
[3.029s] Level 1:colcon.colcon_core.environment:create_environment_scripts_only(bringup)
[3.029s] Level 1:colcon.colcon_core.environment:checking '/home/unitree/navigation_ws/install/bringup' for CMake module files
[3.030s] Level 1:colcon.colcon_core.environment:checking '/home/unitree/navigation_ws/install/bringup' for CMake config files
[3.031s] Level 1:colcon.colcon_core.shell:create_environment_hook('bringup', 'cmake_prefix_path')
[3.032s] INFO:colcon.colcon_core.shell:Creating environment hook '/home/unitree/navigation_ws/install/bringup/share/bringup/hook/cmake_prefix_path.ps1'
[3.033s] INFO:colcon.colcon_core.shell:Creating environment descriptor '/home/unitree/navigation_ws/install/bringup/share/bringup/hook/cmake_prefix_path.dsv'
[3.033s] INFO:colcon.colcon_core.shell:Creating environment hook '/home/unitree/navigation_ws/install/bringup/share/bringup/hook/cmake_prefix_path.sh'
[3.034s] Level 1:colcon.colcon_core.environment:checking '/home/unitree/navigation_ws/install/bringup/bin'
[3.035s] Level 1:colcon.colcon_core.environment:checking '/home/unitree/navigation_ws/install/bringup/lib/pkgconfig/bringup.pc'
[3.035s] Level 1:colcon.colcon_core.environment:checking '/home/unitree/navigation_ws/install/bringup/lib/python3.8/site-packages'
[3.035s] Level 1:colcon.colcon_core.environment:checking '/home/unitree/navigation_ws/install/bringup/bin'
[3.036s] INFO:colcon.colcon_core.shell:Creating package script '/home/unitree/navigation_ws/install/bringup/share/bringup/package.ps1'
[3.038s] INFO:colcon.colcon_core.shell:Creating package descriptor '/home/unitree/navigation_ws/install/bringup/share/bringup/package.dsv'
[3.038s] INFO:colcon.colcon_core.shell:Creating package script '/home/unitree/navigation_ws/install/bringup/share/bringup/package.sh'
[3.039s] INFO:colcon.colcon_core.shell:Creating package script '/home/unitree/navigation_ws/install/bringup/share/bringup/package.bash'
[3.040s] INFO:colcon.colcon_core.shell:Creating package script '/home/unitree/navigation_ws/install/bringup/share/bringup/package.zsh'
[3.040s] Level 1:colcon.colcon_core.environment:create_file_with_runtime_dependencies(/home/unitree/navigation_ws/install/bringup/share/colcon-core/packages/bringup)
[3.044s] DEBUG:colcon.colcon_core.event_handler.log_command:Invoking command in '/home/unitree/navigation_ws/build/nav_2d_msgs': CMAKE_PREFIX_PATH=${CMAKE_PREFIX_PATH}:/opt/ros/foxy /usr/bin/cmake --install /home/unitree/navigation_ws/build/nav_2d_msgs
[3.070s] DEBUG:colcon.colcon_core.event_handler.log_command:Invoked command in '/home/unitree/navigation_ws/build/nav2_msgs' returned '0': CMAKE_PREFIX_PATH=/home/unitree/navigation_ws/install/nav2_common:/home/unitree/navigation_ws/install/nav2_bringup:/home/unitree/navigation_ws/install/navigation2:/home/unitree/navigation_ws/install/smac_planner:/home/unitree/navigation_ws/install/rm_autonomy:/home/unitree/navigation_ws/install/rm_autonomy_interfaces:/home/unitree/navigation_ws/install/bringup:/home/unitree/navigation_ws/install/pointcloud_to_laserscan:/home/unitree/navigation_ws/install/nav2_dwb_controller:/home/unitree/navigation_ws/install/nav2_controller:/home/unitree/navigation_ws/install/dwb_plugins:/home/unitree/navigation_ws/install/dwb_critics:/home/unitree/navigation_ws/install/dwb_core:/home/unitree/navigation_ws/install/nav_2d_utils:/home/unitree/navigation_ws/install/dwb_msgs:/home/unitree/navigation_ws/install/nav_2d_msgs:/home/unitree/navigation_ws/install/nav2_waypoint_follower:/home/unitree/navigation_ws/install/nav2_regulated_pure_pursuit_controller:/home/unitree/navigation_ws/install/nav2_recoveries:/home/unitree/navigation_ws/install/nav2_planner:/home/unitree/navigation_ws/install/nav2_navfn_planner:/home/unitree/navigation_ws/install/nav2_core:/home/unitree/navigation_ws/install/costmap_queue:/home/unitree/navigation_ws/install/nav2_costmap_2d:/home/unitree/navigation_ws/install/nav2_voxel_grid:/home/unitree/navigation_ws/install/nav2_map_server:/home/unitree/navigation_ws/install/nav2_lifecycle_manager:/home/unitree/navigation_ws/install/nav2_bt_navigator:/home/unitree/navigation_ws/install/nav2_behavior_tree:/home/unitree/navigation_ws/install/nav2_amcl:/home/unitree/navigation_ws/install/nav2_util:/home/unitree/navigation_ws/install/nav2_msgs:/home/unitree/navigation_ws/install/loam_interface:/home/unitree/navigation_ws/install/fast_lio:/home/unitree/navigation_ws/install/livox_ros_driver2:/home/unitree/navigation_ws/install/linefit_ground_segmentation_ros:/home/unitree/navigation_ws/install/linefit_ground_segmentation:/home/unitree/navigation_ws/install/cmd_vel_processor:/home/unitree/navigation_ws/install/behaviortree_cpp:/home/unitree/cyclonedds_ws/install/rmw_cyclonedds_cpp:/home/unitree/cyclonedds_ws/install/cyclonedds:/opt/ros/foxy PYTHONPATH=/home/unitree/navigation_ws/install/nav2_common/lib/python3.8/site-packages:/home/unitree/navigation_ws/install/rm_autonomy_interfaces/lib/python3.8/site-packages:/home/unitree/navigation_ws/install/dwb_msgs/lib/python3.8/site-packages:/home/unitree/navigation_ws/install/nav_2d_msgs/lib/python3.8/site-packages:/home/unitree/navigation_ws/install/nav2_msgs/lib/python3.8/site-packages:/home/unitree/navigation_ws/install/fast_lio/lib/python3.8/site-packages:/home/unitree/navigation_ws/install/livox_ros_driver2/lib/python3.8/site-packages:/opt/ros/foxy/lib/python3.8/site-packages /usr/bin/cmake --build /home/unitree/navigation_ws/build/nav2_msgs -- -j8 -l8
[3.085s] Level 1:colcon.colcon_core.environment:create_environment_scripts_only(linefit_ground_segmentation_ros)
[3.086s] Level 1:colcon.colcon_core.environment:checking '/home/unitree/navigation_ws/install/linefit_ground_segmentation_ros' for CMake module files
[3.087s] Level 1:colcon.colcon_core.environment:checking '/home/unitree/navigation_ws/install/linefit_ground_segmentation_ros' for CMake config files
[3.087s] Level 1:colcon.colcon_core.shell:create_environment_hook('linefit_ground_segmentation_ros', 'cmake_prefix_path')
[3.088s] INFO:colcon.colcon_core.shell:Creating environment hook '/home/unitree/navigation_ws/install/linefit_ground_segmentation_ros/share/linefit_ground_segmentation_ros/hook/cmake_prefix_path.ps1'
[3.089s] INFO:colcon.colcon_core.shell:Creating environment descriptor '/home/unitree/navigation_ws/install/linefit_ground_segmentation_ros/share/linefit_ground_segmentation_ros/hook/cmake_prefix_path.dsv'
[3.090s] INFO:colcon.colcon_core.shell:Creating environment hook '/home/unitree/navigation_ws/install/linefit_ground_segmentation_ros/share/linefit_ground_segmentation_ros/hook/cmake_prefix_path.sh'
[3.092s] Level 1:colcon.colcon_core.environment:checking '/home/unitree/navigation_ws/install/linefit_ground_segmentation_ros/lib'
[3.092s] Level 1:colcon.colcon_core.environment:checking '/home/unitree/navigation_ws/install/linefit_ground_segmentation_ros/bin'
[3.092s] Level 1:colcon.colcon_core.environment:checking '/home/unitree/navigation_ws/install/linefit_ground_segmentation_ros/lib/pkgconfig/linefit_ground_segmentation_ros.pc'
[3.093s] Level 1:colcon.colcon_core.environment:checking '/home/unitree/navigation_ws/install/linefit_ground_segmentation_ros/lib/python3.8/site-packages'
[3.093s] Level 1:colcon.colcon_core.environment:checking '/home/unitree/navigation_ws/install/linefit_ground_segmentation_ros/bin'
[3.094s] INFO:colcon.colcon_core.shell:Creating package script '/home/unitree/navigation_ws/install/linefit_ground_segmentation_ros/share/linefit_ground_segmentation_ros/package.ps1'
[3.095s] INFO:colcon.colcon_core.shell:Creating package descriptor '/home/unitree/navigation_ws/install/linefit_ground_segmentation_ros/share/linefit_ground_segmentation_ros/package.dsv'
[3.098s] INFO:colcon.colcon_core.shell:Creating package script '/home/unitree/navigation_ws/install/linefit_ground_segmentation_ros/share/linefit_ground_segmentation_ros/package.sh'
[3.104s] INFO:colcon.colcon_core.shell:Creating package script '/home/unitree/navigation_ws/install/linefit_ground_segmentation_ros/share/linefit_ground_segmentation_ros/package.bash'
[3.106s] INFO:colcon.colcon_core.shell:Creating package script '/home/unitree/navigation_ws/install/linefit_ground_segmentation_ros/share/linefit_ground_segmentation_ros/package.zsh'
[3.108s] Level 1:colcon.colcon_core.environment:create_file_with_runtime_dependencies(/home/unitree/navigation_ws/install/linefit_ground_segmentation_ros/share/colcon-core/packages/linefit_ground_segmentation_ros)
[3.135s] DEBUG:colcon.colcon_core.event_handler.log_command:Invoking command in '/home/unitree/navigation_ws/build/behaviortree_cpp': CMAKE_PREFIX_PATH=${CMAKE_PREFIX_PATH}:/opt/ros/foxy /usr/bin/cmake --install /home/unitree/navigation_ws/build/behaviortree_cpp
[3.197s] Level 1:colcon.colcon_core.environment:create_environment_scripts_only(livox_ros_driver2)
[3.198s] Level 1:colcon.colcon_core.environment:checking '/home/unitree/navigation_ws/install/livox_ros_driver2' for CMake module files
[3.199s] Level 1:colcon.colcon_core.environment:checking '/home/unitree/navigation_ws/install/livox_ros_driver2' for CMake config files
[3.200s] Level 1:colcon.colcon_core.shell:create_environment_hook('livox_ros_driver2', 'cmake_prefix_path')
[3.201s] INFO:colcon.colcon_core.shell:Creating environment hook '/home/unitree/navigation_ws/install/livox_ros_driver2/share/livox_ros_driver2/hook/cmake_prefix_path.ps1'
[3.203s] INFO:colcon.colcon_core.shell:Creating environment descriptor '/home/unitree/navigation_ws/install/livox_ros_driver2/share/livox_ros_driver2/hook/cmake_prefix_path.dsv'
[3.205s] INFO:colcon.colcon_core.shell:Creating environment hook '/home/unitree/navigation_ws/install/livox_ros_driver2/share/livox_ros_driver2/hook/cmake_prefix_path.sh'
[3.206s] Level 1:colcon.colcon_core.environment:checking '/home/unitree/navigation_ws/install/livox_ros_driver2/lib'
[3.207s] Level 1:colcon.colcon_core.shell:create_environment_hook('livox_ros_driver2', 'ld_library_path_lib')
[3.207s] INFO:colcon.colcon_core.shell:Creating environment hook '/home/unitree/navigation_ws/install/livox_ros_driver2/share/livox_ros_driver2/hook/ld_library_path_lib.ps1'
[3.208s] INFO:colcon.colcon_core.shell:Creating environment descriptor '/home/unitree/navigation_ws/install/livox_ros_driver2/share/livox_ros_driver2/hook/ld_library_path_lib.dsv'
[3.209s] INFO:colcon.colcon_core.shell:Creating environment hook '/home/unitree/navigation_ws/install/livox_ros_driver2/share/livox_ros_driver2/hook/ld_library_path_lib.sh'
[3.210s] Level 1:colcon.colcon_core.environment:checking '/home/unitree/navigation_ws/install/livox_ros_driver2/bin'
[3.210s] Level 1:colcon.colcon_core.environment:checking '/home/unitree/navigation_ws/install/livox_ros_driver2/lib/pkgconfig/livox_ros_driver2.pc'
[3.211s] Level 1:colcon.colcon_core.environment:checking '/home/unitree/navigation_ws/install/livox_ros_driver2/lib/python3.8/site-packages'
[3.211s] Level 1:colcon.colcon_core.shell:create_environment_hook('livox_ros_driver2', 'pythonpath')
[3.211s] INFO:colcon.colcon_core.shell:Creating environment hook '/home/unitree/navigation_ws/install/livox_ros_driver2/share/livox_ros_driver2/hook/pythonpath.ps1'
[3.212s] INFO:colcon.colcon_core.shell:Creating environment descriptor '/home/unitree/navigation_ws/install/livox_ros_driver2/share/livox_ros_driver2/hook/pythonpath.dsv'
[3.217s] INFO:colcon.colcon_core.shell:Creating environment hook '/home/unitree/navigation_ws/install/livox_ros_driver2/share/livox_ros_driver2/hook/pythonpath.sh'
[3.219s] Level 1:colcon.colcon_core.environment:checking '/home/unitree/navigation_ws/install/livox_ros_driver2/bin'
[3.220s] INFO:colcon.colcon_core.shell:Creating package script '/home/unitree/navigation_ws/install/livox_ros_driver2/share/livox_ros_driver2/package.ps1'
[3.221s] INFO:colcon.colcon_core.shell:Creating package descriptor '/home/unitree/navigation_ws/install/livox_ros_driver2/share/livox_ros_driver2/package.dsv'
[3.222s] INFO:colcon.colcon_core.shell:Creating package script '/home/unitree/navigation_ws/install/livox_ros_driver2/share/livox_ros_driver2/package.sh'
[3.224s] INFO:colcon.colcon_core.shell:Creating package script '/home/unitree/navigation_ws/install/livox_ros_driver2/share/livox_ros_driver2/package.bash'
[3.225s] INFO:colcon.colcon_core.shell:Creating package script '/home/unitree/navigation_ws/install/livox_ros_driver2/share/livox_ros_driver2/package.zsh'
[3.230s] Level 1:colcon.colcon_core.environment:create_file_with_runtime_dependencies(/home/unitree/navigation_ws/install/livox_ros_driver2/share/colcon-core/packages/livox_ros_driver2)
[3.245s] Level 1:colcon.colcon_core.environment:create_environment_scripts_only(behaviortree_cpp)
[3.247s] Level 1:colcon.colcon_core.environment:checking '/home/unitree/navigation_ws/install/behaviortree_cpp' for CMake module files
[3.249s] Level 1:colcon.colcon_core.environment:checking '/home/unitree/navigation_ws/install/behaviortree_cpp' for CMake config files
[3.250s] Level 1:colcon.colcon_core.shell:create_environment_hook('behaviortree_cpp', 'cmake_prefix_path')
[3.251s] INFO:colcon.colcon_core.shell:Creating environment hook '/home/unitree/navigation_ws/install/behaviortree_cpp/share/behaviortree_cpp/hook/cmake_prefix_path.ps1'
[3.253s] INFO:colcon.colcon_core.shell:Creating environment descriptor '/home/unitree/navigation_ws/install/behaviortree_cpp/share/behaviortree_cpp/hook/cmake_prefix_path.dsv'
[3.254s] INFO:colcon.colcon_core.shell:Creating environment hook '/home/unitree/navigation_ws/install/behaviortree_cpp/share/behaviortree_cpp/hook/cmake_prefix_path.sh'
[3.256s] Level 1:colcon.colcon_core.environment:checking '/home/unitree/navigation_ws/install/behaviortree_cpp/lib'
[3.256s] Level 1:colcon.colcon_core.shell:create_environment_hook('behaviortree_cpp', 'ld_library_path_lib')
[3.257s] INFO:colcon.colcon_core.shell:Creating environment hook '/home/unitree/navigation_ws/install/behaviortree_cpp/share/behaviortree_cpp/hook/ld_library_path_lib.ps1'
[3.258s] INFO:colcon.colcon_core.shell:Creating environment descriptor '/home/unitree/navigation_ws/install/behaviortree_cpp/share/behaviortree_cpp/hook/ld_library_path_lib.dsv'
[3.259s] INFO:colcon.colcon_core.shell:Creating environment hook '/home/unitree/navigation_ws/install/behaviortree_cpp/share/behaviortree_cpp/hook/ld_library_path_lib.sh'
[3.260s] Level 1:colcon.colcon_core.environment:checking '/home/unitree/navigation_ws/install/behaviortree_cpp/bin'
[3.261s] Level 1:colcon.colcon_core.shell:create_environment_hook('behaviortree_cpp', 'path')
[3.261s] INFO:colcon.colcon_core.shell:Creating environment hook '/home/unitree/navigation_ws/install/behaviortree_cpp/share/behaviortree_cpp/hook/path.ps1'
[3.261s] DEBUG:colcon.colcon_core.event_handler.log_command:Invoked command in '/home/unitree/navigation_ws/build/livox_ros_driver2' returned '0': CMAKE_PREFIX_PATH=${CMAKE_PREFIX_PATH}:/opt/ros/foxy /usr/bin/cmake --install /home/unitree/navigation_ws/build/livox_ros_driver2
[3.262s] INFO:colcon.colcon_core.shell:Creating environment descriptor '/home/unitree/navigation_ws/install/behaviortree_cpp/share/behaviortree_cpp/hook/path.dsv'
[3.263s] INFO:colcon.colcon_core.shell:Creating environment hook '/home/unitree/navigation_ws/install/behaviortree_cpp/share/behaviortree_cpp/hook/path.sh'
[3.264s] Level 1:colcon.colcon_core.environment:checking '/home/unitree/navigation_ws/install/behaviortree_cpp/lib/pkgconfig/behaviortree_cpp.pc'
[3.265s] Level 1:colcon.colcon_core.environment:checking '/home/unitree/navigation_ws/install/behaviortree_cpp/lib/python3.8/site-packages'
[3.265s] Level 1:colcon.colcon_core.environment:checking '/home/unitree/navigation_ws/install/behaviortree_cpp/bin'
[3.266s] Level 1:colcon.colcon_core.shell:create_environment_hook('behaviortree_cpp', 'pythonscriptspath')
[3.266s] INFO:colcon.colcon_core.shell:Creating environment hook '/home/unitree/navigation_ws/install/behaviortree_cpp/share/behaviortree_cpp/hook/pythonscriptspath.ps1'
[3.267s] INFO:colcon.colcon_core.shell:Creating environment descriptor '/home/unitree/navigation_ws/install/behaviortree_cpp/share/behaviortree_cpp/hook/pythonscriptspath.dsv'
[3.268s] INFO:colcon.colcon_core.shell:Creating environment hook '/home/unitree/navigation_ws/install/behaviortree_cpp/share/behaviortree_cpp/hook/pythonscriptspath.sh'
[3.270s] INFO:colcon.colcon_core.shell:Creating package script '/home/unitree/navigation_ws/install/behaviortree_cpp/share/behaviortree_cpp/package.ps1'
[3.271s] INFO:colcon.colcon_core.shell:Creating package descriptor '/home/unitree/navigation_ws/install/behaviortree_cpp/share/behaviortree_cpp/package.dsv'
[3.272s] INFO:colcon.colcon_core.shell:Creating package script '/home/unitree/navigation_ws/install/behaviortree_cpp/share/behaviortree_cpp/package.sh'
[3.274s] INFO:colcon.colcon_core.shell:Creating package script '/home/unitree/navigation_ws/install/behaviortree_cpp/share/behaviortree_cpp/package.bash'
[3.275s] INFO:colcon.colcon_core.shell:Creating package script '/home/unitree/navigation_ws/install/behaviortree_cpp/share/behaviortree_cpp/package.zsh'
[3.276s] Level 1:colcon.colcon_core.environment:create_file_with_runtime_dependencies(/home/unitree/navigation_ws/install/behaviortree_cpp/share/colcon-core/packages/behaviortree_cpp)
[3.278s] DEBUG:colcon.colcon_core.event_handler.log_command:Invoked command in '/home/unitree/navigation_ws/build/behaviortree_cpp' returned '0': CMAKE_PREFIX_PATH=${CMAKE_PREFIX_PATH}:/opt/ros/foxy /usr/bin/cmake --install /home/unitree/navigation_ws/build/behaviortree_cpp
[3.288s] Level 1:colcon.colcon_core.environment:create_environment_scripts_only(nav_2d_msgs)
[3.290s] Level 1:colcon.colcon_core.environment:checking '/home/unitree/navigation_ws/install/nav_2d_msgs' for CMake module files
[3.291s] DEBUG:colcon.colcon_core.event_handler.log_command:Invoked command in '/home/unitree/navigation_ws/build/nav_2d_msgs' returned '0': CMAKE_PREFIX_PATH=${CMAKE_PREFIX_PATH}:/opt/ros/foxy /usr/bin/cmake --install /home/unitree/navigation_ws/build/nav_2d_msgs
[3.292s] Level 1:colcon.colcon_core.environment:checking '/home/unitree/navigation_ws/install/nav_2d_msgs' for CMake config files
[3.293s] Level 1:colcon.colcon_core.shell:create_environment_hook('nav_2d_msgs', 'cmake_prefix_path')
[3.294s] INFO:colcon.colcon_core.shell:Creating environment hook '/home/unitree/navigation_ws/install/nav_2d_msgs/share/nav_2d_msgs/hook/cmake_prefix_path.ps1'
[3.295s] INFO:colcon.colcon_core.shell:Creating environment descriptor '/home/unitree/navigation_ws/install/nav_2d_msgs/share/nav_2d_msgs/hook/cmake_prefix_path.dsv'
[3.295s] INFO:colcon.colcon_core.shell:Creating environment hook '/home/unitree/navigation_ws/install/nav_2d_msgs/share/nav_2d_msgs/hook/cmake_prefix_path.sh'
[3.296s] Level 1:colcon.colcon_core.environment:checking '/home/unitree/navigation_ws/install/nav_2d_msgs/lib'
[3.297s] Level 1:colcon.colcon_core.shell:create_environment_hook('nav_2d_msgs', 'ld_library_path_lib')
[3.297s] INFO:colcon.colcon_core.shell:Creating environment hook '/home/unitree/navigation_ws/install/nav_2d_msgs/share/nav_2d_msgs/hook/ld_library_path_lib.ps1'
[3.298s] INFO:colcon.colcon_core.shell:Creating environment descriptor '/home/unitree/navigation_ws/install/nav_2d_msgs/share/nav_2d_msgs/hook/ld_library_path_lib.dsv'
[3.298s] INFO:colcon.colcon_core.shell:Creating environment hook '/home/unitree/navigation_ws/install/nav_2d_msgs/share/nav_2d_msgs/hook/ld_library_path_lib.sh'
[3.299s] Level 1:colcon.colcon_core.environment:checking '/home/unitree/navigation_ws/install/nav_2d_msgs/bin'
[3.299s] Level 1:colcon.colcon_core.environment:checking '/home/unitree/navigation_ws/install/nav_2d_msgs/lib/pkgconfig/nav_2d_msgs.pc'
[3.299s] Level 1:colcon.colcon_core.environment:checking '/home/unitree/navigation_ws/install/nav_2d_msgs/lib/python3.8/site-packages'
[3.299s] Level 1:colcon.colcon_core.shell:create_environment_hook('nav_2d_msgs', 'pythonpath')
[3.300s] INFO:colcon.colcon_core.shell:Creating environment hook '/home/unitree/navigation_ws/install/nav_2d_msgs/share/nav_2d_msgs/hook/pythonpath.ps1'
[3.301s] INFO:colcon.colcon_core.shell:Creating environment descriptor '/home/unitree/navigation_ws/install/nav_2d_msgs/share/nav_2d_msgs/hook/pythonpath.dsv'
[3.301s] INFO:colcon.colcon_core.shell:Creating environment hook '/home/unitree/navigation_ws/install/nav_2d_msgs/share/nav_2d_msgs/hook/pythonpath.sh'
[3.302s] Level 1:colcon.colcon_core.environment:checking '/home/unitree/navigation_ws/install/nav_2d_msgs/bin'
[3.303s] INFO:colcon.colcon_core.shell:Creating package script '/home/unitree/navigation_ws/install/nav_2d_msgs/share/nav_2d_msgs/package.ps1'
[3.304s] INFO:colcon.colcon_core.shell:Creating package descriptor '/home/unitree/navigation_ws/install/nav_2d_msgs/share/nav_2d_msgs/package.dsv'
[3.304s] INFO:colcon.colcon_core.shell:Creating package script '/home/unitree/navigation_ws/install/nav_2d_msgs/share/nav_2d_msgs/package.sh'
[3.305s] INFO:colcon.colcon_core.shell:Creating package script '/home/unitree/navigation_ws/install/nav_2d_msgs/share/nav_2d_msgs/package.bash'
[3.306s] INFO:colcon.colcon_core.shell:Creating package script '/home/unitree/navigation_ws/install/nav_2d_msgs/share/nav_2d_msgs/package.zsh'
[3.306s] Level 1:colcon.colcon_core.environment:create_file_with_runtime_dependencies(/home/unitree/navigation_ws/install/nav_2d_msgs/share/colcon-core/packages/nav_2d_msgs)
[3.518s] DEBUG:colcon.colcon_core.event_handler.log_command:Invoking command in '/home/unitree/navigation_ws/build/rm_autonomy_interfaces': CMAKE_PREFIX_PATH=${CMAKE_PREFIX_PATH}:/opt/ros/foxy /usr/bin/cmake --install /home/unitree/navigation_ws/build/rm_autonomy_interfaces
[3.566s] Level 1:colcon.colcon_core.environment:create_environment_scripts_only(livox_ros_driver2)
[3.567s] Level 1:colcon.colcon_core.environment:checking '/home/unitree/navigation_ws/install/livox_ros_driver2' for CMake module files
[3.570s] Level 1:colcon.colcon_core.environment:checking '/home/unitree/navigation_ws/install/livox_ros_driver2' for CMake config files
[3.576s] Level 1:colcon.colcon_core.shell:create_environment_hook('livox_ros_driver2', 'cmake_prefix_path')
[3.577s] INFO:colcon.colcon_core.shell:Creating environment hook '/home/unitree/navigation_ws/install/livox_ros_driver2/share/livox_ros_driver2/hook/cmake_prefix_path.ps1'
[3.585s] INFO:colcon.colcon_core.shell:Creating environment descriptor '/home/unitree/navigation_ws/install/livox_ros_driver2/share/livox_ros_driver2/hook/cmake_prefix_path.dsv'
[3.587s] INFO:colcon.colcon_core.shell:Creating environment hook '/home/unitree/navigation_ws/install/livox_ros_driver2/share/livox_ros_driver2/hook/cmake_prefix_path.sh'
[3.589s] Level 1:colcon.colcon_core.environment:checking '/home/unitree/navigation_ws/install/livox_ros_driver2/lib'
[3.591s] Level 1:colcon.colcon_core.shell:create_environment_hook('livox_ros_driver2', 'ld_library_path_lib')
[3.592s] INFO:colcon.colcon_core.shell:Creating environment hook '/home/unitree/navigation_ws/install/livox_ros_driver2/share/livox_ros_driver2/hook/ld_library_path_lib.ps1'
[3.600s] INFO:colcon.colcon_core.shell:Creating environment descriptor '/home/unitree/navigation_ws/install/livox_ros_driver2/share/livox_ros_driver2/hook/ld_library_path_lib.dsv'
[3.602s] INFO:colcon.colcon_core.shell:Creating environment hook '/home/unitree/navigation_ws/install/livox_ros_driver2/share/livox_ros_driver2/hook/ld_library_path_lib.sh'
[3.603s] Level 1:colcon.colcon_core.environment:checking '/home/unitree/navigation_ws/install/livox_ros_driver2/bin'
[3.604s] Level 1:colcon.colcon_core.environment:checking '/home/unitree/navigation_ws/install/livox_ros_driver2/lib/pkgconfig/livox_ros_driver2.pc'
[3.604s] Level 1:colcon.colcon_core.environment:checking '/home/unitree/navigation_ws/install/livox_ros_driver2/lib/python3.8/site-packages'
[3.605s] Level 1:colcon.colcon_core.shell:create_environment_hook('livox_ros_driver2', 'pythonpath')
[3.605s] INFO:colcon.colcon_core.shell:Creating environment hook '/home/unitree/navigation_ws/install/livox_ros_driver2/share/livox_ros_driver2/hook/pythonpath.ps1'
[3.608s] INFO:colcon.colcon_core.shell:Creating environment descriptor '/home/unitree/navigation_ws/install/livox_ros_driver2/share/livox_ros_driver2/hook/pythonpath.dsv'
[3.610s] INFO:colcon.colcon_core.shell:Creating environment hook '/home/unitree/navigation_ws/install/livox_ros_driver2/share/livox_ros_driver2/hook/pythonpath.sh'
[3.617s] Level 1:colcon.colcon_core.environment:checking '/home/unitree/navigation_ws/install/livox_ros_driver2/bin'
[3.619s] INFO:colcon.colcon_core.shell:Creating package script '/home/unitree/navigation_ws/install/livox_ros_driver2/share/livox_ros_driver2/package.ps1'
[3.624s] INFO:colcon.colcon_core.shell:Creating package descriptor '/home/unitree/navigation_ws/install/livox_ros_driver2/share/livox_ros_driver2/package.dsv'
[3.625s] INFO:colcon.colcon_core.shell:Creating package script '/home/unitree/navigation_ws/install/livox_ros_driver2/share/livox_ros_driver2/package.sh'
[3.629s] INFO:colcon.colcon_core.shell:Creating package script '/home/unitree/navigation_ws/install/livox_ros_driver2/share/livox_ros_driver2/package.bash'
[3.631s] INFO:colcon.colcon_core.shell:Creating package script '/home/unitree/navigation_ws/install/livox_ros_driver2/share/livox_ros_driver2/package.zsh'
[3.632s] Level 1:colcon.colcon_core.environment:create_file_with_runtime_dependencies(/home/unitree/navigation_ws/install/livox_ros_driver2/share/colcon-core/packages/livox_ros_driver2)
[3.634s] INFO:colcon.colcon_ros.task.ament_cmake.build:Building ROS package in '/home/unitree/navigation_ws/src/localization/FAST_LIO' with build type 'ament_cmake'
[3.635s] INFO:colcon.colcon_cmake.task.cmake.build:Building CMake package in '/home/unitree/navigation_ws/src/localization/FAST_LIO'
[3.635s] INFO:colcon.colcon_core.shell:Skip shell extension 'powershell' for command environment: Not usable outside of PowerShell
[3.635s] DEBUG:colcon.colcon_core.shell:Skip shell extension 'dsv' for command environment
[3.654s] INFO:colcon.colcon_ros.task.ament_cmake.build:Building ROS package in '/home/unitree/navigation_ws/src/localization/loam_interface' with build type 'ament_cmake'
[3.655s] INFO:colcon.colcon_cmake.task.cmake.build:Building CMake package in '/home/unitree/navigation_ws/src/localization/loam_interface'
[3.656s] INFO:colcon.colcon_core.shell:Skip shell extension 'powershell' for command environment: Not usable outside of PowerShell
[3.656s] DEBUG:colcon.colcon_core.shell:Skip shell extension 'dsv' for command environment
[3.696s] DEBUG:colcon.colcon_core.event_handler.log_command:Invoking command in '/home/unitree/navigation_ws/build/fast_lio': CMAKE_PREFIX_PATH=/home/unitree/navigation_ws/install/livox_ros_driver2:/home/unitree/navigation_ws/install/nav2_bringup:/home/unitree/navigation_ws/install/navigation2:/home/unitree/navigation_ws/install/smac_planner:/home/unitree/navigation_ws/install/rm_autonomy:/home/unitree/navigation_ws/install/rm_autonomy_interfaces:/home/unitree/navigation_ws/install/bringup:/home/unitree/navigation_ws/install/pointcloud_to_laserscan:/home/unitree/navigation_ws/install/nav2_dwb_controller:/home/unitree/navigation_ws/install/nav2_controller:/home/unitree/navigation_ws/install/dwb_plugins:/home/unitree/navigation_ws/install/dwb_critics:/home/unitree/navigation_ws/install/dwb_core:/home/unitree/navigation_ws/install/nav_2d_utils:/home/unitree/navigation_ws/install/dwb_msgs:/home/unitree/navigation_ws/install/nav_2d_msgs:/home/unitree/navigation_ws/install/nav2_waypoint_follower:/home/unitree/navigation_ws/install/nav2_regulated_pure_pursuit_controller:/home/unitree/navigation_ws/install/nav2_recoveries:/home/unitree/navigation_ws/install/nav2_planner:/home/unitree/navigation_ws/install/nav2_navfn_planner:/home/unitree/navigation_ws/install/nav2_core:/home/unitree/navigation_ws/install/costmap_queue:/home/unitree/navigation_ws/install/nav2_costmap_2d:/home/unitree/navigation_ws/install/nav2_voxel_grid:/home/unitree/navigation_ws/install/nav2_map_server:/home/unitree/navigation_ws/install/nav2_lifecycle_manager:/home/unitree/navigation_ws/install/nav2_bt_navigator:/home/unitree/navigation_ws/install/nav2_behavior_tree:/home/unitree/navigation_ws/install/nav2_amcl:/home/unitree/navigation_ws/install/nav2_util:/home/unitree/navigation_ws/install/nav2_msgs:/home/unitree/navigation_ws/install/nav2_common:/home/unitree/navigation_ws/install/loam_interface:/home/unitree/navigation_ws/install/fast_lio:/home/unitree/navigation_ws/install/linefit_ground_segmentation_ros:/home/unitree/navigation_ws/install/linefit_ground_segmentation:/home/unitree/navigation_ws/install/cmd_vel_processor:/home/unitree/navigation_ws/install/behaviortree_cpp:/home/unitree/cyclonedds_ws/install/rmw_cyclonedds_cpp:/home/unitree/cyclonedds_ws/install/cyclonedds:/opt/ros/foxy LD_LIBRARY_PATH=/home/unitree/navigation_ws/install/livox_ros_driver2/lib:/home/unitree/navigation_ws/install/smac_planner/lib:/home/unitree/navigation_ws/install/rm_autonomy/lib:/home/unitree/navigation_ws/install/rm_autonomy_interfaces/lib:/home/unitree/navigation_ws/install/pointcloud_to_laserscan/lib:/home/unitree/navigation_ws/install/nav2_controller/lib:/home/unitree/navigation_ws/install/dwb_plugins/lib:/home/unitree/navigation_ws/install/dwb_critics/lib:/home/unitree/navigation_ws/install/dwb_core/lib:/home/unitree/navigation_ws/install/nav_2d_utils/lib:/home/unitree/navigation_ws/install/dwb_msgs/lib:/home/unitree/navigation_ws/install/nav_2d_msgs/lib:/home/unitree/navigation_ws/install/nav2_waypoint_follower/lib:/home/unitree/navigation_ws/install/nav2_regulated_pure_pursuit_controller/lib:/home/unitree/navigation_ws/install/nav2_recoveries/lib:/home/unitree/navigation_ws/install/nav2_planner/lib:/home/unitree/navigation_ws/install/nav2_navfn_planner/lib:/home/unitree/navigation_ws/install/costmap_queue/lib:/home/unitree/navigation_ws/install/nav2_costmap_2d/lib:/home/unitree/navigation_ws/install/nav2_voxel_grid/lib:/home/unitree/navigation_ws/install/nav2_map_server/lib:/home/unitree/navigation_ws/install/nav2_lifecycle_manager/lib:/home/unitree/navigation_ws/install/nav2_bt_navigator/lib:/home/unitree/navigation_ws/install/nav2_behavior_tree/lib:/home/unitree/navigation_ws/install/nav2_amcl/lib:/home/unitree/navigation_ws/install/nav2_util/lib:/home/unitree/navigation_ws/install/nav2_msgs/lib:/home/unitree/navigation_ws/install/loam_interface/lib:/home/unitree/navigation_ws/install/fast_lio/lib:/home/unitree/navigation_ws/install/linefit_ground_segmentation/lib:/home/unitree/navigation_ws/install/behaviortree_cpp/lib:/usr/local/cuda-11.4/lib64:/usr/local/lib:/home/unitree/cyclonedds_ws/install/rmw_cyclonedds_cpp/lib:/home/unitree/cyclonedds_ws/install/cyclonedds/lib:/opt/ros/foxy/opt/yaml_cpp_vendor/lib:/opt/ros/foxy/opt/rviz_ogre_vendor/lib:/opt/ros/foxy/lib/aarch64-linux-gnu:/opt/ros/foxy/lib:/usr/local/cuda-11.4/lib64 PYTHONPATH=/home/unitree/navigation_ws/install/livox_ros_driver2/lib/python3.8/site-packages:/home/unitree/navigation_ws/install/rm_autonomy_interfaces/lib/python3.8/site-packages:/home/unitree/navigation_ws/install/dwb_msgs/lib/python3.8/site-packages:/home/unitree/navigation_ws/install/nav_2d_msgs/lib/python3.8/site-packages:/home/unitree/navigation_ws/install/nav2_msgs/lib/python3.8/site-packages:/home/unitree/navigation_ws/install/nav2_common/lib/python3.8/site-packages:/home/unitree/navigation_ws/install/fast_lio/lib/python3.8/site-packages:/opt/ros/foxy/lib/python3.8/site-packages /usr/bin/cmake --build /home/unitree/navigation_ws/build/fast_lio -- -j8 -l8
[3.707s] DEBUG:colcon.colcon_core.event_handler.log_command:Invoking command in '/home/unitree/navigation_ws/build/loam_interface': CMAKE_PREFIX_PATH=/home/unitree/navigation_ws/install/livox_ros_driver2:/home/unitree/navigation_ws/install/nav2_bringup:/home/unitree/navigation_ws/install/navigation2:/home/unitree/navigation_ws/install/smac_planner:/home/unitree/navigation_ws/install/rm_autonomy:/home/unitree/navigation_ws/install/rm_autonomy_interfaces:/home/unitree/navigation_ws/install/bringup:/home/unitree/navigation_ws/install/pointcloud_to_laserscan:/home/unitree/navigation_ws/install/nav2_dwb_controller:/home/unitree/navigation_ws/install/nav2_controller:/home/unitree/navigation_ws/install/dwb_plugins:/home/unitree/navigation_ws/install/dwb_critics:/home/unitree/navigation_ws/install/dwb_core:/home/unitree/navigation_ws/install/nav_2d_utils:/home/unitree/navigation_ws/install/dwb_msgs:/home/unitree/navigation_ws/install/nav_2d_msgs:/home/unitree/navigation_ws/install/nav2_waypoint_follower:/home/unitree/navigation_ws/install/nav2_regulated_pure_pursuit_controller:/home/unitree/navigation_ws/install/nav2_recoveries:/home/unitree/navigation_ws/install/nav2_planner:/home/unitree/navigation_ws/install/nav2_navfn_planner:/home/unitree/navigation_ws/install/nav2_core:/home/unitree/navigation_ws/install/costmap_queue:/home/unitree/navigation_ws/install/nav2_costmap_2d:/home/unitree/navigation_ws/install/nav2_voxel_grid:/home/unitree/navigation_ws/install/nav2_map_server:/home/unitree/navigation_ws/install/nav2_lifecycle_manager:/home/unitree/navigation_ws/install/nav2_bt_navigator:/home/unitree/navigation_ws/install/nav2_behavior_tree:/home/unitree/navigation_ws/install/nav2_amcl:/home/unitree/navigation_ws/install/nav2_util:/home/unitree/navigation_ws/install/nav2_msgs:/home/unitree/navigation_ws/install/nav2_common:/home/unitree/navigation_ws/install/loam_interface:/home/unitree/navigation_ws/install/fast_lio:/home/unitree/navigation_ws/install/linefit_ground_segmentation_ros:/home/unitree/navigation_ws/install/linefit_ground_segmentation:/home/unitree/navigation_ws/install/cmd_vel_processor:/home/unitree/navigation_ws/install/behaviortree_cpp:/home/unitree/cyclonedds_ws/install/rmw_cyclonedds_cpp:/home/unitree/cyclonedds_ws/install/cyclonedds:/opt/ros/foxy LD_LIBRARY_PATH=/home/unitree/navigation_ws/install/livox_ros_driver2/lib:/home/unitree/navigation_ws/install/smac_planner/lib:/home/unitree/navigation_ws/install/rm_autonomy/lib:/home/unitree/navigation_ws/install/rm_autonomy_interfaces/lib:/home/unitree/navigation_ws/install/pointcloud_to_laserscan/lib:/home/unitree/navigation_ws/install/nav2_controller/lib:/home/unitree/navigation_ws/install/dwb_plugins/lib:/home/unitree/navigation_ws/install/dwb_critics/lib:/home/unitree/navigation_ws/install/dwb_core/lib:/home/unitree/navigation_ws/install/nav_2d_utils/lib:/home/unitree/navigation_ws/install/dwb_msgs/lib:/home/unitree/navigation_ws/install/nav_2d_msgs/lib:/home/unitree/navigation_ws/install/nav2_waypoint_follower/lib:/home/unitree/navigation_ws/install/nav2_regulated_pure_pursuit_controller/lib:/home/unitree/navigation_ws/install/nav2_recoveries/lib:/home/unitree/navigation_ws/install/nav2_planner/lib:/home/unitree/navigation_ws/install/nav2_navfn_planner/lib:/home/unitree/navigation_ws/install/costmap_queue/lib:/home/unitree/navigation_ws/install/nav2_costmap_2d/lib:/home/unitree/navigation_ws/install/nav2_voxel_grid/lib:/home/unitree/navigation_ws/install/nav2_map_server/lib:/home/unitree/navigation_ws/install/nav2_lifecycle_manager/lib:/home/unitree/navigation_ws/install/nav2_bt_navigator/lib:/home/unitree/navigation_ws/install/nav2_behavior_tree/lib:/home/unitree/navigation_ws/install/nav2_amcl/lib:/home/unitree/navigation_ws/install/nav2_util/lib:/home/unitree/navigation_ws/install/nav2_msgs/lib:/home/unitree/navigation_ws/install/loam_interface/lib:/home/unitree/navigation_ws/install/fast_lio/lib:/home/unitree/navigation_ws/install/linefit_ground_segmentation/lib:/home/unitree/navigation_ws/install/behaviortree_cpp/lib:/usr/local/cuda-11.4/lib64:/usr/local/lib:/home/unitree/cyclonedds_ws/install/rmw_cyclonedds_cpp/lib:/home/unitree/cyclonedds_ws/install/cyclonedds/lib:/opt/ros/foxy/opt/yaml_cpp_vendor/lib:/opt/ros/foxy/opt/rviz_ogre_vendor/lib:/opt/ros/foxy/lib/aarch64-linux-gnu:/opt/ros/foxy/lib:/usr/local/cuda-11.4/lib64 PYTHONPATH=/home/unitree/navigation_ws/install/livox_ros_driver2/lib/python3.8/site-packages:/home/unitree/navigation_ws/install/rm_autonomy_interfaces/lib/python3.8/site-packages:/home/unitree/navigation_ws/install/dwb_msgs/lib/python3.8/site-packages:/home/unitree/navigation_ws/install/nav_2d_msgs/lib/python3.8/site-packages:/home/unitree/navigation_ws/install/nav2_msgs/lib/python3.8/site-packages:/home/unitree/navigation_ws/install/nav2_common/lib/python3.8/site-packages:/home/unitree/navigation_ws/install/fast_lio/lib/python3.8/site-packages:/opt/ros/foxy/lib/python3.8/site-packages /usr/bin/cmake --build /home/unitree/navigation_ws/build/loam_interface -- -j8 -l8
[3.740s] Level 1:colcon.colcon_core.environment:create_environment_scripts_only(rm_autonomy_interfaces)
[3.741s] Level 1:colcon.colcon_core.environment:checking '/home/unitree/navigation_ws/install/rm_autonomy_interfaces' for CMake module files
[3.742s] DEBUG:colcon.colcon_core.event_handler.log_command:Invoked command in '/home/unitree/navigation_ws/build/rm_autonomy_interfaces' returned '0': CMAKE_PREFIX_PATH=${CMAKE_PREFIX_PATH}:/opt/ros/foxy /usr/bin/cmake --install /home/unitree/navigation_ws/build/rm_autonomy_interfaces
[3.743s] Level 1:colcon.colcon_core.environment:checking '/home/unitree/navigation_ws/install/rm_autonomy_interfaces' for CMake config files
[3.745s] Level 1:colcon.colcon_core.shell:create_environment_hook('rm_autonomy_interfaces', 'cmake_prefix_path')
[3.745s] INFO:colcon.colcon_core.shell:Creating environment hook '/home/unitree/navigation_ws/install/rm_autonomy_interfaces/share/rm_autonomy_interfaces/hook/cmake_prefix_path.ps1'
[3.747s] INFO:colcon.colcon_core.shell:Creating environment descriptor '/home/unitree/navigation_ws/install/rm_autonomy_interfaces/share/rm_autonomy_interfaces/hook/cmake_prefix_path.dsv'
[3.747s] INFO:colcon.colcon_core.shell:Creating environment hook '/home/unitree/navigation_ws/install/rm_autonomy_interfaces/share/rm_autonomy_interfaces/hook/cmake_prefix_path.sh'
[3.749s] Level 1:colcon.colcon_core.environment:checking '/home/unitree/navigation_ws/install/rm_autonomy_interfaces/lib'
[3.749s] Level 1:colcon.colcon_core.shell:create_environment_hook('rm_autonomy_interfaces', 'ld_library_path_lib')
[3.749s] INFO:colcon.colcon_core.shell:Creating environment hook '/home/unitree/navigation_ws/install/rm_autonomy_interfaces/share/rm_autonomy_interfaces/hook/ld_library_path_lib.ps1'
[3.750s] INFO:colcon.colcon_core.shell:Creating environment descriptor '/home/unitree/navigation_ws/install/rm_autonomy_interfaces/share/rm_autonomy_interfaces/hook/ld_library_path_lib.dsv'
[3.750s] INFO:colcon.colcon_core.shell:Creating environment hook '/home/unitree/navigation_ws/install/rm_autonomy_interfaces/share/rm_autonomy_interfaces/hook/ld_library_path_lib.sh'
[3.751s] Level 1:colcon.colcon_core.environment:checking '/home/unitree/navigation_ws/install/rm_autonomy_interfaces/bin'
[3.751s] Level 1:colcon.colcon_core.environment:checking '/home/unitree/navigation_ws/install/rm_autonomy_interfaces/lib/pkgconfig/rm_autonomy_interfaces.pc'
[3.752s] Level 1:colcon.colcon_core.environment:checking '/home/unitree/navigation_ws/install/rm_autonomy_interfaces/lib/python3.8/site-packages'
[3.752s] Level 1:colcon.colcon_core.shell:create_environment_hook('rm_autonomy_interfaces', 'pythonpath')
[3.752s] INFO:colcon.colcon_core.shell:Creating environment hook '/home/unitree/navigation_ws/install/rm_autonomy_interfaces/share/rm_autonomy_interfaces/hook/pythonpath.ps1'
[3.753s] INFO:colcon.colcon_core.shell:Creating environment descriptor '/home/unitree/navigation_ws/install/rm_autonomy_interfaces/share/rm_autonomy_interfaces/hook/pythonpath.dsv'
[3.753s] INFO:colcon.colcon_core.shell:Creating environment hook '/home/unitree/navigation_ws/install/rm_autonomy_interfaces/share/rm_autonomy_interfaces/hook/pythonpath.sh'
[3.754s] Level 1:colcon.colcon_core.environment:checking '/home/unitree/navigation_ws/install/rm_autonomy_interfaces/bin'
[3.755s] INFO:colcon.colcon_core.shell:Creating package script '/home/unitree/navigation_ws/install/rm_autonomy_interfaces/share/rm_autonomy_interfaces/package.ps1'
[3.756s] INFO:colcon.colcon_core.shell:Creating package descriptor '/home/unitree/navigation_ws/install/rm_autonomy_interfaces/share/rm_autonomy_interfaces/package.dsv'
[3.757s] INFO:colcon.colcon_core.shell:Creating package script '/home/unitree/navigation_ws/install/rm_autonomy_interfaces/share/rm_autonomy_interfaces/package.sh'
[3.758s] INFO:colcon.colcon_core.shell:Creating package script '/home/unitree/navigation_ws/install/rm_autonomy_interfaces/share/rm_autonomy_interfaces/package.bash'
[3.759s] INFO:colcon.colcon_core.shell:Creating package script '/home/unitree/navigation_ws/install/rm_autonomy_interfaces/share/rm_autonomy_interfaces/package.zsh'
[3.759s] Level 1:colcon.colcon_core.environment:create_file_with_runtime_dependencies(/home/unitree/navigation_ws/install/rm_autonomy_interfaces/share/colcon-core/packages/rm_autonomy_interfaces)
[3.771s] Level 1:colcon.colcon_core.environment:create_environment_scripts_only(nav_2d_msgs)
[3.772s] Level 1:colcon.colcon_core.environment:checking '/home/unitree/navigation_ws/install/nav_2d_msgs' for CMake module files
[3.773s] Level 1:colcon.colcon_core.environment:checking '/home/unitree/navigation_ws/install/nav_2d_msgs' for CMake config files
[3.775s] Level 1:colcon.colcon_core.shell:create_environment_hook('nav_2d_msgs', 'cmake_prefix_path')
[3.775s] INFO:colcon.colcon_core.shell:Creating environment hook '/home/unitree/navigation_ws/install/nav_2d_msgs/share/nav_2d_msgs/hook/cmake_prefix_path.ps1'
[3.777s] INFO:colcon.colcon_core.shell:Creating environment descriptor '/home/unitree/navigation_ws/install/nav_2d_msgs/share/nav_2d_msgs/hook/cmake_prefix_path.dsv'
[3.779s] INFO:colcon.colcon_core.shell:Creating environment hook '/home/unitree/navigation_ws/install/nav_2d_msgs/share/nav_2d_msgs/hook/cmake_prefix_path.sh'
[3.780s] Level 1:colcon.colcon_core.environment:checking '/home/unitree/navigation_ws/install/nav_2d_msgs/lib'
[3.780s] Level 1:colcon.colcon_core.shell:create_environment_hook('nav_2d_msgs', 'ld_library_path_lib')
[3.781s] INFO:colcon.colcon_core.shell:Creating environment hook '/home/unitree/navigation_ws/install/nav_2d_msgs/share/nav_2d_msgs/hook/ld_library_path_lib.ps1'
[3.782s] INFO:colcon.colcon_core.shell:Creating environment descriptor '/home/unitree/navigation_ws/install/nav_2d_msgs/share/nav_2d_msgs/hook/ld_library_path_lib.dsv'
[3.782s] INFO:colcon.colcon_core.shell:Creating environment hook '/home/unitree/navigation_ws/install/nav_2d_msgs/share/nav_2d_msgs/hook/ld_library_path_lib.sh'
[3.783s] Level 1:colcon.colcon_core.environment:checking '/home/unitree/navigation_ws/install/nav_2d_msgs/bin'
[3.783s] Level 1:colcon.colcon_core.environment:checking '/home/unitree/navigation_ws/install/nav_2d_msgs/lib/pkgconfig/nav_2d_msgs.pc'
[3.783s] Level 1:colcon.colcon_core.environment:checking '/home/unitree/navigation_ws/install/nav_2d_msgs/lib/python3.8/site-packages'
[3.784s] Level 1:colcon.colcon_core.shell:create_environment_hook('nav_2d_msgs', 'pythonpath')
[3.784s] INFO:colcon.colcon_core.shell:Creating environment hook '/home/unitree/navigation_ws/install/nav_2d_msgs/share/nav_2d_msgs/hook/pythonpath.ps1'
[3.785s] INFO:colcon.colcon_core.shell:Creating environment descriptor '/home/unitree/navigation_ws/install/nav_2d_msgs/share/nav_2d_msgs/hook/pythonpath.dsv'
[3.785s] INFO:colcon.colcon_core.shell:Creating environment hook '/home/unitree/navigation_ws/install/nav_2d_msgs/share/nav_2d_msgs/hook/pythonpath.sh'
[3.786s] Level 1:colcon.colcon_core.environment:checking '/home/unitree/navigation_ws/install/nav_2d_msgs/bin'
[3.787s] INFO:colcon.colcon_core.shell:Creating package script '/home/unitree/navigation_ws/install/nav_2d_msgs/share/nav_2d_msgs/package.ps1'
[3.789s] INFO:colcon.colcon_core.shell:Creating package descriptor '/home/unitree/navigation_ws/install/nav_2d_msgs/share/nav_2d_msgs/package.dsv'
[3.790s] INFO:colcon.colcon_core.shell:Creating package script '/home/unitree/navigation_ws/install/nav_2d_msgs/share/nav_2d_msgs/package.sh'
[3.791s] INFO:colcon.colcon_core.shell:Creating package script '/home/unitree/navigation_ws/install/nav_2d_msgs/share/nav_2d_msgs/package.bash'
[3.791s] INFO:colcon.colcon_core.shell:Creating package script '/home/unitree/navigation_ws/install/nav_2d_msgs/share/nav_2d_msgs/package.zsh'
[3.792s] Level 1:colcon.colcon_core.environment:create_file_with_runtime_dependencies(/home/unitree/navigation_ws/install/nav_2d_msgs/share/colcon-core/packages/nav_2d_msgs)
[3.795s] INFO:colcon.colcon_ros.task.ament_cmake.build:Building ROS package in '/home/unitree/navigation_ws/src/navigation2/nav2_dwb_controller/dwb_msgs' with build type 'ament_cmake'
[3.795s] INFO:colcon.colcon_cmake.task.cmake.build:Building CMake package in '/home/unitree/navigation_ws/src/navigation2/nav2_dwb_controller/dwb_msgs'
[3.796s] INFO:colcon.colcon_core.shell:Skip shell extension 'powershell' for command environment: Not usable outside of PowerShell
[3.796s] DEBUG:colcon.colcon_core.shell:Skip shell extension 'dsv' for command environment
[3.821s] Level 1:colcon.colcon_core.environment:create_environment_scripts_only(behaviortree_cpp)
[3.822s] Level 1:colcon.colcon_core.environment:checking '/home/unitree/navigation_ws/install/behaviortree_cpp' for CMake module files
[3.823s] Level 1:colcon.colcon_core.environment:checking '/home/unitree/navigation_ws/install/behaviortree_cpp' for CMake config files
[3.824s] Level 1:colcon.colcon_core.shell:create_environment_hook('behaviortree_cpp', 'cmake_prefix_path')
[3.824s] INFO:colcon.colcon_core.shell:Creating environment hook '/home/unitree/navigation_ws/install/behaviortree_cpp/share/behaviortree_cpp/hook/cmake_prefix_path.ps1'
[3.827s] INFO:colcon.colcon_core.shell:Creating environment descriptor '/home/unitree/navigation_ws/install/behaviortree_cpp/share/behaviortree_cpp/hook/cmake_prefix_path.dsv'
[3.828s] INFO:colcon.colcon_core.shell:Creating environment hook '/home/unitree/navigation_ws/install/behaviortree_cpp/share/behaviortree_cpp/hook/cmake_prefix_path.sh'
[3.830s] Level 1:colcon.colcon_core.environment:checking '/home/unitree/navigation_ws/install/behaviortree_cpp/lib'
[3.830s] Level 1:colcon.colcon_core.shell:create_environment_hook('behaviortree_cpp', 'ld_library_path_lib')
[3.831s] INFO:colcon.colcon_core.shell:Creating environment hook '/home/unitree/navigation_ws/install/behaviortree_cpp/share/behaviortree_cpp/hook/ld_library_path_lib.ps1'
[3.832s] INFO:colcon.colcon_core.shell:Creating environment descriptor '/home/unitree/navigation_ws/install/behaviortree_cpp/share/behaviortree_cpp/hook/ld_library_path_lib.dsv'
[3.832s] INFO:colcon.colcon_core.shell:Creating environment hook '/home/unitree/navigation_ws/install/behaviortree_cpp/share/behaviortree_cpp/hook/ld_library_path_lib.sh'
[3.833s] Level 1:colcon.colcon_core.environment:checking '/home/unitree/navigation_ws/install/behaviortree_cpp/bin'
[3.834s] Level 1:colcon.colcon_core.shell:create_environment_hook('behaviortree_cpp', 'path')
[3.834s] INFO:colcon.colcon_core.shell:Creating environment hook '/home/unitree/navigation_ws/install/behaviortree_cpp/share/behaviortree_cpp/hook/path.ps1'
[3.835s] INFO:colcon.colcon_core.shell:Creating environment descriptor '/home/unitree/navigation_ws/install/behaviortree_cpp/share/behaviortree_cpp/hook/path.dsv'
[3.836s] INFO:colcon.colcon_core.shell:Creating environment hook '/home/unitree/navigation_ws/install/behaviortree_cpp/share/behaviortree_cpp/hook/path.sh'
[3.837s] Level 1:colcon.colcon_core.environment:checking '/home/unitree/navigation_ws/install/behaviortree_cpp/lib/pkgconfig/behaviortree_cpp.pc'
[3.837s] Level 1:colcon.colcon_core.environment:checking '/home/unitree/navigation_ws/install/behaviortree_cpp/lib/python3.8/site-packages'
[3.838s] Level 1:colcon.colcon_core.environment:checking '/home/unitree/navigation_ws/install/behaviortree_cpp/bin'
[3.838s] Level 1:colcon.colcon_core.shell:create_environment_hook('behaviortree_cpp', 'pythonscriptspath')
[3.838s] INFO:colcon.colcon_core.shell:Creating environment hook '/home/unitree/navigation_ws/install/behaviortree_cpp/share/behaviortree_cpp/hook/pythonscriptspath.ps1'
[3.839s] INFO:colcon.colcon_core.shell:Creating environment descriptor '/home/unitree/navigation_ws/install/behaviortree_cpp/share/behaviortree_cpp/hook/pythonscriptspath.dsv'
[3.840s] INFO:colcon.colcon_core.shell:Creating environment hook '/home/unitree/navigation_ws/install/behaviortree_cpp/share/behaviortree_cpp/hook/pythonscriptspath.sh'
[3.843s] INFO:colcon.colcon_core.shell:Creating package script '/home/unitree/navigation_ws/install/behaviortree_cpp/share/behaviortree_cpp/package.ps1'
[3.844s] INFO:colcon.colcon_core.shell:Creating package descriptor '/home/unitree/navigation_ws/install/behaviortree_cpp/share/behaviortree_cpp/package.dsv'
[3.845s] INFO:colcon.colcon_core.shell:Creating package script '/home/unitree/navigation_ws/install/behaviortree_cpp/share/behaviortree_cpp/package.sh'
[3.847s] INFO:colcon.colcon_core.shell:Creating package script '/home/unitree/navigation_ws/install/behaviortree_cpp/share/behaviortree_cpp/package.bash'
[3.847s] INFO:colcon.colcon_core.shell:Creating package script '/home/unitree/navigation_ws/install/behaviortree_cpp/share/behaviortree_cpp/package.zsh'
[3.848s] Level 1:colcon.colcon_core.environment:create_file_with_runtime_dependencies(/home/unitree/navigation_ws/install/behaviortree_cpp/share/colcon-core/packages/behaviortree_cpp)
[3.859s] DEBUG:colcon.colcon_core.event_handler.log_command:Invoking command in '/home/unitree/navigation_ws/build/dwb_msgs': CMAKE_PREFIX_PATH=/home/unitree/navigation_ws/install/nav_2d_msgs:/home/unitree/navigation_ws/install/nav2_bringup:/home/unitree/navigation_ws/install/navigation2:/home/unitree/navigation_ws/install/smac_planner:/home/unitree/navigation_ws/install/rm_autonomy:/home/unitree/navigation_ws/install/rm_autonomy_interfaces:/home/unitree/navigation_ws/install/bringup:/home/unitree/navigation_ws/install/pointcloud_to_laserscan:/home/unitree/navigation_ws/install/nav2_dwb_controller:/home/unitree/navigation_ws/install/nav2_controller:/home/unitree/navigation_ws/install/dwb_plugins:/home/unitree/navigation_ws/install/dwb_critics:/home/unitree/navigation_ws/install/dwb_core:/home/unitree/navigation_ws/install/nav_2d_utils:/home/unitree/navigation_ws/install/dwb_msgs:/home/unitree/navigation_ws/install/nav2_waypoint_follower:/home/unitree/navigation_ws/install/nav2_regulated_pure_pursuit_controller:/home/unitree/navigation_ws/install/nav2_recoveries:/home/unitree/navigation_ws/install/nav2_planner:/home/unitree/navigation_ws/install/nav2_navfn_planner:/home/unitree/navigation_ws/install/nav2_core:/home/unitree/navigation_ws/install/costmap_queue:/home/unitree/navigation_ws/install/nav2_costmap_2d:/home/unitree/navigation_ws/install/nav2_voxel_grid:/home/unitree/navigation_ws/install/nav2_map_server:/home/unitree/navigation_ws/install/nav2_lifecycle_manager:/home/unitree/navigation_ws/install/nav2_bt_navigator:/home/unitree/navigation_ws/install/nav2_behavior_tree:/home/unitree/navigation_ws/install/nav2_amcl:/home/unitree/navigation_ws/install/nav2_util:/home/unitree/navigation_ws/install/nav2_msgs:/home/unitree/navigation_ws/install/nav2_common:/home/unitree/navigation_ws/install/loam_interface:/home/unitree/navigation_ws/install/fast_lio:/home/unitree/navigation_ws/install/livox_ros_driver2:/home/unitree/navigation_ws/install/linefit_ground_segmentation_ros:/home/unitree/navigation_ws/install/linefit_ground_segmentation:/home/unitree/navigation_ws/install/cmd_vel_processor:/home/unitree/navigation_ws/install/behaviortree_cpp:/home/unitree/cyclonedds_ws/install/rmw_cyclonedds_cpp:/home/unitree/cyclonedds_ws/install/cyclonedds:/opt/ros/foxy LD_LIBRARY_PATH=/home/unitree/navigation_ws/install/nav_2d_msgs/lib:/home/unitree/navigation_ws/install/smac_planner/lib:/home/unitree/navigation_ws/install/rm_autonomy/lib:/home/unitree/navigation_ws/install/rm_autonomy_interfaces/lib:/home/unitree/navigation_ws/install/pointcloud_to_laserscan/lib:/home/unitree/navigation_ws/install/nav2_controller/lib:/home/unitree/navigation_ws/install/dwb_plugins/lib:/home/unitree/navigation_ws/install/dwb_critics/lib:/home/unitree/navigation_ws/install/dwb_core/lib:/home/unitree/navigation_ws/install/nav_2d_utils/lib:/home/unitree/navigation_ws/install/dwb_msgs/lib:/home/unitree/navigation_ws/install/nav2_waypoint_follower/lib:/home/unitree/navigation_ws/install/nav2_regulated_pure_pursuit_controller/lib:/home/unitree/navigation_ws/install/nav2_recoveries/lib:/home/unitree/navigation_ws/install/nav2_planner/lib:/home/unitree/navigation_ws/install/nav2_navfn_planner/lib:/home/unitree/navigation_ws/install/costmap_queue/lib:/home/unitree/navigation_ws/install/nav2_costmap_2d/lib:/home/unitree/navigation_ws/install/nav2_voxel_grid/lib:/home/unitree/navigation_ws/install/nav2_map_server/lib:/home/unitree/navigation_ws/install/nav2_lifecycle_manager/lib:/home/unitree/navigation_ws/install/nav2_bt_navigator/lib:/home/unitree/navigation_ws/install/nav2_behavior_tree/lib:/home/unitree/navigation_ws/install/nav2_amcl/lib:/home/unitree/navigation_ws/install/nav2_util/lib:/home/unitree/navigation_ws/install/nav2_msgs/lib:/home/unitree/navigation_ws/install/loam_interface/lib:/home/unitree/navigation_ws/install/fast_lio/lib:/home/unitree/navigation_ws/install/livox_ros_driver2/lib:/home/unitree/navigation_ws/install/linefit_ground_segmentation/lib:/home/unitree/navigation_ws/install/behaviortree_cpp/lib:/usr/local/cuda-11.4/lib64:/usr/local/lib:/home/unitree/cyclonedds_ws/install/rmw_cyclonedds_cpp/lib:/home/unitree/cyclonedds_ws/install/cyclonedds/lib:/opt/ros/foxy/opt/yaml_cpp_vendor/lib:/opt/ros/foxy/opt/rviz_ogre_vendor/lib:/opt/ros/foxy/lib/aarch64-linux-gnu:/opt/ros/foxy/lib:/usr/local/cuda-11.4/lib64 PYTHONPATH=/home/unitree/navigation_ws/install/nav_2d_msgs/lib/python3.8/site-packages:/home/unitree/navigation_ws/install/rm_autonomy_interfaces/lib/python3.8/site-packages:/home/unitree/navigation_ws/install/dwb_msgs/lib/python3.8/site-packages:/home/unitree/navigation_ws/install/nav2_msgs/lib/python3.8/site-packages:/home/unitree/navigation_ws/install/nav2_common/lib/python3.8/site-packages:/home/unitree/navigation_ws/install/fast_lio/lib/python3.8/site-packages:/home/unitree/navigation_ws/install/livox_ros_driver2/lib/python3.8/site-packages:/opt/ros/foxy/lib/python3.8/site-packages /usr/bin/cmake --build /home/unitree/navigation_ws/build/dwb_msgs -- -j8 -l8
[3.952s] DEBUG:colcon.colcon_core.event_handler.log_command:Invoked command in '/home/unitree/navigation_ws/build/loam_interface' returned '0': CMAKE_PREFIX_PATH=/home/unitree/navigation_ws/install/livox_ros_driver2:/home/unitree/navigation_ws/install/nav2_bringup:/home/unitree/navigation_ws/install/navigation2:/home/unitree/navigation_ws/install/smac_planner:/home/unitree/navigation_ws/install/rm_autonomy:/home/unitree/navigation_ws/install/rm_autonomy_interfaces:/home/unitree/navigation_ws/install/bringup:/home/unitree/navigation_ws/install/pointcloud_to_laserscan:/home/unitree/navigation_ws/install/nav2_dwb_controller:/home/unitree/navigation_ws/install/nav2_controller:/home/unitree/navigation_ws/install/dwb_plugins:/home/unitree/navigation_ws/install/dwb_critics:/home/unitree/navigation_ws/install/dwb_core:/home/unitree/navigation_ws/install/nav_2d_utils:/home/unitree/navigation_ws/install/dwb_msgs:/home/unitree/navigation_ws/install/nav_2d_msgs:/home/unitree/navigation_ws/install/nav2_waypoint_follower:/home/unitree/navigation_ws/install/nav2_regulated_pure_pursuit_controller:/home/unitree/navigation_ws/install/nav2_recoveries:/home/unitree/navigation_ws/install/nav2_planner:/home/unitree/navigation_ws/install/nav2_navfn_planner:/home/unitree/navigation_ws/install/nav2_core:/home/unitree/navigation_ws/install/costmap_queue:/home/unitree/navigation_ws/install/nav2_costmap_2d:/home/unitree/navigation_ws/install/nav2_voxel_grid:/home/unitree/navigation_ws/install/nav2_map_server:/home/unitree/navigation_ws/install/nav2_lifecycle_manager:/home/unitree/navigation_ws/install/nav2_bt_navigator:/home/unitree/navigation_ws/install/nav2_behavior_tree:/home/unitree/navigation_ws/install/nav2_amcl:/home/unitree/navigation_ws/install/nav2_util:/home/unitree/navigation_ws/install/nav2_msgs:/home/unitree/navigation_ws/install/nav2_common:/home/unitree/navigation_ws/install/loam_interface:/home/unitree/navigation_ws/install/fast_lio:/home/unitree/navigation_ws/install/linefit_ground_segmentation_ros:/home/unitree/navigation_ws/install/linefit_ground_segmentation:/home/unitree/navigation_ws/install/cmd_vel_processor:/home/unitree/navigation_ws/install/behaviortree_cpp:/home/unitree/cyclonedds_ws/install/rmw_cyclonedds_cpp:/home/unitree/cyclonedds_ws/install/cyclonedds:/opt/ros/foxy LD_LIBRARY_PATH=/home/unitree/navigation_ws/install/livox_ros_driver2/lib:/home/unitree/navigation_ws/install/smac_planner/lib:/home/unitree/navigation_ws/install/rm_autonomy/lib:/home/unitree/navigation_ws/install/rm_autonomy_interfaces/lib:/home/unitree/navigation_ws/install/pointcloud_to_laserscan/lib:/home/unitree/navigation_ws/install/nav2_controller/lib:/home/unitree/navigation_ws/install/dwb_plugins/lib:/home/unitree/navigation_ws/install/dwb_critics/lib:/home/unitree/navigation_ws/install/dwb_core/lib:/home/unitree/navigation_ws/install/nav_2d_utils/lib:/home/unitree/navigation_ws/install/dwb_msgs/lib:/home/unitree/navigation_ws/install/nav_2d_msgs/lib:/home/unitree/navigation_ws/install/nav2_waypoint_follower/lib:/home/unitree/navigation_ws/install/nav2_regulated_pure_pursuit_controller/lib:/home/unitree/navigation_ws/install/nav2_recoveries/lib:/home/unitree/navigation_ws/install/nav2_planner/lib:/home/unitree/navigation_ws/install/nav2_navfn_planner/lib:/home/unitree/navigation_ws/install/costmap_queue/lib:/home/unitree/navigation_ws/install/nav2_costmap_2d/lib:/home/unitree/navigation_ws/install/nav2_voxel_grid/lib:/home/unitree/navigation_ws/install/nav2_map_server/lib:/home/unitree/navigation_ws/install/nav2_lifecycle_manager/lib:/home/unitree/navigation_ws/install/nav2_bt_navigator/lib:/home/unitree/navigation_ws/install/nav2_behavior_tree/lib:/home/unitree/navigation_ws/install/nav2_amcl/lib:/home/unitree/navigation_ws/install/nav2_util/lib:/home/unitree/navigation_ws/install/nav2_msgs/lib:/home/unitree/navigation_ws/install/loam_interface/lib:/home/unitree/navigation_ws/install/fast_lio/lib:/home/unitree/navigation_ws/install/linefit_ground_segmentation/lib:/home/unitree/navigation_ws/install/behaviortree_cpp/lib:/usr/local/cuda-11.4/lib64:/usr/local/lib:/home/unitree/cyclonedds_ws/install/rmw_cyclonedds_cpp/lib:/home/unitree/cyclonedds_ws/install/cyclonedds/lib:/opt/ros/foxy/opt/yaml_cpp_vendor/lib:/opt/ros/foxy/opt/rviz_ogre_vendor/lib:/opt/ros/foxy/lib/aarch64-linux-gnu:/opt/ros/foxy/lib:/usr/local/cuda-11.4/lib64 PYTHONPATH=/home/unitree/navigation_ws/install/livox_ros_driver2/lib/python3.8/site-packages:/home/unitree/navigation_ws/install/rm_autonomy_interfaces/lib/python3.8/site-packages:/home/unitree/navigation_ws/install/dwb_msgs/lib/python3.8/site-packages:/home/unitree/navigation_ws/install/nav_2d_msgs/lib/python3.8/site-packages:/home/unitree/navigation_ws/install/nav2_msgs/lib/python3.8/site-packages:/home/unitree/navigation_ws/install/nav2_common/lib/python3.8/site-packages:/home/unitree/navigation_ws/install/fast_lio/lib/python3.8/site-packages:/opt/ros/foxy/lib/python3.8/site-packages /usr/bin/cmake --build /home/unitree/navigation_ws/build/loam_interface -- -j8 -l8
[4.055s] DEBUG:colcon.colcon_core.event_handler.log_command:Invoking command in '/home/unitree/navigation_ws/build/loam_interface': CMAKE_PREFIX_PATH=/home/unitree/navigation_ws/install/livox_ros_driver2:/home/unitree/navigation_ws/install/nav2_bringup:/home/unitree/navigation_ws/install/navigation2:/home/unitree/navigation_ws/install/smac_planner:/home/unitree/navigation_ws/install/rm_autonomy:/home/unitree/navigation_ws/install/rm_autonomy_interfaces:/home/unitree/navigation_ws/install/bringup:/home/unitree/navigation_ws/install/pointcloud_to_laserscan:/home/unitree/navigation_ws/install/nav2_dwb_controller:/home/unitree/navigation_ws/install/nav2_controller:/home/unitree/navigation_ws/install/dwb_plugins:/home/unitree/navigation_ws/install/dwb_critics:/home/unitree/navigation_ws/install/dwb_core:/home/unitree/navigation_ws/install/nav_2d_utils:/home/unitree/navigation_ws/install/dwb_msgs:/home/unitree/navigation_ws/install/nav_2d_msgs:/home/unitree/navigation_ws/install/nav2_waypoint_follower:/home/unitree/navigation_ws/install/nav2_regulated_pure_pursuit_controller:/home/unitree/navigation_ws/install/nav2_recoveries:/home/unitree/navigation_ws/install/nav2_planner:/home/unitree/navigation_ws/install/nav2_navfn_planner:/home/unitree/navigation_ws/install/nav2_core:/home/unitree/navigation_ws/install/costmap_queue:/home/unitree/navigation_ws/install/nav2_costmap_2d:/home/unitree/navigation_ws/install/nav2_voxel_grid:/home/unitree/navigation_ws/install/nav2_map_server:/home/unitree/navigation_ws/install/nav2_lifecycle_manager:/home/unitree/navigation_ws/install/nav2_bt_navigator:/home/unitree/navigation_ws/install/nav2_behavior_tree:/home/unitree/navigation_ws/install/nav2_amcl:/home/unitree/navigation_ws/install/nav2_util:/home/unitree/navigation_ws/install/nav2_msgs:/home/unitree/navigation_ws/install/nav2_common:/home/unitree/navigation_ws/install/loam_interface:/home/unitree/navigation_ws/install/fast_lio:/home/unitree/navigation_ws/install/linefit_ground_segmentation_ros:/home/unitree/navigation_ws/install/linefit_ground_segmentation:/home/unitree/navigation_ws/install/cmd_vel_processor:/home/unitree/navigation_ws/install/behaviortree_cpp:/home/unitree/cyclonedds_ws/install/rmw_cyclonedds_cpp:/home/unitree/cyclonedds_ws/install/cyclonedds:/opt/ros/foxy LD_LIBRARY_PATH=/home/unitree/navigation_ws/install/livox_ros_driver2/lib:/home/unitree/navigation_ws/install/smac_planner/lib:/home/unitree/navigation_ws/install/rm_autonomy/lib:/home/unitree/navigation_ws/install/rm_autonomy_interfaces/lib:/home/unitree/navigation_ws/install/pointcloud_to_laserscan/lib:/home/unitree/navigation_ws/install/nav2_controller/lib:/home/unitree/navigation_ws/install/dwb_plugins/lib:/home/unitree/navigation_ws/install/dwb_critics/lib:/home/unitree/navigation_ws/install/dwb_core/lib:/home/unitree/navigation_ws/install/nav_2d_utils/lib:/home/unitree/navigation_ws/install/dwb_msgs/lib:/home/unitree/navigation_ws/install/nav_2d_msgs/lib:/home/unitree/navigation_ws/install/nav2_waypoint_follower/lib:/home/unitree/navigation_ws/install/nav2_regulated_pure_pursuit_controller/lib:/home/unitree/navigation_ws/install/nav2_recoveries/lib:/home/unitree/navigation_ws/install/nav2_planner/lib:/home/unitree/navigation_ws/install/nav2_navfn_planner/lib:/home/unitree/navigation_ws/install/costmap_queue/lib:/home/unitree/navigation_ws/install/nav2_costmap_2d/lib:/home/unitree/navigation_ws/install/nav2_voxel_grid/lib:/home/unitree/navigation_ws/install/nav2_map_server/lib:/home/unitree/navigation_ws/install/nav2_lifecycle_manager/lib:/home/unitree/navigation_ws/install/nav2_bt_navigator/lib:/home/unitree/navigation_ws/install/nav2_behavior_tree/lib:/home/unitree/navigation_ws/install/nav2_amcl/lib:/home/unitree/navigation_ws/install/nav2_util/lib:/home/unitree/navigation_ws/install/nav2_msgs/lib:/home/unitree/navigation_ws/install/loam_interface/lib:/home/unitree/navigation_ws/install/fast_lio/lib:/home/unitree/navigation_ws/install/linefit_ground_segmentation/lib:/home/unitree/navigation_ws/install/behaviortree_cpp/lib:/usr/local/cuda-11.4/lib64:/usr/local/lib:/home/unitree/cyclonedds_ws/install/rmw_cyclonedds_cpp/lib:/home/unitree/cyclonedds_ws/install/cyclonedds/lib:/opt/ros/foxy/opt/yaml_cpp_vendor/lib:/opt/ros/foxy/opt/rviz_ogre_vendor/lib:/opt/ros/foxy/lib/aarch64-linux-gnu:/opt/ros/foxy/lib:/usr/local/cuda-11.4/lib64 PYTHONPATH=/home/unitree/navigation_ws/install/livox_ros_driver2/lib/python3.8/site-packages:/home/unitree/navigation_ws/install/rm_autonomy_interfaces/lib/python3.8/site-packages:/home/unitree/navigation_ws/install/dwb_msgs/lib/python3.8/site-packages:/home/unitree/navigation_ws/install/nav_2d_msgs/lib/python3.8/site-packages:/home/unitree/navigation_ws/install/nav2_msgs/lib/python3.8/site-packages:/home/unitree/navigation_ws/install/nav2_common/lib/python3.8/site-packages:/home/unitree/navigation_ws/install/fast_lio/lib/python3.8/site-packages:/opt/ros/foxy/lib/python3.8/site-packages /usr/bin/cmake --install /home/unitree/navigation_ws/build/loam_interface
[4.123s] Level 1:colcon.colcon_core.environment:create_environment_scripts_only(loam_interface)
[4.124s] Level 1:colcon.colcon_core.environment:checking '/home/unitree/navigation_ws/install/loam_interface' for CMake module files
[4.126s] Level 1:colcon.colcon_core.environment:checking '/home/unitree/navigation_ws/install/loam_interface' for CMake config files
[4.127s] Level 1:colcon.colcon_core.shell:create_environment_hook('loam_interface', 'cmake_prefix_path')
[4.127s] INFO:colcon.colcon_core.shell:Creating environment hook '/home/unitree/navigation_ws/install/loam_interface/share/loam_interface/hook/cmake_prefix_path.ps1'
[4.129s] DEBUG:colcon.colcon_core.event_handler.log_command:Invoked command in '/home/unitree/navigation_ws/build/loam_interface' returned '0': CMAKE_PREFIX_PATH=/home/unitree/navigation_ws/install/livox_ros_driver2:/home/unitree/navigation_ws/install/nav2_bringup:/home/unitree/navigation_ws/install/navigation2:/home/unitree/navigation_ws/install/smac_planner:/home/unitree/navigation_ws/install/rm_autonomy:/home/unitree/navigation_ws/install/rm_autonomy_interfaces:/home/unitree/navigation_ws/install/bringup:/home/unitree/navigation_ws/install/pointcloud_to_laserscan:/home/unitree/navigation_ws/install/nav2_dwb_controller:/home/unitree/navigation_ws/install/nav2_controller:/home/unitree/navigation_ws/install/dwb_plugins:/home/unitree/navigation_ws/install/dwb_critics:/home/unitree/navigation_ws/install/dwb_core:/home/unitree/navigation_ws/install/nav_2d_utils:/home/unitree/navigation_ws/install/dwb_msgs:/home/unitree/navigation_ws/install/nav_2d_msgs:/home/unitree/navigation_ws/install/nav2_waypoint_follower:/home/unitree/navigation_ws/install/nav2_regulated_pure_pursuit_controller:/home/unitree/navigation_ws/install/nav2_recoveries:/home/unitree/navigation_ws/install/nav2_planner:/home/unitree/navigation_ws/install/nav2_navfn_planner:/home/unitree/navigation_ws/install/nav2_core:/home/unitree/navigation_ws/install/costmap_queue:/home/unitree/navigation_ws/install/nav2_costmap_2d:/home/unitree/navigation_ws/install/nav2_voxel_grid:/home/unitree/navigation_ws/install/nav2_map_server:/home/unitree/navigation_ws/install/nav2_lifecycle_manager:/home/unitree/navigation_ws/install/nav2_bt_navigator:/home/unitree/navigation_ws/install/nav2_behavior_tree:/home/unitree/navigation_ws/install/nav2_amcl:/home/unitree/navigation_ws/install/nav2_util:/home/unitree/navigation_ws/install/nav2_msgs:/home/unitree/navigation_ws/install/nav2_common:/home/unitree/navigation_ws/install/loam_interface:/home/unitree/navigation_ws/install/fast_lio:/home/unitree/navigation_ws/install/linefit_ground_segmentation_ros:/home/unitree/navigation_ws/install/linefit_ground_segmentation:/home/unitree/navigation_ws/install/cmd_vel_processor:/home/unitree/navigation_ws/install/behaviortree_cpp:/home/unitree/cyclonedds_ws/install/rmw_cyclonedds_cpp:/home/unitree/cyclonedds_ws/install/cyclonedds:/opt/ros/foxy LD_LIBRARY_PATH=/home/unitree/navigation_ws/install/livox_ros_driver2/lib:/home/unitree/navigation_ws/install/smac_planner/lib:/home/unitree/navigation_ws/install/rm_autonomy/lib:/home/unitree/navigation_ws/install/rm_autonomy_interfaces/lib:/home/unitree/navigation_ws/install/pointcloud_to_laserscan/lib:/home/unitree/navigation_ws/install/nav2_controller/lib:/home/unitree/navigation_ws/install/dwb_plugins/lib:/home/unitree/navigation_ws/install/dwb_critics/lib:/home/unitree/navigation_ws/install/dwb_core/lib:/home/unitree/navigation_ws/install/nav_2d_utils/lib:/home/unitree/navigation_ws/install/dwb_msgs/lib:/home/unitree/navigation_ws/install/nav_2d_msgs/lib:/home/unitree/navigation_ws/install/nav2_waypoint_follower/lib:/home/unitree/navigation_ws/install/nav2_regulated_pure_pursuit_controller/lib:/home/unitree/navigation_ws/install/nav2_recoveries/lib:/home/unitree/navigation_ws/install/nav2_planner/lib:/home/unitree/navigation_ws/install/nav2_navfn_planner/lib:/home/unitree/navigation_ws/install/costmap_queue/lib:/home/unitree/navigation_ws/install/nav2_costmap_2d/lib:/home/unitree/navigation_ws/install/nav2_voxel_grid/lib:/home/unitree/navigation_ws/install/nav2_map_server/lib:/home/unitree/navigation_ws/install/nav2_lifecycle_manager/lib:/home/unitree/navigation_ws/install/nav2_bt_navigator/lib:/home/unitree/navigation_ws/install/nav2_behavior_tree/lib:/home/unitree/navigation_ws/install/nav2_amcl/lib:/home/unitree/navigation_ws/install/nav2_util/lib:/home/unitree/navigation_ws/install/nav2_msgs/lib:/home/unitree/navigation_ws/install/loam_interface/lib:/home/unitree/navigation_ws/install/fast_lio/lib:/home/unitree/navigation_ws/install/linefit_ground_segmentation/lib:/home/unitree/navigation_ws/install/behaviortree_cpp/lib:/usr/local/cuda-11.4/lib64:/usr/local/lib:/home/unitree/cyclonedds_ws/install/rmw_cyclonedds_cpp/lib:/home/unitree/cyclonedds_ws/install/cyclonedds/lib:/opt/ros/foxy/opt/yaml_cpp_vendor/lib:/opt/ros/foxy/opt/rviz_ogre_vendor/lib:/opt/ros/foxy/lib/aarch64-linux-gnu:/opt/ros/foxy/lib:/usr/local/cuda-11.4/lib64 PYTHONPATH=/home/unitree/navigation_ws/install/livox_ros_driver2/lib/python3.8/site-packages:/home/unitree/navigation_ws/install/rm_autonomy_interfaces/lib/python3.8/site-packages:/home/unitree/navigation_ws/install/dwb_msgs/lib/python3.8/site-packages:/home/unitree/navigation_ws/install/nav_2d_msgs/lib/python3.8/site-packages:/home/unitree/navigation_ws/install/nav2_msgs/lib/python3.8/site-packages:/home/unitree/navigation_ws/install/nav2_common/lib/python3.8/site-packages:/home/unitree/navigation_ws/install/fast_lio/lib/python3.8/site-packages:/opt/ros/foxy/lib/python3.8/site-packages /usr/bin/cmake --install /home/unitree/navigation_ws/build/loam_interface
[4.130s] INFO:colcon.colcon_core.shell:Creating environment descriptor '/home/unitree/navigation_ws/install/loam_interface/share/loam_interface/hook/cmake_prefix_path.dsv'
[4.131s] INFO:colcon.colcon_core.shell:Creating environment hook '/home/unitree/navigation_ws/install/loam_interface/share/loam_interface/hook/cmake_prefix_path.sh'
[4.132s] Level 1:colcon.colcon_core.environment:checking '/home/unitree/navigation_ws/install/loam_interface/lib'
[4.132s] Level 1:colcon.colcon_core.shell:create_environment_hook('loam_interface', 'ld_library_path_lib')
[4.133s] INFO:colcon.colcon_core.shell:Creating environment hook '/home/unitree/navigation_ws/install/loam_interface/share/loam_interface/hook/ld_library_path_lib.ps1'
[4.133s] INFO:colcon.colcon_core.shell:Creating environment descriptor '/home/unitree/navigation_ws/install/loam_interface/share/loam_interface/hook/ld_library_path_lib.dsv'
[4.135s] INFO:colcon.colcon_core.shell:Creating environment hook '/home/unitree/navigation_ws/install/loam_interface/share/loam_interface/hook/ld_library_path_lib.sh'
[4.135s] Level 1:colcon.colcon_core.environment:checking '/home/unitree/navigation_ws/install/loam_interface/bin'
[4.136s] Level 1:colcon.colcon_core.environment:checking '/home/unitree/navigation_ws/install/loam_interface/lib/pkgconfig/loam_interface.pc'
[4.137s] Level 1:colcon.colcon_core.environment:checking '/home/unitree/navigation_ws/install/loam_interface/lib/python3.8/site-packages'
[4.138s] Level 1:colcon.colcon_core.environment:checking '/home/unitree/navigation_ws/install/loam_interface/bin'
[4.138s] INFO:colcon.colcon_core.shell:Creating package script '/home/unitree/navigation_ws/install/loam_interface/share/loam_interface/package.ps1'
[4.139s] INFO:colcon.colcon_core.shell:Creating package descriptor '/home/unitree/navigation_ws/install/loam_interface/share/loam_interface/package.dsv'
[4.140s] INFO:colcon.colcon_core.shell:Creating package script '/home/unitree/navigation_ws/install/loam_interface/share/loam_interface/package.sh'
[4.141s] INFO:colcon.colcon_core.shell:Creating package script '/home/unitree/navigation_ws/install/loam_interface/share/loam_interface/package.bash'
[4.141s] INFO:colcon.colcon_core.shell:Creating package script '/home/unitree/navigation_ws/install/loam_interface/share/loam_interface/package.zsh'
[4.142s] Level 1:colcon.colcon_core.environment:create_file_with_runtime_dependencies(/home/unitree/navigation_ws/install/loam_interface/share/colcon-core/packages/loam_interface)
[4.232s] Level 1:colcon.colcon_core.environment:create_environment_scripts_only(loam_interface)
[4.233s] Level 1:colcon.colcon_core.environment:checking '/home/unitree/navigation_ws/install/loam_interface' for CMake module files
[4.235s] Level 1:colcon.colcon_core.environment:checking '/home/unitree/navigation_ws/install/loam_interface' for CMake config files
[4.235s] Level 1:colcon.colcon_core.shell:create_environment_hook('loam_interface', 'cmake_prefix_path')
[4.236s] INFO:colcon.colcon_core.shell:Creating environment hook '/home/unitree/navigation_ws/install/loam_interface/share/loam_interface/hook/cmake_prefix_path.ps1'
[4.237s] INFO:colcon.colcon_core.shell:Creating environment descriptor '/home/unitree/navigation_ws/install/loam_interface/share/loam_interface/hook/cmake_prefix_path.dsv'
[4.238s] INFO:colcon.colcon_core.shell:Creating environment hook '/home/unitree/navigation_ws/install/loam_interface/share/loam_interface/hook/cmake_prefix_path.sh'
[4.239s] Level 1:colcon.colcon_core.environment:checking '/home/unitree/navigation_ws/install/loam_interface/lib'
[4.239s] Level 1:colcon.colcon_core.shell:create_environment_hook('loam_interface', 'ld_library_path_lib')
[4.239s] INFO:colcon.colcon_core.shell:Creating environment hook '/home/unitree/navigation_ws/install/loam_interface/share/loam_interface/hook/ld_library_path_lib.ps1'
[4.240s] INFO:colcon.colcon_core.shell:Creating environment descriptor '/home/unitree/navigation_ws/install/loam_interface/share/loam_interface/hook/ld_library_path_lib.dsv'
[4.241s] INFO:colcon.colcon_core.shell:Creating environment hook '/home/unitree/navigation_ws/install/loam_interface/share/loam_interface/hook/ld_library_path_lib.sh'
[4.241s] Level 1:colcon.colcon_core.environment:checking '/home/unitree/navigation_ws/install/loam_interface/bin'
[4.241s] Level 1:colcon.colcon_core.environment:checking '/home/unitree/navigation_ws/install/loam_interface/lib/pkgconfig/loam_interface.pc'
[4.242s] Level 1:colcon.colcon_core.environment:checking '/home/unitree/navigation_ws/install/loam_interface/lib/python3.8/site-packages'
[4.242s] Level 1:colcon.colcon_core.environment:checking '/home/unitree/navigation_ws/install/loam_interface/bin'
[4.243s] INFO:colcon.colcon_core.shell:Creating package script '/home/unitree/navigation_ws/install/loam_interface/share/loam_interface/package.ps1'
[4.244s] INFO:colcon.colcon_core.shell:Creating package descriptor '/home/unitree/navigation_ws/install/loam_interface/share/loam_interface/package.dsv'
[4.245s] INFO:colcon.colcon_core.shell:Creating package script '/home/unitree/navigation_ws/install/loam_interface/share/loam_interface/package.sh'
[4.245s] INFO:colcon.colcon_core.shell:Creating package script '/home/unitree/navigation_ws/install/loam_interface/share/loam_interface/package.bash'
[4.246s] INFO:colcon.colcon_core.shell:Creating package script '/home/unitree/navigation_ws/install/loam_interface/share/loam_interface/package.zsh'
[4.247s] Level 1:colcon.colcon_core.environment:create_file_with_runtime_dependencies(/home/unitree/navigation_ws/install/loam_interface/share/colcon-core/packages/loam_interface)
[4.307s] DEBUG:colcon.colcon_core.event_handler.log_command:Invoked command in '/home/unitree/navigation_ws/build/fast_lio' returned '0': CMAKE_PREFIX_PATH=/home/unitree/navigation_ws/install/livox_ros_driver2:/home/unitree/navigation_ws/install/nav2_bringup:/home/unitree/navigation_ws/install/navigation2:/home/unitree/navigation_ws/install/smac_planner:/home/unitree/navigation_ws/install/rm_autonomy:/home/unitree/navigation_ws/install/rm_autonomy_interfaces:/home/unitree/navigation_ws/install/bringup:/home/unitree/navigation_ws/install/pointcloud_to_laserscan:/home/unitree/navigation_ws/install/nav2_dwb_controller:/home/unitree/navigation_ws/install/nav2_controller:/home/unitree/navigation_ws/install/dwb_plugins:/home/unitree/navigation_ws/install/dwb_critics:/home/unitree/navigation_ws/install/dwb_core:/home/unitree/navigation_ws/install/nav_2d_utils:/home/unitree/navigation_ws/install/dwb_msgs:/home/unitree/navigation_ws/install/nav_2d_msgs:/home/unitree/navigation_ws/install/nav2_waypoint_follower:/home/unitree/navigation_ws/install/nav2_regulated_pure_pursuit_controller:/home/unitree/navigation_ws/install/nav2_recoveries:/home/unitree/navigation_ws/install/nav2_planner:/home/unitree/navigation_ws/install/nav2_navfn_planner:/home/unitree/navigation_ws/install/nav2_core:/home/unitree/navigation_ws/install/costmap_queue:/home/unitree/navigation_ws/install/nav2_costmap_2d:/home/unitree/navigation_ws/install/nav2_voxel_grid:/home/unitree/navigation_ws/install/nav2_map_server:/home/unitree/navigation_ws/install/nav2_lifecycle_manager:/home/unitree/navigation_ws/install/nav2_bt_navigator:/home/unitree/navigation_ws/install/nav2_behavior_tree:/home/unitree/navigation_ws/install/nav2_amcl:/home/unitree/navigation_ws/install/nav2_util:/home/unitree/navigation_ws/install/nav2_msgs:/home/unitree/navigation_ws/install/nav2_common:/home/unitree/navigation_ws/install/loam_interface:/home/unitree/navigation_ws/install/fast_lio:/home/unitree/navigation_ws/install/linefit_ground_segmentation_ros:/home/unitree/navigation_ws/install/linefit_ground_segmentation:/home/unitree/navigation_ws/install/cmd_vel_processor:/home/unitree/navigation_ws/install/behaviortree_cpp:/home/unitree/cyclonedds_ws/install/rmw_cyclonedds_cpp:/home/unitree/cyclonedds_ws/install/cyclonedds:/opt/ros/foxy LD_LIBRARY_PATH=/home/unitree/navigation_ws/install/livox_ros_driver2/lib:/home/unitree/navigation_ws/install/smac_planner/lib:/home/unitree/navigation_ws/install/rm_autonomy/lib:/home/unitree/navigation_ws/install/rm_autonomy_interfaces/lib:/home/unitree/navigation_ws/install/pointcloud_to_laserscan/lib:/home/unitree/navigation_ws/install/nav2_controller/lib:/home/unitree/navigation_ws/install/dwb_plugins/lib:/home/unitree/navigation_ws/install/dwb_critics/lib:/home/unitree/navigation_ws/install/dwb_core/lib:/home/unitree/navigation_ws/install/nav_2d_utils/lib:/home/unitree/navigation_ws/install/dwb_msgs/lib:/home/unitree/navigation_ws/install/nav_2d_msgs/lib:/home/unitree/navigation_ws/install/nav2_waypoint_follower/lib:/home/unitree/navigation_ws/install/nav2_regulated_pure_pursuit_controller/lib:/home/unitree/navigation_ws/install/nav2_recoveries/lib:/home/unitree/navigation_ws/install/nav2_planner/lib:/home/unitree/navigation_ws/install/nav2_navfn_planner/lib:/home/unitree/navigation_ws/install/costmap_queue/lib:/home/unitree/navigation_ws/install/nav2_costmap_2d/lib:/home/unitree/navigation_ws/install/nav2_voxel_grid/lib:/home/unitree/navigation_ws/install/nav2_map_server/lib:/home/unitree/navigation_ws/install/nav2_lifecycle_manager/lib:/home/unitree/navigation_ws/install/nav2_bt_navigator/lib:/home/unitree/navigation_ws/install/nav2_behavior_tree/lib:/home/unitree/navigation_ws/install/nav2_amcl/lib:/home/unitree/navigation_ws/install/nav2_util/lib:/home/unitree/navigation_ws/install/nav2_msgs/lib:/home/unitree/navigation_ws/install/loam_interface/lib:/home/unitree/navigation_ws/install/fast_lio/lib:/home/unitree/navigation_ws/install/linefit_ground_segmentation/lib:/home/unitree/navigation_ws/install/behaviortree_cpp/lib:/usr/local/cuda-11.4/lib64:/usr/local/lib:/home/unitree/cyclonedds_ws/install/rmw_cyclonedds_cpp/lib:/home/unitree/cyclonedds_ws/install/cyclonedds/lib:/opt/ros/foxy/opt/yaml_cpp_vendor/lib:/opt/ros/foxy/opt/rviz_ogre_vendor/lib:/opt/ros/foxy/lib/aarch64-linux-gnu:/opt/ros/foxy/lib:/usr/local/cuda-11.4/lib64 PYTHONPATH=/home/unitree/navigation_ws/install/livox_ros_driver2/lib/python3.8/site-packages:/home/unitree/navigation_ws/install/rm_autonomy_interfaces/lib/python3.8/site-packages:/home/unitree/navigation_ws/install/dwb_msgs/lib/python3.8/site-packages:/home/unitree/navigation_ws/install/nav_2d_msgs/lib/python3.8/site-packages:/home/unitree/navigation_ws/install/nav2_msgs/lib/python3.8/site-packages:/home/unitree/navigation_ws/install/nav2_common/lib/python3.8/site-packages:/home/unitree/navigation_ws/install/fast_lio/lib/python3.8/site-packages:/opt/ros/foxy/lib/python3.8/site-packages /usr/bin/cmake --build /home/unitree/navigation_ws/build/fast_lio -- -j8 -l8
[4.477s] DEBUG:colcon.colcon_core.event_handler.log_command:Invoking command in '/home/unitree/navigation_ws/build/nav2_msgs': CMAKE_PREFIX_PATH=/home/unitree/navigation_ws/install/nav2_common:/home/unitree/navigation_ws/install/nav2_bringup:/home/unitree/navigation_ws/install/navigation2:/home/unitree/navigation_ws/install/smac_planner:/home/unitree/navigation_ws/install/rm_autonomy:/home/unitree/navigation_ws/install/rm_autonomy_interfaces:/home/unitree/navigation_ws/install/bringup:/home/unitree/navigation_ws/install/pointcloud_to_laserscan:/home/unitree/navigation_ws/install/nav2_dwb_controller:/home/unitree/navigation_ws/install/nav2_controller:/home/unitree/navigation_ws/install/dwb_plugins:/home/unitree/navigation_ws/install/dwb_critics:/home/unitree/navigation_ws/install/dwb_core:/home/unitree/navigation_ws/install/nav_2d_utils:/home/unitree/navigation_ws/install/dwb_msgs:/home/unitree/navigation_ws/install/nav_2d_msgs:/home/unitree/navigation_ws/install/nav2_waypoint_follower:/home/unitree/navigation_ws/install/nav2_regulated_pure_pursuit_controller:/home/unitree/navigation_ws/install/nav2_recoveries:/home/unitree/navigation_ws/install/nav2_planner:/home/unitree/navigation_ws/install/nav2_navfn_planner:/home/unitree/navigation_ws/install/nav2_core:/home/unitree/navigation_ws/install/costmap_queue:/home/unitree/navigation_ws/install/nav2_costmap_2d:/home/unitree/navigation_ws/install/nav2_voxel_grid:/home/unitree/navigation_ws/install/nav2_map_server:/home/unitree/navigation_ws/install/nav2_lifecycle_manager:/home/unitree/navigation_ws/install/nav2_bt_navigator:/home/unitree/navigation_ws/install/nav2_behavior_tree:/home/unitree/navigation_ws/install/nav2_amcl:/home/unitree/navigation_ws/install/nav2_util:/home/unitree/navigation_ws/install/nav2_msgs:/home/unitree/navigation_ws/install/loam_interface:/home/unitree/navigation_ws/install/fast_lio:/home/unitree/navigation_ws/install/livox_ros_driver2:/home/unitree/navigation_ws/install/linefit_ground_segmentation_ros:/home/unitree/navigation_ws/install/linefit_ground_segmentation:/home/unitree/navigation_ws/install/cmd_vel_processor:/home/unitree/navigation_ws/install/behaviortree_cpp:/home/unitree/cyclonedds_ws/install/rmw_cyclonedds_cpp:/home/unitree/cyclonedds_ws/install/cyclonedds:/opt/ros/foxy PYTHONPATH=/home/unitree/navigation_ws/install/nav2_common/lib/python3.8/site-packages:/home/unitree/navigation_ws/install/rm_autonomy_interfaces/lib/python3.8/site-packages:/home/unitree/navigation_ws/install/dwb_msgs/lib/python3.8/site-packages:/home/unitree/navigation_ws/install/nav_2d_msgs/lib/python3.8/site-packages:/home/unitree/navigation_ws/install/nav2_msgs/lib/python3.8/site-packages:/home/unitree/navigation_ws/install/fast_lio/lib/python3.8/site-packages:/home/unitree/navigation_ws/install/livox_ros_driver2/lib/python3.8/site-packages:/opt/ros/foxy/lib/python3.8/site-packages /usr/bin/cmake --install /home/unitree/navigation_ws/build/nav2_msgs
[4.506s] DEBUG:colcon.colcon_core.event_handler.log_command:Invoking command in '/home/unitree/navigation_ws/build/fast_lio': CMAKE_PREFIX_PATH=/home/unitree/navigation_ws/install/livox_ros_driver2:/home/unitree/navigation_ws/install/nav2_bringup:/home/unitree/navigation_ws/install/navigation2:/home/unitree/navigation_ws/install/smac_planner:/home/unitree/navigation_ws/install/rm_autonomy:/home/unitree/navigation_ws/install/rm_autonomy_interfaces:/home/unitree/navigation_ws/install/bringup:/home/unitree/navigation_ws/install/pointcloud_to_laserscan:/home/unitree/navigation_ws/install/nav2_dwb_controller:/home/unitree/navigation_ws/install/nav2_controller:/home/unitree/navigation_ws/install/dwb_plugins:/home/unitree/navigation_ws/install/dwb_critics:/home/unitree/navigation_ws/install/dwb_core:/home/unitree/navigation_ws/install/nav_2d_utils:/home/unitree/navigation_ws/install/dwb_msgs:/home/unitree/navigation_ws/install/nav_2d_msgs:/home/unitree/navigation_ws/install/nav2_waypoint_follower:/home/unitree/navigation_ws/install/nav2_regulated_pure_pursuit_controller:/home/unitree/navigation_ws/install/nav2_recoveries:/home/unitree/navigation_ws/install/nav2_planner:/home/unitree/navigation_ws/install/nav2_navfn_planner:/home/unitree/navigation_ws/install/nav2_core:/home/unitree/navigation_ws/install/costmap_queue:/home/unitree/navigation_ws/install/nav2_costmap_2d:/home/unitree/navigation_ws/install/nav2_voxel_grid:/home/unitree/navigation_ws/install/nav2_map_server:/home/unitree/navigation_ws/install/nav2_lifecycle_manager:/home/unitree/navigation_ws/install/nav2_bt_navigator:/home/unitree/navigation_ws/install/nav2_behavior_tree:/home/unitree/navigation_ws/install/nav2_amcl:/home/unitree/navigation_ws/install/nav2_util:/home/unitree/navigation_ws/install/nav2_msgs:/home/unitree/navigation_ws/install/nav2_common:/home/unitree/navigation_ws/install/loam_interface:/home/unitree/navigation_ws/install/fast_lio:/home/unitree/navigation_ws/install/linefit_ground_segmentation_ros:/home/unitree/navigation_ws/install/linefit_ground_segmentation:/home/unitree/navigation_ws/install/cmd_vel_processor:/home/unitree/navigation_ws/install/behaviortree_cpp:/home/unitree/cyclonedds_ws/install/rmw_cyclonedds_cpp:/home/unitree/cyclonedds_ws/install/cyclonedds:/opt/ros/foxy LD_LIBRARY_PATH=/home/unitree/navigation_ws/install/livox_ros_driver2/lib:/home/unitree/navigation_ws/install/smac_planner/lib:/home/unitree/navigation_ws/install/rm_autonomy/lib:/home/unitree/navigation_ws/install/rm_autonomy_interfaces/lib:/home/unitree/navigation_ws/install/pointcloud_to_laserscan/lib:/home/unitree/navigation_ws/install/nav2_controller/lib:/home/unitree/navigation_ws/install/dwb_plugins/lib:/home/unitree/navigation_ws/install/dwb_critics/lib:/home/unitree/navigation_ws/install/dwb_core/lib:/home/unitree/navigation_ws/install/nav_2d_utils/lib:/home/unitree/navigation_ws/install/dwb_msgs/lib:/home/unitree/navigation_ws/install/nav_2d_msgs/lib:/home/unitree/navigation_ws/install/nav2_waypoint_follower/lib:/home/unitree/navigation_ws/install/nav2_regulated_pure_pursuit_controller/lib:/home/unitree/navigation_ws/install/nav2_recoveries/lib:/home/unitree/navigation_ws/install/nav2_planner/lib:/home/unitree/navigation_ws/install/nav2_navfn_planner/lib:/home/unitree/navigation_ws/install/costmap_queue/lib:/home/unitree/navigation_ws/install/nav2_costmap_2d/lib:/home/unitree/navigation_ws/install/nav2_voxel_grid/lib:/home/unitree/navigation_ws/install/nav2_map_server/lib:/home/unitree/navigation_ws/install/nav2_lifecycle_manager/lib:/home/unitree/navigation_ws/install/nav2_bt_navigator/lib:/home/unitree/navigation_ws/install/nav2_behavior_tree/lib:/home/unitree/navigation_ws/install/nav2_amcl/lib:/home/unitree/navigation_ws/install/nav2_util/lib:/home/unitree/navigation_ws/install/nav2_msgs/lib:/home/unitree/navigation_ws/install/loam_interface/lib:/home/unitree/navigation_ws/install/fast_lio/lib:/home/unitree/navigation_ws/install/linefit_ground_segmentation/lib:/home/unitree/navigation_ws/install/behaviortree_cpp/lib:/usr/local/cuda-11.4/lib64:/usr/local/lib:/home/unitree/cyclonedds_ws/install/rmw_cyclonedds_cpp/lib:/home/unitree/cyclonedds_ws/install/cyclonedds/lib:/opt/ros/foxy/opt/yaml_cpp_vendor/lib:/opt/ros/foxy/opt/rviz_ogre_vendor/lib:/opt/ros/foxy/lib/aarch64-linux-gnu:/opt/ros/foxy/lib:/usr/local/cuda-11.4/lib64 PYTHONPATH=/home/unitree/navigation_ws/install/livox_ros_driver2/lib/python3.8/site-packages:/home/unitree/navigation_ws/install/rm_autonomy_interfaces/lib/python3.8/site-packages:/home/unitree/navigation_ws/install/dwb_msgs/lib/python3.8/site-packages:/home/unitree/navigation_ws/install/nav_2d_msgs/lib/python3.8/site-packages:/home/unitree/navigation_ws/install/nav2_msgs/lib/python3.8/site-packages:/home/unitree/navigation_ws/install/nav2_common/lib/python3.8/site-packages:/home/unitree/navigation_ws/install/fast_lio/lib/python3.8/site-packages:/opt/ros/foxy/lib/python3.8/site-packages /usr/bin/cmake --install /home/unitree/navigation_ws/build/fast_lio
[4.567s] DEBUG:colcon.colcon_core.event_handler.log_command:Invoked command in '/home/unitree/navigation_ws/build/dwb_msgs' returned '0': CMAKE_PREFIX_PATH=/home/unitree/navigation_ws/install/nav_2d_msgs:/home/unitree/navigation_ws/install/nav2_bringup:/home/unitree/navigation_ws/install/navigation2:/home/unitree/navigation_ws/install/smac_planner:/home/unitree/navigation_ws/install/rm_autonomy:/home/unitree/navigation_ws/install/rm_autonomy_interfaces:/home/unitree/navigation_ws/install/bringup:/home/unitree/navigation_ws/install/pointcloud_to_laserscan:/home/unitree/navigation_ws/install/nav2_dwb_controller:/home/unitree/navigation_ws/install/nav2_controller:/home/unitree/navigation_ws/install/dwb_plugins:/home/unitree/navigation_ws/install/dwb_critics:/home/unitree/navigation_ws/install/dwb_core:/home/unitree/navigation_ws/install/nav_2d_utils:/home/unitree/navigation_ws/install/dwb_msgs:/home/unitree/navigation_ws/install/nav2_waypoint_follower:/home/unitree/navigation_ws/install/nav2_regulated_pure_pursuit_controller:/home/unitree/navigation_ws/install/nav2_recoveries:/home/unitree/navigation_ws/install/nav2_planner:/home/unitree/navigation_ws/install/nav2_navfn_planner:/home/unitree/navigation_ws/install/nav2_core:/home/unitree/navigation_ws/install/costmap_queue:/home/unitree/navigation_ws/install/nav2_costmap_2d:/home/unitree/navigation_ws/install/nav2_voxel_grid:/home/unitree/navigation_ws/install/nav2_map_server:/home/unitree/navigation_ws/install/nav2_lifecycle_manager:/home/unitree/navigation_ws/install/nav2_bt_navigator:/home/unitree/navigation_ws/install/nav2_behavior_tree:/home/unitree/navigation_ws/install/nav2_amcl:/home/unitree/navigation_ws/install/nav2_util:/home/unitree/navigation_ws/install/nav2_msgs:/home/unitree/navigation_ws/install/nav2_common:/home/unitree/navigation_ws/install/loam_interface:/home/unitree/navigation_ws/install/fast_lio:/home/unitree/navigation_ws/install/livox_ros_driver2:/home/unitree/navigation_ws/install/linefit_ground_segmentation_ros:/home/unitree/navigation_ws/install/linefit_ground_segmentation:/home/unitree/navigation_ws/install/cmd_vel_processor:/home/unitree/navigation_ws/install/behaviortree_cpp:/home/unitree/cyclonedds_ws/install/rmw_cyclonedds_cpp:/home/unitree/cyclonedds_ws/install/cyclonedds:/opt/ros/foxy LD_LIBRARY_PATH=/home/unitree/navigation_ws/install/nav_2d_msgs/lib:/home/unitree/navigation_ws/install/smac_planner/lib:/home/unitree/navigation_ws/install/rm_autonomy/lib:/home/unitree/navigation_ws/install/rm_autonomy_interfaces/lib:/home/unitree/navigation_ws/install/pointcloud_to_laserscan/lib:/home/unitree/navigation_ws/install/nav2_controller/lib:/home/unitree/navigation_ws/install/dwb_plugins/lib:/home/unitree/navigation_ws/install/dwb_critics/lib:/home/unitree/navigation_ws/install/dwb_core/lib:/home/unitree/navigation_ws/install/nav_2d_utils/lib:/home/unitree/navigation_ws/install/dwb_msgs/lib:/home/unitree/navigation_ws/install/nav2_waypoint_follower/lib:/home/unitree/navigation_ws/install/nav2_regulated_pure_pursuit_controller/lib:/home/unitree/navigation_ws/install/nav2_recoveries/lib:/home/unitree/navigation_ws/install/nav2_planner/lib:/home/unitree/navigation_ws/install/nav2_navfn_planner/lib:/home/unitree/navigation_ws/install/costmap_queue/lib:/home/unitree/navigation_ws/install/nav2_costmap_2d/lib:/home/unitree/navigation_ws/install/nav2_voxel_grid/lib:/home/unitree/navigation_ws/install/nav2_map_server/lib:/home/unitree/navigation_ws/install/nav2_lifecycle_manager/lib:/home/unitree/navigation_ws/install/nav2_bt_navigator/lib:/home/unitree/navigation_ws/install/nav2_behavior_tree/lib:/home/unitree/navigation_ws/install/nav2_amcl/lib:/home/unitree/navigation_ws/install/nav2_util/lib:/home/unitree/navigation_ws/install/nav2_msgs/lib:/home/unitree/navigation_ws/install/loam_interface/lib:/home/unitree/navigation_ws/install/fast_lio/lib:/home/unitree/navigation_ws/install/livox_ros_driver2/lib:/home/unitree/navigation_ws/install/linefit_ground_segmentation/lib:/home/unitree/navigation_ws/install/behaviortree_cpp/lib:/usr/local/cuda-11.4/lib64:/usr/local/lib:/home/unitree/cyclonedds_ws/install/rmw_cyclonedds_cpp/lib:/home/unitree/cyclonedds_ws/install/cyclonedds/lib:/opt/ros/foxy/opt/yaml_cpp_vendor/lib:/opt/ros/foxy/opt/rviz_ogre_vendor/lib:/opt/ros/foxy/lib/aarch64-linux-gnu:/opt/ros/foxy/lib:/usr/local/cuda-11.4/lib64 PYTHONPATH=/home/unitree/navigation_ws/install/nav_2d_msgs/lib/python3.8/site-packages:/home/unitree/navigation_ws/install/rm_autonomy_interfaces/lib/python3.8/site-packages:/home/unitree/navigation_ws/install/dwb_msgs/lib/python3.8/site-packages:/home/unitree/navigation_ws/install/nav2_msgs/lib/python3.8/site-packages:/home/unitree/navigation_ws/install/nav2_common/lib/python3.8/site-packages:/home/unitree/navigation_ws/install/fast_lio/lib/python3.8/site-packages:/home/unitree/navigation_ws/install/livox_ros_driver2/lib/python3.8/site-packages:/opt/ros/foxy/lib/python3.8/site-packages /usr/bin/cmake --build /home/unitree/navigation_ws/build/dwb_msgs -- -j8 -l8
[4.666s] Level 1:colcon.colcon_core.environment:create_environment_scripts_only(fast_lio)
[4.667s] Level 1:colcon.colcon_core.environment:checking '/home/unitree/navigation_ws/install/fast_lio' for CMake module files
[4.668s] DEBUG:colcon.colcon_core.event_handler.log_command:Invoked command in '/home/unitree/navigation_ws/build/fast_lio' returned '0': CMAKE_PREFIX_PATH=/home/unitree/navigation_ws/install/livox_ros_driver2:/home/unitree/navigation_ws/install/nav2_bringup:/home/unitree/navigation_ws/install/navigation2:/home/unitree/navigation_ws/install/smac_planner:/home/unitree/navigation_ws/install/rm_autonomy:/home/unitree/navigation_ws/install/rm_autonomy_interfaces:/home/unitree/navigation_ws/install/bringup:/home/unitree/navigation_ws/install/pointcloud_to_laserscan:/home/unitree/navigation_ws/install/nav2_dwb_controller:/home/unitree/navigation_ws/install/nav2_controller:/home/unitree/navigation_ws/install/dwb_plugins:/home/unitree/navigation_ws/install/dwb_critics:/home/unitree/navigation_ws/install/dwb_core:/home/unitree/navigation_ws/install/nav_2d_utils:/home/unitree/navigation_ws/install/dwb_msgs:/home/unitree/navigation_ws/install/nav_2d_msgs:/home/unitree/navigation_ws/install/nav2_waypoint_follower:/home/unitree/navigation_ws/install/nav2_regulated_pure_pursuit_controller:/home/unitree/navigation_ws/install/nav2_recoveries:/home/unitree/navigation_ws/install/nav2_planner:/home/unitree/navigation_ws/install/nav2_navfn_planner:/home/unitree/navigation_ws/install/nav2_core:/home/unitree/navigation_ws/install/costmap_queue:/home/unitree/navigation_ws/install/nav2_costmap_2d:/home/unitree/navigation_ws/install/nav2_voxel_grid:/home/unitree/navigation_ws/install/nav2_map_server:/home/unitree/navigation_ws/install/nav2_lifecycle_manager:/home/unitree/navigation_ws/install/nav2_bt_navigator:/home/unitree/navigation_ws/install/nav2_behavior_tree:/home/unitree/navigation_ws/install/nav2_amcl:/home/unitree/navigation_ws/install/nav2_util:/home/unitree/navigation_ws/install/nav2_msgs:/home/unitree/navigation_ws/install/nav2_common:/home/unitree/navigation_ws/install/loam_interface:/home/unitree/navigation_ws/install/fast_lio:/home/unitree/navigation_ws/install/linefit_ground_segmentation_ros:/home/unitree/navigation_ws/install/linefit_ground_segmentation:/home/unitree/navigation_ws/install/cmd_vel_processor:/home/unitree/navigation_ws/install/behaviortree_cpp:/home/unitree/cyclonedds_ws/install/rmw_cyclonedds_cpp:/home/unitree/cyclonedds_ws/install/cyclonedds:/opt/ros/foxy LD_LIBRARY_PATH=/home/unitree/navigation_ws/install/livox_ros_driver2/lib:/home/unitree/navigation_ws/install/smac_planner/lib:/home/unitree/navigation_ws/install/rm_autonomy/lib:/home/unitree/navigation_ws/install/rm_autonomy_interfaces/lib:/home/unitree/navigation_ws/install/pointcloud_to_laserscan/lib:/home/unitree/navigation_ws/install/nav2_controller/lib:/home/unitree/navigation_ws/install/dwb_plugins/lib:/home/unitree/navigation_ws/install/dwb_critics/lib:/home/unitree/navigation_ws/install/dwb_core/lib:/home/unitree/navigation_ws/install/nav_2d_utils/lib:/home/unitree/navigation_ws/install/dwb_msgs/lib:/home/unitree/navigation_ws/install/nav_2d_msgs/lib:/home/unitree/navigation_ws/install/nav2_waypoint_follower/lib:/home/unitree/navigation_ws/install/nav2_regulated_pure_pursuit_controller/lib:/home/unitree/navigation_ws/install/nav2_recoveries/lib:/home/unitree/navigation_ws/install/nav2_planner/lib:/home/unitree/navigation_ws/install/nav2_navfn_planner/lib:/home/unitree/navigation_ws/install/costmap_queue/lib:/home/unitree/navigation_ws/install/nav2_costmap_2d/lib:/home/unitree/navigation_ws/install/nav2_voxel_grid/lib:/home/unitree/navigation_ws/install/nav2_map_server/lib:/home/unitree/navigation_ws/install/nav2_lifecycle_manager/lib:/home/unitree/navigation_ws/install/nav2_bt_navigator/lib:/home/unitree/navigation_ws/install/nav2_behavior_tree/lib:/home/unitree/navigation_ws/install/nav2_amcl/lib:/home/unitree/navigation_ws/install/nav2_util/lib:/home/unitree/navigation_ws/install/nav2_msgs/lib:/home/unitree/navigation_ws/install/loam_interface/lib:/home/unitree/navigation_ws/install/fast_lio/lib:/home/unitree/navigation_ws/install/linefit_ground_segmentation/lib:/home/unitree/navigation_ws/install/behaviortree_cpp/lib:/usr/local/cuda-11.4/lib64:/usr/local/lib:/home/unitree/cyclonedds_ws/install/rmw_cyclonedds_cpp/lib:/home/unitree/cyclonedds_ws/install/cyclonedds/lib:/opt/ros/foxy/opt/yaml_cpp_vendor/lib:/opt/ros/foxy/opt/rviz_ogre_vendor/lib:/opt/ros/foxy/lib/aarch64-linux-gnu:/opt/ros/foxy/lib:/usr/local/cuda-11.4/lib64 PYTHONPATH=/home/unitree/navigation_ws/install/livox_ros_driver2/lib/python3.8/site-packages:/home/unitree/navigation_ws/install/rm_autonomy_interfaces/lib/python3.8/site-packages:/home/unitree/navigation_ws/install/dwb_msgs/lib/python3.8/site-packages:/home/unitree/navigation_ws/install/nav_2d_msgs/lib/python3.8/site-packages:/home/unitree/navigation_ws/install/nav2_msgs/lib/python3.8/site-packages:/home/unitree/navigation_ws/install/nav2_common/lib/python3.8/site-packages:/home/unitree/navigation_ws/install/fast_lio/lib/python3.8/site-packages:/opt/ros/foxy/lib/python3.8/site-packages /usr/bin/cmake --install /home/unitree/navigation_ws/build/fast_lio
[4.669s] Level 1:colcon.colcon_core.environment:checking '/home/unitree/navigation_ws/install/fast_lio' for CMake config files
[4.670s] Level 1:colcon.colcon_core.shell:create_environment_hook('fast_lio', 'cmake_prefix_path')
[4.671s] INFO:colcon.colcon_core.shell:Creating environment hook '/home/unitree/navigation_ws/install/fast_lio/share/fast_lio/hook/cmake_prefix_path.ps1'
[4.672s] INFO:colcon.colcon_core.shell:Creating environment descriptor '/home/unitree/navigation_ws/install/fast_lio/share/fast_lio/hook/cmake_prefix_path.dsv'
[4.672s] INFO:colcon.colcon_core.shell:Creating environment hook '/home/unitree/navigation_ws/install/fast_lio/share/fast_lio/hook/cmake_prefix_path.sh'
[4.673s] Level 1:colcon.colcon_core.environment:checking '/home/unitree/navigation_ws/install/fast_lio/lib'
[4.674s] Level 1:colcon.colcon_core.shell:create_environment_hook('fast_lio', 'ld_library_path_lib')
[4.674s] INFO:colcon.colcon_core.shell:Creating environment hook '/home/unitree/navigation_ws/install/fast_lio/share/fast_lio/hook/ld_library_path_lib.ps1'
[4.675s] INFO:colcon.colcon_core.shell:Creating environment descriptor '/home/unitree/navigation_ws/install/fast_lio/share/fast_lio/hook/ld_library_path_lib.dsv'
[4.675s] INFO:colcon.colcon_core.shell:Creating environment hook '/home/unitree/navigation_ws/install/fast_lio/share/fast_lio/hook/ld_library_path_lib.sh'
[4.676s] Level 1:colcon.colcon_core.environment:checking '/home/unitree/navigation_ws/install/fast_lio/bin'
[4.676s] Level 1:colcon.colcon_core.environment:checking '/home/unitree/navigation_ws/install/fast_lio/lib/pkgconfig/fast_lio.pc'
[4.676s] Level 1:colcon.colcon_core.environment:checking '/home/unitree/navigation_ws/install/fast_lio/lib/python3.8/site-packages'
[4.676s] Level 1:colcon.colcon_core.shell:create_environment_hook('fast_lio', 'pythonpath')
[4.677s] INFO:colcon.colcon_core.shell:Creating environment hook '/home/unitree/navigation_ws/install/fast_lio/share/fast_lio/hook/pythonpath.ps1'
[4.677s] INFO:colcon.colcon_core.shell:Creating environment descriptor '/home/unitree/navigation_ws/install/fast_lio/share/fast_lio/hook/pythonpath.dsv'
[4.678s] INFO:colcon.colcon_core.shell:Creating environment hook '/home/unitree/navigation_ws/install/fast_lio/share/fast_lio/hook/pythonpath.sh'
[4.679s] Level 1:colcon.colcon_core.environment:checking '/home/unitree/navigation_ws/install/fast_lio/bin'
[4.679s] INFO:colcon.colcon_core.shell:Creating package script '/home/unitree/navigation_ws/install/fast_lio/share/fast_lio/package.ps1'
[4.680s] INFO:colcon.colcon_core.shell:Creating package descriptor '/home/unitree/navigation_ws/install/fast_lio/share/fast_lio/package.dsv'
[4.682s] INFO:colcon.colcon_core.shell:Creating package script '/home/unitree/navigation_ws/install/fast_lio/share/fast_lio/package.sh'
[4.682s] INFO:colcon.colcon_core.shell:Creating package script '/home/unitree/navigation_ws/install/fast_lio/share/fast_lio/package.bash'
[4.683s] INFO:colcon.colcon_core.shell:Creating package script '/home/unitree/navigation_ws/install/fast_lio/share/fast_lio/package.zsh'
[4.683s] Level 1:colcon.colcon_core.environment:create_file_with_runtime_dependencies(/home/unitree/navigation_ws/install/fast_lio/share/colcon-core/packages/fast_lio)
[4.731s] Level 1:colcon.colcon_core.environment:create_environment_scripts_only(nav2_msgs)
[4.734s] Level 1:colcon.colcon_core.environment:checking '/home/unitree/navigation_ws/install/nav2_msgs' for CMake module files
[4.734s] DEBUG:colcon.colcon_core.event_handler.log_command:Invoked command in '/home/unitree/navigation_ws/build/nav2_msgs' returned '0': CMAKE_PREFIX_PATH=/home/unitree/navigation_ws/install/nav2_common:/home/unitree/navigation_ws/install/nav2_bringup:/home/unitree/navigation_ws/install/navigation2:/home/unitree/navigation_ws/install/smac_planner:/home/unitree/navigation_ws/install/rm_autonomy:/home/unitree/navigation_ws/install/rm_autonomy_interfaces:/home/unitree/navigation_ws/install/bringup:/home/unitree/navigation_ws/install/pointcloud_to_laserscan:/home/unitree/navigation_ws/install/nav2_dwb_controller:/home/unitree/navigation_ws/install/nav2_controller:/home/unitree/navigation_ws/install/dwb_plugins:/home/unitree/navigation_ws/install/dwb_critics:/home/unitree/navigation_ws/install/dwb_core:/home/unitree/navigation_ws/install/nav_2d_utils:/home/unitree/navigation_ws/install/dwb_msgs:/home/unitree/navigation_ws/install/nav_2d_msgs:/home/unitree/navigation_ws/install/nav2_waypoint_follower:/home/unitree/navigation_ws/install/nav2_regulated_pure_pursuit_controller:/home/unitree/navigation_ws/install/nav2_recoveries:/home/unitree/navigation_ws/install/nav2_planner:/home/unitree/navigation_ws/install/nav2_navfn_planner:/home/unitree/navigation_ws/install/nav2_core:/home/unitree/navigation_ws/install/costmap_queue:/home/unitree/navigation_ws/install/nav2_costmap_2d:/home/unitree/navigation_ws/install/nav2_voxel_grid:/home/unitree/navigation_ws/install/nav2_map_server:/home/unitree/navigation_ws/install/nav2_lifecycle_manager:/home/unitree/navigation_ws/install/nav2_bt_navigator:/home/unitree/navigation_ws/install/nav2_behavior_tree:/home/unitree/navigation_ws/install/nav2_amcl:/home/unitree/navigation_ws/install/nav2_util:/home/unitree/navigation_ws/install/nav2_msgs:/home/unitree/navigation_ws/install/loam_interface:/home/unitree/navigation_ws/install/fast_lio:/home/unitree/navigation_ws/install/livox_ros_driver2:/home/unitree/navigation_ws/install/linefit_ground_segmentation_ros:/home/unitree/navigation_ws/install/linefit_ground_segmentation:/home/unitree/navigation_ws/install/cmd_vel_processor:/home/unitree/navigation_ws/install/behaviortree_cpp:/home/unitree/cyclonedds_ws/install/rmw_cyclonedds_cpp:/home/unitree/cyclonedds_ws/install/cyclonedds:/opt/ros/foxy PYTHONPATH=/home/unitree/navigation_ws/install/nav2_common/lib/python3.8/site-packages:/home/unitree/navigation_ws/install/rm_autonomy_interfaces/lib/python3.8/site-packages:/home/unitree/navigation_ws/install/dwb_msgs/lib/python3.8/site-packages:/home/unitree/navigation_ws/install/nav_2d_msgs/lib/python3.8/site-packages:/home/unitree/navigation_ws/install/nav2_msgs/lib/python3.8/site-packages:/home/unitree/navigation_ws/install/fast_lio/lib/python3.8/site-packages:/home/unitree/navigation_ws/install/livox_ros_driver2/lib/python3.8/site-packages:/opt/ros/foxy/lib/python3.8/site-packages /usr/bin/cmake --install /home/unitree/navigation_ws/build/nav2_msgs
[4.735s] Level 1:colcon.colcon_core.environment:checking '/home/unitree/navigation_ws/install/nav2_msgs' for CMake config files
[4.737s] Level 1:colcon.colcon_core.shell:create_environment_hook('nav2_msgs', 'cmake_prefix_path')
[4.738s] INFO:colcon.colcon_core.shell:Creating environment hook '/home/unitree/navigation_ws/install/nav2_msgs/share/nav2_msgs/hook/cmake_prefix_path.ps1'
[4.739s] INFO:colcon.colcon_core.shell:Creating environment descriptor '/home/unitree/navigation_ws/install/nav2_msgs/share/nav2_msgs/hook/cmake_prefix_path.dsv'
[4.739s] INFO:colcon.colcon_core.shell:Creating environment hook '/home/unitree/navigation_ws/install/nav2_msgs/share/nav2_msgs/hook/cmake_prefix_path.sh'
[4.740s] Level 1:colcon.colcon_core.environment:checking '/home/unitree/navigation_ws/install/nav2_msgs/lib'
[4.741s] Level 1:colcon.colcon_core.shell:create_environment_hook('nav2_msgs', 'ld_library_path_lib')
[4.741s] INFO:colcon.colcon_core.shell:Creating environment hook '/home/unitree/navigation_ws/install/nav2_msgs/share/nav2_msgs/hook/ld_library_path_lib.ps1'
[4.742s] INFO:colcon.colcon_core.shell:Creating environment descriptor '/home/unitree/navigation_ws/install/nav2_msgs/share/nav2_msgs/hook/ld_library_path_lib.dsv'
[4.742s] INFO:colcon.colcon_core.shell:Creating environment hook '/home/unitree/navigation_ws/install/nav2_msgs/share/nav2_msgs/hook/ld_library_path_lib.sh'
[4.743s] Level 1:colcon.colcon_core.environment:checking '/home/unitree/navigation_ws/install/nav2_msgs/bin'
[4.743s] Level 1:colcon.colcon_core.environment:checking '/home/unitree/navigation_ws/install/nav2_msgs/lib/pkgconfig/nav2_msgs.pc'
[4.743s] Level 1:colcon.colcon_core.environment:checking '/home/unitree/navigation_ws/install/nav2_msgs/lib/python3.8/site-packages'
[4.743s] Level 1:colcon.colcon_core.shell:create_environment_hook('nav2_msgs', 'pythonpath')
[4.744s] INFO:colcon.colcon_core.shell:Creating environment hook '/home/unitree/navigation_ws/install/nav2_msgs/share/nav2_msgs/hook/pythonpath.ps1'
[4.745s] INFO:colcon.colcon_core.shell:Creating environment descriptor '/home/unitree/navigation_ws/install/nav2_msgs/share/nav2_msgs/hook/pythonpath.dsv'
[4.746s] INFO:colcon.colcon_core.shell:Creating environment hook '/home/unitree/navigation_ws/install/nav2_msgs/share/nav2_msgs/hook/pythonpath.sh'
[4.747s] Level 1:colcon.colcon_core.environment:checking '/home/unitree/navigation_ws/install/nav2_msgs/bin'
[4.747s] INFO:colcon.colcon_core.shell:Creating package script '/home/unitree/navigation_ws/install/nav2_msgs/share/nav2_msgs/package.ps1'
[4.748s] INFO:colcon.colcon_core.shell:Creating package descriptor '/home/unitree/navigation_ws/install/nav2_msgs/share/nav2_msgs/package.dsv'
[4.749s] INFO:colcon.colcon_core.shell:Creating package script '/home/unitree/navigation_ws/install/nav2_msgs/share/nav2_msgs/package.sh'
[4.750s] INFO:colcon.colcon_core.shell:Creating package script '/home/unitree/navigation_ws/install/nav2_msgs/share/nav2_msgs/package.bash'
[4.750s] INFO:colcon.colcon_core.shell:Creating package script '/home/unitree/navigation_ws/install/nav2_msgs/share/nav2_msgs/package.zsh'
[4.751s] Level 1:colcon.colcon_core.environment:create_file_with_runtime_dependencies(/home/unitree/navigation_ws/install/nav2_msgs/share/colcon-core/packages/nav2_msgs)
[4.796s] Level 1:colcon.colcon_core.environment:create_environment_scripts_only(rm_autonomy_interfaces)
[4.796s] Level 1:colcon.colcon_core.environment:checking '/home/unitree/navigation_ws/install/rm_autonomy_interfaces' for CMake module files
[4.797s] Level 1:colcon.colcon_core.environment:checking '/home/unitree/navigation_ws/install/rm_autonomy_interfaces' for CMake config files
[4.799s] Level 1:colcon.colcon_core.shell:create_environment_hook('rm_autonomy_interfaces', 'cmake_prefix_path')
[4.799s] INFO:colcon.colcon_core.shell:Creating environment hook '/home/unitree/navigation_ws/install/rm_autonomy_interfaces/share/rm_autonomy_interfaces/hook/cmake_prefix_path.ps1'
[4.800s] INFO:colcon.colcon_core.shell:Creating environment descriptor '/home/unitree/navigation_ws/install/rm_autonomy_interfaces/share/rm_autonomy_interfaces/hook/cmake_prefix_path.dsv'
[4.801s] INFO:colcon.colcon_core.shell:Creating environment hook '/home/unitree/navigation_ws/install/rm_autonomy_interfaces/share/rm_autonomy_interfaces/hook/cmake_prefix_path.sh'
[4.802s] Level 1:colcon.colcon_core.environment:checking '/home/unitree/navigation_ws/install/rm_autonomy_interfaces/lib'
[4.802s] Level 1:colcon.colcon_core.shell:create_environment_hook('rm_autonomy_interfaces', 'ld_library_path_lib')
[4.802s] INFO:colcon.colcon_core.shell:Creating environment hook '/home/unitree/navigation_ws/install/rm_autonomy_interfaces/share/rm_autonomy_interfaces/hook/ld_library_path_lib.ps1'
[4.803s] INFO:colcon.colcon_core.shell:Creating environment descriptor '/home/unitree/navigation_ws/install/rm_autonomy_interfaces/share/rm_autonomy_interfaces/hook/ld_library_path_lib.dsv'
[4.804s] INFO:colcon.colcon_core.shell:Creating environment hook '/home/unitree/navigation_ws/install/rm_autonomy_interfaces/share/rm_autonomy_interfaces/hook/ld_library_path_lib.sh'
[4.804s] Level 1:colcon.colcon_core.environment:checking '/home/unitree/navigation_ws/install/rm_autonomy_interfaces/bin'
[4.804s] Level 1:colcon.colcon_core.environment:checking '/home/unitree/navigation_ws/install/rm_autonomy_interfaces/lib/pkgconfig/rm_autonomy_interfaces.pc'
[4.805s] Level 1:colcon.colcon_core.environment:checking '/home/unitree/navigation_ws/install/rm_autonomy_interfaces/lib/python3.8/site-packages'
[4.805s] Level 1:colcon.colcon_core.shell:create_environment_hook('rm_autonomy_interfaces', 'pythonpath')
[4.805s] INFO:colcon.colcon_core.shell:Creating environment hook '/home/unitree/navigation_ws/install/rm_autonomy_interfaces/share/rm_autonomy_interfaces/hook/pythonpath.ps1'
[4.806s] INFO:colcon.colcon_core.shell:Creating environment descriptor '/home/unitree/navigation_ws/install/rm_autonomy_interfaces/share/rm_autonomy_interfaces/hook/pythonpath.dsv'
[4.806s] INFO:colcon.colcon_core.shell:Creating environment hook '/home/unitree/navigation_ws/install/rm_autonomy_interfaces/share/rm_autonomy_interfaces/hook/pythonpath.sh'
[4.807s] Level 1:colcon.colcon_core.environment:checking '/home/unitree/navigation_ws/install/rm_autonomy_interfaces/bin'
[4.808s] INFO:colcon.colcon_core.shell:Creating package script '/home/unitree/navigation_ws/install/rm_autonomy_interfaces/share/rm_autonomy_interfaces/package.ps1'
[4.809s] INFO:colcon.colcon_core.shell:Creating package descriptor '/home/unitree/navigation_ws/install/rm_autonomy_interfaces/share/rm_autonomy_interfaces/package.dsv'
[4.810s] INFO:colcon.colcon_core.shell:Creating package script '/home/unitree/navigation_ws/install/rm_autonomy_interfaces/share/rm_autonomy_interfaces/package.sh'
[4.810s] INFO:colcon.colcon_core.shell:Creating package script '/home/unitree/navigation_ws/install/rm_autonomy_interfaces/share/rm_autonomy_interfaces/package.bash'
[4.811s] INFO:colcon.colcon_core.shell:Creating package script '/home/unitree/navigation_ws/install/rm_autonomy_interfaces/share/rm_autonomy_interfaces/package.zsh'
[4.812s] Level 1:colcon.colcon_core.environment:create_file_with_runtime_dependencies(/home/unitree/navigation_ws/install/rm_autonomy_interfaces/share/colcon-core/packages/rm_autonomy_interfaces)
[4.868s] Level 1:colcon.colcon_core.environment:create_environment_scripts_only(fast_lio)
[4.869s] Level 1:colcon.colcon_core.environment:checking '/home/unitree/navigation_ws/install/fast_lio' for CMake module files
[4.870s] Level 1:colcon.colcon_core.environment:checking '/home/unitree/navigation_ws/install/fast_lio' for CMake config files
[4.871s] Level 1:colcon.colcon_core.shell:create_environment_hook('fast_lio', 'cmake_prefix_path')
[4.872s] INFO:colcon.colcon_core.shell:Creating environment hook '/home/unitree/navigation_ws/install/fast_lio/share/fast_lio/hook/cmake_prefix_path.ps1'
[4.873s] INFO:colcon.colcon_core.shell:Creating environment descriptor '/home/unitree/navigation_ws/install/fast_lio/share/fast_lio/hook/cmake_prefix_path.dsv'
[4.874s] INFO:colcon.colcon_core.shell:Creating environment hook '/home/unitree/navigation_ws/install/fast_lio/share/fast_lio/hook/cmake_prefix_path.sh'
[4.875s] Level 1:colcon.colcon_core.environment:checking '/home/unitree/navigation_ws/install/fast_lio/lib'
[4.875s] Level 1:colcon.colcon_core.shell:create_environment_hook('fast_lio', 'ld_library_path_lib')
[4.875s] INFO:colcon.colcon_core.shell:Creating environment hook '/home/unitree/navigation_ws/install/fast_lio/share/fast_lio/hook/ld_library_path_lib.ps1'
[4.876s] INFO:colcon.colcon_core.shell:Creating environment descriptor '/home/unitree/navigation_ws/install/fast_lio/share/fast_lio/hook/ld_library_path_lib.dsv'
[4.877s] INFO:colcon.colcon_core.shell:Creating environment hook '/home/unitree/navigation_ws/install/fast_lio/share/fast_lio/hook/ld_library_path_lib.sh'
[4.878s] Level 1:colcon.colcon_core.environment:checking '/home/unitree/navigation_ws/install/fast_lio/bin'
[4.878s] Level 1:colcon.colcon_core.environment:checking '/home/unitree/navigation_ws/install/fast_lio/lib/pkgconfig/fast_lio.pc'
[4.878s] Level 1:colcon.colcon_core.environment:checking '/home/unitree/navigation_ws/install/fast_lio/lib/python3.8/site-packages'
[4.878s] Level 1:colcon.colcon_core.shell:create_environment_hook('fast_lio', 'pythonpath')
[4.878s] INFO:colcon.colcon_core.shell:Creating environment hook '/home/unitree/navigation_ws/install/fast_lio/share/fast_lio/hook/pythonpath.ps1'
[4.879s] INFO:colcon.colcon_core.shell:Creating environment descriptor '/home/unitree/navigation_ws/install/fast_lio/share/fast_lio/hook/pythonpath.dsv'
[4.880s] INFO:colcon.colcon_core.shell:Creating environment hook '/home/unitree/navigation_ws/install/fast_lio/share/fast_lio/hook/pythonpath.sh'
[4.881s] Level 1:colcon.colcon_core.environment:checking '/home/unitree/navigation_ws/install/fast_lio/bin'
[4.881s] INFO:colcon.colcon_core.shell:Creating package script '/home/unitree/navigation_ws/install/fast_lio/share/fast_lio/package.ps1'
[4.883s] INFO:colcon.colcon_core.shell:Creating package descriptor '/home/unitree/navigation_ws/install/fast_lio/share/fast_lio/package.dsv'
[4.884s] INFO:colcon.colcon_core.shell:Creating package script '/home/unitree/navigation_ws/install/fast_lio/share/fast_lio/package.sh'
[4.885s] INFO:colcon.colcon_core.shell:Creating package script '/home/unitree/navigation_ws/install/fast_lio/share/fast_lio/package.bash'
[4.885s] INFO:colcon.colcon_core.shell:Creating package script '/home/unitree/navigation_ws/install/fast_lio/share/fast_lio/package.zsh'
[4.886s] Level 1:colcon.colcon_core.environment:create_file_with_runtime_dependencies(/home/unitree/navigation_ws/install/fast_lio/share/colcon-core/packages/fast_lio)
[5.148s] DEBUG:colcon.colcon_core.event_handler.log_command:Invoking command in '/home/unitree/navigation_ws/build/dwb_msgs': CMAKE_PREFIX_PATH=/home/unitree/navigation_ws/install/nav_2d_msgs:/home/unitree/navigation_ws/install/nav2_bringup:/home/unitree/navigation_ws/install/navigation2:/home/unitree/navigation_ws/install/smac_planner:/home/unitree/navigation_ws/install/rm_autonomy:/home/unitree/navigation_ws/install/rm_autonomy_interfaces:/home/unitree/navigation_ws/install/bringup:/home/unitree/navigation_ws/install/pointcloud_to_laserscan:/home/unitree/navigation_ws/install/nav2_dwb_controller:/home/unitree/navigation_ws/install/nav2_controller:/home/unitree/navigation_ws/install/dwb_plugins:/home/unitree/navigation_ws/install/dwb_critics:/home/unitree/navigation_ws/install/dwb_core:/home/unitree/navigation_ws/install/nav_2d_utils:/home/unitree/navigation_ws/install/dwb_msgs:/home/unitree/navigation_ws/install/nav2_waypoint_follower:/home/unitree/navigation_ws/install/nav2_regulated_pure_pursuit_controller:/home/unitree/navigation_ws/install/nav2_recoveries:/home/unitree/navigation_ws/install/nav2_planner:/home/unitree/navigation_ws/install/nav2_navfn_planner:/home/unitree/navigation_ws/install/nav2_core:/home/unitree/navigation_ws/install/costmap_queue:/home/unitree/navigation_ws/install/nav2_costmap_2d:/home/unitree/navigation_ws/install/nav2_voxel_grid:/home/unitree/navigation_ws/install/nav2_map_server:/home/unitree/navigation_ws/install/nav2_lifecycle_manager:/home/unitree/navigation_ws/install/nav2_bt_navigator:/home/unitree/navigation_ws/install/nav2_behavior_tree:/home/unitree/navigation_ws/install/nav2_amcl:/home/unitree/navigation_ws/install/nav2_util:/home/unitree/navigation_ws/install/nav2_msgs:/home/unitree/navigation_ws/install/nav2_common:/home/unitree/navigation_ws/install/loam_interface:/home/unitree/navigation_ws/install/fast_lio:/home/unitree/navigation_ws/install/livox_ros_driver2:/home/unitree/navigation_ws/install/linefit_ground_segmentation_ros:/home/unitree/navigation_ws/install/linefit_ground_segmentation:/home/unitree/navigation_ws/install/cmd_vel_processor:/home/unitree/navigation_ws/install/behaviortree_cpp:/home/unitree/cyclonedds_ws/install/rmw_cyclonedds_cpp:/home/unitree/cyclonedds_ws/install/cyclonedds:/opt/ros/foxy LD_LIBRARY_PATH=/home/unitree/navigation_ws/install/nav_2d_msgs/lib:/home/unitree/navigation_ws/install/smac_planner/lib:/home/unitree/navigation_ws/install/rm_autonomy/lib:/home/unitree/navigation_ws/install/rm_autonomy_interfaces/lib:/home/unitree/navigation_ws/install/pointcloud_to_laserscan/lib:/home/unitree/navigation_ws/install/nav2_controller/lib:/home/unitree/navigation_ws/install/dwb_plugins/lib:/home/unitree/navigation_ws/install/dwb_critics/lib:/home/unitree/navigation_ws/install/dwb_core/lib:/home/unitree/navigation_ws/install/nav_2d_utils/lib:/home/unitree/navigation_ws/install/dwb_msgs/lib:/home/unitree/navigation_ws/install/nav2_waypoint_follower/lib:/home/unitree/navigation_ws/install/nav2_regulated_pure_pursuit_controller/lib:/home/unitree/navigation_ws/install/nav2_recoveries/lib:/home/unitree/navigation_ws/install/nav2_planner/lib:/home/unitree/navigation_ws/install/nav2_navfn_planner/lib:/home/unitree/navigation_ws/install/costmap_queue/lib:/home/unitree/navigation_ws/install/nav2_costmap_2d/lib:/home/unitree/navigation_ws/install/nav2_voxel_grid/lib:/home/unitree/navigation_ws/install/nav2_map_server/lib:/home/unitree/navigation_ws/install/nav2_lifecycle_manager/lib:/home/unitree/navigation_ws/install/nav2_bt_navigator/lib:/home/unitree/navigation_ws/install/nav2_behavior_tree/lib:/home/unitree/navigation_ws/install/nav2_amcl/lib:/home/unitree/navigation_ws/install/nav2_util/lib:/home/unitree/navigation_ws/install/nav2_msgs/lib:/home/unitree/navigation_ws/install/loam_interface/lib:/home/unitree/navigation_ws/install/fast_lio/lib:/home/unitree/navigation_ws/install/livox_ros_driver2/lib:/home/unitree/navigation_ws/install/linefit_ground_segmentation/lib:/home/unitree/navigation_ws/install/behaviortree_cpp/lib:/usr/local/cuda-11.4/lib64:/usr/local/lib:/home/unitree/cyclonedds_ws/install/rmw_cyclonedds_cpp/lib:/home/unitree/cyclonedds_ws/install/cyclonedds/lib:/opt/ros/foxy/opt/yaml_cpp_vendor/lib:/opt/ros/foxy/opt/rviz_ogre_vendor/lib:/opt/ros/foxy/lib/aarch64-linux-gnu:/opt/ros/foxy/lib:/usr/local/cuda-11.4/lib64 PYTHONPATH=/home/unitree/navigation_ws/install/nav_2d_msgs/lib/python3.8/site-packages:/home/unitree/navigation_ws/install/rm_autonomy_interfaces/lib/python3.8/site-packages:/home/unitree/navigation_ws/install/dwb_msgs/lib/python3.8/site-packages:/home/unitree/navigation_ws/install/nav2_msgs/lib/python3.8/site-packages:/home/unitree/navigation_ws/install/nav2_common/lib/python3.8/site-packages:/home/unitree/navigation_ws/install/fast_lio/lib/python3.8/site-packages:/home/unitree/navigation_ws/install/livox_ros_driver2/lib/python3.8/site-packages:/opt/ros/foxy/lib/python3.8/site-packages /usr/bin/cmake --install /home/unitree/navigation_ws/build/dwb_msgs
[5.342s] Level 1:colcon.colcon_core.environment:create_environment_scripts_only(dwb_msgs)
[5.343s] Level 1:colcon.colcon_core.environment:checking '/home/unitree/navigation_ws/install/dwb_msgs' for CMake module files
[5.345s] DEBUG:colcon.colcon_core.event_handler.log_command:Invoked command in '/home/unitree/navigation_ws/build/dwb_msgs' returned '0': CMAKE_PREFIX_PATH=/home/unitree/navigation_ws/install/nav_2d_msgs:/home/unitree/navigation_ws/install/nav2_bringup:/home/unitree/navigation_ws/install/navigation2:/home/unitree/navigation_ws/install/smac_planner:/home/unitree/navigation_ws/install/rm_autonomy:/home/unitree/navigation_ws/install/rm_autonomy_interfaces:/home/unitree/navigation_ws/install/bringup:/home/unitree/navigation_ws/install/pointcloud_to_laserscan:/home/unitree/navigation_ws/install/nav2_dwb_controller:/home/unitree/navigation_ws/install/nav2_controller:/home/unitree/navigation_ws/install/dwb_plugins:/home/unitree/navigation_ws/install/dwb_critics:/home/unitree/navigation_ws/install/dwb_core:/home/unitree/navigation_ws/install/nav_2d_utils:/home/unitree/navigation_ws/install/dwb_msgs:/home/unitree/navigation_ws/install/nav2_waypoint_follower:/home/unitree/navigation_ws/install/nav2_regulated_pure_pursuit_controller:/home/unitree/navigation_ws/install/nav2_recoveries:/home/unitree/navigation_ws/install/nav2_planner:/home/unitree/navigation_ws/install/nav2_navfn_planner:/home/unitree/navigation_ws/install/nav2_core:/home/unitree/navigation_ws/install/costmap_queue:/home/unitree/navigation_ws/install/nav2_costmap_2d:/home/unitree/navigation_ws/install/nav2_voxel_grid:/home/unitree/navigation_ws/install/nav2_map_server:/home/unitree/navigation_ws/install/nav2_lifecycle_manager:/home/unitree/navigation_ws/install/nav2_bt_navigator:/home/unitree/navigation_ws/install/nav2_behavior_tree:/home/unitree/navigation_ws/install/nav2_amcl:/home/unitree/navigation_ws/install/nav2_util:/home/unitree/navigation_ws/install/nav2_msgs:/home/unitree/navigation_ws/install/nav2_common:/home/unitree/navigation_ws/install/loam_interface:/home/unitree/navigation_ws/install/fast_lio:/home/unitree/navigation_ws/install/livox_ros_driver2:/home/unitree/navigation_ws/install/linefit_ground_segmentation_ros:/home/unitree/navigation_ws/install/linefit_ground_segmentation:/home/unitree/navigation_ws/install/cmd_vel_processor:/home/unitree/navigation_ws/install/behaviortree_cpp:/home/unitree/cyclonedds_ws/install/rmw_cyclonedds_cpp:/home/unitree/cyclonedds_ws/install/cyclonedds:/opt/ros/foxy LD_LIBRARY_PATH=/home/unitree/navigation_ws/install/nav_2d_msgs/lib:/home/unitree/navigation_ws/install/smac_planner/lib:/home/unitree/navigation_ws/install/rm_autonomy/lib:/home/unitree/navigation_ws/install/rm_autonomy_interfaces/lib:/home/unitree/navigation_ws/install/pointcloud_to_laserscan/lib:/home/unitree/navigation_ws/install/nav2_controller/lib:/home/unitree/navigation_ws/install/dwb_plugins/lib:/home/unitree/navigation_ws/install/dwb_critics/lib:/home/unitree/navigation_ws/install/dwb_core/lib:/home/unitree/navigation_ws/install/nav_2d_utils/lib:/home/unitree/navigation_ws/install/dwb_msgs/lib:/home/unitree/navigation_ws/install/nav2_waypoint_follower/lib:/home/unitree/navigation_ws/install/nav2_regulated_pure_pursuit_controller/lib:/home/unitree/navigation_ws/install/nav2_recoveries/lib:/home/unitree/navigation_ws/install/nav2_planner/lib:/home/unitree/navigation_ws/install/nav2_navfn_planner/lib:/home/unitree/navigation_ws/install/costmap_queue/lib:/home/unitree/navigation_ws/install/nav2_costmap_2d/lib:/home/unitree/navigation_ws/install/nav2_voxel_grid/lib:/home/unitree/navigation_ws/install/nav2_map_server/lib:/home/unitree/navigation_ws/install/nav2_lifecycle_manager/lib:/home/unitree/navigation_ws/install/nav2_bt_navigator/lib:/home/unitree/navigation_ws/install/nav2_behavior_tree/lib:/home/unitree/navigation_ws/install/nav2_amcl/lib:/home/unitree/navigation_ws/install/nav2_util/lib:/home/unitree/navigation_ws/install/nav2_msgs/lib:/home/unitree/navigation_ws/install/loam_interface/lib:/home/unitree/navigation_ws/install/fast_lio/lib:/home/unitree/navigation_ws/install/livox_ros_driver2/lib:/home/unitree/navigation_ws/install/linefit_ground_segmentation/lib:/home/unitree/navigation_ws/install/behaviortree_cpp/lib:/usr/local/cuda-11.4/lib64:/usr/local/lib:/home/unitree/cyclonedds_ws/install/rmw_cyclonedds_cpp/lib:/home/unitree/cyclonedds_ws/install/cyclonedds/lib:/opt/ros/foxy/opt/yaml_cpp_vendor/lib:/opt/ros/foxy/opt/rviz_ogre_vendor/lib:/opt/ros/foxy/lib/aarch64-linux-gnu:/opt/ros/foxy/lib:/usr/local/cuda-11.4/lib64 PYTHONPATH=/home/unitree/navigation_ws/install/nav_2d_msgs/lib/python3.8/site-packages:/home/unitree/navigation_ws/install/rm_autonomy_interfaces/lib/python3.8/site-packages:/home/unitree/navigation_ws/install/dwb_msgs/lib/python3.8/site-packages:/home/unitree/navigation_ws/install/nav2_msgs/lib/python3.8/site-packages:/home/unitree/navigation_ws/install/nav2_common/lib/python3.8/site-packages:/home/unitree/navigation_ws/install/fast_lio/lib/python3.8/site-packages:/home/unitree/navigation_ws/install/livox_ros_driver2/lib/python3.8/site-packages:/opt/ros/foxy/lib/python3.8/site-packages /usr/bin/cmake --install /home/unitree/navigation_ws/build/dwb_msgs
[5.347s] Level 1:colcon.colcon_core.environment:checking '/home/unitree/navigation_ws/install/dwb_msgs' for CMake config files
[5.349s] Level 1:colcon.colcon_core.shell:create_environment_hook('dwb_msgs', 'cmake_prefix_path')
[5.350s] INFO:colcon.colcon_core.shell:Creating environment hook '/home/unitree/navigation_ws/install/dwb_msgs/share/dwb_msgs/hook/cmake_prefix_path.ps1'
[5.352s] INFO:colcon.colcon_core.shell:Creating environment descriptor '/home/unitree/navigation_ws/install/dwb_msgs/share/dwb_msgs/hook/cmake_prefix_path.dsv'
[5.353s] INFO:colcon.colcon_core.shell:Creating environment hook '/home/unitree/navigation_ws/install/dwb_msgs/share/dwb_msgs/hook/cmake_prefix_path.sh'
[5.355s] Level 1:colcon.colcon_core.environment:checking '/home/unitree/navigation_ws/install/dwb_msgs/lib'
[5.355s] Level 1:colcon.colcon_core.shell:create_environment_hook('dwb_msgs', 'ld_library_path_lib')
[5.356s] INFO:colcon.colcon_core.shell:Creating environment hook '/home/unitree/navigation_ws/install/dwb_msgs/share/dwb_msgs/hook/ld_library_path_lib.ps1'
[5.357s] INFO:colcon.colcon_core.shell:Creating environment descriptor '/home/unitree/navigation_ws/install/dwb_msgs/share/dwb_msgs/hook/ld_library_path_lib.dsv'
[5.358s] INFO:colcon.colcon_core.shell:Creating environment hook '/home/unitree/navigation_ws/install/dwb_msgs/share/dwb_msgs/hook/ld_library_path_lib.sh'
[5.359s] Level 1:colcon.colcon_core.environment:checking '/home/unitree/navigation_ws/install/dwb_msgs/bin'
[5.360s] Level 1:colcon.colcon_core.environment:checking '/home/unitree/navigation_ws/install/dwb_msgs/lib/pkgconfig/dwb_msgs.pc'
[5.360s] Level 1:colcon.colcon_core.environment:checking '/home/unitree/navigation_ws/install/dwb_msgs/lib/python3.8/site-packages'
[5.361s] Level 1:colcon.colcon_core.shell:create_environment_hook('dwb_msgs', 'pythonpath')
[5.361s] INFO:colcon.colcon_core.shell:Creating environment hook '/home/unitree/navigation_ws/install/dwb_msgs/share/dwb_msgs/hook/pythonpath.ps1'
[5.362s] INFO:colcon.colcon_core.shell:Creating environment descriptor '/home/unitree/navigation_ws/install/dwb_msgs/share/dwb_msgs/hook/pythonpath.dsv'
[5.363s] INFO:colcon.colcon_core.shell:Creating environment hook '/home/unitree/navigation_ws/install/dwb_msgs/share/dwb_msgs/hook/pythonpath.sh'
[5.364s] Level 1:colcon.colcon_core.environment:checking '/home/unitree/navigation_ws/install/dwb_msgs/bin'
[5.365s] INFO:colcon.colcon_core.shell:Creating package script '/home/unitree/navigation_ws/install/dwb_msgs/share/dwb_msgs/package.ps1'
[5.367s] INFO:colcon.colcon_core.shell:Creating package descriptor '/home/unitree/navigation_ws/install/dwb_msgs/share/dwb_msgs/package.dsv'
[5.368s] INFO:colcon.colcon_core.shell:Creating package script '/home/unitree/navigation_ws/install/dwb_msgs/share/dwb_msgs/package.sh'
[5.369s] INFO:colcon.colcon_core.shell:Creating package script '/home/unitree/navigation_ws/install/dwb_msgs/share/dwb_msgs/package.bash'
[5.369s] INFO:colcon.colcon_core.shell:Creating package script '/home/unitree/navigation_ws/install/dwb_msgs/share/dwb_msgs/package.zsh'
[5.370s] Level 1:colcon.colcon_core.environment:create_file_with_runtime_dependencies(/home/unitree/navigation_ws/install/dwb_msgs/share/colcon-core/packages/dwb_msgs)
[5.952s] Level 1:colcon.colcon_core.environment:create_environment_scripts_only(dwb_msgs)
[5.953s] Level 1:colcon.colcon_core.environment:checking '/home/unitree/navigation_ws/install/dwb_msgs' for CMake module files
[5.956s] Level 1:colcon.colcon_core.environment:checking '/home/unitree/navigation_ws/install/dwb_msgs' for CMake config files
[5.959s] Level 1:colcon.colcon_core.shell:create_environment_hook('dwb_msgs', 'cmake_prefix_path')
[5.959s] INFO:colcon.colcon_core.shell:Creating environment hook '/home/unitree/navigation_ws/install/dwb_msgs/share/dwb_msgs/hook/cmake_prefix_path.ps1'
[5.962s] INFO:colcon.colcon_core.shell:Creating environment descriptor '/home/unitree/navigation_ws/install/dwb_msgs/share/dwb_msgs/hook/cmake_prefix_path.dsv'
[5.963s] INFO:colcon.colcon_core.shell:Creating environment hook '/home/unitree/navigation_ws/install/dwb_msgs/share/dwb_msgs/hook/cmake_prefix_path.sh'
[5.965s] Level 1:colcon.colcon_core.environment:checking '/home/unitree/navigation_ws/install/dwb_msgs/lib'
[5.965s] Level 1:colcon.colcon_core.shell:create_environment_hook('dwb_msgs', 'ld_library_path_lib')
[5.966s] INFO:colcon.colcon_core.shell:Creating environment hook '/home/unitree/navigation_ws/install/dwb_msgs/share/dwb_msgs/hook/ld_library_path_lib.ps1'
[5.967s] INFO:colcon.colcon_core.shell:Creating environment descriptor '/home/unitree/navigation_ws/install/dwb_msgs/share/dwb_msgs/hook/ld_library_path_lib.dsv'
[5.967s] INFO:colcon.colcon_core.shell:Creating environment hook '/home/unitree/navigation_ws/install/dwb_msgs/share/dwb_msgs/hook/ld_library_path_lib.sh'
[5.968s] Level 1:colcon.colcon_core.environment:checking '/home/unitree/navigation_ws/install/dwb_msgs/bin'
[5.969s] Level 1:colcon.colcon_core.environment:checking '/home/unitree/navigation_ws/install/dwb_msgs/lib/pkgconfig/dwb_msgs.pc'
[5.969s] Level 1:colcon.colcon_core.environment:checking '/home/unitree/navigation_ws/install/dwb_msgs/lib/python3.8/site-packages'
[5.969s] Level 1:colcon.colcon_core.shell:create_environment_hook('dwb_msgs', 'pythonpath')
[5.970s] INFO:colcon.colcon_core.shell:Creating environment hook '/home/unitree/navigation_ws/install/dwb_msgs/share/dwb_msgs/hook/pythonpath.ps1'
[5.971s] INFO:colcon.colcon_core.shell:Creating environment descriptor '/home/unitree/navigation_ws/install/dwb_msgs/share/dwb_msgs/hook/pythonpath.dsv'
[5.972s] INFO:colcon.colcon_core.shell:Creating environment hook '/home/unitree/navigation_ws/install/dwb_msgs/share/dwb_msgs/hook/pythonpath.sh'
[5.973s] Level 1:colcon.colcon_core.environment:checking '/home/unitree/navigation_ws/install/dwb_msgs/bin'
[5.973s] INFO:colcon.colcon_core.shell:Creating package script '/home/unitree/navigation_ws/install/dwb_msgs/share/dwb_msgs/package.ps1'
[5.974s] INFO:colcon.colcon_core.shell:Creating package descriptor '/home/unitree/navigation_ws/install/dwb_msgs/share/dwb_msgs/package.dsv'
[5.975s] INFO:colcon.colcon_core.shell:Creating package script '/home/unitree/navigation_ws/install/dwb_msgs/share/dwb_msgs/package.sh'
[5.977s] INFO:colcon.colcon_core.shell:Creating package script '/home/unitree/navigation_ws/install/dwb_msgs/share/dwb_msgs/package.bash'
[5.978s] INFO:colcon.colcon_core.shell:Creating package script '/home/unitree/navigation_ws/install/dwb_msgs/share/dwb_msgs/package.zsh'
[5.979s] Level 1:colcon.colcon_core.environment:create_file_with_runtime_dependencies(/home/unitree/navigation_ws/install/dwb_msgs/share/colcon-core/packages/dwb_msgs)
[6.014s] Level 1:colcon.colcon_core.environment:create_environment_scripts_only(nav2_msgs)
[6.015s] Level 1:colcon.colcon_core.environment:checking '/home/unitree/navigation_ws/install/nav2_msgs' for CMake module files
[6.017s] Level 1:colcon.colcon_core.environment:checking '/home/unitree/navigation_ws/install/nav2_msgs' for CMake config files
[6.020s] Level 1:colcon.colcon_core.shell:create_environment_hook('nav2_msgs', 'cmake_prefix_path')
[6.020s] INFO:colcon.colcon_core.shell:Creating environment hook '/home/unitree/navigation_ws/install/nav2_msgs/share/nav2_msgs/hook/cmake_prefix_path.ps1'
[6.022s] INFO:colcon.colcon_core.shell:Creating environment descriptor '/home/unitree/navigation_ws/install/nav2_msgs/share/nav2_msgs/hook/cmake_prefix_path.dsv'
[6.022s] INFO:colcon.colcon_core.shell:Creating environment hook '/home/unitree/navigation_ws/install/nav2_msgs/share/nav2_msgs/hook/cmake_prefix_path.sh'
[6.024s] Level 1:colcon.colcon_core.environment:checking '/home/unitree/navigation_ws/install/nav2_msgs/lib'
[6.024s] Level 1:colcon.colcon_core.shell:create_environment_hook('nav2_msgs', 'ld_library_path_lib')
[6.025s] INFO:colcon.colcon_core.shell:Creating environment hook '/home/unitree/navigation_ws/install/nav2_msgs/share/nav2_msgs/hook/ld_library_path_lib.ps1'
[6.026s] INFO:colcon.colcon_core.shell:Creating environment descriptor '/home/unitree/navigation_ws/install/nav2_msgs/share/nav2_msgs/hook/ld_library_path_lib.dsv'
[6.026s] INFO:colcon.colcon_core.shell:Creating environment hook '/home/unitree/navigation_ws/install/nav2_msgs/share/nav2_msgs/hook/ld_library_path_lib.sh'
[6.027s] Level 1:colcon.colcon_core.environment:checking '/home/unitree/navigation_ws/install/nav2_msgs/bin'
[6.027s] Level 1:colcon.colcon_core.environment:checking '/home/unitree/navigation_ws/install/nav2_msgs/lib/pkgconfig/nav2_msgs.pc'
[6.028s] Level 1:colcon.colcon_core.environment:checking '/home/unitree/navigation_ws/install/nav2_msgs/lib/python3.8/site-packages'
[6.028s] Level 1:colcon.colcon_core.shell:create_environment_hook('nav2_msgs', 'pythonpath')
[6.028s] INFO:colcon.colcon_core.shell:Creating environment hook '/home/unitree/navigation_ws/install/nav2_msgs/share/nav2_msgs/hook/pythonpath.ps1'
[6.029s] INFO:colcon.colcon_core.shell:Creating environment descriptor '/home/unitree/navigation_ws/install/nav2_msgs/share/nav2_msgs/hook/pythonpath.dsv'
[6.030s] INFO:colcon.colcon_core.shell:Creating environment hook '/home/unitree/navigation_ws/install/nav2_msgs/share/nav2_msgs/hook/pythonpath.sh'
[6.031s] Level 1:colcon.colcon_core.environment:checking '/home/unitree/navigation_ws/install/nav2_msgs/bin'
[6.032s] INFO:colcon.colcon_core.shell:Creating package script '/home/unitree/navigation_ws/install/nav2_msgs/share/nav2_msgs/package.ps1'
[6.034s] INFO:colcon.colcon_core.shell:Creating package descriptor '/home/unitree/navigation_ws/install/nav2_msgs/share/nav2_msgs/package.dsv'
[6.035s] INFO:colcon.colcon_core.shell:Creating package script '/home/unitree/navigation_ws/install/nav2_msgs/share/nav2_msgs/package.sh'
[6.036s] INFO:colcon.colcon_core.shell:Creating package script '/home/unitree/navigation_ws/install/nav2_msgs/share/nav2_msgs/package.bash'
[6.037s] INFO:colcon.colcon_core.shell:Creating package script '/home/unitree/navigation_ws/install/nav2_msgs/share/nav2_msgs/package.zsh'
[6.037s] Level 1:colcon.colcon_core.environment:create_file_with_runtime_dependencies(/home/unitree/navigation_ws/install/nav2_msgs/share/colcon-core/packages/nav2_msgs)
[6.039s] INFO:colcon.colcon_ros.task.ament_cmake.build:Building ROS package in '/home/unitree/navigation_ws/src/navigation2/nav2_util' with build type 'ament_cmake'
[6.039s] INFO:colcon.colcon_cmake.task.cmake.build:Building CMake package in '/home/unitree/navigation_ws/src/navigation2/nav2_util'
[6.039s] INFO:colcon.colcon_core.shell:Skip shell extension 'powershell' for command environment: Not usable outside of PowerShell
[6.040s] DEBUG:colcon.colcon_core.shell:Skip shell extension 'dsv' for command environment
[6.078s] DEBUG:colcon.colcon_core.event_handler.log_command:Invoking command in '/home/unitree/navigation_ws/build/nav2_util': CMAKE_PREFIX_PATH=/home/unitree/navigation_ws/install/nav2_msgs:/home/unitree/navigation_ws/install/nav2_common:/home/unitree/navigation_ws/install/nav2_bringup:/home/unitree/navigation_ws/install/navigation2:/home/unitree/navigation_ws/install/smac_planner:/home/unitree/navigation_ws/install/rm_autonomy:/home/unitree/navigation_ws/install/rm_autonomy_interfaces:/home/unitree/navigation_ws/install/bringup:/home/unitree/navigation_ws/install/pointcloud_to_laserscan:/home/unitree/navigation_ws/install/nav2_dwb_controller:/home/unitree/navigation_ws/install/nav2_controller:/home/unitree/navigation_ws/install/dwb_plugins:/home/unitree/navigation_ws/install/dwb_critics:/home/unitree/navigation_ws/install/dwb_core:/home/unitree/navigation_ws/install/nav_2d_utils:/home/unitree/navigation_ws/install/dwb_msgs:/home/unitree/navigation_ws/install/nav_2d_msgs:/home/unitree/navigation_ws/install/nav2_waypoint_follower:/home/unitree/navigation_ws/install/nav2_regulated_pure_pursuit_controller:/home/unitree/navigation_ws/install/nav2_recoveries:/home/unitree/navigation_ws/install/nav2_planner:/home/unitree/navigation_ws/install/nav2_navfn_planner:/home/unitree/navigation_ws/install/nav2_core:/home/unitree/navigation_ws/install/costmap_queue:/home/unitree/navigation_ws/install/nav2_costmap_2d:/home/unitree/navigation_ws/install/nav2_voxel_grid:/home/unitree/navigation_ws/install/nav2_map_server:/home/unitree/navigation_ws/install/nav2_lifecycle_manager:/home/unitree/navigation_ws/install/nav2_bt_navigator:/home/unitree/navigation_ws/install/nav2_behavior_tree:/home/unitree/navigation_ws/install/nav2_amcl:/home/unitree/navigation_ws/install/nav2_util:/home/unitree/navigation_ws/install/loam_interface:/home/unitree/navigation_ws/install/fast_lio:/home/unitree/navigation_ws/install/livox_ros_driver2:/home/unitree/navigation_ws/install/linefit_ground_segmentation_ros:/home/unitree/navigation_ws/install/linefit_ground_segmentation:/home/unitree/navigation_ws/install/cmd_vel_processor:/home/unitree/navigation_ws/install/behaviortree_cpp:/home/unitree/cyclonedds_ws/install/rmw_cyclonedds_cpp:/home/unitree/cyclonedds_ws/install/cyclonedds:/opt/ros/foxy LD_LIBRARY_PATH=/home/unitree/navigation_ws/install/nav2_msgs/lib:/home/unitree/navigation_ws/install/smac_planner/lib:/home/unitree/navigation_ws/install/rm_autonomy/lib:/home/unitree/navigation_ws/install/rm_autonomy_interfaces/lib:/home/unitree/navigation_ws/install/pointcloud_to_laserscan/lib:/home/unitree/navigation_ws/install/nav2_controller/lib:/home/unitree/navigation_ws/install/dwb_plugins/lib:/home/unitree/navigation_ws/install/dwb_critics/lib:/home/unitree/navigation_ws/install/dwb_core/lib:/home/unitree/navigation_ws/install/nav_2d_utils/lib:/home/unitree/navigation_ws/install/dwb_msgs/lib:/home/unitree/navigation_ws/install/nav_2d_msgs/lib:/home/unitree/navigation_ws/install/nav2_waypoint_follower/lib:/home/unitree/navigation_ws/install/nav2_regulated_pure_pursuit_controller/lib:/home/unitree/navigation_ws/install/nav2_recoveries/lib:/home/unitree/navigation_ws/install/nav2_planner/lib:/home/unitree/navigation_ws/install/nav2_navfn_planner/lib:/home/unitree/navigation_ws/install/costmap_queue/lib:/home/unitree/navigation_ws/install/nav2_costmap_2d/lib:/home/unitree/navigation_ws/install/nav2_voxel_grid/lib:/home/unitree/navigation_ws/install/nav2_map_server/lib:/home/unitree/navigation_ws/install/nav2_lifecycle_manager/lib:/home/unitree/navigation_ws/install/nav2_bt_navigator/lib:/home/unitree/navigation_ws/install/nav2_behavior_tree/lib:/home/unitree/navigation_ws/install/nav2_amcl/lib:/home/unitree/navigation_ws/install/nav2_util/lib:/home/unitree/navigation_ws/install/loam_interface/lib:/home/unitree/navigation_ws/install/fast_lio/lib:/home/unitree/navigation_ws/install/livox_ros_driver2/lib:/home/unitree/navigation_ws/install/linefit_ground_segmentation/lib:/home/unitree/navigation_ws/install/behaviortree_cpp/lib:/usr/local/cuda-11.4/lib64:/usr/local/lib:/home/unitree/cyclonedds_ws/install/rmw_cyclonedds_cpp/lib:/home/unitree/cyclonedds_ws/install/cyclonedds/lib:/opt/ros/foxy/opt/yaml_cpp_vendor/lib:/opt/ros/foxy/opt/rviz_ogre_vendor/lib:/opt/ros/foxy/lib/aarch64-linux-gnu:/opt/ros/foxy/lib:/usr/local/cuda-11.4/lib64 PYTHONPATH=/home/unitree/navigation_ws/install/nav2_msgs/lib/python3.8/site-packages:/home/unitree/navigation_ws/install/nav2_common/lib/python3.8/site-packages:/home/unitree/navigation_ws/install/rm_autonomy_interfaces/lib/python3.8/site-packages:/home/unitree/navigation_ws/install/dwb_msgs/lib/python3.8/site-packages:/home/unitree/navigation_ws/install/nav_2d_msgs/lib/python3.8/site-packages:/home/unitree/navigation_ws/install/fast_lio/lib/python3.8/site-packages:/home/unitree/navigation_ws/install/livox_ros_driver2/lib/python3.8/site-packages:/opt/ros/foxy/lib/python3.8/site-packages /usr/bin/cmake --build /home/unitree/navigation_ws/build/nav2_util -- -j8 -l8
[6.445s] DEBUG:colcon.colcon_core.event_handler.log_command:Invoked command in '/home/unitree/navigation_ws/build/nav2_util' returned '0': CMAKE_PREFIX_PATH=/home/unitree/navigation_ws/install/nav2_msgs:/home/unitree/navigation_ws/install/nav2_common:/home/unitree/navigation_ws/install/nav2_bringup:/home/unitree/navigation_ws/install/navigation2:/home/unitree/navigation_ws/install/smac_planner:/home/unitree/navigation_ws/install/rm_autonomy:/home/unitree/navigation_ws/install/rm_autonomy_interfaces:/home/unitree/navigation_ws/install/bringup:/home/unitree/navigation_ws/install/pointcloud_to_laserscan:/home/unitree/navigation_ws/install/nav2_dwb_controller:/home/unitree/navigation_ws/install/nav2_controller:/home/unitree/navigation_ws/install/dwb_plugins:/home/unitree/navigation_ws/install/dwb_critics:/home/unitree/navigation_ws/install/dwb_core:/home/unitree/navigation_ws/install/nav_2d_utils:/home/unitree/navigation_ws/install/dwb_msgs:/home/unitree/navigation_ws/install/nav_2d_msgs:/home/unitree/navigation_ws/install/nav2_waypoint_follower:/home/unitree/navigation_ws/install/nav2_regulated_pure_pursuit_controller:/home/unitree/navigation_ws/install/nav2_recoveries:/home/unitree/navigation_ws/install/nav2_planner:/home/unitree/navigation_ws/install/nav2_navfn_planner:/home/unitree/navigation_ws/install/nav2_core:/home/unitree/navigation_ws/install/costmap_queue:/home/unitree/navigation_ws/install/nav2_costmap_2d:/home/unitree/navigation_ws/install/nav2_voxel_grid:/home/unitree/navigation_ws/install/nav2_map_server:/home/unitree/navigation_ws/install/nav2_lifecycle_manager:/home/unitree/navigation_ws/install/nav2_bt_navigator:/home/unitree/navigation_ws/install/nav2_behavior_tree:/home/unitree/navigation_ws/install/nav2_amcl:/home/unitree/navigation_ws/install/nav2_util:/home/unitree/navigation_ws/install/loam_interface:/home/unitree/navigation_ws/install/fast_lio:/home/unitree/navigation_ws/install/livox_ros_driver2:/home/unitree/navigation_ws/install/linefit_ground_segmentation_ros:/home/unitree/navigation_ws/install/linefit_ground_segmentation:/home/unitree/navigation_ws/install/cmd_vel_processor:/home/unitree/navigation_ws/install/behaviortree_cpp:/home/unitree/cyclonedds_ws/install/rmw_cyclonedds_cpp:/home/unitree/cyclonedds_ws/install/cyclonedds:/opt/ros/foxy LD_LIBRARY_PATH=/home/unitree/navigation_ws/install/nav2_msgs/lib:/home/unitree/navigation_ws/install/smac_planner/lib:/home/unitree/navigation_ws/install/rm_autonomy/lib:/home/unitree/navigation_ws/install/rm_autonomy_interfaces/lib:/home/unitree/navigation_ws/install/pointcloud_to_laserscan/lib:/home/unitree/navigation_ws/install/nav2_controller/lib:/home/unitree/navigation_ws/install/dwb_plugins/lib:/home/unitree/navigation_ws/install/dwb_critics/lib:/home/unitree/navigation_ws/install/dwb_core/lib:/home/unitree/navigation_ws/install/nav_2d_utils/lib:/home/unitree/navigation_ws/install/dwb_msgs/lib:/home/unitree/navigation_ws/install/nav_2d_msgs/lib:/home/unitree/navigation_ws/install/nav2_waypoint_follower/lib:/home/unitree/navigation_ws/install/nav2_regulated_pure_pursuit_controller/lib:/home/unitree/navigation_ws/install/nav2_recoveries/lib:/home/unitree/navigation_ws/install/nav2_planner/lib:/home/unitree/navigation_ws/install/nav2_navfn_planner/lib:/home/unitree/navigation_ws/install/costmap_queue/lib:/home/unitree/navigation_ws/install/nav2_costmap_2d/lib:/home/unitree/navigation_ws/install/nav2_voxel_grid/lib:/home/unitree/navigation_ws/install/nav2_map_server/lib:/home/unitree/navigation_ws/install/nav2_lifecycle_manager/lib:/home/unitree/navigation_ws/install/nav2_bt_navigator/lib:/home/unitree/navigation_ws/install/nav2_behavior_tree/lib:/home/unitree/navigation_ws/install/nav2_amcl/lib:/home/unitree/navigation_ws/install/nav2_util/lib:/home/unitree/navigation_ws/install/loam_interface/lib:/home/unitree/navigation_ws/install/fast_lio/lib:/home/unitree/navigation_ws/install/livox_ros_driver2/lib:/home/unitree/navigation_ws/install/linefit_ground_segmentation/lib:/home/unitree/navigation_ws/install/behaviortree_cpp/lib:/usr/local/cuda-11.4/lib64:/usr/local/lib:/home/unitree/cyclonedds_ws/install/rmw_cyclonedds_cpp/lib:/home/unitree/cyclonedds_ws/install/cyclonedds/lib:/opt/ros/foxy/opt/yaml_cpp_vendor/lib:/opt/ros/foxy/opt/rviz_ogre_vendor/lib:/opt/ros/foxy/lib/aarch64-linux-gnu:/opt/ros/foxy/lib:/usr/local/cuda-11.4/lib64 PYTHONPATH=/home/unitree/navigation_ws/install/nav2_msgs/lib/python3.8/site-packages:/home/unitree/navigation_ws/install/nav2_common/lib/python3.8/site-packages:/home/unitree/navigation_ws/install/rm_autonomy_interfaces/lib/python3.8/site-packages:/home/unitree/navigation_ws/install/dwb_msgs/lib/python3.8/site-packages:/home/unitree/navigation_ws/install/nav_2d_msgs/lib/python3.8/site-packages:/home/unitree/navigation_ws/install/fast_lio/lib/python3.8/site-packages:/home/unitree/navigation_ws/install/livox_ros_driver2/lib/python3.8/site-packages:/opt/ros/foxy/lib/python3.8/site-packages /usr/bin/cmake --build /home/unitree/navigation_ws/build/nav2_util -- -j8 -l8
[6.540s] DEBUG:colcon.colcon_core.event_handler.log_command:Invoking command in '/home/unitree/navigation_ws/build/nav2_util': CMAKE_PREFIX_PATH=/home/unitree/navigation_ws/install/nav2_msgs:/home/unitree/navigation_ws/install/nav2_common:/home/unitree/navigation_ws/install/nav2_bringup:/home/unitree/navigation_ws/install/navigation2:/home/unitree/navigation_ws/install/smac_planner:/home/unitree/navigation_ws/install/rm_autonomy:/home/unitree/navigation_ws/install/rm_autonomy_interfaces:/home/unitree/navigation_ws/install/bringup:/home/unitree/navigation_ws/install/pointcloud_to_laserscan:/home/unitree/navigation_ws/install/nav2_dwb_controller:/home/unitree/navigation_ws/install/nav2_controller:/home/unitree/navigation_ws/install/dwb_plugins:/home/unitree/navigation_ws/install/dwb_critics:/home/unitree/navigation_ws/install/dwb_core:/home/unitree/navigation_ws/install/nav_2d_utils:/home/unitree/navigation_ws/install/dwb_msgs:/home/unitree/navigation_ws/install/nav_2d_msgs:/home/unitree/navigation_ws/install/nav2_waypoint_follower:/home/unitree/navigation_ws/install/nav2_regulated_pure_pursuit_controller:/home/unitree/navigation_ws/install/nav2_recoveries:/home/unitree/navigation_ws/install/nav2_planner:/home/unitree/navigation_ws/install/nav2_navfn_planner:/home/unitree/navigation_ws/install/nav2_core:/home/unitree/navigation_ws/install/costmap_queue:/home/unitree/navigation_ws/install/nav2_costmap_2d:/home/unitree/navigation_ws/install/nav2_voxel_grid:/home/unitree/navigation_ws/install/nav2_map_server:/home/unitree/navigation_ws/install/nav2_lifecycle_manager:/home/unitree/navigation_ws/install/nav2_bt_navigator:/home/unitree/navigation_ws/install/nav2_behavior_tree:/home/unitree/navigation_ws/install/nav2_amcl:/home/unitree/navigation_ws/install/nav2_util:/home/unitree/navigation_ws/install/loam_interface:/home/unitree/navigation_ws/install/fast_lio:/home/unitree/navigation_ws/install/livox_ros_driver2:/home/unitree/navigation_ws/install/linefit_ground_segmentation_ros:/home/unitree/navigation_ws/install/linefit_ground_segmentation:/home/unitree/navigation_ws/install/cmd_vel_processor:/home/unitree/navigation_ws/install/behaviortree_cpp:/home/unitree/cyclonedds_ws/install/rmw_cyclonedds_cpp:/home/unitree/cyclonedds_ws/install/cyclonedds:/opt/ros/foxy LD_LIBRARY_PATH=/home/unitree/navigation_ws/install/nav2_msgs/lib:/home/unitree/navigation_ws/install/smac_planner/lib:/home/unitree/navigation_ws/install/rm_autonomy/lib:/home/unitree/navigation_ws/install/rm_autonomy_interfaces/lib:/home/unitree/navigation_ws/install/pointcloud_to_laserscan/lib:/home/unitree/navigation_ws/install/nav2_controller/lib:/home/unitree/navigation_ws/install/dwb_plugins/lib:/home/unitree/navigation_ws/install/dwb_critics/lib:/home/unitree/navigation_ws/install/dwb_core/lib:/home/unitree/navigation_ws/install/nav_2d_utils/lib:/home/unitree/navigation_ws/install/dwb_msgs/lib:/home/unitree/navigation_ws/install/nav_2d_msgs/lib:/home/unitree/navigation_ws/install/nav2_waypoint_follower/lib:/home/unitree/navigation_ws/install/nav2_regulated_pure_pursuit_controller/lib:/home/unitree/navigation_ws/install/nav2_recoveries/lib:/home/unitree/navigation_ws/install/nav2_planner/lib:/home/unitree/navigation_ws/install/nav2_navfn_planner/lib:/home/unitree/navigation_ws/install/costmap_queue/lib:/home/unitree/navigation_ws/install/nav2_costmap_2d/lib:/home/unitree/navigation_ws/install/nav2_voxel_grid/lib:/home/unitree/navigation_ws/install/nav2_map_server/lib:/home/unitree/navigation_ws/install/nav2_lifecycle_manager/lib:/home/unitree/navigation_ws/install/nav2_bt_navigator/lib:/home/unitree/navigation_ws/install/nav2_behavior_tree/lib:/home/unitree/navigation_ws/install/nav2_amcl/lib:/home/unitree/navigation_ws/install/nav2_util/lib:/home/unitree/navigation_ws/install/loam_interface/lib:/home/unitree/navigation_ws/install/fast_lio/lib:/home/unitree/navigation_ws/install/livox_ros_driver2/lib:/home/unitree/navigation_ws/install/linefit_ground_segmentation/lib:/home/unitree/navigation_ws/install/behaviortree_cpp/lib:/usr/local/cuda-11.4/lib64:/usr/local/lib:/home/unitree/cyclonedds_ws/install/rmw_cyclonedds_cpp/lib:/home/unitree/cyclonedds_ws/install/cyclonedds/lib:/opt/ros/foxy/opt/yaml_cpp_vendor/lib:/opt/ros/foxy/opt/rviz_ogre_vendor/lib:/opt/ros/foxy/lib/aarch64-linux-gnu:/opt/ros/foxy/lib:/usr/local/cuda-11.4/lib64 PYTHONPATH=/home/unitree/navigation_ws/install/nav2_msgs/lib/python3.8/site-packages:/home/unitree/navigation_ws/install/nav2_common/lib/python3.8/site-packages:/home/unitree/navigation_ws/install/rm_autonomy_interfaces/lib/python3.8/site-packages:/home/unitree/navigation_ws/install/dwb_msgs/lib/python3.8/site-packages:/home/unitree/navigation_ws/install/nav_2d_msgs/lib/python3.8/site-packages:/home/unitree/navigation_ws/install/fast_lio/lib/python3.8/site-packages:/home/unitree/navigation_ws/install/livox_ros_driver2/lib/python3.8/site-packages:/opt/ros/foxy/lib/python3.8/site-packages /usr/bin/cmake --install /home/unitree/navigation_ws/build/nav2_util
[6.603s] Level 1:colcon.colcon_core.environment:create_environment_scripts_only(nav2_util)
[6.604s] Level 1:colcon.colcon_core.environment:checking '/home/unitree/navigation_ws/install/nav2_util' for CMake module files
[6.606s] DEBUG:colcon.colcon_core.event_handler.log_command:Invoked command in '/home/unitree/navigation_ws/build/nav2_util' returned '0': CMAKE_PREFIX_PATH=/home/unitree/navigation_ws/install/nav2_msgs:/home/unitree/navigation_ws/install/nav2_common:/home/unitree/navigation_ws/install/nav2_bringup:/home/unitree/navigation_ws/install/navigation2:/home/unitree/navigation_ws/install/smac_planner:/home/unitree/navigation_ws/install/rm_autonomy:/home/unitree/navigation_ws/install/rm_autonomy_interfaces:/home/unitree/navigation_ws/install/bringup:/home/unitree/navigation_ws/install/pointcloud_to_laserscan:/home/unitree/navigation_ws/install/nav2_dwb_controller:/home/unitree/navigation_ws/install/nav2_controller:/home/unitree/navigation_ws/install/dwb_plugins:/home/unitree/navigation_ws/install/dwb_critics:/home/unitree/navigation_ws/install/dwb_core:/home/unitree/navigation_ws/install/nav_2d_utils:/home/unitree/navigation_ws/install/dwb_msgs:/home/unitree/navigation_ws/install/nav_2d_msgs:/home/unitree/navigation_ws/install/nav2_waypoint_follower:/home/unitree/navigation_ws/install/nav2_regulated_pure_pursuit_controller:/home/unitree/navigation_ws/install/nav2_recoveries:/home/unitree/navigation_ws/install/nav2_planner:/home/unitree/navigation_ws/install/nav2_navfn_planner:/home/unitree/navigation_ws/install/nav2_core:/home/unitree/navigation_ws/install/costmap_queue:/home/unitree/navigation_ws/install/nav2_costmap_2d:/home/unitree/navigation_ws/install/nav2_voxel_grid:/home/unitree/navigation_ws/install/nav2_map_server:/home/unitree/navigation_ws/install/nav2_lifecycle_manager:/home/unitree/navigation_ws/install/nav2_bt_navigator:/home/unitree/navigation_ws/install/nav2_behavior_tree:/home/unitree/navigation_ws/install/nav2_amcl:/home/unitree/navigation_ws/install/nav2_util:/home/unitree/navigation_ws/install/loam_interface:/home/unitree/navigation_ws/install/fast_lio:/home/unitree/navigation_ws/install/livox_ros_driver2:/home/unitree/navigation_ws/install/linefit_ground_segmentation_ros:/home/unitree/navigation_ws/install/linefit_ground_segmentation:/home/unitree/navigation_ws/install/cmd_vel_processor:/home/unitree/navigation_ws/install/behaviortree_cpp:/home/unitree/cyclonedds_ws/install/rmw_cyclonedds_cpp:/home/unitree/cyclonedds_ws/install/cyclonedds:/opt/ros/foxy LD_LIBRARY_PATH=/home/unitree/navigation_ws/install/nav2_msgs/lib:/home/unitree/navigation_ws/install/smac_planner/lib:/home/unitree/navigation_ws/install/rm_autonomy/lib:/home/unitree/navigation_ws/install/rm_autonomy_interfaces/lib:/home/unitree/navigation_ws/install/pointcloud_to_laserscan/lib:/home/unitree/navigation_ws/install/nav2_controller/lib:/home/unitree/navigation_ws/install/dwb_plugins/lib:/home/unitree/navigation_ws/install/dwb_critics/lib:/home/unitree/navigation_ws/install/dwb_core/lib:/home/unitree/navigation_ws/install/nav_2d_utils/lib:/home/unitree/navigation_ws/install/dwb_msgs/lib:/home/unitree/navigation_ws/install/nav_2d_msgs/lib:/home/unitree/navigation_ws/install/nav2_waypoint_follower/lib:/home/unitree/navigation_ws/install/nav2_regulated_pure_pursuit_controller/lib:/home/unitree/navigation_ws/install/nav2_recoveries/lib:/home/unitree/navigation_ws/install/nav2_planner/lib:/home/unitree/navigation_ws/install/nav2_navfn_planner/lib:/home/unitree/navigation_ws/install/costmap_queue/lib:/home/unitree/navigation_ws/install/nav2_costmap_2d/lib:/home/unitree/navigation_ws/install/nav2_voxel_grid/lib:/home/unitree/navigation_ws/install/nav2_map_server/lib:/home/unitree/navigation_ws/install/nav2_lifecycle_manager/lib:/home/unitree/navigation_ws/install/nav2_bt_navigator/lib:/home/unitree/navigation_ws/install/nav2_behavior_tree/lib:/home/unitree/navigation_ws/install/nav2_amcl/lib:/home/unitree/navigation_ws/install/nav2_util/lib:/home/unitree/navigation_ws/install/loam_interface/lib:/home/unitree/navigation_ws/install/fast_lio/lib:/home/unitree/navigation_ws/install/livox_ros_driver2/lib:/home/unitree/navigation_ws/install/linefit_ground_segmentation/lib:/home/unitree/navigation_ws/install/behaviortree_cpp/lib:/usr/local/cuda-11.4/lib64:/usr/local/lib:/home/unitree/cyclonedds_ws/install/rmw_cyclonedds_cpp/lib:/home/unitree/cyclonedds_ws/install/cyclonedds/lib:/opt/ros/foxy/opt/yaml_cpp_vendor/lib:/opt/ros/foxy/opt/rviz_ogre_vendor/lib:/opt/ros/foxy/lib/aarch64-linux-gnu:/opt/ros/foxy/lib:/usr/local/cuda-11.4/lib64 PYTHONPATH=/home/unitree/navigation_ws/install/nav2_msgs/lib/python3.8/site-packages:/home/unitree/navigation_ws/install/nav2_common/lib/python3.8/site-packages:/home/unitree/navigation_ws/install/rm_autonomy_interfaces/lib/python3.8/site-packages:/home/unitree/navigation_ws/install/dwb_msgs/lib/python3.8/site-packages:/home/unitree/navigation_ws/install/nav_2d_msgs/lib/python3.8/site-packages:/home/unitree/navigation_ws/install/fast_lio/lib/python3.8/site-packages:/home/unitree/navigation_ws/install/livox_ros_driver2/lib/python3.8/site-packages:/opt/ros/foxy/lib/python3.8/site-packages /usr/bin/cmake --install /home/unitree/navigation_ws/build/nav2_util
[6.607s] Level 1:colcon.colcon_core.environment:checking '/home/unitree/navigation_ws/install/nav2_util' for CMake config files
[6.609s] Level 1:colcon.colcon_core.shell:create_environment_hook('nav2_util', 'cmake_prefix_path')
[6.610s] INFO:colcon.colcon_core.shell:Creating environment hook '/home/unitree/navigation_ws/install/nav2_util/share/nav2_util/hook/cmake_prefix_path.ps1'
[6.612s] INFO:colcon.colcon_core.shell:Creating environment descriptor '/home/unitree/navigation_ws/install/nav2_util/share/nav2_util/hook/cmake_prefix_path.dsv'
[6.613s] INFO:colcon.colcon_core.shell:Creating environment hook '/home/unitree/navigation_ws/install/nav2_util/share/nav2_util/hook/cmake_prefix_path.sh'
[6.615s] Level 1:colcon.colcon_core.environment:checking '/home/unitree/navigation_ws/install/nav2_util/lib'
[6.615s] Level 1:colcon.colcon_core.shell:create_environment_hook('nav2_util', 'ld_library_path_lib')
[6.615s] INFO:colcon.colcon_core.shell:Creating environment hook '/home/unitree/navigation_ws/install/nav2_util/share/nav2_util/hook/ld_library_path_lib.ps1'
[6.616s] INFO:colcon.colcon_core.shell:Creating environment descriptor '/home/unitree/navigation_ws/install/nav2_util/share/nav2_util/hook/ld_library_path_lib.dsv'
[6.617s] INFO:colcon.colcon_core.shell:Creating environment hook '/home/unitree/navigation_ws/install/nav2_util/share/nav2_util/hook/ld_library_path_lib.sh'
[6.618s] Level 1:colcon.colcon_core.environment:checking '/home/unitree/navigation_ws/install/nav2_util/bin'
[6.618s] Level 1:colcon.colcon_core.environment:checking '/home/unitree/navigation_ws/install/nav2_util/lib/pkgconfig/nav2_util.pc'
[6.619s] Level 1:colcon.colcon_core.environment:checking '/home/unitree/navigation_ws/install/nav2_util/lib/python3.8/site-packages'
[6.619s] Level 1:colcon.colcon_core.environment:checking '/home/unitree/navigation_ws/install/nav2_util/bin'
[6.620s] INFO:colcon.colcon_core.shell:Creating package script '/home/unitree/navigation_ws/install/nav2_util/share/nav2_util/package.ps1'
[6.622s] INFO:colcon.colcon_core.shell:Creating package descriptor '/home/unitree/navigation_ws/install/nav2_util/share/nav2_util/package.dsv'
[6.623s] INFO:colcon.colcon_core.shell:Creating package script '/home/unitree/navigation_ws/install/nav2_util/share/nav2_util/package.sh'
[6.624s] INFO:colcon.colcon_core.shell:Creating package script '/home/unitree/navigation_ws/install/nav2_util/share/nav2_util/package.bash'
[6.625s] INFO:colcon.colcon_core.shell:Creating package script '/home/unitree/navigation_ws/install/nav2_util/share/nav2_util/package.zsh'
[6.626s] Level 1:colcon.colcon_core.environment:create_file_with_runtime_dependencies(/home/unitree/navigation_ws/install/nav2_util/share/colcon-core/packages/nav2_util)
[6.722s] Level 1:colcon.colcon_core.environment:create_environment_scripts_only(nav2_util)
[6.723s] Level 1:colcon.colcon_core.environment:checking '/home/unitree/navigation_ws/install/nav2_util' for CMake module files
[6.726s] Level 1:colcon.colcon_core.environment:checking '/home/unitree/navigation_ws/install/nav2_util' for CMake config files
[6.727s] Level 1:colcon.colcon_core.shell:create_environment_hook('nav2_util', 'cmake_prefix_path')
[6.728s] INFO:colcon.colcon_core.shell:Creating environment hook '/home/unitree/navigation_ws/install/nav2_util/share/nav2_util/hook/cmake_prefix_path.ps1'
[6.730s] INFO:colcon.colcon_core.shell:Creating environment descriptor '/home/unitree/navigation_ws/install/nav2_util/share/nav2_util/hook/cmake_prefix_path.dsv'
[6.731s] INFO:colcon.colcon_core.shell:Creating environment hook '/home/unitree/navigation_ws/install/nav2_util/share/nav2_util/hook/cmake_prefix_path.sh'
[6.733s] Level 1:colcon.colcon_core.environment:checking '/home/unitree/navigation_ws/install/nav2_util/lib'
[6.733s] Level 1:colcon.colcon_core.shell:create_environment_hook('nav2_util', 'ld_library_path_lib')
[6.734s] INFO:colcon.colcon_core.shell:Creating environment hook '/home/unitree/navigation_ws/install/nav2_util/share/nav2_util/hook/ld_library_path_lib.ps1'
[6.735s] INFO:colcon.colcon_core.shell:Creating environment descriptor '/home/unitree/navigation_ws/install/nav2_util/share/nav2_util/hook/ld_library_path_lib.dsv'
[6.736s] INFO:colcon.colcon_core.shell:Creating environment hook '/home/unitree/navigation_ws/install/nav2_util/share/nav2_util/hook/ld_library_path_lib.sh'
[6.738s] Level 1:colcon.colcon_core.environment:checking '/home/unitree/navigation_ws/install/nav2_util/bin'
[6.738s] Level 1:colcon.colcon_core.environment:checking '/home/unitree/navigation_ws/install/nav2_util/lib/pkgconfig/nav2_util.pc'
[6.739s] Level 1:colcon.colcon_core.environment:checking '/home/unitree/navigation_ws/install/nav2_util/lib/python3.8/site-packages'
[6.739s] Level 1:colcon.colcon_core.environment:checking '/home/unitree/navigation_ws/install/nav2_util/bin'
[6.740s] INFO:colcon.colcon_core.shell:Creating package script '/home/unitree/navigation_ws/install/nav2_util/share/nav2_util/package.ps1'
[6.742s] INFO:colcon.colcon_core.shell:Creating package descriptor '/home/unitree/navigation_ws/install/nav2_util/share/nav2_util/package.dsv'
[6.743s] INFO:colcon.colcon_core.shell:Creating package script '/home/unitree/navigation_ws/install/nav2_util/share/nav2_util/package.sh'
[6.745s] INFO:colcon.colcon_core.shell:Creating package script '/home/unitree/navigation_ws/install/nav2_util/share/nav2_util/package.bash'
[6.746s] INFO:colcon.colcon_core.shell:Creating package script '/home/unitree/navigation_ws/install/nav2_util/share/nav2_util/package.zsh'
[6.747s] Level 1:colcon.colcon_core.environment:create_file_with_runtime_dependencies(/home/unitree/navigation_ws/install/nav2_util/share/colcon-core/packages/nav2_util)
[6.748s] INFO:colcon.colcon_ros.task.ament_cmake.build:Building ROS package in '/home/unitree/navigation_ws/src/navigation2/nav2_lifecycle_manager' with build type 'ament_cmake'
[6.749s] INFO:colcon.colcon_cmake.task.cmake.build:Building CMake package in '/home/unitree/navigation_ws/src/navigation2/nav2_lifecycle_manager'
[6.750s] INFO:colcon.colcon_core.shell:Skip shell extension 'powershell' for command environment: Not usable outside of PowerShell
[6.750s] DEBUG:colcon.colcon_core.shell:Skip shell extension 'dsv' for command environment
[6.775s] INFO:colcon.colcon_ros.task.ament_cmake.build:Building ROS package in '/home/unitree/navigation_ws/src/navigation2/nav2_map_server' with build type 'ament_cmake'
[6.776s] INFO:colcon.colcon_cmake.task.cmake.build:Building CMake package in '/home/unitree/navigation_ws/src/navigation2/nav2_map_server'
[6.777s] INFO:colcon.colcon_core.shell:Skip shell extension 'powershell' for command environment: Not usable outside of PowerShell
[6.777s] DEBUG:colcon.colcon_core.shell:Skip shell extension 'dsv' for command environment
[6.793s] INFO:colcon.colcon_ros.task.ament_cmake.build:Building ROS package in '/home/unitree/navigation_ws/src/navigation2/nav2_dwb_controller/nav_2d_utils' with build type 'ament_cmake'
[6.793s] INFO:colcon.colcon_cmake.task.cmake.build:Building CMake package in '/home/unitree/navigation_ws/src/navigation2/nav2_dwb_controller/nav_2d_utils'
[6.794s] INFO:colcon.colcon_core.shell:Skip shell extension 'powershell' for command environment: Not usable outside of PowerShell
[6.794s] DEBUG:colcon.colcon_core.shell:Skip shell extension 'dsv' for command environment
[6.809s] INFO:colcon.colcon_ros.task.ament_cmake.build:Building ROS package in '/home/unitree/navigation_ws/src/navigation2/nav2_behavior_tree' with build type 'ament_cmake'
[6.811s] INFO:colcon.colcon_cmake.task.cmake.build:Building CMake package in '/home/unitree/navigation_ws/src/navigation2/nav2_behavior_tree'
[6.812s] INFO:colcon.colcon_core.shell:Skip shell extension 'powershell' for command environment: Not usable outside of PowerShell
[6.812s] DEBUG:colcon.colcon_core.shell:Skip shell extension 'dsv' for command environment
[6.827s] INFO:colcon.colcon_ros.task.ament_cmake.build:Building ROS package in '/home/unitree/navigation_ws/src/navigation2/nav2_amcl' with build type 'ament_cmake'
[6.828s] INFO:colcon.colcon_cmake.task.cmake.build:Building CMake package in '/home/unitree/navigation_ws/src/navigation2/nav2_amcl'
[6.829s] INFO:colcon.colcon_core.shell:Skip shell extension 'powershell' for command environment: Not usable outside of PowerShell
[6.829s] DEBUG:colcon.colcon_core.shell:Skip shell extension 'dsv' for command environment
[6.845s] INFO:colcon.colcon_ros.task.ament_cmake.build:Building ROS package in '/home/unitree/navigation_ws/src/navigation2/nav2_waypoint_follower' with build type 'ament_cmake'
[6.845s] INFO:colcon.colcon_cmake.task.cmake.build:Building CMake package in '/home/unitree/navigation_ws/src/navigation2/nav2_waypoint_follower'
[6.846s] INFO:colcon.colcon_core.shell:Skip shell extension 'powershell' for command environment: Not usable outside of PowerShell
[6.846s] DEBUG:colcon.colcon_core.shell:Skip shell extension 'dsv' for command environment
[6.875s] DEBUG:colcon.colcon_core.event_handler.log_command:Invoking command in '/home/unitree/navigation_ws/build/nav2_lifecycle_manager': CMAKE_PREFIX_PATH=/home/unitree/navigation_ws/install/nav2_util:/home/unitree/navigation_ws/install/nav2_msgs:/home/unitree/navigation_ws/install/nav2_common:/home/unitree/navigation_ws/install/nav2_bringup:/home/unitree/navigation_ws/install/navigation2:/home/unitree/navigation_ws/install/smac_planner:/home/unitree/navigation_ws/install/rm_autonomy:/home/unitree/navigation_ws/install/rm_autonomy_interfaces:/home/unitree/navigation_ws/install/bringup:/home/unitree/navigation_ws/install/pointcloud_to_laserscan:/home/unitree/navigation_ws/install/nav2_dwb_controller:/home/unitree/navigation_ws/install/nav2_controller:/home/unitree/navigation_ws/install/dwb_plugins:/home/unitree/navigation_ws/install/dwb_critics:/home/unitree/navigation_ws/install/dwb_core:/home/unitree/navigation_ws/install/nav_2d_utils:/home/unitree/navigation_ws/install/dwb_msgs:/home/unitree/navigation_ws/install/nav_2d_msgs:/home/unitree/navigation_ws/install/nav2_waypoint_follower:/home/unitree/navigation_ws/install/nav2_regulated_pure_pursuit_controller:/home/unitree/navigation_ws/install/nav2_recoveries:/home/unitree/navigation_ws/install/nav2_planner:/home/unitree/navigation_ws/install/nav2_navfn_planner:/home/unitree/navigation_ws/install/nav2_core:/home/unitree/navigation_ws/install/costmap_queue:/home/unitree/navigation_ws/install/nav2_costmap_2d:/home/unitree/navigation_ws/install/nav2_voxel_grid:/home/unitree/navigation_ws/install/nav2_map_server:/home/unitree/navigation_ws/install/nav2_lifecycle_manager:/home/unitree/navigation_ws/install/nav2_bt_navigator:/home/unitree/navigation_ws/install/nav2_behavior_tree:/home/unitree/navigation_ws/install/nav2_amcl:/home/unitree/navigation_ws/install/loam_interface:/home/unitree/navigation_ws/install/fast_lio:/home/unitree/navigation_ws/install/livox_ros_driver2:/home/unitree/navigation_ws/install/linefit_ground_segmentation_ros:/home/unitree/navigation_ws/install/linefit_ground_segmentation:/home/unitree/navigation_ws/install/cmd_vel_processor:/home/unitree/navigation_ws/install/behaviortree_cpp:/home/unitree/cyclonedds_ws/install/rmw_cyclonedds_cpp:/home/unitree/cyclonedds_ws/install/cyclonedds:/opt/ros/foxy LD_LIBRARY_PATH=/home/unitree/navigation_ws/install/nav2_util/lib:/home/unitree/navigation_ws/install/nav2_msgs/lib:/home/unitree/navigation_ws/install/smac_planner/lib:/home/unitree/navigation_ws/install/rm_autonomy/lib:/home/unitree/navigation_ws/install/rm_autonomy_interfaces/lib:/home/unitree/navigation_ws/install/pointcloud_to_laserscan/lib:/home/unitree/navigation_ws/install/nav2_controller/lib:/home/unitree/navigation_ws/install/dwb_plugins/lib:/home/unitree/navigation_ws/install/dwb_critics/lib:/home/unitree/navigation_ws/install/dwb_core/lib:/home/unitree/navigation_ws/install/nav_2d_utils/lib:/home/unitree/navigation_ws/install/dwb_msgs/lib:/home/unitree/navigation_ws/install/nav_2d_msgs/lib:/home/unitree/navigation_ws/install/nav2_waypoint_follower/lib:/home/unitree/navigation_ws/install/nav2_regulated_pure_pursuit_controller/lib:/home/unitree/navigation_ws/install/nav2_recoveries/lib:/home/unitree/navigation_ws/install/nav2_planner/lib:/home/unitree/navigation_ws/install/nav2_navfn_planner/lib:/home/unitree/navigation_ws/install/costmap_queue/lib:/home/unitree/navigation_ws/install/nav2_costmap_2d/lib:/home/unitree/navigation_ws/install/nav2_voxel_grid/lib:/home/unitree/navigation_ws/install/nav2_map_server/lib:/home/unitree/navigation_ws/install/nav2_lifecycle_manager/lib:/home/unitree/navigation_ws/install/nav2_bt_navigator/lib:/home/unitree/navigation_ws/install/nav2_behavior_tree/lib:/home/unitree/navigation_ws/install/nav2_amcl/lib:/home/unitree/navigation_ws/install/loam_interface/lib:/home/unitree/navigation_ws/install/fast_lio/lib:/home/unitree/navigation_ws/install/livox_ros_driver2/lib:/home/unitree/navigation_ws/install/linefit_ground_segmentation/lib:/home/unitree/navigation_ws/install/behaviortree_cpp/lib:/usr/local/cuda-11.4/lib64:/usr/local/lib:/home/unitree/cyclonedds_ws/install/rmw_cyclonedds_cpp/lib:/home/unitree/cyclonedds_ws/install/cyclonedds/lib:/opt/ros/foxy/opt/yaml_cpp_vendor/lib:/opt/ros/foxy/opt/rviz_ogre_vendor/lib:/opt/ros/foxy/lib/aarch64-linux-gnu:/opt/ros/foxy/lib:/usr/local/cuda-11.4/lib64 PYTHONPATH=/home/unitree/navigation_ws/install/nav2_msgs/lib/python3.8/site-packages:/home/unitree/navigation_ws/install/nav2_common/lib/python3.8/site-packages:/home/unitree/navigation_ws/install/rm_autonomy_interfaces/lib/python3.8/site-packages:/home/unitree/navigation_ws/install/dwb_msgs/lib/python3.8/site-packages:/home/unitree/navigation_ws/install/nav_2d_msgs/lib/python3.8/site-packages:/home/unitree/navigation_ws/install/fast_lio/lib/python3.8/site-packages:/home/unitree/navigation_ws/install/livox_ros_driver2/lib/python3.8/site-packages:/opt/ros/foxy/lib/python3.8/site-packages /usr/bin/cmake --build /home/unitree/navigation_ws/build/nav2_lifecycle_manager -- -j8 -l8
[6.884s] DEBUG:colcon.colcon_core.event_handler.log_command:Invoking command in '/home/unitree/navigation_ws/build/nav2_map_server': CMAKE_PREFIX_PATH=/home/unitree/navigation_ws/install/nav2_util:/home/unitree/navigation_ws/install/nav2_msgs:/home/unitree/navigation_ws/install/nav2_common:/home/unitree/navigation_ws/install/nav2_bringup:/home/unitree/navigation_ws/install/navigation2:/home/unitree/navigation_ws/install/smac_planner:/home/unitree/navigation_ws/install/rm_autonomy:/home/unitree/navigation_ws/install/rm_autonomy_interfaces:/home/unitree/navigation_ws/install/bringup:/home/unitree/navigation_ws/install/pointcloud_to_laserscan:/home/unitree/navigation_ws/install/nav2_dwb_controller:/home/unitree/navigation_ws/install/nav2_controller:/home/unitree/navigation_ws/install/dwb_plugins:/home/unitree/navigation_ws/install/dwb_critics:/home/unitree/navigation_ws/install/dwb_core:/home/unitree/navigation_ws/install/nav_2d_utils:/home/unitree/navigation_ws/install/dwb_msgs:/home/unitree/navigation_ws/install/nav_2d_msgs:/home/unitree/navigation_ws/install/nav2_waypoint_follower:/home/unitree/navigation_ws/install/nav2_regulated_pure_pursuit_controller:/home/unitree/navigation_ws/install/nav2_recoveries:/home/unitree/navigation_ws/install/nav2_planner:/home/unitree/navigation_ws/install/nav2_navfn_planner:/home/unitree/navigation_ws/install/nav2_core:/home/unitree/navigation_ws/install/costmap_queue:/home/unitree/navigation_ws/install/nav2_costmap_2d:/home/unitree/navigation_ws/install/nav2_voxel_grid:/home/unitree/navigation_ws/install/nav2_map_server:/home/unitree/navigation_ws/install/nav2_lifecycle_manager:/home/unitree/navigation_ws/install/nav2_bt_navigator:/home/unitree/navigation_ws/install/nav2_behavior_tree:/home/unitree/navigation_ws/install/nav2_amcl:/home/unitree/navigation_ws/install/loam_interface:/home/unitree/navigation_ws/install/fast_lio:/home/unitree/navigation_ws/install/livox_ros_driver2:/home/unitree/navigation_ws/install/linefit_ground_segmentation_ros:/home/unitree/navigation_ws/install/linefit_ground_segmentation:/home/unitree/navigation_ws/install/cmd_vel_processor:/home/unitree/navigation_ws/install/behaviortree_cpp:/home/unitree/cyclonedds_ws/install/rmw_cyclonedds_cpp:/home/unitree/cyclonedds_ws/install/cyclonedds:/opt/ros/foxy LD_LIBRARY_PATH=/home/unitree/navigation_ws/install/nav2_util/lib:/home/unitree/navigation_ws/install/nav2_msgs/lib:/home/unitree/navigation_ws/install/smac_planner/lib:/home/unitree/navigation_ws/install/rm_autonomy/lib:/home/unitree/navigation_ws/install/rm_autonomy_interfaces/lib:/home/unitree/navigation_ws/install/pointcloud_to_laserscan/lib:/home/unitree/navigation_ws/install/nav2_controller/lib:/home/unitree/navigation_ws/install/dwb_plugins/lib:/home/unitree/navigation_ws/install/dwb_critics/lib:/home/unitree/navigation_ws/install/dwb_core/lib:/home/unitree/navigation_ws/install/nav_2d_utils/lib:/home/unitree/navigation_ws/install/dwb_msgs/lib:/home/unitree/navigation_ws/install/nav_2d_msgs/lib:/home/unitree/navigation_ws/install/nav2_waypoint_follower/lib:/home/unitree/navigation_ws/install/nav2_regulated_pure_pursuit_controller/lib:/home/unitree/navigation_ws/install/nav2_recoveries/lib:/home/unitree/navigation_ws/install/nav2_planner/lib:/home/unitree/navigation_ws/install/nav2_navfn_planner/lib:/home/unitree/navigation_ws/install/costmap_queue/lib:/home/unitree/navigation_ws/install/nav2_costmap_2d/lib:/home/unitree/navigation_ws/install/nav2_voxel_grid/lib:/home/unitree/navigation_ws/install/nav2_map_server/lib:/home/unitree/navigation_ws/install/nav2_lifecycle_manager/lib:/home/unitree/navigation_ws/install/nav2_bt_navigator/lib:/home/unitree/navigation_ws/install/nav2_behavior_tree/lib:/home/unitree/navigation_ws/install/nav2_amcl/lib:/home/unitree/navigation_ws/install/loam_interface/lib:/home/unitree/navigation_ws/install/fast_lio/lib:/home/unitree/navigation_ws/install/livox_ros_driver2/lib:/home/unitree/navigation_ws/install/linefit_ground_segmentation/lib:/home/unitree/navigation_ws/install/behaviortree_cpp/lib:/usr/local/cuda-11.4/lib64:/usr/local/lib:/home/unitree/cyclonedds_ws/install/rmw_cyclonedds_cpp/lib:/home/unitree/cyclonedds_ws/install/cyclonedds/lib:/opt/ros/foxy/opt/yaml_cpp_vendor/lib:/opt/ros/foxy/opt/rviz_ogre_vendor/lib:/opt/ros/foxy/lib/aarch64-linux-gnu:/opt/ros/foxy/lib:/usr/local/cuda-11.4/lib64 PYTHONPATH=/home/unitree/navigation_ws/install/nav2_msgs/lib/python3.8/site-packages:/home/unitree/navigation_ws/install/nav2_common/lib/python3.8/site-packages:/home/unitree/navigation_ws/install/rm_autonomy_interfaces/lib/python3.8/site-packages:/home/unitree/navigation_ws/install/dwb_msgs/lib/python3.8/site-packages:/home/unitree/navigation_ws/install/nav_2d_msgs/lib/python3.8/site-packages:/home/unitree/navigation_ws/install/fast_lio/lib/python3.8/site-packages:/home/unitree/navigation_ws/install/livox_ros_driver2/lib/python3.8/site-packages:/opt/ros/foxy/lib/python3.8/site-packages /usr/bin/cmake --build /home/unitree/navigation_ws/build/nav2_map_server -- -j8 -l8
[6.894s] DEBUG:colcon.colcon_core.event_handler.log_command:Invoking command in '/home/unitree/navigation_ws/build/nav_2d_utils': CMAKE_PREFIX_PATH=/home/unitree/navigation_ws/install/nav2_util:/home/unitree/navigation_ws/install/nav2_msgs:/home/unitree/navigation_ws/install/nav_2d_msgs:/home/unitree/navigation_ws/install/nav2_common:/home/unitree/navigation_ws/install/nav2_bringup:/home/unitree/navigation_ws/install/navigation2:/home/unitree/navigation_ws/install/smac_planner:/home/unitree/navigation_ws/install/rm_autonomy:/home/unitree/navigation_ws/install/rm_autonomy_interfaces:/home/unitree/navigation_ws/install/bringup:/home/unitree/navigation_ws/install/pointcloud_to_laserscan:/home/unitree/navigation_ws/install/nav2_dwb_controller:/home/unitree/navigation_ws/install/nav2_controller:/home/unitree/navigation_ws/install/dwb_plugins:/home/unitree/navigation_ws/install/dwb_critics:/home/unitree/navigation_ws/install/dwb_core:/home/unitree/navigation_ws/install/nav_2d_utils:/home/unitree/navigation_ws/install/dwb_msgs:/home/unitree/navigation_ws/install/nav2_waypoint_follower:/home/unitree/navigation_ws/install/nav2_regulated_pure_pursuit_controller:/home/unitree/navigation_ws/install/nav2_recoveries:/home/unitree/navigation_ws/install/nav2_planner:/home/unitree/navigation_ws/install/nav2_navfn_planner:/home/unitree/navigation_ws/install/nav2_core:/home/unitree/navigation_ws/install/costmap_queue:/home/unitree/navigation_ws/install/nav2_costmap_2d:/home/unitree/navigation_ws/install/nav2_voxel_grid:/home/unitree/navigation_ws/install/nav2_map_server:/home/unitree/navigation_ws/install/nav2_lifecycle_manager:/home/unitree/navigation_ws/install/nav2_bt_navigator:/home/unitree/navigation_ws/install/nav2_behavior_tree:/home/unitree/navigation_ws/install/nav2_amcl:/home/unitree/navigation_ws/install/loam_interface:/home/unitree/navigation_ws/install/fast_lio:/home/unitree/navigation_ws/install/livox_ros_driver2:/home/unitree/navigation_ws/install/linefit_ground_segmentation_ros:/home/unitree/navigation_ws/install/linefit_ground_segmentation:/home/unitree/navigation_ws/install/cmd_vel_processor:/home/unitree/navigation_ws/install/behaviortree_cpp:/home/unitree/cyclonedds_ws/install/rmw_cyclonedds_cpp:/home/unitree/cyclonedds_ws/install/cyclonedds:/opt/ros/foxy LD_LIBRARY_PATH=/home/unitree/navigation_ws/install/nav2_util/lib:/home/unitree/navigation_ws/install/nav2_msgs/lib:/home/unitree/navigation_ws/install/nav_2d_msgs/lib:/home/unitree/navigation_ws/install/smac_planner/lib:/home/unitree/navigation_ws/install/rm_autonomy/lib:/home/unitree/navigation_ws/install/rm_autonomy_interfaces/lib:/home/unitree/navigation_ws/install/pointcloud_to_laserscan/lib:/home/unitree/navigation_ws/install/nav2_controller/lib:/home/unitree/navigation_ws/install/dwb_plugins/lib:/home/unitree/navigation_ws/install/dwb_critics/lib:/home/unitree/navigation_ws/install/dwb_core/lib:/home/unitree/navigation_ws/install/nav_2d_utils/lib:/home/unitree/navigation_ws/install/dwb_msgs/lib:/home/unitree/navigation_ws/install/nav2_waypoint_follower/lib:/home/unitree/navigation_ws/install/nav2_regulated_pure_pursuit_controller/lib:/home/unitree/navigation_ws/install/nav2_recoveries/lib:/home/unitree/navigation_ws/install/nav2_planner/lib:/home/unitree/navigation_ws/install/nav2_navfn_planner/lib:/home/unitree/navigation_ws/install/costmap_queue/lib:/home/unitree/navigation_ws/install/nav2_costmap_2d/lib:/home/unitree/navigation_ws/install/nav2_voxel_grid/lib:/home/unitree/navigation_ws/install/nav2_map_server/lib:/home/unitree/navigation_ws/install/nav2_lifecycle_manager/lib:/home/unitree/navigation_ws/install/nav2_bt_navigator/lib:/home/unitree/navigation_ws/install/nav2_behavior_tree/lib:/home/unitree/navigation_ws/install/nav2_amcl/lib:/home/unitree/navigation_ws/install/loam_interface/lib:/home/unitree/navigation_ws/install/fast_lio/lib:/home/unitree/navigation_ws/install/livox_ros_driver2/lib:/home/unitree/navigation_ws/install/linefit_ground_segmentation/lib:/home/unitree/navigation_ws/install/behaviortree_cpp/lib:/usr/local/cuda-11.4/lib64:/usr/local/lib:/home/unitree/cyclonedds_ws/install/rmw_cyclonedds_cpp/lib:/home/unitree/cyclonedds_ws/install/cyclonedds/lib:/opt/ros/foxy/opt/yaml_cpp_vendor/lib:/opt/ros/foxy/opt/rviz_ogre_vendor/lib:/opt/ros/foxy/lib/aarch64-linux-gnu:/opt/ros/foxy/lib:/usr/local/cuda-11.4/lib64 PYTHONPATH=/home/unitree/navigation_ws/install/nav2_msgs/lib/python3.8/site-packages:/home/unitree/navigation_ws/install/nav_2d_msgs/lib/python3.8/site-packages:/home/unitree/navigation_ws/install/nav2_common/lib/python3.8/site-packages:/home/unitree/navigation_ws/install/rm_autonomy_interfaces/lib/python3.8/site-packages:/home/unitree/navigation_ws/install/dwb_msgs/lib/python3.8/site-packages:/home/unitree/navigation_ws/install/fast_lio/lib/python3.8/site-packages:/home/unitree/navigation_ws/install/livox_ros_driver2/lib/python3.8/site-packages:/opt/ros/foxy/lib/python3.8/site-packages /usr/bin/cmake --build /home/unitree/navigation_ws/build/nav_2d_utils -- -j8 -l8
[6.907s] DEBUG:colcon.colcon_core.event_handler.log_command:Invoking command in '/home/unitree/navigation_ws/build/nav2_behavior_tree': CMAKE_PREFIX_PATH=/home/unitree/navigation_ws/install/nav2_util:/home/unitree/navigation_ws/install/nav2_msgs:/home/unitree/navigation_ws/install/nav2_common:/home/unitree/navigation_ws/install/nav2_bringup:/home/unitree/navigation_ws/install/navigation2:/home/unitree/navigation_ws/install/smac_planner:/home/unitree/navigation_ws/install/rm_autonomy:/home/unitree/navigation_ws/install/rm_autonomy_interfaces:/home/unitree/navigation_ws/install/bringup:/home/unitree/navigation_ws/install/pointcloud_to_laserscan:/home/unitree/navigation_ws/install/nav2_dwb_controller:/home/unitree/navigation_ws/install/nav2_controller:/home/unitree/navigation_ws/install/dwb_plugins:/home/unitree/navigation_ws/install/dwb_critics:/home/unitree/navigation_ws/install/dwb_core:/home/unitree/navigation_ws/install/nav_2d_utils:/home/unitree/navigation_ws/install/dwb_msgs:/home/unitree/navigation_ws/install/nav_2d_msgs:/home/unitree/navigation_ws/install/nav2_waypoint_follower:/home/unitree/navigation_ws/install/nav2_regulated_pure_pursuit_controller:/home/unitree/navigation_ws/install/nav2_recoveries:/home/unitree/navigation_ws/install/nav2_planner:/home/unitree/navigation_ws/install/nav2_navfn_planner:/home/unitree/navigation_ws/install/nav2_core:/home/unitree/navigation_ws/install/costmap_queue:/home/unitree/navigation_ws/install/nav2_costmap_2d:/home/unitree/navigation_ws/install/nav2_voxel_grid:/home/unitree/navigation_ws/install/nav2_map_server:/home/unitree/navigation_ws/install/nav2_lifecycle_manager:/home/unitree/navigation_ws/install/nav2_bt_navigator:/home/unitree/navigation_ws/install/nav2_behavior_tree:/home/unitree/navigation_ws/install/nav2_amcl:/home/unitree/navigation_ws/install/loam_interface:/home/unitree/navigation_ws/install/fast_lio:/home/unitree/navigation_ws/install/livox_ros_driver2:/home/unitree/navigation_ws/install/linefit_ground_segmentation_ros:/home/unitree/navigation_ws/install/linefit_ground_segmentation:/home/unitree/navigation_ws/install/cmd_vel_processor:/home/unitree/navigation_ws/install/behaviortree_cpp:/home/unitree/cyclonedds_ws/install/rmw_cyclonedds_cpp:/home/unitree/cyclonedds_ws/install/cyclonedds:/opt/ros/foxy LD_LIBRARY_PATH=/home/unitree/navigation_ws/install/nav2_util/lib:/home/unitree/navigation_ws/install/nav2_msgs/lib:/home/unitree/navigation_ws/install/smac_planner/lib:/home/unitree/navigation_ws/install/rm_autonomy/lib:/home/unitree/navigation_ws/install/rm_autonomy_interfaces/lib:/home/unitree/navigation_ws/install/pointcloud_to_laserscan/lib:/home/unitree/navigation_ws/install/nav2_controller/lib:/home/unitree/navigation_ws/install/dwb_plugins/lib:/home/unitree/navigation_ws/install/dwb_critics/lib:/home/unitree/navigation_ws/install/dwb_core/lib:/home/unitree/navigation_ws/install/nav_2d_utils/lib:/home/unitree/navigation_ws/install/dwb_msgs/lib:/home/unitree/navigation_ws/install/nav_2d_msgs/lib:/home/unitree/navigation_ws/install/nav2_waypoint_follower/lib:/home/unitree/navigation_ws/install/nav2_regulated_pure_pursuit_controller/lib:/home/unitree/navigation_ws/install/nav2_recoveries/lib:/home/unitree/navigation_ws/install/nav2_planner/lib:/home/unitree/navigation_ws/install/nav2_navfn_planner/lib:/home/unitree/navigation_ws/install/costmap_queue/lib:/home/unitree/navigation_ws/install/nav2_costmap_2d/lib:/home/unitree/navigation_ws/install/nav2_voxel_grid/lib:/home/unitree/navigation_ws/install/nav2_map_server/lib:/home/unitree/navigation_ws/install/nav2_lifecycle_manager/lib:/home/unitree/navigation_ws/install/nav2_bt_navigator/lib:/home/unitree/navigation_ws/install/nav2_behavior_tree/lib:/home/unitree/navigation_ws/install/nav2_amcl/lib:/home/unitree/navigation_ws/install/loam_interface/lib:/home/unitree/navigation_ws/install/fast_lio/lib:/home/unitree/navigation_ws/install/livox_ros_driver2/lib:/home/unitree/navigation_ws/install/linefit_ground_segmentation/lib:/home/unitree/navigation_ws/install/behaviortree_cpp/lib:/usr/local/cuda-11.4/lib64:/usr/local/lib:/home/unitree/cyclonedds_ws/install/rmw_cyclonedds_cpp/lib:/home/unitree/cyclonedds_ws/install/cyclonedds/lib:/opt/ros/foxy/opt/yaml_cpp_vendor/lib:/opt/ros/foxy/opt/rviz_ogre_vendor/lib:/opt/ros/foxy/lib/aarch64-linux-gnu:/opt/ros/foxy/lib:/usr/local/cuda-11.4/lib64 PYTHONPATH=/home/unitree/navigation_ws/install/nav2_msgs/lib/python3.8/site-packages:/home/unitree/navigation_ws/install/nav2_common/lib/python3.8/site-packages:/home/unitree/navigation_ws/install/rm_autonomy_interfaces/lib/python3.8/site-packages:/home/unitree/navigation_ws/install/dwb_msgs/lib/python3.8/site-packages:/home/unitree/navigation_ws/install/nav_2d_msgs/lib/python3.8/site-packages:/home/unitree/navigation_ws/install/fast_lio/lib/python3.8/site-packages:/home/unitree/navigation_ws/install/livox_ros_driver2/lib/python3.8/site-packages:/opt/ros/foxy/lib/python3.8/site-packages /usr/bin/cmake --build /home/unitree/navigation_ws/build/nav2_behavior_tree -- -j8 -l8
[6.919s] DEBUG:colcon.colcon_core.event_handler.log_command:Invoking command in '/home/unitree/navigation_ws/build/nav2_amcl': CMAKE_PREFIX_PATH=/home/unitree/navigation_ws/install/nav2_util:/home/unitree/navigation_ws/install/nav2_msgs:/home/unitree/navigation_ws/install/nav2_common:/home/unitree/navigation_ws/install/nav2_bringup:/home/unitree/navigation_ws/install/navigation2:/home/unitree/navigation_ws/install/smac_planner:/home/unitree/navigation_ws/install/rm_autonomy:/home/unitree/navigation_ws/install/rm_autonomy_interfaces:/home/unitree/navigation_ws/install/bringup:/home/unitree/navigation_ws/install/pointcloud_to_laserscan:/home/unitree/navigation_ws/install/nav2_dwb_controller:/home/unitree/navigation_ws/install/nav2_controller:/home/unitree/navigation_ws/install/dwb_plugins:/home/unitree/navigation_ws/install/dwb_critics:/home/unitree/navigation_ws/install/dwb_core:/home/unitree/navigation_ws/install/nav_2d_utils:/home/unitree/navigation_ws/install/dwb_msgs:/home/unitree/navigation_ws/install/nav_2d_msgs:/home/unitree/navigation_ws/install/nav2_waypoint_follower:/home/unitree/navigation_ws/install/nav2_regulated_pure_pursuit_controller:/home/unitree/navigation_ws/install/nav2_recoveries:/home/unitree/navigation_ws/install/nav2_planner:/home/unitree/navigation_ws/install/nav2_navfn_planner:/home/unitree/navigation_ws/install/nav2_core:/home/unitree/navigation_ws/install/costmap_queue:/home/unitree/navigation_ws/install/nav2_costmap_2d:/home/unitree/navigation_ws/install/nav2_voxel_grid:/home/unitree/navigation_ws/install/nav2_map_server:/home/unitree/navigation_ws/install/nav2_lifecycle_manager:/home/unitree/navigation_ws/install/nav2_bt_navigator:/home/unitree/navigation_ws/install/nav2_behavior_tree:/home/unitree/navigation_ws/install/nav2_amcl:/home/unitree/navigation_ws/install/loam_interface:/home/unitree/navigation_ws/install/fast_lio:/home/unitree/navigation_ws/install/livox_ros_driver2:/home/unitree/navigation_ws/install/linefit_ground_segmentation_ros:/home/unitree/navigation_ws/install/linefit_ground_segmentation:/home/unitree/navigation_ws/install/cmd_vel_processor:/home/unitree/navigation_ws/install/behaviortree_cpp:/home/unitree/cyclonedds_ws/install/rmw_cyclonedds_cpp:/home/unitree/cyclonedds_ws/install/cyclonedds:/opt/ros/foxy LD_LIBRARY_PATH=/home/unitree/navigation_ws/install/nav2_util/lib:/home/unitree/navigation_ws/install/nav2_msgs/lib:/home/unitree/navigation_ws/install/smac_planner/lib:/home/unitree/navigation_ws/install/rm_autonomy/lib:/home/unitree/navigation_ws/install/rm_autonomy_interfaces/lib:/home/unitree/navigation_ws/install/pointcloud_to_laserscan/lib:/home/unitree/navigation_ws/install/nav2_controller/lib:/home/unitree/navigation_ws/install/dwb_plugins/lib:/home/unitree/navigation_ws/install/dwb_critics/lib:/home/unitree/navigation_ws/install/dwb_core/lib:/home/unitree/navigation_ws/install/nav_2d_utils/lib:/home/unitree/navigation_ws/install/dwb_msgs/lib:/home/unitree/navigation_ws/install/nav_2d_msgs/lib:/home/unitree/navigation_ws/install/nav2_waypoint_follower/lib:/home/unitree/navigation_ws/install/nav2_regulated_pure_pursuit_controller/lib:/home/unitree/navigation_ws/install/nav2_recoveries/lib:/home/unitree/navigation_ws/install/nav2_planner/lib:/home/unitree/navigation_ws/install/nav2_navfn_planner/lib:/home/unitree/navigation_ws/install/costmap_queue/lib:/home/unitree/navigation_ws/install/nav2_costmap_2d/lib:/home/unitree/navigation_ws/install/nav2_voxel_grid/lib:/home/unitree/navigation_ws/install/nav2_map_server/lib:/home/unitree/navigation_ws/install/nav2_lifecycle_manager/lib:/home/unitree/navigation_ws/install/nav2_bt_navigator/lib:/home/unitree/navigation_ws/install/nav2_behavior_tree/lib:/home/unitree/navigation_ws/install/nav2_amcl/lib:/home/unitree/navigation_ws/install/loam_interface/lib:/home/unitree/navigation_ws/install/fast_lio/lib:/home/unitree/navigation_ws/install/livox_ros_driver2/lib:/home/unitree/navigation_ws/install/linefit_ground_segmentation/lib:/home/unitree/navigation_ws/install/behaviortree_cpp/lib:/usr/local/cuda-11.4/lib64:/usr/local/lib:/home/unitree/cyclonedds_ws/install/rmw_cyclonedds_cpp/lib:/home/unitree/cyclonedds_ws/install/cyclonedds/lib:/opt/ros/foxy/opt/yaml_cpp_vendor/lib:/opt/ros/foxy/opt/rviz_ogre_vendor/lib:/opt/ros/foxy/lib/aarch64-linux-gnu:/opt/ros/foxy/lib:/usr/local/cuda-11.4/lib64 PYTHONPATH=/home/unitree/navigation_ws/install/nav2_msgs/lib/python3.8/site-packages:/home/unitree/navigation_ws/install/nav2_common/lib/python3.8/site-packages:/home/unitree/navigation_ws/install/rm_autonomy_interfaces/lib/python3.8/site-packages:/home/unitree/navigation_ws/install/dwb_msgs/lib/python3.8/site-packages:/home/unitree/navigation_ws/install/nav_2d_msgs/lib/python3.8/site-packages:/home/unitree/navigation_ws/install/fast_lio/lib/python3.8/site-packages:/home/unitree/navigation_ws/install/livox_ros_driver2/lib/python3.8/site-packages:/opt/ros/foxy/lib/python3.8/site-packages /usr/bin/cmake --build /home/unitree/navigation_ws/build/nav2_amcl -- -j8 -l8
[6.936s] DEBUG:colcon.colcon_core.event_handler.log_command:Invoking command in '/home/unitree/navigation_ws/build/nav2_waypoint_follower': CMAKE_PREFIX_PATH=/home/unitree/navigation_ws/install/nav2_util:/home/unitree/navigation_ws/install/nav2_msgs:/home/unitree/navigation_ws/install/nav2_common:/home/unitree/navigation_ws/install/nav2_bringup:/home/unitree/navigation_ws/install/navigation2:/home/unitree/navigation_ws/install/smac_planner:/home/unitree/navigation_ws/install/rm_autonomy:/home/unitree/navigation_ws/install/rm_autonomy_interfaces:/home/unitree/navigation_ws/install/bringup:/home/unitree/navigation_ws/install/pointcloud_to_laserscan:/home/unitree/navigation_ws/install/nav2_dwb_controller:/home/unitree/navigation_ws/install/nav2_controller:/home/unitree/navigation_ws/install/dwb_plugins:/home/unitree/navigation_ws/install/dwb_critics:/home/unitree/navigation_ws/install/dwb_core:/home/unitree/navigation_ws/install/nav_2d_utils:/home/unitree/navigation_ws/install/dwb_msgs:/home/unitree/navigation_ws/install/nav_2d_msgs:/home/unitree/navigation_ws/install/nav2_waypoint_follower:/home/unitree/navigation_ws/install/nav2_regulated_pure_pursuit_controller:/home/unitree/navigation_ws/install/nav2_recoveries:/home/unitree/navigation_ws/install/nav2_planner:/home/unitree/navigation_ws/install/nav2_navfn_planner:/home/unitree/navigation_ws/install/nav2_core:/home/unitree/navigation_ws/install/costmap_queue:/home/unitree/navigation_ws/install/nav2_costmap_2d:/home/unitree/navigation_ws/install/nav2_voxel_grid:/home/unitree/navigation_ws/install/nav2_map_server:/home/unitree/navigation_ws/install/nav2_lifecycle_manager:/home/unitree/navigation_ws/install/nav2_bt_navigator:/home/unitree/navigation_ws/install/nav2_behavior_tree:/home/unitree/navigation_ws/install/nav2_amcl:/home/unitree/navigation_ws/install/loam_interface:/home/unitree/navigation_ws/install/fast_lio:/home/unitree/navigation_ws/install/livox_ros_driver2:/home/unitree/navigation_ws/install/linefit_ground_segmentation_ros:/home/unitree/navigation_ws/install/linefit_ground_segmentation:/home/unitree/navigation_ws/install/cmd_vel_processor:/home/unitree/navigation_ws/install/behaviortree_cpp:/home/unitree/cyclonedds_ws/install/rmw_cyclonedds_cpp:/home/unitree/cyclonedds_ws/install/cyclonedds:/opt/ros/foxy LD_LIBRARY_PATH=/home/unitree/navigation_ws/install/nav2_util/lib:/home/unitree/navigation_ws/install/nav2_msgs/lib:/home/unitree/navigation_ws/install/smac_planner/lib:/home/unitree/navigation_ws/install/rm_autonomy/lib:/home/unitree/navigation_ws/install/rm_autonomy_interfaces/lib:/home/unitree/navigation_ws/install/pointcloud_to_laserscan/lib:/home/unitree/navigation_ws/install/nav2_controller/lib:/home/unitree/navigation_ws/install/dwb_plugins/lib:/home/unitree/navigation_ws/install/dwb_critics/lib:/home/unitree/navigation_ws/install/dwb_core/lib:/home/unitree/navigation_ws/install/nav_2d_utils/lib:/home/unitree/navigation_ws/install/dwb_msgs/lib:/home/unitree/navigation_ws/install/nav_2d_msgs/lib:/home/unitree/navigation_ws/install/nav2_waypoint_follower/lib:/home/unitree/navigation_ws/install/nav2_regulated_pure_pursuit_controller/lib:/home/unitree/navigation_ws/install/nav2_recoveries/lib:/home/unitree/navigation_ws/install/nav2_planner/lib:/home/unitree/navigation_ws/install/nav2_navfn_planner/lib:/home/unitree/navigation_ws/install/costmap_queue/lib:/home/unitree/navigation_ws/install/nav2_costmap_2d/lib:/home/unitree/navigation_ws/install/nav2_voxel_grid/lib:/home/unitree/navigation_ws/install/nav2_map_server/lib:/home/unitree/navigation_ws/install/nav2_lifecycle_manager/lib:/home/unitree/navigation_ws/install/nav2_bt_navigator/lib:/home/unitree/navigation_ws/install/nav2_behavior_tree/lib:/home/unitree/navigation_ws/install/nav2_amcl/lib:/home/unitree/navigation_ws/install/loam_interface/lib:/home/unitree/navigation_ws/install/fast_lio/lib:/home/unitree/navigation_ws/install/livox_ros_driver2/lib:/home/unitree/navigation_ws/install/linefit_ground_segmentation/lib:/home/unitree/navigation_ws/install/behaviortree_cpp/lib:/usr/local/cuda-11.4/lib64:/usr/local/lib:/home/unitree/cyclonedds_ws/install/rmw_cyclonedds_cpp/lib:/home/unitree/cyclonedds_ws/install/cyclonedds/lib:/opt/ros/foxy/opt/yaml_cpp_vendor/lib:/opt/ros/foxy/opt/rviz_ogre_vendor/lib:/opt/ros/foxy/lib/aarch64-linux-gnu:/opt/ros/foxy/lib:/usr/local/cuda-11.4/lib64 PYTHONPATH=/home/unitree/navigation_ws/install/nav2_msgs/lib/python3.8/site-packages:/home/unitree/navigation_ws/install/nav2_common/lib/python3.8/site-packages:/home/unitree/navigation_ws/install/rm_autonomy_interfaces/lib/python3.8/site-packages:/home/unitree/navigation_ws/install/dwb_msgs/lib/python3.8/site-packages:/home/unitree/navigation_ws/install/nav_2d_msgs/lib/python3.8/site-packages:/home/unitree/navigation_ws/install/fast_lio/lib/python3.8/site-packages:/home/unitree/navigation_ws/install/livox_ros_driver2/lib/python3.8/site-packages:/opt/ros/foxy/lib/python3.8/site-packages /usr/bin/cmake --build /home/unitree/navigation_ws/build/nav2_waypoint_follower -- -j8 -l8
[7.334s] DEBUG:colcon.colcon_core.event_handler.log_command:Invoked command in '/home/unitree/navigation_ws/build/nav2_lifecycle_manager' returned '0': CMAKE_PREFIX_PATH=/home/unitree/navigation_ws/install/nav2_util:/home/unitree/navigation_ws/install/nav2_msgs:/home/unitree/navigation_ws/install/nav2_common:/home/unitree/navigation_ws/install/nav2_bringup:/home/unitree/navigation_ws/install/navigation2:/home/unitree/navigation_ws/install/smac_planner:/home/unitree/navigation_ws/install/rm_autonomy:/home/unitree/navigation_ws/install/rm_autonomy_interfaces:/home/unitree/navigation_ws/install/bringup:/home/unitree/navigation_ws/install/pointcloud_to_laserscan:/home/unitree/navigation_ws/install/nav2_dwb_controller:/home/unitree/navigation_ws/install/nav2_controller:/home/unitree/navigation_ws/install/dwb_plugins:/home/unitree/navigation_ws/install/dwb_critics:/home/unitree/navigation_ws/install/dwb_core:/home/unitree/navigation_ws/install/nav_2d_utils:/home/unitree/navigation_ws/install/dwb_msgs:/home/unitree/navigation_ws/install/nav_2d_msgs:/home/unitree/navigation_ws/install/nav2_waypoint_follower:/home/unitree/navigation_ws/install/nav2_regulated_pure_pursuit_controller:/home/unitree/navigation_ws/install/nav2_recoveries:/home/unitree/navigation_ws/install/nav2_planner:/home/unitree/navigation_ws/install/nav2_navfn_planner:/home/unitree/navigation_ws/install/nav2_core:/home/unitree/navigation_ws/install/costmap_queue:/home/unitree/navigation_ws/install/nav2_costmap_2d:/home/unitree/navigation_ws/install/nav2_voxel_grid:/home/unitree/navigation_ws/install/nav2_map_server:/home/unitree/navigation_ws/install/nav2_lifecycle_manager:/home/unitree/navigation_ws/install/nav2_bt_navigator:/home/unitree/navigation_ws/install/nav2_behavior_tree:/home/unitree/navigation_ws/install/nav2_amcl:/home/unitree/navigation_ws/install/loam_interface:/home/unitree/navigation_ws/install/fast_lio:/home/unitree/navigation_ws/install/livox_ros_driver2:/home/unitree/navigation_ws/install/linefit_ground_segmentation_ros:/home/unitree/navigation_ws/install/linefit_ground_segmentation:/home/unitree/navigation_ws/install/cmd_vel_processor:/home/unitree/navigation_ws/install/behaviortree_cpp:/home/unitree/cyclonedds_ws/install/rmw_cyclonedds_cpp:/home/unitree/cyclonedds_ws/install/cyclonedds:/opt/ros/foxy LD_LIBRARY_PATH=/home/unitree/navigation_ws/install/nav2_util/lib:/home/unitree/navigation_ws/install/nav2_msgs/lib:/home/unitree/navigation_ws/install/smac_planner/lib:/home/unitree/navigation_ws/install/rm_autonomy/lib:/home/unitree/navigation_ws/install/rm_autonomy_interfaces/lib:/home/unitree/navigation_ws/install/pointcloud_to_laserscan/lib:/home/unitree/navigation_ws/install/nav2_controller/lib:/home/unitree/navigation_ws/install/dwb_plugins/lib:/home/unitree/navigation_ws/install/dwb_critics/lib:/home/unitree/navigation_ws/install/dwb_core/lib:/home/unitree/navigation_ws/install/nav_2d_utils/lib:/home/unitree/navigation_ws/install/dwb_msgs/lib:/home/unitree/navigation_ws/install/nav_2d_msgs/lib:/home/unitree/navigation_ws/install/nav2_waypoint_follower/lib:/home/unitree/navigation_ws/install/nav2_regulated_pure_pursuit_controller/lib:/home/unitree/navigation_ws/install/nav2_recoveries/lib:/home/unitree/navigation_ws/install/nav2_planner/lib:/home/unitree/navigation_ws/install/nav2_navfn_planner/lib:/home/unitree/navigation_ws/install/costmap_queue/lib:/home/unitree/navigation_ws/install/nav2_costmap_2d/lib:/home/unitree/navigation_ws/install/nav2_voxel_grid/lib:/home/unitree/navigation_ws/install/nav2_map_server/lib:/home/unitree/navigation_ws/install/nav2_lifecycle_manager/lib:/home/unitree/navigation_ws/install/nav2_bt_navigator/lib:/home/unitree/navigation_ws/install/nav2_behavior_tree/lib:/home/unitree/navigation_ws/install/nav2_amcl/lib:/home/unitree/navigation_ws/install/loam_interface/lib:/home/unitree/navigation_ws/install/fast_lio/lib:/home/unitree/navigation_ws/install/livox_ros_driver2/lib:/home/unitree/navigation_ws/install/linefit_ground_segmentation/lib:/home/unitree/navigation_ws/install/behaviortree_cpp/lib:/usr/local/cuda-11.4/lib64:/usr/local/lib:/home/unitree/cyclonedds_ws/install/rmw_cyclonedds_cpp/lib:/home/unitree/cyclonedds_ws/install/cyclonedds/lib:/opt/ros/foxy/opt/yaml_cpp_vendor/lib:/opt/ros/foxy/opt/rviz_ogre_vendor/lib:/opt/ros/foxy/lib/aarch64-linux-gnu:/opt/ros/foxy/lib:/usr/local/cuda-11.4/lib64 PYTHONPATH=/home/unitree/navigation_ws/install/nav2_msgs/lib/python3.8/site-packages:/home/unitree/navigation_ws/install/nav2_common/lib/python3.8/site-packages:/home/unitree/navigation_ws/install/rm_autonomy_interfaces/lib/python3.8/site-packages:/home/unitree/navigation_ws/install/dwb_msgs/lib/python3.8/site-packages:/home/unitree/navigation_ws/install/nav_2d_msgs/lib/python3.8/site-packages:/home/unitree/navigation_ws/install/fast_lio/lib/python3.8/site-packages:/home/unitree/navigation_ws/install/livox_ros_driver2/lib/python3.8/site-packages:/opt/ros/foxy/lib/python3.8/site-packages /usr/bin/cmake --build /home/unitree/navigation_ws/build/nav2_lifecycle_manager -- -j8 -l8
[7.378s] DEBUG:colcon.colcon_core.event_handler.log_command:Invoked command in '/home/unitree/navigation_ws/build/nav_2d_utils' returned '0': CMAKE_PREFIX_PATH=/home/unitree/navigation_ws/install/nav2_util:/home/unitree/navigation_ws/install/nav2_msgs:/home/unitree/navigation_ws/install/nav_2d_msgs:/home/unitree/navigation_ws/install/nav2_common:/home/unitree/navigation_ws/install/nav2_bringup:/home/unitree/navigation_ws/install/navigation2:/home/unitree/navigation_ws/install/smac_planner:/home/unitree/navigation_ws/install/rm_autonomy:/home/unitree/navigation_ws/install/rm_autonomy_interfaces:/home/unitree/navigation_ws/install/bringup:/home/unitree/navigation_ws/install/pointcloud_to_laserscan:/home/unitree/navigation_ws/install/nav2_dwb_controller:/home/unitree/navigation_ws/install/nav2_controller:/home/unitree/navigation_ws/install/dwb_plugins:/home/unitree/navigation_ws/install/dwb_critics:/home/unitree/navigation_ws/install/dwb_core:/home/unitree/navigation_ws/install/nav_2d_utils:/home/unitree/navigation_ws/install/dwb_msgs:/home/unitree/navigation_ws/install/nav2_waypoint_follower:/home/unitree/navigation_ws/install/nav2_regulated_pure_pursuit_controller:/home/unitree/navigation_ws/install/nav2_recoveries:/home/unitree/navigation_ws/install/nav2_planner:/home/unitree/navigation_ws/install/nav2_navfn_planner:/home/unitree/navigation_ws/install/nav2_core:/home/unitree/navigation_ws/install/costmap_queue:/home/unitree/navigation_ws/install/nav2_costmap_2d:/home/unitree/navigation_ws/install/nav2_voxel_grid:/home/unitree/navigation_ws/install/nav2_map_server:/home/unitree/navigation_ws/install/nav2_lifecycle_manager:/home/unitree/navigation_ws/install/nav2_bt_navigator:/home/unitree/navigation_ws/install/nav2_behavior_tree:/home/unitree/navigation_ws/install/nav2_amcl:/home/unitree/navigation_ws/install/loam_interface:/home/unitree/navigation_ws/install/fast_lio:/home/unitree/navigation_ws/install/livox_ros_driver2:/home/unitree/navigation_ws/install/linefit_ground_segmentation_ros:/home/unitree/navigation_ws/install/linefit_ground_segmentation:/home/unitree/navigation_ws/install/cmd_vel_processor:/home/unitree/navigation_ws/install/behaviortree_cpp:/home/unitree/cyclonedds_ws/install/rmw_cyclonedds_cpp:/home/unitree/cyclonedds_ws/install/cyclonedds:/opt/ros/foxy LD_LIBRARY_PATH=/home/unitree/navigation_ws/install/nav2_util/lib:/home/unitree/navigation_ws/install/nav2_msgs/lib:/home/unitree/navigation_ws/install/nav_2d_msgs/lib:/home/unitree/navigation_ws/install/smac_planner/lib:/home/unitree/navigation_ws/install/rm_autonomy/lib:/home/unitree/navigation_ws/install/rm_autonomy_interfaces/lib:/home/unitree/navigation_ws/install/pointcloud_to_laserscan/lib:/home/unitree/navigation_ws/install/nav2_controller/lib:/home/unitree/navigation_ws/install/dwb_plugins/lib:/home/unitree/navigation_ws/install/dwb_critics/lib:/home/unitree/navigation_ws/install/dwb_core/lib:/home/unitree/navigation_ws/install/nav_2d_utils/lib:/home/unitree/navigation_ws/install/dwb_msgs/lib:/home/unitree/navigation_ws/install/nav2_waypoint_follower/lib:/home/unitree/navigation_ws/install/nav2_regulated_pure_pursuit_controller/lib:/home/unitree/navigation_ws/install/nav2_recoveries/lib:/home/unitree/navigation_ws/install/nav2_planner/lib:/home/unitree/navigation_ws/install/nav2_navfn_planner/lib:/home/unitree/navigation_ws/install/costmap_queue/lib:/home/unitree/navigation_ws/install/nav2_costmap_2d/lib:/home/unitree/navigation_ws/install/nav2_voxel_grid/lib:/home/unitree/navigation_ws/install/nav2_map_server/lib:/home/unitree/navigation_ws/install/nav2_lifecycle_manager/lib:/home/unitree/navigation_ws/install/nav2_bt_navigator/lib:/home/unitree/navigation_ws/install/nav2_behavior_tree/lib:/home/unitree/navigation_ws/install/nav2_amcl/lib:/home/unitree/navigation_ws/install/loam_interface/lib:/home/unitree/navigation_ws/install/fast_lio/lib:/home/unitree/navigation_ws/install/livox_ros_driver2/lib:/home/unitree/navigation_ws/install/linefit_ground_segmentation/lib:/home/unitree/navigation_ws/install/behaviortree_cpp/lib:/usr/local/cuda-11.4/lib64:/usr/local/lib:/home/unitree/cyclonedds_ws/install/rmw_cyclonedds_cpp/lib:/home/unitree/cyclonedds_ws/install/cyclonedds/lib:/opt/ros/foxy/opt/yaml_cpp_vendor/lib:/opt/ros/foxy/opt/rviz_ogre_vendor/lib:/opt/ros/foxy/lib/aarch64-linux-gnu:/opt/ros/foxy/lib:/usr/local/cuda-11.4/lib64 PYTHONPATH=/home/unitree/navigation_ws/install/nav2_msgs/lib/python3.8/site-packages:/home/unitree/navigation_ws/install/nav_2d_msgs/lib/python3.8/site-packages:/home/unitree/navigation_ws/install/nav2_common/lib/python3.8/site-packages:/home/unitree/navigation_ws/install/rm_autonomy_interfaces/lib/python3.8/site-packages:/home/unitree/navigation_ws/install/dwb_msgs/lib/python3.8/site-packages:/home/unitree/navigation_ws/install/fast_lio/lib/python3.8/site-packages:/home/unitree/navigation_ws/install/livox_ros_driver2/lib/python3.8/site-packages:/opt/ros/foxy/lib/python3.8/site-packages /usr/bin/cmake --build /home/unitree/navigation_ws/build/nav_2d_utils -- -j8 -l8
[7.498s] DEBUG:colcon.colcon_core.event_handler.log_command:Invoked command in '/home/unitree/navigation_ws/build/nav2_map_server' returned '0': CMAKE_PREFIX_PATH=/home/unitree/navigation_ws/install/nav2_util:/home/unitree/navigation_ws/install/nav2_msgs:/home/unitree/navigation_ws/install/nav2_common:/home/unitree/navigation_ws/install/nav2_bringup:/home/unitree/navigation_ws/install/navigation2:/home/unitree/navigation_ws/install/smac_planner:/home/unitree/navigation_ws/install/rm_autonomy:/home/unitree/navigation_ws/install/rm_autonomy_interfaces:/home/unitree/navigation_ws/install/bringup:/home/unitree/navigation_ws/install/pointcloud_to_laserscan:/home/unitree/navigation_ws/install/nav2_dwb_controller:/home/unitree/navigation_ws/install/nav2_controller:/home/unitree/navigation_ws/install/dwb_plugins:/home/unitree/navigation_ws/install/dwb_critics:/home/unitree/navigation_ws/install/dwb_core:/home/unitree/navigation_ws/install/nav_2d_utils:/home/unitree/navigation_ws/install/dwb_msgs:/home/unitree/navigation_ws/install/nav_2d_msgs:/home/unitree/navigation_ws/install/nav2_waypoint_follower:/home/unitree/navigation_ws/install/nav2_regulated_pure_pursuit_controller:/home/unitree/navigation_ws/install/nav2_recoveries:/home/unitree/navigation_ws/install/nav2_planner:/home/unitree/navigation_ws/install/nav2_navfn_planner:/home/unitree/navigation_ws/install/nav2_core:/home/unitree/navigation_ws/install/costmap_queue:/home/unitree/navigation_ws/install/nav2_costmap_2d:/home/unitree/navigation_ws/install/nav2_voxel_grid:/home/unitree/navigation_ws/install/nav2_map_server:/home/unitree/navigation_ws/install/nav2_lifecycle_manager:/home/unitree/navigation_ws/install/nav2_bt_navigator:/home/unitree/navigation_ws/install/nav2_behavior_tree:/home/unitree/navigation_ws/install/nav2_amcl:/home/unitree/navigation_ws/install/loam_interface:/home/unitree/navigation_ws/install/fast_lio:/home/unitree/navigation_ws/install/livox_ros_driver2:/home/unitree/navigation_ws/install/linefit_ground_segmentation_ros:/home/unitree/navigation_ws/install/linefit_ground_segmentation:/home/unitree/navigation_ws/install/cmd_vel_processor:/home/unitree/navigation_ws/install/behaviortree_cpp:/home/unitree/cyclonedds_ws/install/rmw_cyclonedds_cpp:/home/unitree/cyclonedds_ws/install/cyclonedds:/opt/ros/foxy LD_LIBRARY_PATH=/home/unitree/navigation_ws/install/nav2_util/lib:/home/unitree/navigation_ws/install/nav2_msgs/lib:/home/unitree/navigation_ws/install/smac_planner/lib:/home/unitree/navigation_ws/install/rm_autonomy/lib:/home/unitree/navigation_ws/install/rm_autonomy_interfaces/lib:/home/unitree/navigation_ws/install/pointcloud_to_laserscan/lib:/home/unitree/navigation_ws/install/nav2_controller/lib:/home/unitree/navigation_ws/install/dwb_plugins/lib:/home/unitree/navigation_ws/install/dwb_critics/lib:/home/unitree/navigation_ws/install/dwb_core/lib:/home/unitree/navigation_ws/install/nav_2d_utils/lib:/home/unitree/navigation_ws/install/dwb_msgs/lib:/home/unitree/navigation_ws/install/nav_2d_msgs/lib:/home/unitree/navigation_ws/install/nav2_waypoint_follower/lib:/home/unitree/navigation_ws/install/nav2_regulated_pure_pursuit_controller/lib:/home/unitree/navigation_ws/install/nav2_recoveries/lib:/home/unitree/navigation_ws/install/nav2_planner/lib:/home/unitree/navigation_ws/install/nav2_navfn_planner/lib:/home/unitree/navigation_ws/install/costmap_queue/lib:/home/unitree/navigation_ws/install/nav2_costmap_2d/lib:/home/unitree/navigation_ws/install/nav2_voxel_grid/lib:/home/unitree/navigation_ws/install/nav2_map_server/lib:/home/unitree/navigation_ws/install/nav2_lifecycle_manager/lib:/home/unitree/navigation_ws/install/nav2_bt_navigator/lib:/home/unitree/navigation_ws/install/nav2_behavior_tree/lib:/home/unitree/navigation_ws/install/nav2_amcl/lib:/home/unitree/navigation_ws/install/loam_interface/lib:/home/unitree/navigation_ws/install/fast_lio/lib:/home/unitree/navigation_ws/install/livox_ros_driver2/lib:/home/unitree/navigation_ws/install/linefit_ground_segmentation/lib:/home/unitree/navigation_ws/install/behaviortree_cpp/lib:/usr/local/cuda-11.4/lib64:/usr/local/lib:/home/unitree/cyclonedds_ws/install/rmw_cyclonedds_cpp/lib:/home/unitree/cyclonedds_ws/install/cyclonedds/lib:/opt/ros/foxy/opt/yaml_cpp_vendor/lib:/opt/ros/foxy/opt/rviz_ogre_vendor/lib:/opt/ros/foxy/lib/aarch64-linux-gnu:/opt/ros/foxy/lib:/usr/local/cuda-11.4/lib64 PYTHONPATH=/home/unitree/navigation_ws/install/nav2_msgs/lib/python3.8/site-packages:/home/unitree/navigation_ws/install/nav2_common/lib/python3.8/site-packages:/home/unitree/navigation_ws/install/rm_autonomy_interfaces/lib/python3.8/site-packages:/home/unitree/navigation_ws/install/dwb_msgs/lib/python3.8/site-packages:/home/unitree/navigation_ws/install/nav_2d_msgs/lib/python3.8/site-packages:/home/unitree/navigation_ws/install/fast_lio/lib/python3.8/site-packages:/home/unitree/navigation_ws/install/livox_ros_driver2/lib/python3.8/site-packages:/opt/ros/foxy/lib/python3.8/site-packages /usr/bin/cmake --build /home/unitree/navigation_ws/build/nav2_map_server -- -j8 -l8
[7.529s] DEBUG:colcon.colcon_core.event_handler.log_command:Invoked command in '/home/unitree/navigation_ws/build/nav2_waypoint_follower' returned '0': CMAKE_PREFIX_PATH=/home/unitree/navigation_ws/install/nav2_util:/home/unitree/navigation_ws/install/nav2_msgs:/home/unitree/navigation_ws/install/nav2_common:/home/unitree/navigation_ws/install/nav2_bringup:/home/unitree/navigation_ws/install/navigation2:/home/unitree/navigation_ws/install/smac_planner:/home/unitree/navigation_ws/install/rm_autonomy:/home/unitree/navigation_ws/install/rm_autonomy_interfaces:/home/unitree/navigation_ws/install/bringup:/home/unitree/navigation_ws/install/pointcloud_to_laserscan:/home/unitree/navigation_ws/install/nav2_dwb_controller:/home/unitree/navigation_ws/install/nav2_controller:/home/unitree/navigation_ws/install/dwb_plugins:/home/unitree/navigation_ws/install/dwb_critics:/home/unitree/navigation_ws/install/dwb_core:/home/unitree/navigation_ws/install/nav_2d_utils:/home/unitree/navigation_ws/install/dwb_msgs:/home/unitree/navigation_ws/install/nav_2d_msgs:/home/unitree/navigation_ws/install/nav2_waypoint_follower:/home/unitree/navigation_ws/install/nav2_regulated_pure_pursuit_controller:/home/unitree/navigation_ws/install/nav2_recoveries:/home/unitree/navigation_ws/install/nav2_planner:/home/unitree/navigation_ws/install/nav2_navfn_planner:/home/unitree/navigation_ws/install/nav2_core:/home/unitree/navigation_ws/install/costmap_queue:/home/unitree/navigation_ws/install/nav2_costmap_2d:/home/unitree/navigation_ws/install/nav2_voxel_grid:/home/unitree/navigation_ws/install/nav2_map_server:/home/unitree/navigation_ws/install/nav2_lifecycle_manager:/home/unitree/navigation_ws/install/nav2_bt_navigator:/home/unitree/navigation_ws/install/nav2_behavior_tree:/home/unitree/navigation_ws/install/nav2_amcl:/home/unitree/navigation_ws/install/loam_interface:/home/unitree/navigation_ws/install/fast_lio:/home/unitree/navigation_ws/install/livox_ros_driver2:/home/unitree/navigation_ws/install/linefit_ground_segmentation_ros:/home/unitree/navigation_ws/install/linefit_ground_segmentation:/home/unitree/navigation_ws/install/cmd_vel_processor:/home/unitree/navigation_ws/install/behaviortree_cpp:/home/unitree/cyclonedds_ws/install/rmw_cyclonedds_cpp:/home/unitree/cyclonedds_ws/install/cyclonedds:/opt/ros/foxy LD_LIBRARY_PATH=/home/unitree/navigation_ws/install/nav2_util/lib:/home/unitree/navigation_ws/install/nav2_msgs/lib:/home/unitree/navigation_ws/install/smac_planner/lib:/home/unitree/navigation_ws/install/rm_autonomy/lib:/home/unitree/navigation_ws/install/rm_autonomy_interfaces/lib:/home/unitree/navigation_ws/install/pointcloud_to_laserscan/lib:/home/unitree/navigation_ws/install/nav2_controller/lib:/home/unitree/navigation_ws/install/dwb_plugins/lib:/home/unitree/navigation_ws/install/dwb_critics/lib:/home/unitree/navigation_ws/install/dwb_core/lib:/home/unitree/navigation_ws/install/nav_2d_utils/lib:/home/unitree/navigation_ws/install/dwb_msgs/lib:/home/unitree/navigation_ws/install/nav_2d_msgs/lib:/home/unitree/navigation_ws/install/nav2_waypoint_follower/lib:/home/unitree/navigation_ws/install/nav2_regulated_pure_pursuit_controller/lib:/home/unitree/navigation_ws/install/nav2_recoveries/lib:/home/unitree/navigation_ws/install/nav2_planner/lib:/home/unitree/navigation_ws/install/nav2_navfn_planner/lib:/home/unitree/navigation_ws/install/costmap_queue/lib:/home/unitree/navigation_ws/install/nav2_costmap_2d/lib:/home/unitree/navigation_ws/install/nav2_voxel_grid/lib:/home/unitree/navigation_ws/install/nav2_map_server/lib:/home/unitree/navigation_ws/install/nav2_lifecycle_manager/lib:/home/unitree/navigation_ws/install/nav2_bt_navigator/lib:/home/unitree/navigation_ws/install/nav2_behavior_tree/lib:/home/unitree/navigation_ws/install/nav2_amcl/lib:/home/unitree/navigation_ws/install/loam_interface/lib:/home/unitree/navigation_ws/install/fast_lio/lib:/home/unitree/navigation_ws/install/livox_ros_driver2/lib:/home/unitree/navigation_ws/install/linefit_ground_segmentation/lib:/home/unitree/navigation_ws/install/behaviortree_cpp/lib:/usr/local/cuda-11.4/lib64:/usr/local/lib:/home/unitree/cyclonedds_ws/install/rmw_cyclonedds_cpp/lib:/home/unitree/cyclonedds_ws/install/cyclonedds/lib:/opt/ros/foxy/opt/yaml_cpp_vendor/lib:/opt/ros/foxy/opt/rviz_ogre_vendor/lib:/opt/ros/foxy/lib/aarch64-linux-gnu:/opt/ros/foxy/lib:/usr/local/cuda-11.4/lib64 PYTHONPATH=/home/unitree/navigation_ws/install/nav2_msgs/lib/python3.8/site-packages:/home/unitree/navigation_ws/install/nav2_common/lib/python3.8/site-packages:/home/unitree/navigation_ws/install/rm_autonomy_interfaces/lib/python3.8/site-packages:/home/unitree/navigation_ws/install/dwb_msgs/lib/python3.8/site-packages:/home/unitree/navigation_ws/install/nav_2d_msgs/lib/python3.8/site-packages:/home/unitree/navigation_ws/install/fast_lio/lib/python3.8/site-packages:/home/unitree/navigation_ws/install/livox_ros_driver2/lib/python3.8/site-packages:/opt/ros/foxy/lib/python3.8/site-packages /usr/bin/cmake --build /home/unitree/navigation_ws/build/nav2_waypoint_follower -- -j8 -l8
[7.559s] DEBUG:colcon.colcon_core.event_handler.log_command:Invoking command in '/home/unitree/navigation_ws/build/nav2_lifecycle_manager': CMAKE_PREFIX_PATH=/home/unitree/navigation_ws/install/nav2_util:/home/unitree/navigation_ws/install/nav2_msgs:/home/unitree/navigation_ws/install/nav2_common:/home/unitree/navigation_ws/install/nav2_bringup:/home/unitree/navigation_ws/install/navigation2:/home/unitree/navigation_ws/install/smac_planner:/home/unitree/navigation_ws/install/rm_autonomy:/home/unitree/navigation_ws/install/rm_autonomy_interfaces:/home/unitree/navigation_ws/install/bringup:/home/unitree/navigation_ws/install/pointcloud_to_laserscan:/home/unitree/navigation_ws/install/nav2_dwb_controller:/home/unitree/navigation_ws/install/nav2_controller:/home/unitree/navigation_ws/install/dwb_plugins:/home/unitree/navigation_ws/install/dwb_critics:/home/unitree/navigation_ws/install/dwb_core:/home/unitree/navigation_ws/install/nav_2d_utils:/home/unitree/navigation_ws/install/dwb_msgs:/home/unitree/navigation_ws/install/nav_2d_msgs:/home/unitree/navigation_ws/install/nav2_waypoint_follower:/home/unitree/navigation_ws/install/nav2_regulated_pure_pursuit_controller:/home/unitree/navigation_ws/install/nav2_recoveries:/home/unitree/navigation_ws/install/nav2_planner:/home/unitree/navigation_ws/install/nav2_navfn_planner:/home/unitree/navigation_ws/install/nav2_core:/home/unitree/navigation_ws/install/costmap_queue:/home/unitree/navigation_ws/install/nav2_costmap_2d:/home/unitree/navigation_ws/install/nav2_voxel_grid:/home/unitree/navigation_ws/install/nav2_map_server:/home/unitree/navigation_ws/install/nav2_lifecycle_manager:/home/unitree/navigation_ws/install/nav2_bt_navigator:/home/unitree/navigation_ws/install/nav2_behavior_tree:/home/unitree/navigation_ws/install/nav2_amcl:/home/unitree/navigation_ws/install/loam_interface:/home/unitree/navigation_ws/install/fast_lio:/home/unitree/navigation_ws/install/livox_ros_driver2:/home/unitree/navigation_ws/install/linefit_ground_segmentation_ros:/home/unitree/navigation_ws/install/linefit_ground_segmentation:/home/unitree/navigation_ws/install/cmd_vel_processor:/home/unitree/navigation_ws/install/behaviortree_cpp:/home/unitree/cyclonedds_ws/install/rmw_cyclonedds_cpp:/home/unitree/cyclonedds_ws/install/cyclonedds:/opt/ros/foxy LD_LIBRARY_PATH=/home/unitree/navigation_ws/install/nav2_util/lib:/home/unitree/navigation_ws/install/nav2_msgs/lib:/home/unitree/navigation_ws/install/smac_planner/lib:/home/unitree/navigation_ws/install/rm_autonomy/lib:/home/unitree/navigation_ws/install/rm_autonomy_interfaces/lib:/home/unitree/navigation_ws/install/pointcloud_to_laserscan/lib:/home/unitree/navigation_ws/install/nav2_controller/lib:/home/unitree/navigation_ws/install/dwb_plugins/lib:/home/unitree/navigation_ws/install/dwb_critics/lib:/home/unitree/navigation_ws/install/dwb_core/lib:/home/unitree/navigation_ws/install/nav_2d_utils/lib:/home/unitree/navigation_ws/install/dwb_msgs/lib:/home/unitree/navigation_ws/install/nav_2d_msgs/lib:/home/unitree/navigation_ws/install/nav2_waypoint_follower/lib:/home/unitree/navigation_ws/install/nav2_regulated_pure_pursuit_controller/lib:/home/unitree/navigation_ws/install/nav2_recoveries/lib:/home/unitree/navigation_ws/install/nav2_planner/lib:/home/unitree/navigation_ws/install/nav2_navfn_planner/lib:/home/unitree/navigation_ws/install/costmap_queue/lib:/home/unitree/navigation_ws/install/nav2_costmap_2d/lib:/home/unitree/navigation_ws/install/nav2_voxel_grid/lib:/home/unitree/navigation_ws/install/nav2_map_server/lib:/home/unitree/navigation_ws/install/nav2_lifecycle_manager/lib:/home/unitree/navigation_ws/install/nav2_bt_navigator/lib:/home/unitree/navigation_ws/install/nav2_behavior_tree/lib:/home/unitree/navigation_ws/install/nav2_amcl/lib:/home/unitree/navigation_ws/install/loam_interface/lib:/home/unitree/navigation_ws/install/fast_lio/lib:/home/unitree/navigation_ws/install/livox_ros_driver2/lib:/home/unitree/navigation_ws/install/linefit_ground_segmentation/lib:/home/unitree/navigation_ws/install/behaviortree_cpp/lib:/usr/local/cuda-11.4/lib64:/usr/local/lib:/home/unitree/cyclonedds_ws/install/rmw_cyclonedds_cpp/lib:/home/unitree/cyclonedds_ws/install/cyclonedds/lib:/opt/ros/foxy/opt/yaml_cpp_vendor/lib:/opt/ros/foxy/opt/rviz_ogre_vendor/lib:/opt/ros/foxy/lib/aarch64-linux-gnu:/opt/ros/foxy/lib:/usr/local/cuda-11.4/lib64 PYTHONPATH=/home/unitree/navigation_ws/install/nav2_msgs/lib/python3.8/site-packages:/home/unitree/navigation_ws/install/nav2_common/lib/python3.8/site-packages:/home/unitree/navigation_ws/install/rm_autonomy_interfaces/lib/python3.8/site-packages:/home/unitree/navigation_ws/install/dwb_msgs/lib/python3.8/site-packages:/home/unitree/navigation_ws/install/nav_2d_msgs/lib/python3.8/site-packages:/home/unitree/navigation_ws/install/fast_lio/lib/python3.8/site-packages:/home/unitree/navigation_ws/install/livox_ros_driver2/lib/python3.8/site-packages:/opt/ros/foxy/lib/python3.8/site-packages /usr/bin/cmake --install /home/unitree/navigation_ws/build/nav2_lifecycle_manager
[7.639s] DEBUG:colcon.colcon_core.event_handler.log_command:Invoking command in '/home/unitree/navigation_ws/build/nav_2d_utils': CMAKE_PREFIX_PATH=/home/unitree/navigation_ws/install/nav2_util:/home/unitree/navigation_ws/install/nav2_msgs:/home/unitree/navigation_ws/install/nav_2d_msgs:/home/unitree/navigation_ws/install/nav2_common:/home/unitree/navigation_ws/install/nav2_bringup:/home/unitree/navigation_ws/install/navigation2:/home/unitree/navigation_ws/install/smac_planner:/home/unitree/navigation_ws/install/rm_autonomy:/home/unitree/navigation_ws/install/rm_autonomy_interfaces:/home/unitree/navigation_ws/install/bringup:/home/unitree/navigation_ws/install/pointcloud_to_laserscan:/home/unitree/navigation_ws/install/nav2_dwb_controller:/home/unitree/navigation_ws/install/nav2_controller:/home/unitree/navigation_ws/install/dwb_plugins:/home/unitree/navigation_ws/install/dwb_critics:/home/unitree/navigation_ws/install/dwb_core:/home/unitree/navigation_ws/install/nav_2d_utils:/home/unitree/navigation_ws/install/dwb_msgs:/home/unitree/navigation_ws/install/nav2_waypoint_follower:/home/unitree/navigation_ws/install/nav2_regulated_pure_pursuit_controller:/home/unitree/navigation_ws/install/nav2_recoveries:/home/unitree/navigation_ws/install/nav2_planner:/home/unitree/navigation_ws/install/nav2_navfn_planner:/home/unitree/navigation_ws/install/nav2_core:/home/unitree/navigation_ws/install/costmap_queue:/home/unitree/navigation_ws/install/nav2_costmap_2d:/home/unitree/navigation_ws/install/nav2_voxel_grid:/home/unitree/navigation_ws/install/nav2_map_server:/home/unitree/navigation_ws/install/nav2_lifecycle_manager:/home/unitree/navigation_ws/install/nav2_bt_navigator:/home/unitree/navigation_ws/install/nav2_behavior_tree:/home/unitree/navigation_ws/install/nav2_amcl:/home/unitree/navigation_ws/install/loam_interface:/home/unitree/navigation_ws/install/fast_lio:/home/unitree/navigation_ws/install/livox_ros_driver2:/home/unitree/navigation_ws/install/linefit_ground_segmentation_ros:/home/unitree/navigation_ws/install/linefit_ground_segmentation:/home/unitree/navigation_ws/install/cmd_vel_processor:/home/unitree/navigation_ws/install/behaviortree_cpp:/home/unitree/cyclonedds_ws/install/rmw_cyclonedds_cpp:/home/unitree/cyclonedds_ws/install/cyclonedds:/opt/ros/foxy LD_LIBRARY_PATH=/home/unitree/navigation_ws/install/nav2_util/lib:/home/unitree/navigation_ws/install/nav2_msgs/lib:/home/unitree/navigation_ws/install/nav_2d_msgs/lib:/home/unitree/navigation_ws/install/smac_planner/lib:/home/unitree/navigation_ws/install/rm_autonomy/lib:/home/unitree/navigation_ws/install/rm_autonomy_interfaces/lib:/home/unitree/navigation_ws/install/pointcloud_to_laserscan/lib:/home/unitree/navigation_ws/install/nav2_controller/lib:/home/unitree/navigation_ws/install/dwb_plugins/lib:/home/unitree/navigation_ws/install/dwb_critics/lib:/home/unitree/navigation_ws/install/dwb_core/lib:/home/unitree/navigation_ws/install/nav_2d_utils/lib:/home/unitree/navigation_ws/install/dwb_msgs/lib:/home/unitree/navigation_ws/install/nav2_waypoint_follower/lib:/home/unitree/navigation_ws/install/nav2_regulated_pure_pursuit_controller/lib:/home/unitree/navigation_ws/install/nav2_recoveries/lib:/home/unitree/navigation_ws/install/nav2_planner/lib:/home/unitree/navigation_ws/install/nav2_navfn_planner/lib:/home/unitree/navigation_ws/install/costmap_queue/lib:/home/unitree/navigation_ws/install/nav2_costmap_2d/lib:/home/unitree/navigation_ws/install/nav2_voxel_grid/lib:/home/unitree/navigation_ws/install/nav2_map_server/lib:/home/unitree/navigation_ws/install/nav2_lifecycle_manager/lib:/home/unitree/navigation_ws/install/nav2_bt_navigator/lib:/home/unitree/navigation_ws/install/nav2_behavior_tree/lib:/home/unitree/navigation_ws/install/nav2_amcl/lib:/home/unitree/navigation_ws/install/loam_interface/lib:/home/unitree/navigation_ws/install/fast_lio/lib:/home/unitree/navigation_ws/install/livox_ros_driver2/lib:/home/unitree/navigation_ws/install/linefit_ground_segmentation/lib:/home/unitree/navigation_ws/install/behaviortree_cpp/lib:/usr/local/cuda-11.4/lib64:/usr/local/lib:/home/unitree/cyclonedds_ws/install/rmw_cyclonedds_cpp/lib:/home/unitree/cyclonedds_ws/install/cyclonedds/lib:/opt/ros/foxy/opt/yaml_cpp_vendor/lib:/opt/ros/foxy/opt/rviz_ogre_vendor/lib:/opt/ros/foxy/lib/aarch64-linux-gnu:/opt/ros/foxy/lib:/usr/local/cuda-11.4/lib64 PYTHONPATH=/home/unitree/navigation_ws/install/nav2_msgs/lib/python3.8/site-packages:/home/unitree/navigation_ws/install/nav_2d_msgs/lib/python3.8/site-packages:/home/unitree/navigation_ws/install/nav2_common/lib/python3.8/site-packages:/home/unitree/navigation_ws/install/rm_autonomy_interfaces/lib/python3.8/site-packages:/home/unitree/navigation_ws/install/dwb_msgs/lib/python3.8/site-packages:/home/unitree/navigation_ws/install/fast_lio/lib/python3.8/site-packages:/home/unitree/navigation_ws/install/livox_ros_driver2/lib/python3.8/site-packages:/opt/ros/foxy/lib/python3.8/site-packages /usr/bin/cmake --install /home/unitree/navigation_ws/build/nav_2d_utils
[7.649s] Level 1:colcon.colcon_core.environment:create_environment_scripts_only(nav2_lifecycle_manager)
[7.650s] Level 1:colcon.colcon_core.environment:checking '/home/unitree/navigation_ws/install/nav2_lifecycle_manager' for CMake module files
[7.651s] Level 1:colcon.colcon_core.environment:checking '/home/unitree/navigation_ws/install/nav2_lifecycle_manager' for CMake config files
[7.652s] Level 1:colcon.colcon_core.shell:create_environment_hook('nav2_lifecycle_manager', 'cmake_prefix_path')
[7.652s] INFO:colcon.colcon_core.shell:Creating environment hook '/home/unitree/navigation_ws/install/nav2_lifecycle_manager/share/nav2_lifecycle_manager/hook/cmake_prefix_path.ps1'
[7.656s] INFO:colcon.colcon_core.shell:Creating environment descriptor '/home/unitree/navigation_ws/install/nav2_lifecycle_manager/share/nav2_lifecycle_manager/hook/cmake_prefix_path.dsv'
[7.656s] INFO:colcon.colcon_core.shell:Creating environment hook '/home/unitree/navigation_ws/install/nav2_lifecycle_manager/share/nav2_lifecycle_manager/hook/cmake_prefix_path.sh'
[7.658s] Level 1:colcon.colcon_core.environment:checking '/home/unitree/navigation_ws/install/nav2_lifecycle_manager/lib'
[7.658s] Level 1:colcon.colcon_core.shell:create_environment_hook('nav2_lifecycle_manager', 'ld_library_path_lib')
[7.658s] INFO:colcon.colcon_core.shell:Creating environment hook '/home/unitree/navigation_ws/install/nav2_lifecycle_manager/share/nav2_lifecycle_manager/hook/ld_library_path_lib.ps1'
[7.659s] INFO:colcon.colcon_core.shell:Creating environment descriptor '/home/unitree/navigation_ws/install/nav2_lifecycle_manager/share/nav2_lifecycle_manager/hook/ld_library_path_lib.dsv'
[7.659s] INFO:colcon.colcon_core.shell:Creating environment hook '/home/unitree/navigation_ws/install/nav2_lifecycle_manager/share/nav2_lifecycle_manager/hook/ld_library_path_lib.sh'
[7.660s] Level 1:colcon.colcon_core.environment:checking '/home/unitree/navigation_ws/install/nav2_lifecycle_manager/bin'
[7.654s] DEBUG:colcon.colcon_core.event_handler.log_command:Invoked command in '/home/unitree/navigation_ws/build/nav2_lifecycle_manager' returned '0': CMAKE_PREFIX_PATH=/home/unitree/navigation_ws/install/nav2_util:/home/unitree/navigation_ws/install/nav2_msgs:/home/unitree/navigation_ws/install/nav2_common:/home/unitree/navigation_ws/install/nav2_bringup:/home/unitree/navigation_ws/install/navigation2:/home/unitree/navigation_ws/install/smac_planner:/home/unitree/navigation_ws/install/rm_autonomy:/home/unitree/navigation_ws/install/rm_autonomy_interfaces:/home/unitree/navigation_ws/install/bringup:/home/unitree/navigation_ws/install/pointcloud_to_laserscan:/home/unitree/navigation_ws/install/nav2_dwb_controller:/home/unitree/navigation_ws/install/nav2_controller:/home/unitree/navigation_ws/install/dwb_plugins:/home/unitree/navigation_ws/install/dwb_critics:/home/unitree/navigation_ws/install/dwb_core:/home/unitree/navigation_ws/install/nav_2d_utils:/home/unitree/navigation_ws/install/dwb_msgs:/home/unitree/navigation_ws/install/nav_2d_msgs:/home/unitree/navigation_ws/install/nav2_waypoint_follower:/home/unitree/navigation_ws/install/nav2_regulated_pure_pursuit_controller:/home/unitree/navigation_ws/install/nav2_recoveries:/home/unitree/navigation_ws/install/nav2_planner:/home/unitree/navigation_ws/install/nav2_navfn_planner:/home/unitree/navigation_ws/install/nav2_core:/home/unitree/navigation_ws/install/costmap_queue:/home/unitree/navigation_ws/install/nav2_costmap_2d:/home/unitree/navigation_ws/install/nav2_voxel_grid:/home/unitree/navigation_ws/install/nav2_map_server:/home/unitree/navigation_ws/install/nav2_lifecycle_manager:/home/unitree/navigation_ws/install/nav2_bt_navigator:/home/unitree/navigation_ws/install/nav2_behavior_tree:/home/unitree/navigation_ws/install/nav2_amcl:/home/unitree/navigation_ws/install/loam_interface:/home/unitree/navigation_ws/install/fast_lio:/home/unitree/navigation_ws/install/livox_ros_driver2:/home/unitree/navigation_ws/install/linefit_ground_segmentation_ros:/home/unitree/navigation_ws/install/linefit_ground_segmentation:/home/unitree/navigation_ws/install/cmd_vel_processor:/home/unitree/navigation_ws/install/behaviortree_cpp:/home/unitree/cyclonedds_ws/install/rmw_cyclonedds_cpp:/home/unitree/cyclonedds_ws/install/cyclonedds:/opt/ros/foxy LD_LIBRARY_PATH=/home/unitree/navigation_ws/install/nav2_util/lib:/home/unitree/navigation_ws/install/nav2_msgs/lib:/home/unitree/navigation_ws/install/smac_planner/lib:/home/unitree/navigation_ws/install/rm_autonomy/lib:/home/unitree/navigation_ws/install/rm_autonomy_interfaces/lib:/home/unitree/navigation_ws/install/pointcloud_to_laserscan/lib:/home/unitree/navigation_ws/install/nav2_controller/lib:/home/unitree/navigation_ws/install/dwb_plugins/lib:/home/unitree/navigation_ws/install/dwb_critics/lib:/home/unitree/navigation_ws/install/dwb_core/lib:/home/unitree/navigation_ws/install/nav_2d_utils/lib:/home/unitree/navigation_ws/install/dwb_msgs/lib:/home/unitree/navigation_ws/install/nav_2d_msgs/lib:/home/unitree/navigation_ws/install/nav2_waypoint_follower/lib:/home/unitree/navigation_ws/install/nav2_regulated_pure_pursuit_controller/lib:/home/unitree/navigation_ws/install/nav2_recoveries/lib:/home/unitree/navigation_ws/install/nav2_planner/lib:/home/unitree/navigation_ws/install/nav2_navfn_planner/lib:/home/unitree/navigation_ws/install/costmap_queue/lib:/home/unitree/navigation_ws/install/nav2_costmap_2d/lib:/home/unitree/navigation_ws/install/nav2_voxel_grid/lib:/home/unitree/navigation_ws/install/nav2_map_server/lib:/home/unitree/navigation_ws/install/nav2_lifecycle_manager/lib:/home/unitree/navigation_ws/install/nav2_bt_navigator/lib:/home/unitree/navigation_ws/install/nav2_behavior_tree/lib:/home/unitree/navigation_ws/install/nav2_amcl/lib:/home/unitree/navigation_ws/install/loam_interface/lib:/home/unitree/navigation_ws/install/fast_lio/lib:/home/unitree/navigation_ws/install/livox_ros_driver2/lib:/home/unitree/navigation_ws/install/linefit_ground_segmentation/lib:/home/unitree/navigation_ws/install/behaviortree_cpp/lib:/usr/local/cuda-11.4/lib64:/usr/local/lib:/home/unitree/cyclonedds_ws/install/rmw_cyclonedds_cpp/lib:/home/unitree/cyclonedds_ws/install/cyclonedds/lib:/opt/ros/foxy/opt/yaml_cpp_vendor/lib:/opt/ros/foxy/opt/rviz_ogre_vendor/lib:/opt/ros/foxy/lib/aarch64-linux-gnu:/opt/ros/foxy/lib:/usr/local/cuda-11.4/lib64 PYTHONPATH=/home/unitree/navigation_ws/install/nav2_msgs/lib/python3.8/site-packages:/home/unitree/navigation_ws/install/nav2_common/lib/python3.8/site-packages:/home/unitree/navigation_ws/install/rm_autonomy_interfaces/lib/python3.8/site-packages:/home/unitree/navigation_ws/install/dwb_msgs/lib/python3.8/site-packages:/home/unitree/navigation_ws/install/nav_2d_msgs/lib/python3.8/site-packages:/home/unitree/navigation_ws/install/fast_lio/lib/python3.8/site-packages:/home/unitree/navigation_ws/install/livox_ros_driver2/lib/python3.8/site-packages:/opt/ros/foxy/lib/python3.8/site-packages /usr/bin/cmake --install /home/unitree/navigation_ws/build/nav2_lifecycle_manager
[7.660s] Level 1:colcon.colcon_core.environment:checking '/home/unitree/navigation_ws/install/nav2_lifecycle_manager/lib/pkgconfig/nav2_lifecycle_manager.pc'
[7.661s] Level 1:colcon.colcon_core.environment:checking '/home/unitree/navigation_ws/install/nav2_lifecycle_manager/lib/python3.8/site-packages'
[7.661s] Level 1:colcon.colcon_core.environment:checking '/home/unitree/navigation_ws/install/nav2_lifecycle_manager/bin'
[7.662s] INFO:colcon.colcon_core.shell:Creating package script '/home/unitree/navigation_ws/install/nav2_lifecycle_manager/share/nav2_lifecycle_manager/package.ps1'
[7.663s] INFO:colcon.colcon_core.shell:Creating package descriptor '/home/unitree/navigation_ws/install/nav2_lifecycle_manager/share/nav2_lifecycle_manager/package.dsv'
[7.664s] INFO:colcon.colcon_core.shell:Creating package script '/home/unitree/navigation_ws/install/nav2_lifecycle_manager/share/nav2_lifecycle_manager/package.sh'
[7.665s] INFO:colcon.colcon_core.shell:Creating package script '/home/unitree/navigation_ws/install/nav2_lifecycle_manager/share/nav2_lifecycle_manager/package.bash'
[7.665s] INFO:colcon.colcon_core.shell:Creating package script '/home/unitree/navigation_ws/install/nav2_lifecycle_manager/share/nav2_lifecycle_manager/package.zsh'
[7.666s] Level 1:colcon.colcon_core.environment:create_file_with_runtime_dependencies(/home/unitree/navigation_ws/install/nav2_lifecycle_manager/share/colcon-core/packages/nav2_lifecycle_manager)
[7.708s] DEBUG:colcon.colcon_core.event_handler.log_command:Invoked command in '/home/unitree/navigation_ws/build/nav2_amcl' returned '0': CMAKE_PREFIX_PATH=/home/unitree/navigation_ws/install/nav2_util:/home/unitree/navigation_ws/install/nav2_msgs:/home/unitree/navigation_ws/install/nav2_common:/home/unitree/navigation_ws/install/nav2_bringup:/home/unitree/navigation_ws/install/navigation2:/home/unitree/navigation_ws/install/smac_planner:/home/unitree/navigation_ws/install/rm_autonomy:/home/unitree/navigation_ws/install/rm_autonomy_interfaces:/home/unitree/navigation_ws/install/bringup:/home/unitree/navigation_ws/install/pointcloud_to_laserscan:/home/unitree/navigation_ws/install/nav2_dwb_controller:/home/unitree/navigation_ws/install/nav2_controller:/home/unitree/navigation_ws/install/dwb_plugins:/home/unitree/navigation_ws/install/dwb_critics:/home/unitree/navigation_ws/install/dwb_core:/home/unitree/navigation_ws/install/nav_2d_utils:/home/unitree/navigation_ws/install/dwb_msgs:/home/unitree/navigation_ws/install/nav_2d_msgs:/home/unitree/navigation_ws/install/nav2_waypoint_follower:/home/unitree/navigation_ws/install/nav2_regulated_pure_pursuit_controller:/home/unitree/navigation_ws/install/nav2_recoveries:/home/unitree/navigation_ws/install/nav2_planner:/home/unitree/navigation_ws/install/nav2_navfn_planner:/home/unitree/navigation_ws/install/nav2_core:/home/unitree/navigation_ws/install/costmap_queue:/home/unitree/navigation_ws/install/nav2_costmap_2d:/home/unitree/navigation_ws/install/nav2_voxel_grid:/home/unitree/navigation_ws/install/nav2_map_server:/home/unitree/navigation_ws/install/nav2_lifecycle_manager:/home/unitree/navigation_ws/install/nav2_bt_navigator:/home/unitree/navigation_ws/install/nav2_behavior_tree:/home/unitree/navigation_ws/install/nav2_amcl:/home/unitree/navigation_ws/install/loam_interface:/home/unitree/navigation_ws/install/fast_lio:/home/unitree/navigation_ws/install/livox_ros_driver2:/home/unitree/navigation_ws/install/linefit_ground_segmentation_ros:/home/unitree/navigation_ws/install/linefit_ground_segmentation:/home/unitree/navigation_ws/install/cmd_vel_processor:/home/unitree/navigation_ws/install/behaviortree_cpp:/home/unitree/cyclonedds_ws/install/rmw_cyclonedds_cpp:/home/unitree/cyclonedds_ws/install/cyclonedds:/opt/ros/foxy LD_LIBRARY_PATH=/home/unitree/navigation_ws/install/nav2_util/lib:/home/unitree/navigation_ws/install/nav2_msgs/lib:/home/unitree/navigation_ws/install/smac_planner/lib:/home/unitree/navigation_ws/install/rm_autonomy/lib:/home/unitree/navigation_ws/install/rm_autonomy_interfaces/lib:/home/unitree/navigation_ws/install/pointcloud_to_laserscan/lib:/home/unitree/navigation_ws/install/nav2_controller/lib:/home/unitree/navigation_ws/install/dwb_plugins/lib:/home/unitree/navigation_ws/install/dwb_critics/lib:/home/unitree/navigation_ws/install/dwb_core/lib:/home/unitree/navigation_ws/install/nav_2d_utils/lib:/home/unitree/navigation_ws/install/dwb_msgs/lib:/home/unitree/navigation_ws/install/nav_2d_msgs/lib:/home/unitree/navigation_ws/install/nav2_waypoint_follower/lib:/home/unitree/navigation_ws/install/nav2_regulated_pure_pursuit_controller/lib:/home/unitree/navigation_ws/install/nav2_recoveries/lib:/home/unitree/navigation_ws/install/nav2_planner/lib:/home/unitree/navigation_ws/install/nav2_navfn_planner/lib:/home/unitree/navigation_ws/install/costmap_queue/lib:/home/unitree/navigation_ws/install/nav2_costmap_2d/lib:/home/unitree/navigation_ws/install/nav2_voxel_grid/lib:/home/unitree/navigation_ws/install/nav2_map_server/lib:/home/unitree/navigation_ws/install/nav2_lifecycle_manager/lib:/home/unitree/navigation_ws/install/nav2_bt_navigator/lib:/home/unitree/navigation_ws/install/nav2_behavior_tree/lib:/home/unitree/navigation_ws/install/nav2_amcl/lib:/home/unitree/navigation_ws/install/loam_interface/lib:/home/unitree/navigation_ws/install/fast_lio/lib:/home/unitree/navigation_ws/install/livox_ros_driver2/lib:/home/unitree/navigation_ws/install/linefit_ground_segmentation/lib:/home/unitree/navigation_ws/install/behaviortree_cpp/lib:/usr/local/cuda-11.4/lib64:/usr/local/lib:/home/unitree/cyclonedds_ws/install/rmw_cyclonedds_cpp/lib:/home/unitree/cyclonedds_ws/install/cyclonedds/lib:/opt/ros/foxy/opt/yaml_cpp_vendor/lib:/opt/ros/foxy/opt/rviz_ogre_vendor/lib:/opt/ros/foxy/lib/aarch64-linux-gnu:/opt/ros/foxy/lib:/usr/local/cuda-11.4/lib64 PYTHONPATH=/home/unitree/navigation_ws/install/nav2_msgs/lib/python3.8/site-packages:/home/unitree/navigation_ws/install/nav2_common/lib/python3.8/site-packages:/home/unitree/navigation_ws/install/rm_autonomy_interfaces/lib/python3.8/site-packages:/home/unitree/navigation_ws/install/dwb_msgs/lib/python3.8/site-packages:/home/unitree/navigation_ws/install/nav_2d_msgs/lib/python3.8/site-packages:/home/unitree/navigation_ws/install/fast_lio/lib/python3.8/site-packages:/home/unitree/navigation_ws/install/livox_ros_driver2/lib/python3.8/site-packages:/opt/ros/foxy/lib/python3.8/site-packages /usr/bin/cmake --build /home/unitree/navigation_ws/build/nav2_amcl -- -j8 -l8
[7.727s] DEBUG:colcon.colcon_core.event_handler.log_command:Invoking command in '/home/unitree/navigation_ws/build/nav2_waypoint_follower': CMAKE_PREFIX_PATH=/home/unitree/navigation_ws/install/nav2_util:/home/unitree/navigation_ws/install/nav2_msgs:/home/unitree/navigation_ws/install/nav2_common:/home/unitree/navigation_ws/install/nav2_bringup:/home/unitree/navigation_ws/install/navigation2:/home/unitree/navigation_ws/install/smac_planner:/home/unitree/navigation_ws/install/rm_autonomy:/home/unitree/navigation_ws/install/rm_autonomy_interfaces:/home/unitree/navigation_ws/install/bringup:/home/unitree/navigation_ws/install/pointcloud_to_laserscan:/home/unitree/navigation_ws/install/nav2_dwb_controller:/home/unitree/navigation_ws/install/nav2_controller:/home/unitree/navigation_ws/install/dwb_plugins:/home/unitree/navigation_ws/install/dwb_critics:/home/unitree/navigation_ws/install/dwb_core:/home/unitree/navigation_ws/install/nav_2d_utils:/home/unitree/navigation_ws/install/dwb_msgs:/home/unitree/navigation_ws/install/nav_2d_msgs:/home/unitree/navigation_ws/install/nav2_waypoint_follower:/home/unitree/navigation_ws/install/nav2_regulated_pure_pursuit_controller:/home/unitree/navigation_ws/install/nav2_recoveries:/home/unitree/navigation_ws/install/nav2_planner:/home/unitree/navigation_ws/install/nav2_navfn_planner:/home/unitree/navigation_ws/install/nav2_core:/home/unitree/navigation_ws/install/costmap_queue:/home/unitree/navigation_ws/install/nav2_costmap_2d:/home/unitree/navigation_ws/install/nav2_voxel_grid:/home/unitree/navigation_ws/install/nav2_map_server:/home/unitree/navigation_ws/install/nav2_lifecycle_manager:/home/unitree/navigation_ws/install/nav2_bt_navigator:/home/unitree/navigation_ws/install/nav2_behavior_tree:/home/unitree/navigation_ws/install/nav2_amcl:/home/unitree/navigation_ws/install/loam_interface:/home/unitree/navigation_ws/install/fast_lio:/home/unitree/navigation_ws/install/livox_ros_driver2:/home/unitree/navigation_ws/install/linefit_ground_segmentation_ros:/home/unitree/navigation_ws/install/linefit_ground_segmentation:/home/unitree/navigation_ws/install/cmd_vel_processor:/home/unitree/navigation_ws/install/behaviortree_cpp:/home/unitree/cyclonedds_ws/install/rmw_cyclonedds_cpp:/home/unitree/cyclonedds_ws/install/cyclonedds:/opt/ros/foxy LD_LIBRARY_PATH=/home/unitree/navigation_ws/install/nav2_util/lib:/home/unitree/navigation_ws/install/nav2_msgs/lib:/home/unitree/navigation_ws/install/smac_planner/lib:/home/unitree/navigation_ws/install/rm_autonomy/lib:/home/unitree/navigation_ws/install/rm_autonomy_interfaces/lib:/home/unitree/navigation_ws/install/pointcloud_to_laserscan/lib:/home/unitree/navigation_ws/install/nav2_controller/lib:/home/unitree/navigation_ws/install/dwb_plugins/lib:/home/unitree/navigation_ws/install/dwb_critics/lib:/home/unitree/navigation_ws/install/dwb_core/lib:/home/unitree/navigation_ws/install/nav_2d_utils/lib:/home/unitree/navigation_ws/install/dwb_msgs/lib:/home/unitree/navigation_ws/install/nav_2d_msgs/lib:/home/unitree/navigation_ws/install/nav2_waypoint_follower/lib:/home/unitree/navigation_ws/install/nav2_regulated_pure_pursuit_controller/lib:/home/unitree/navigation_ws/install/nav2_recoveries/lib:/home/unitree/navigation_ws/install/nav2_planner/lib:/home/unitree/navigation_ws/install/nav2_navfn_planner/lib:/home/unitree/navigation_ws/install/costmap_queue/lib:/home/unitree/navigation_ws/install/nav2_costmap_2d/lib:/home/unitree/navigation_ws/install/nav2_voxel_grid/lib:/home/unitree/navigation_ws/install/nav2_map_server/lib:/home/unitree/navigation_ws/install/nav2_lifecycle_manager/lib:/home/unitree/navigation_ws/install/nav2_bt_navigator/lib:/home/unitree/navigation_ws/install/nav2_behavior_tree/lib:/home/unitree/navigation_ws/install/nav2_amcl/lib:/home/unitree/navigation_ws/install/loam_interface/lib:/home/unitree/navigation_ws/install/fast_lio/lib:/home/unitree/navigation_ws/install/livox_ros_driver2/lib:/home/unitree/navigation_ws/install/linefit_ground_segmentation/lib:/home/unitree/navigation_ws/install/behaviortree_cpp/lib:/usr/local/cuda-11.4/lib64:/usr/local/lib:/home/unitree/cyclonedds_ws/install/rmw_cyclonedds_cpp/lib:/home/unitree/cyclonedds_ws/install/cyclonedds/lib:/opt/ros/foxy/opt/yaml_cpp_vendor/lib:/opt/ros/foxy/opt/rviz_ogre_vendor/lib:/opt/ros/foxy/lib/aarch64-linux-gnu:/opt/ros/foxy/lib:/usr/local/cuda-11.4/lib64 PYTHONPATH=/home/unitree/navigation_ws/install/nav2_msgs/lib/python3.8/site-packages:/home/unitree/navigation_ws/install/nav2_common/lib/python3.8/site-packages:/home/unitree/navigation_ws/install/rm_autonomy_interfaces/lib/python3.8/site-packages:/home/unitree/navigation_ws/install/dwb_msgs/lib/python3.8/site-packages:/home/unitree/navigation_ws/install/nav_2d_msgs/lib/python3.8/site-packages:/home/unitree/navigation_ws/install/fast_lio/lib/python3.8/site-packages:/home/unitree/navigation_ws/install/livox_ros_driver2/lib/python3.8/site-packages:/opt/ros/foxy/lib/python3.8/site-packages /usr/bin/cmake --install /home/unitree/navigation_ws/build/nav2_waypoint_follower
[7.738s] Level 1:colcon.colcon_core.environment:create_environment_scripts_only(nav_2d_utils)
[7.740s] Level 1:colcon.colcon_core.environment:checking '/home/unitree/navigation_ws/install/nav_2d_utils' for CMake module files
[7.741s] Level 1:colcon.colcon_core.environment:checking '/home/unitree/navigation_ws/install/nav_2d_utils' for CMake config files
[7.741s] Level 1:colcon.colcon_core.shell:create_environment_hook('nav_2d_utils', 'cmake_prefix_path')
[7.742s] INFO:colcon.colcon_core.shell:Creating environment hook '/home/unitree/navigation_ws/install/nav_2d_utils/share/nav_2d_utils/hook/cmake_prefix_path.ps1'
[7.743s] INFO:colcon.colcon_core.shell:Creating environment descriptor '/home/unitree/navigation_ws/install/nav_2d_utils/share/nav_2d_utils/hook/cmake_prefix_path.dsv'
[7.739s] DEBUG:colcon.colcon_core.event_handler.log_command:Invoked command in '/home/unitree/navigation_ws/build/nav_2d_utils' returned '0': CMAKE_PREFIX_PATH=/home/unitree/navigation_ws/install/nav2_util:/home/unitree/navigation_ws/install/nav2_msgs:/home/unitree/navigation_ws/install/nav_2d_msgs:/home/unitree/navigation_ws/install/nav2_common:/home/unitree/navigation_ws/install/nav2_bringup:/home/unitree/navigation_ws/install/navigation2:/home/unitree/navigation_ws/install/smac_planner:/home/unitree/navigation_ws/install/rm_autonomy:/home/unitree/navigation_ws/install/rm_autonomy_interfaces:/home/unitree/navigation_ws/install/bringup:/home/unitree/navigation_ws/install/pointcloud_to_laserscan:/home/unitree/navigation_ws/install/nav2_dwb_controller:/home/unitree/navigation_ws/install/nav2_controller:/home/unitree/navigation_ws/install/dwb_plugins:/home/unitree/navigation_ws/install/dwb_critics:/home/unitree/navigation_ws/install/dwb_core:/home/unitree/navigation_ws/install/nav_2d_utils:/home/unitree/navigation_ws/install/dwb_msgs:/home/unitree/navigation_ws/install/nav2_waypoint_follower:/home/unitree/navigation_ws/install/nav2_regulated_pure_pursuit_controller:/home/unitree/navigation_ws/install/nav2_recoveries:/home/unitree/navigation_ws/install/nav2_planner:/home/unitree/navigation_ws/install/nav2_navfn_planner:/home/unitree/navigation_ws/install/nav2_core:/home/unitree/navigation_ws/install/costmap_queue:/home/unitree/navigation_ws/install/nav2_costmap_2d:/home/unitree/navigation_ws/install/nav2_voxel_grid:/home/unitree/navigation_ws/install/nav2_map_server:/home/unitree/navigation_ws/install/nav2_lifecycle_manager:/home/unitree/navigation_ws/install/nav2_bt_navigator:/home/unitree/navigation_ws/install/nav2_behavior_tree:/home/unitree/navigation_ws/install/nav2_amcl:/home/unitree/navigation_ws/install/loam_interface:/home/unitree/navigation_ws/install/fast_lio:/home/unitree/navigation_ws/install/livox_ros_driver2:/home/unitree/navigation_ws/install/linefit_ground_segmentation_ros:/home/unitree/navigation_ws/install/linefit_ground_segmentation:/home/unitree/navigation_ws/install/cmd_vel_processor:/home/unitree/navigation_ws/install/behaviortree_cpp:/home/unitree/cyclonedds_ws/install/rmw_cyclonedds_cpp:/home/unitree/cyclonedds_ws/install/cyclonedds:/opt/ros/foxy LD_LIBRARY_PATH=/home/unitree/navigation_ws/install/nav2_util/lib:/home/unitree/navigation_ws/install/nav2_msgs/lib:/home/unitree/navigation_ws/install/nav_2d_msgs/lib:/home/unitree/navigation_ws/install/smac_planner/lib:/home/unitree/navigation_ws/install/rm_autonomy/lib:/home/unitree/navigation_ws/install/rm_autonomy_interfaces/lib:/home/unitree/navigation_ws/install/pointcloud_to_laserscan/lib:/home/unitree/navigation_ws/install/nav2_controller/lib:/home/unitree/navigation_ws/install/dwb_plugins/lib:/home/unitree/navigation_ws/install/dwb_critics/lib:/home/unitree/navigation_ws/install/dwb_core/lib:/home/unitree/navigation_ws/install/nav_2d_utils/lib:/home/unitree/navigation_ws/install/dwb_msgs/lib:/home/unitree/navigation_ws/install/nav2_waypoint_follower/lib:/home/unitree/navigation_ws/install/nav2_regulated_pure_pursuit_controller/lib:/home/unitree/navigation_ws/install/nav2_recoveries/lib:/home/unitree/navigation_ws/install/nav2_planner/lib:/home/unitree/navigation_ws/install/nav2_navfn_planner/lib:/home/unitree/navigation_ws/install/costmap_queue/lib:/home/unitree/navigation_ws/install/nav2_costmap_2d/lib:/home/unitree/navigation_ws/install/nav2_voxel_grid/lib:/home/unitree/navigation_ws/install/nav2_map_server/lib:/home/unitree/navigation_ws/install/nav2_lifecycle_manager/lib:/home/unitree/navigation_ws/install/nav2_bt_navigator/lib:/home/unitree/navigation_ws/install/nav2_behavior_tree/lib:/home/unitree/navigation_ws/install/nav2_amcl/lib:/home/unitree/navigation_ws/install/loam_interface/lib:/home/unitree/navigation_ws/install/fast_lio/lib:/home/unitree/navigation_ws/install/livox_ros_driver2/lib:/home/unitree/navigation_ws/install/linefit_ground_segmentation/lib:/home/unitree/navigation_ws/install/behaviortree_cpp/lib:/usr/local/cuda-11.4/lib64:/usr/local/lib:/home/unitree/cyclonedds_ws/install/rmw_cyclonedds_cpp/lib:/home/unitree/cyclonedds_ws/install/cyclonedds/lib:/opt/ros/foxy/opt/yaml_cpp_vendor/lib:/opt/ros/foxy/opt/rviz_ogre_vendor/lib:/opt/ros/foxy/lib/aarch64-linux-gnu:/opt/ros/foxy/lib:/usr/local/cuda-11.4/lib64 PYTHONPATH=/home/unitree/navigation_ws/install/nav2_msgs/lib/python3.8/site-packages:/home/unitree/navigation_ws/install/nav_2d_msgs/lib/python3.8/site-packages:/home/unitree/navigation_ws/install/nav2_common/lib/python3.8/site-packages:/home/unitree/navigation_ws/install/rm_autonomy_interfaces/lib/python3.8/site-packages:/home/unitree/navigation_ws/install/dwb_msgs/lib/python3.8/site-packages:/home/unitree/navigation_ws/install/fast_lio/lib/python3.8/site-packages:/home/unitree/navigation_ws/install/livox_ros_driver2/lib/python3.8/site-packages:/opt/ros/foxy/lib/python3.8/site-packages /usr/bin/cmake --install /home/unitree/navigation_ws/build/nav_2d_utils
[7.745s] INFO:colcon.colcon_core.shell:Creating environment hook '/home/unitree/navigation_ws/install/nav_2d_utils/share/nav_2d_utils/hook/cmake_prefix_path.sh'
[7.746s] Level 1:colcon.colcon_core.environment:checking '/home/unitree/navigation_ws/install/nav_2d_utils/lib'
[7.746s] Level 1:colcon.colcon_core.shell:create_environment_hook('nav_2d_utils', 'ld_library_path_lib')
[7.747s] INFO:colcon.colcon_core.shell:Creating environment hook '/home/unitree/navigation_ws/install/nav_2d_utils/share/nav_2d_utils/hook/ld_library_path_lib.ps1'
[7.748s] INFO:colcon.colcon_core.shell:Creating environment descriptor '/home/unitree/navigation_ws/install/nav_2d_utils/share/nav_2d_utils/hook/ld_library_path_lib.dsv'
[7.748s] INFO:colcon.colcon_core.shell:Creating environment hook '/home/unitree/navigation_ws/install/nav_2d_utils/share/nav_2d_utils/hook/ld_library_path_lib.sh'
[7.749s] Level 1:colcon.colcon_core.environment:checking '/home/unitree/navigation_ws/install/nav_2d_utils/bin'
[7.749s] Level 1:colcon.colcon_core.environment:checking '/home/unitree/navigation_ws/install/nav_2d_utils/lib/pkgconfig/nav_2d_utils.pc'
[7.750s] Level 1:colcon.colcon_core.environment:checking '/home/unitree/navigation_ws/install/nav_2d_utils/lib/python3.8/site-packages'
[7.750s] Level 1:colcon.colcon_core.environment:checking '/home/unitree/navigation_ws/install/nav_2d_utils/bin'
[7.750s] INFO:colcon.colcon_core.shell:Creating package script '/home/unitree/navigation_ws/install/nav_2d_utils/share/nav_2d_utils/package.ps1'
[7.752s] INFO:colcon.colcon_core.shell:Creating package descriptor '/home/unitree/navigation_ws/install/nav_2d_utils/share/nav_2d_utils/package.dsv'
[7.753s] INFO:colcon.colcon_core.shell:Creating package script '/home/unitree/navigation_ws/install/nav_2d_utils/share/nav_2d_utils/package.sh'
[7.754s] INFO:colcon.colcon_core.shell:Creating package script '/home/unitree/navigation_ws/install/nav_2d_utils/share/nav_2d_utils/package.bash'
[7.754s] INFO:colcon.colcon_core.shell:Creating package script '/home/unitree/navigation_ws/install/nav_2d_utils/share/nav_2d_utils/package.zsh'
[7.755s] Level 1:colcon.colcon_core.environment:create_file_with_runtime_dependencies(/home/unitree/navigation_ws/install/nav_2d_utils/share/colcon-core/packages/nav_2d_utils)
[7.779s] DEBUG:colcon.colcon_core.event_handler.log_command:Invoking command in '/home/unitree/navigation_ws/build/nav2_map_server': CMAKE_PREFIX_PATH=/home/unitree/navigation_ws/install/nav2_util:/home/unitree/navigation_ws/install/nav2_msgs:/home/unitree/navigation_ws/install/nav2_common:/home/unitree/navigation_ws/install/nav2_bringup:/home/unitree/navigation_ws/install/navigation2:/home/unitree/navigation_ws/install/smac_planner:/home/unitree/navigation_ws/install/rm_autonomy:/home/unitree/navigation_ws/install/rm_autonomy_interfaces:/home/unitree/navigation_ws/install/bringup:/home/unitree/navigation_ws/install/pointcloud_to_laserscan:/home/unitree/navigation_ws/install/nav2_dwb_controller:/home/unitree/navigation_ws/install/nav2_controller:/home/unitree/navigation_ws/install/dwb_plugins:/home/unitree/navigation_ws/install/dwb_critics:/home/unitree/navigation_ws/install/dwb_core:/home/unitree/navigation_ws/install/nav_2d_utils:/home/unitree/navigation_ws/install/dwb_msgs:/home/unitree/navigation_ws/install/nav_2d_msgs:/home/unitree/navigation_ws/install/nav2_waypoint_follower:/home/unitree/navigation_ws/install/nav2_regulated_pure_pursuit_controller:/home/unitree/navigation_ws/install/nav2_recoveries:/home/unitree/navigation_ws/install/nav2_planner:/home/unitree/navigation_ws/install/nav2_navfn_planner:/home/unitree/navigation_ws/install/nav2_core:/home/unitree/navigation_ws/install/costmap_queue:/home/unitree/navigation_ws/install/nav2_costmap_2d:/home/unitree/navigation_ws/install/nav2_voxel_grid:/home/unitree/navigation_ws/install/nav2_map_server:/home/unitree/navigation_ws/install/nav2_lifecycle_manager:/home/unitree/navigation_ws/install/nav2_bt_navigator:/home/unitree/navigation_ws/install/nav2_behavior_tree:/home/unitree/navigation_ws/install/nav2_amcl:/home/unitree/navigation_ws/install/loam_interface:/home/unitree/navigation_ws/install/fast_lio:/home/unitree/navigation_ws/install/livox_ros_driver2:/home/unitree/navigation_ws/install/linefit_ground_segmentation_ros:/home/unitree/navigation_ws/install/linefit_ground_segmentation:/home/unitree/navigation_ws/install/cmd_vel_processor:/home/unitree/navigation_ws/install/behaviortree_cpp:/home/unitree/cyclonedds_ws/install/rmw_cyclonedds_cpp:/home/unitree/cyclonedds_ws/install/cyclonedds:/opt/ros/foxy LD_LIBRARY_PATH=/home/unitree/navigation_ws/install/nav2_util/lib:/home/unitree/navigation_ws/install/nav2_msgs/lib:/home/unitree/navigation_ws/install/smac_planner/lib:/home/unitree/navigation_ws/install/rm_autonomy/lib:/home/unitree/navigation_ws/install/rm_autonomy_interfaces/lib:/home/unitree/navigation_ws/install/pointcloud_to_laserscan/lib:/home/unitree/navigation_ws/install/nav2_controller/lib:/home/unitree/navigation_ws/install/dwb_plugins/lib:/home/unitree/navigation_ws/install/dwb_critics/lib:/home/unitree/navigation_ws/install/dwb_core/lib:/home/unitree/navigation_ws/install/nav_2d_utils/lib:/home/unitree/navigation_ws/install/dwb_msgs/lib:/home/unitree/navigation_ws/install/nav_2d_msgs/lib:/home/unitree/navigation_ws/install/nav2_waypoint_follower/lib:/home/unitree/navigation_ws/install/nav2_regulated_pure_pursuit_controller/lib:/home/unitree/navigation_ws/install/nav2_recoveries/lib:/home/unitree/navigation_ws/install/nav2_planner/lib:/home/unitree/navigation_ws/install/nav2_navfn_planner/lib:/home/unitree/navigation_ws/install/costmap_queue/lib:/home/unitree/navigation_ws/install/nav2_costmap_2d/lib:/home/unitree/navigation_ws/install/nav2_voxel_grid/lib:/home/unitree/navigation_ws/install/nav2_map_server/lib:/home/unitree/navigation_ws/install/nav2_lifecycle_manager/lib:/home/unitree/navigation_ws/install/nav2_bt_navigator/lib:/home/unitree/navigation_ws/install/nav2_behavior_tree/lib:/home/unitree/navigation_ws/install/nav2_amcl/lib:/home/unitree/navigation_ws/install/loam_interface/lib:/home/unitree/navigation_ws/install/fast_lio/lib:/home/unitree/navigation_ws/install/livox_ros_driver2/lib:/home/unitree/navigation_ws/install/linefit_ground_segmentation/lib:/home/unitree/navigation_ws/install/behaviortree_cpp/lib:/usr/local/cuda-11.4/lib64:/usr/local/lib:/home/unitree/cyclonedds_ws/install/rmw_cyclonedds_cpp/lib:/home/unitree/cyclonedds_ws/install/cyclonedds/lib:/opt/ros/foxy/opt/yaml_cpp_vendor/lib:/opt/ros/foxy/opt/rviz_ogre_vendor/lib:/opt/ros/foxy/lib/aarch64-linux-gnu:/opt/ros/foxy/lib:/usr/local/cuda-11.4/lib64 PYTHONPATH=/home/unitree/navigation_ws/install/nav2_msgs/lib/python3.8/site-packages:/home/unitree/navigation_ws/install/nav2_common/lib/python3.8/site-packages:/home/unitree/navigation_ws/install/rm_autonomy_interfaces/lib/python3.8/site-packages:/home/unitree/navigation_ws/install/dwb_msgs/lib/python3.8/site-packages:/home/unitree/navigation_ws/install/nav_2d_msgs/lib/python3.8/site-packages:/home/unitree/navigation_ws/install/fast_lio/lib/python3.8/site-packages:/home/unitree/navigation_ws/install/livox_ros_driver2/lib/python3.8/site-packages:/opt/ros/foxy/lib/python3.8/site-packages /usr/bin/cmake --install /home/unitree/navigation_ws/build/nav2_map_server
[7.811s] Level 1:colcon.colcon_core.environment:create_environment_scripts_only(nav2_waypoint_follower)
[7.813s] Level 1:colcon.colcon_core.environment:checking '/home/unitree/navigation_ws/install/nav2_waypoint_follower' for CMake module files
[7.814s] Level 1:colcon.colcon_core.environment:checking '/home/unitree/navigation_ws/install/nav2_waypoint_follower' for CMake config files
[7.815s] Level 1:colcon.colcon_core.shell:create_environment_hook('nav2_waypoint_follower', 'cmake_prefix_path')
[7.816s] INFO:colcon.colcon_core.shell:Creating environment hook '/home/unitree/navigation_ws/install/nav2_waypoint_follower/share/nav2_waypoint_follower/hook/cmake_prefix_path.ps1'
[7.818s] DEBUG:colcon.colcon_core.event_handler.log_command:Invoked command in '/home/unitree/navigation_ws/build/nav2_waypoint_follower' returned '0': CMAKE_PREFIX_PATH=/home/unitree/navigation_ws/install/nav2_util:/home/unitree/navigation_ws/install/nav2_msgs:/home/unitree/navigation_ws/install/nav2_common:/home/unitree/navigation_ws/install/nav2_bringup:/home/unitree/navigation_ws/install/navigation2:/home/unitree/navigation_ws/install/smac_planner:/home/unitree/navigation_ws/install/rm_autonomy:/home/unitree/navigation_ws/install/rm_autonomy_interfaces:/home/unitree/navigation_ws/install/bringup:/home/unitree/navigation_ws/install/pointcloud_to_laserscan:/home/unitree/navigation_ws/install/nav2_dwb_controller:/home/unitree/navigation_ws/install/nav2_controller:/home/unitree/navigation_ws/install/dwb_plugins:/home/unitree/navigation_ws/install/dwb_critics:/home/unitree/navigation_ws/install/dwb_core:/home/unitree/navigation_ws/install/nav_2d_utils:/home/unitree/navigation_ws/install/dwb_msgs:/home/unitree/navigation_ws/install/nav_2d_msgs:/home/unitree/navigation_ws/install/nav2_waypoint_follower:/home/unitree/navigation_ws/install/nav2_regulated_pure_pursuit_controller:/home/unitree/navigation_ws/install/nav2_recoveries:/home/unitree/navigation_ws/install/nav2_planner:/home/unitree/navigation_ws/install/nav2_navfn_planner:/home/unitree/navigation_ws/install/nav2_core:/home/unitree/navigation_ws/install/costmap_queue:/home/unitree/navigation_ws/install/nav2_costmap_2d:/home/unitree/navigation_ws/install/nav2_voxel_grid:/home/unitree/navigation_ws/install/nav2_map_server:/home/unitree/navigation_ws/install/nav2_lifecycle_manager:/home/unitree/navigation_ws/install/nav2_bt_navigator:/home/unitree/navigation_ws/install/nav2_behavior_tree:/home/unitree/navigation_ws/install/nav2_amcl:/home/unitree/navigation_ws/install/loam_interface:/home/unitree/navigation_ws/install/fast_lio:/home/unitree/navigation_ws/install/livox_ros_driver2:/home/unitree/navigation_ws/install/linefit_ground_segmentation_ros:/home/unitree/navigation_ws/install/linefit_ground_segmentation:/home/unitree/navigation_ws/install/cmd_vel_processor:/home/unitree/navigation_ws/install/behaviortree_cpp:/home/unitree/cyclonedds_ws/install/rmw_cyclonedds_cpp:/home/unitree/cyclonedds_ws/install/cyclonedds:/opt/ros/foxy LD_LIBRARY_PATH=/home/unitree/navigation_ws/install/nav2_util/lib:/home/unitree/navigation_ws/install/nav2_msgs/lib:/home/unitree/navigation_ws/install/smac_planner/lib:/home/unitree/navigation_ws/install/rm_autonomy/lib:/home/unitree/navigation_ws/install/rm_autonomy_interfaces/lib:/home/unitree/navigation_ws/install/pointcloud_to_laserscan/lib:/home/unitree/navigation_ws/install/nav2_controller/lib:/home/unitree/navigation_ws/install/dwb_plugins/lib:/home/unitree/navigation_ws/install/dwb_critics/lib:/home/unitree/navigation_ws/install/dwb_core/lib:/home/unitree/navigation_ws/install/nav_2d_utils/lib:/home/unitree/navigation_ws/install/dwb_msgs/lib:/home/unitree/navigation_ws/install/nav_2d_msgs/lib:/home/unitree/navigation_ws/install/nav2_waypoint_follower/lib:/home/unitree/navigation_ws/install/nav2_regulated_pure_pursuit_controller/lib:/home/unitree/navigation_ws/install/nav2_recoveries/lib:/home/unitree/navigation_ws/install/nav2_planner/lib:/home/unitree/navigation_ws/install/nav2_navfn_planner/lib:/home/unitree/navigation_ws/install/costmap_queue/lib:/home/unitree/navigation_ws/install/nav2_costmap_2d/lib:/home/unitree/navigation_ws/install/nav2_voxel_grid/lib:/home/unitree/navigation_ws/install/nav2_map_server/lib:/home/unitree/navigation_ws/install/nav2_lifecycle_manager/lib:/home/unitree/navigation_ws/install/nav2_bt_navigator/lib:/home/unitree/navigation_ws/install/nav2_behavior_tree/lib:/home/unitree/navigation_ws/install/nav2_amcl/lib:/home/unitree/navigation_ws/install/loam_interface/lib:/home/unitree/navigation_ws/install/fast_lio/lib:/home/unitree/navigation_ws/install/livox_ros_driver2/lib:/home/unitree/navigation_ws/install/linefit_ground_segmentation/lib:/home/unitree/navigation_ws/install/behaviortree_cpp/lib:/usr/local/cuda-11.4/lib64:/usr/local/lib:/home/unitree/cyclonedds_ws/install/rmw_cyclonedds_cpp/lib:/home/unitree/cyclonedds_ws/install/cyclonedds/lib:/opt/ros/foxy/opt/yaml_cpp_vendor/lib:/opt/ros/foxy/opt/rviz_ogre_vendor/lib:/opt/ros/foxy/lib/aarch64-linux-gnu:/opt/ros/foxy/lib:/usr/local/cuda-11.4/lib64 PYTHONPATH=/home/unitree/navigation_ws/install/nav2_msgs/lib/python3.8/site-packages:/home/unitree/navigation_ws/install/nav2_common/lib/python3.8/site-packages:/home/unitree/navigation_ws/install/rm_autonomy_interfaces/lib/python3.8/site-packages:/home/unitree/navigation_ws/install/dwb_msgs/lib/python3.8/site-packages:/home/unitree/navigation_ws/install/nav_2d_msgs/lib/python3.8/site-packages:/home/unitree/navigation_ws/install/fast_lio/lib/python3.8/site-packages:/home/unitree/navigation_ws/install/livox_ros_driver2/lib/python3.8/site-packages:/opt/ros/foxy/lib/python3.8/site-packages /usr/bin/cmake --install /home/unitree/navigation_ws/build/nav2_waypoint_follower
[7.820s] INFO:colcon.colcon_core.shell:Creating environment descriptor '/home/unitree/navigation_ws/install/nav2_waypoint_follower/share/nav2_waypoint_follower/hook/cmake_prefix_path.dsv'
[7.821s] INFO:colcon.colcon_core.shell:Creating environment hook '/home/unitree/navigation_ws/install/nav2_waypoint_follower/share/nav2_waypoint_follower/hook/cmake_prefix_path.sh'
[7.823s] Level 1:colcon.colcon_core.environment:checking '/home/unitree/navigation_ws/install/nav2_waypoint_follower/lib'
[7.824s] Level 1:colcon.colcon_core.shell:create_environment_hook('nav2_waypoint_follower', 'ld_library_path_lib')
[7.825s] INFO:colcon.colcon_core.shell:Creating environment hook '/home/unitree/navigation_ws/install/nav2_waypoint_follower/share/nav2_waypoint_follower/hook/ld_library_path_lib.ps1'
[7.826s] INFO:colcon.colcon_core.shell:Creating environment descriptor '/home/unitree/navigation_ws/install/nav2_waypoint_follower/share/nav2_waypoint_follower/hook/ld_library_path_lib.dsv'
[7.827s] INFO:colcon.colcon_core.shell:Creating environment hook '/home/unitree/navigation_ws/install/nav2_waypoint_follower/share/nav2_waypoint_follower/hook/ld_library_path_lib.sh'
[7.828s] Level 1:colcon.colcon_core.environment:checking '/home/unitree/navigation_ws/install/nav2_waypoint_follower/bin'
[7.828s] Level 1:colcon.colcon_core.environment:checking '/home/unitree/navigation_ws/install/nav2_waypoint_follower/lib/pkgconfig/nav2_waypoint_follower.pc'
[7.829s] Level 1:colcon.colcon_core.environment:checking '/home/unitree/navigation_ws/install/nav2_waypoint_follower/lib/python3.8/site-packages'
[7.829s] Level 1:colcon.colcon_core.environment:checking '/home/unitree/navigation_ws/install/nav2_waypoint_follower/bin'
[7.830s] INFO:colcon.colcon_core.shell:Creating package script '/home/unitree/navigation_ws/install/nav2_waypoint_follower/share/nav2_waypoint_follower/package.ps1'
[7.832s] INFO:colcon.colcon_core.shell:Creating package descriptor '/home/unitree/navigation_ws/install/nav2_waypoint_follower/share/nav2_waypoint_follower/package.dsv'
[7.833s] INFO:colcon.colcon_core.shell:Creating package script '/home/unitree/navigation_ws/install/nav2_waypoint_follower/share/nav2_waypoint_follower/package.sh'
[7.840s] INFO:colcon.colcon_core.shell:Creating package script '/home/unitree/navigation_ws/install/nav2_waypoint_follower/share/nav2_waypoint_follower/package.bash'
[7.842s] INFO:colcon.colcon_core.shell:Creating package script '/home/unitree/navigation_ws/install/nav2_waypoint_follower/share/nav2_waypoint_follower/package.zsh'
[7.843s] Level 1:colcon.colcon_core.environment:create_file_with_runtime_dependencies(/home/unitree/navigation_ws/install/nav2_waypoint_follower/share/colcon-core/packages/nav2_waypoint_follower)
[7.871s] Level 1:colcon.colcon_core.environment:create_environment_scripts_only(nav2_map_server)
[7.872s] Level 1:colcon.colcon_core.environment:checking '/home/unitree/navigation_ws/install/nav2_map_server' for CMake module files
[7.874s] Level 1:colcon.colcon_core.environment:checking '/home/unitree/navigation_ws/install/nav2_map_server' for CMake config files
[7.874s] Level 1:colcon.colcon_core.shell:create_environment_hook('nav2_map_server', 'cmake_prefix_path')
[7.875s] INFO:colcon.colcon_core.shell:Creating environment hook '/home/unitree/navigation_ws/install/nav2_map_server/share/nav2_map_server/hook/cmake_prefix_path.ps1'
[7.876s] DEBUG:colcon.colcon_core.event_handler.log_command:Invoked command in '/home/unitree/navigation_ws/build/nav2_map_server' returned '0': CMAKE_PREFIX_PATH=/home/unitree/navigation_ws/install/nav2_util:/home/unitree/navigation_ws/install/nav2_msgs:/home/unitree/navigation_ws/install/nav2_common:/home/unitree/navigation_ws/install/nav2_bringup:/home/unitree/navigation_ws/install/navigation2:/home/unitree/navigation_ws/install/smac_planner:/home/unitree/navigation_ws/install/rm_autonomy:/home/unitree/navigation_ws/install/rm_autonomy_interfaces:/home/unitree/navigation_ws/install/bringup:/home/unitree/navigation_ws/install/pointcloud_to_laserscan:/home/unitree/navigation_ws/install/nav2_dwb_controller:/home/unitree/navigation_ws/install/nav2_controller:/home/unitree/navigation_ws/install/dwb_plugins:/home/unitree/navigation_ws/install/dwb_critics:/home/unitree/navigation_ws/install/dwb_core:/home/unitree/navigation_ws/install/nav_2d_utils:/home/unitree/navigation_ws/install/dwb_msgs:/home/unitree/navigation_ws/install/nav_2d_msgs:/home/unitree/navigation_ws/install/nav2_waypoint_follower:/home/unitree/navigation_ws/install/nav2_regulated_pure_pursuit_controller:/home/unitree/navigation_ws/install/nav2_recoveries:/home/unitree/navigation_ws/install/nav2_planner:/home/unitree/navigation_ws/install/nav2_navfn_planner:/home/unitree/navigation_ws/install/nav2_core:/home/unitree/navigation_ws/install/costmap_queue:/home/unitree/navigation_ws/install/nav2_costmap_2d:/home/unitree/navigation_ws/install/nav2_voxel_grid:/home/unitree/navigation_ws/install/nav2_map_server:/home/unitree/navigation_ws/install/nav2_lifecycle_manager:/home/unitree/navigation_ws/install/nav2_bt_navigator:/home/unitree/navigation_ws/install/nav2_behavior_tree:/home/unitree/navigation_ws/install/nav2_amcl:/home/unitree/navigation_ws/install/loam_interface:/home/unitree/navigation_ws/install/fast_lio:/home/unitree/navigation_ws/install/livox_ros_driver2:/home/unitree/navigation_ws/install/linefit_ground_segmentation_ros:/home/unitree/navigation_ws/install/linefit_ground_segmentation:/home/unitree/navigation_ws/install/cmd_vel_processor:/home/unitree/navigation_ws/install/behaviortree_cpp:/home/unitree/cyclonedds_ws/install/rmw_cyclonedds_cpp:/home/unitree/cyclonedds_ws/install/cyclonedds:/opt/ros/foxy LD_LIBRARY_PATH=/home/unitree/navigation_ws/install/nav2_util/lib:/home/unitree/navigation_ws/install/nav2_msgs/lib:/home/unitree/navigation_ws/install/smac_planner/lib:/home/unitree/navigation_ws/install/rm_autonomy/lib:/home/unitree/navigation_ws/install/rm_autonomy_interfaces/lib:/home/unitree/navigation_ws/install/pointcloud_to_laserscan/lib:/home/unitree/navigation_ws/install/nav2_controller/lib:/home/unitree/navigation_ws/install/dwb_plugins/lib:/home/unitree/navigation_ws/install/dwb_critics/lib:/home/unitree/navigation_ws/install/dwb_core/lib:/home/unitree/navigation_ws/install/nav_2d_utils/lib:/home/unitree/navigation_ws/install/dwb_msgs/lib:/home/unitree/navigation_ws/install/nav_2d_msgs/lib:/home/unitree/navigation_ws/install/nav2_waypoint_follower/lib:/home/unitree/navigation_ws/install/nav2_regulated_pure_pursuit_controller/lib:/home/unitree/navigation_ws/install/nav2_recoveries/lib:/home/unitree/navigation_ws/install/nav2_planner/lib:/home/unitree/navigation_ws/install/nav2_navfn_planner/lib:/home/unitree/navigation_ws/install/costmap_queue/lib:/home/unitree/navigation_ws/install/nav2_costmap_2d/lib:/home/unitree/navigation_ws/install/nav2_voxel_grid/lib:/home/unitree/navigation_ws/install/nav2_map_server/lib:/home/unitree/navigation_ws/install/nav2_lifecycle_manager/lib:/home/unitree/navigation_ws/install/nav2_bt_navigator/lib:/home/unitree/navigation_ws/install/nav2_behavior_tree/lib:/home/unitree/navigation_ws/install/nav2_amcl/lib:/home/unitree/navigation_ws/install/loam_interface/lib:/home/unitree/navigation_ws/install/fast_lio/lib:/home/unitree/navigation_ws/install/livox_ros_driver2/lib:/home/unitree/navigation_ws/install/linefit_ground_segmentation/lib:/home/unitree/navigation_ws/install/behaviortree_cpp/lib:/usr/local/cuda-11.4/lib64:/usr/local/lib:/home/unitree/cyclonedds_ws/install/rmw_cyclonedds_cpp/lib:/home/unitree/cyclonedds_ws/install/cyclonedds/lib:/opt/ros/foxy/opt/yaml_cpp_vendor/lib:/opt/ros/foxy/opt/rviz_ogre_vendor/lib:/opt/ros/foxy/lib/aarch64-linux-gnu:/opt/ros/foxy/lib:/usr/local/cuda-11.4/lib64 PYTHONPATH=/home/unitree/navigation_ws/install/nav2_msgs/lib/python3.8/site-packages:/home/unitree/navigation_ws/install/nav2_common/lib/python3.8/site-packages:/home/unitree/navigation_ws/install/rm_autonomy_interfaces/lib/python3.8/site-packages:/home/unitree/navigation_ws/install/dwb_msgs/lib/python3.8/site-packages:/home/unitree/navigation_ws/install/nav_2d_msgs/lib/python3.8/site-packages:/home/unitree/navigation_ws/install/fast_lio/lib/python3.8/site-packages:/home/unitree/navigation_ws/install/livox_ros_driver2/lib/python3.8/site-packages:/opt/ros/foxy/lib/python3.8/site-packages /usr/bin/cmake --install /home/unitree/navigation_ws/build/nav2_map_server
[7.878s] INFO:colcon.colcon_core.shell:Creating environment descriptor '/home/unitree/navigation_ws/install/nav2_map_server/share/nav2_map_server/hook/cmake_prefix_path.dsv'
[7.879s] INFO:colcon.colcon_core.shell:Creating environment hook '/home/unitree/navigation_ws/install/nav2_map_server/share/nav2_map_server/hook/cmake_prefix_path.sh'
[7.880s] Level 1:colcon.colcon_core.environment:checking '/home/unitree/navigation_ws/install/nav2_map_server/lib'
[7.880s] Level 1:colcon.colcon_core.shell:create_environment_hook('nav2_map_server', 'ld_library_path_lib')
[7.881s] INFO:colcon.colcon_core.shell:Creating environment hook '/home/unitree/navigation_ws/install/nav2_map_server/share/nav2_map_server/hook/ld_library_path_lib.ps1'
[7.882s] INFO:colcon.colcon_core.shell:Creating environment descriptor '/home/unitree/navigation_ws/install/nav2_map_server/share/nav2_map_server/hook/ld_library_path_lib.dsv'
[7.882s] INFO:colcon.colcon_core.shell:Creating environment hook '/home/unitree/navigation_ws/install/nav2_map_server/share/nav2_map_server/hook/ld_library_path_lib.sh'
[7.883s] Level 1:colcon.colcon_core.environment:checking '/home/unitree/navigation_ws/install/nav2_map_server/bin'
[7.883s] Level 1:colcon.colcon_core.environment:checking '/home/unitree/navigation_ws/install/nav2_map_server/lib/pkgconfig/nav2_map_server.pc'
[7.884s] Level 1:colcon.colcon_core.environment:checking '/home/unitree/navigation_ws/install/nav2_map_server/lib/python3.8/site-packages'
[7.884s] Level 1:colcon.colcon_core.environment:checking '/home/unitree/navigation_ws/install/nav2_map_server/bin'
[7.885s] INFO:colcon.colcon_core.shell:Creating package script '/home/unitree/navigation_ws/install/nav2_map_server/share/nav2_map_server/package.ps1'
[7.886s] INFO:colcon.colcon_core.shell:Creating package descriptor '/home/unitree/navigation_ws/install/nav2_map_server/share/nav2_map_server/package.dsv'
[7.887s] INFO:colcon.colcon_core.shell:Creating package script '/home/unitree/navigation_ws/install/nav2_map_server/share/nav2_map_server/package.sh'
[7.888s] INFO:colcon.colcon_core.shell:Creating package script '/home/unitree/navigation_ws/install/nav2_map_server/share/nav2_map_server/package.bash'
[7.889s] INFO:colcon.colcon_core.shell:Creating package script '/home/unitree/navigation_ws/install/nav2_map_server/share/nav2_map_server/package.zsh'
[7.890s] Level 1:colcon.colcon_core.environment:create_file_with_runtime_dependencies(/home/unitree/navigation_ws/install/nav2_map_server/share/colcon-core/packages/nav2_map_server)
[7.917s] Level 1:colcon.colcon_core.environment:create_environment_scripts_only(nav2_lifecycle_manager)
[7.918s] Level 1:colcon.colcon_core.environment:checking '/home/unitree/navigation_ws/install/nav2_lifecycle_manager' for CMake module files
[7.919s] Level 1:colcon.colcon_core.environment:checking '/home/unitree/navigation_ws/install/nav2_lifecycle_manager' for CMake config files
[7.921s] Level 1:colcon.colcon_core.shell:create_environment_hook('nav2_lifecycle_manager', 'cmake_prefix_path')
[7.922s] INFO:colcon.colcon_core.shell:Creating environment hook '/home/unitree/navigation_ws/install/nav2_lifecycle_manager/share/nav2_lifecycle_manager/hook/cmake_prefix_path.ps1'
[7.925s] INFO:colcon.colcon_core.shell:Creating environment descriptor '/home/unitree/navigation_ws/install/nav2_lifecycle_manager/share/nav2_lifecycle_manager/hook/cmake_prefix_path.dsv'
[7.926s] INFO:colcon.colcon_core.shell:Creating environment hook '/home/unitree/navigation_ws/install/nav2_lifecycle_manager/share/nav2_lifecycle_manager/hook/cmake_prefix_path.sh'
[7.929s] Level 1:colcon.colcon_core.environment:checking '/home/unitree/navigation_ws/install/nav2_lifecycle_manager/lib'
[7.929s] Level 1:colcon.colcon_core.shell:create_environment_hook('nav2_lifecycle_manager', 'ld_library_path_lib')
[7.932s] INFO:colcon.colcon_core.shell:Creating environment hook '/home/unitree/navigation_ws/install/nav2_lifecycle_manager/share/nav2_lifecycle_manager/hook/ld_library_path_lib.ps1'
[7.934s] INFO:colcon.colcon_core.shell:Creating environment descriptor '/home/unitree/navigation_ws/install/nav2_lifecycle_manager/share/nav2_lifecycle_manager/hook/ld_library_path_lib.dsv'
[7.940s] INFO:colcon.colcon_core.shell:Creating environment hook '/home/unitree/navigation_ws/install/nav2_lifecycle_manager/share/nav2_lifecycle_manager/hook/ld_library_path_lib.sh'
[7.941s] Level 1:colcon.colcon_core.environment:checking '/home/unitree/navigation_ws/install/nav2_lifecycle_manager/bin'
[7.942s] Level 1:colcon.colcon_core.environment:checking '/home/unitree/navigation_ws/install/nav2_lifecycle_manager/lib/pkgconfig/nav2_lifecycle_manager.pc'
[7.942s] Level 1:colcon.colcon_core.environment:checking '/home/unitree/navigation_ws/install/nav2_lifecycle_manager/lib/python3.8/site-packages'
[7.943s] Level 1:colcon.colcon_core.environment:checking '/home/unitree/navigation_ws/install/nav2_lifecycle_manager/bin'
[7.944s] INFO:colcon.colcon_core.shell:Creating package script '/home/unitree/navigation_ws/install/nav2_lifecycle_manager/share/nav2_lifecycle_manager/package.ps1'
[7.947s] INFO:colcon.colcon_core.shell:Creating package descriptor '/home/unitree/navigation_ws/install/nav2_lifecycle_manager/share/nav2_lifecycle_manager/package.dsv'
[7.952s] INFO:colcon.colcon_core.shell:Creating package script '/home/unitree/navigation_ws/install/nav2_lifecycle_manager/share/nav2_lifecycle_manager/package.sh'
[7.957s] INFO:colcon.colcon_core.shell:Creating package script '/home/unitree/navigation_ws/install/nav2_lifecycle_manager/share/nav2_lifecycle_manager/package.bash'
[7.961s] INFO:colcon.colcon_core.shell:Creating package script '/home/unitree/navigation_ws/install/nav2_lifecycle_manager/share/nav2_lifecycle_manager/package.zsh'
[7.966s] Level 1:colcon.colcon_core.environment:create_file_with_runtime_dependencies(/home/unitree/navigation_ws/install/nav2_lifecycle_manager/share/colcon-core/packages/nav2_lifecycle_manager)
[7.975s] DEBUG:colcon.colcon_core.event_handler.log_command:Invoking command in '/home/unitree/navigation_ws/build/nav2_amcl': CMAKE_PREFIX_PATH=/home/unitree/navigation_ws/install/nav2_util:/home/unitree/navigation_ws/install/nav2_msgs:/home/unitree/navigation_ws/install/nav2_common:/home/unitree/navigation_ws/install/nav2_bringup:/home/unitree/navigation_ws/install/navigation2:/home/unitree/navigation_ws/install/smac_planner:/home/unitree/navigation_ws/install/rm_autonomy:/home/unitree/navigation_ws/install/rm_autonomy_interfaces:/home/unitree/navigation_ws/install/bringup:/home/unitree/navigation_ws/install/pointcloud_to_laserscan:/home/unitree/navigation_ws/install/nav2_dwb_controller:/home/unitree/navigation_ws/install/nav2_controller:/home/unitree/navigation_ws/install/dwb_plugins:/home/unitree/navigation_ws/install/dwb_critics:/home/unitree/navigation_ws/install/dwb_core:/home/unitree/navigation_ws/install/nav_2d_utils:/home/unitree/navigation_ws/install/dwb_msgs:/home/unitree/navigation_ws/install/nav_2d_msgs:/home/unitree/navigation_ws/install/nav2_waypoint_follower:/home/unitree/navigation_ws/install/nav2_regulated_pure_pursuit_controller:/home/unitree/navigation_ws/install/nav2_recoveries:/home/unitree/navigation_ws/install/nav2_planner:/home/unitree/navigation_ws/install/nav2_navfn_planner:/home/unitree/navigation_ws/install/nav2_core:/home/unitree/navigation_ws/install/costmap_queue:/home/unitree/navigation_ws/install/nav2_costmap_2d:/home/unitree/navigation_ws/install/nav2_voxel_grid:/home/unitree/navigation_ws/install/nav2_map_server:/home/unitree/navigation_ws/install/nav2_lifecycle_manager:/home/unitree/navigation_ws/install/nav2_bt_navigator:/home/unitree/navigation_ws/install/nav2_behavior_tree:/home/unitree/navigation_ws/install/nav2_amcl:/home/unitree/navigation_ws/install/loam_interface:/home/unitree/navigation_ws/install/fast_lio:/home/unitree/navigation_ws/install/livox_ros_driver2:/home/unitree/navigation_ws/install/linefit_ground_segmentation_ros:/home/unitree/navigation_ws/install/linefit_ground_segmentation:/home/unitree/navigation_ws/install/cmd_vel_processor:/home/unitree/navigation_ws/install/behaviortree_cpp:/home/unitree/cyclonedds_ws/install/rmw_cyclonedds_cpp:/home/unitree/cyclonedds_ws/install/cyclonedds:/opt/ros/foxy LD_LIBRARY_PATH=/home/unitree/navigation_ws/install/nav2_util/lib:/home/unitree/navigation_ws/install/nav2_msgs/lib:/home/unitree/navigation_ws/install/smac_planner/lib:/home/unitree/navigation_ws/install/rm_autonomy/lib:/home/unitree/navigation_ws/install/rm_autonomy_interfaces/lib:/home/unitree/navigation_ws/install/pointcloud_to_laserscan/lib:/home/unitree/navigation_ws/install/nav2_controller/lib:/home/unitree/navigation_ws/install/dwb_plugins/lib:/home/unitree/navigation_ws/install/dwb_critics/lib:/home/unitree/navigation_ws/install/dwb_core/lib:/home/unitree/navigation_ws/install/nav_2d_utils/lib:/home/unitree/navigation_ws/install/dwb_msgs/lib:/home/unitree/navigation_ws/install/nav_2d_msgs/lib:/home/unitree/navigation_ws/install/nav2_waypoint_follower/lib:/home/unitree/navigation_ws/install/nav2_regulated_pure_pursuit_controller/lib:/home/unitree/navigation_ws/install/nav2_recoveries/lib:/home/unitree/navigation_ws/install/nav2_planner/lib:/home/unitree/navigation_ws/install/nav2_navfn_planner/lib:/home/unitree/navigation_ws/install/costmap_queue/lib:/home/unitree/navigation_ws/install/nav2_costmap_2d/lib:/home/unitree/navigation_ws/install/nav2_voxel_grid/lib:/home/unitree/navigation_ws/install/nav2_map_server/lib:/home/unitree/navigation_ws/install/nav2_lifecycle_manager/lib:/home/unitree/navigation_ws/install/nav2_bt_navigator/lib:/home/unitree/navigation_ws/install/nav2_behavior_tree/lib:/home/unitree/navigation_ws/install/nav2_amcl/lib:/home/unitree/navigation_ws/install/loam_interface/lib:/home/unitree/navigation_ws/install/fast_lio/lib:/home/unitree/navigation_ws/install/livox_ros_driver2/lib:/home/unitree/navigation_ws/install/linefit_ground_segmentation/lib:/home/unitree/navigation_ws/install/behaviortree_cpp/lib:/usr/local/cuda-11.4/lib64:/usr/local/lib:/home/unitree/cyclonedds_ws/install/rmw_cyclonedds_cpp/lib:/home/unitree/cyclonedds_ws/install/cyclonedds/lib:/opt/ros/foxy/opt/yaml_cpp_vendor/lib:/opt/ros/foxy/opt/rviz_ogre_vendor/lib:/opt/ros/foxy/lib/aarch64-linux-gnu:/opt/ros/foxy/lib:/usr/local/cuda-11.4/lib64 PYTHONPATH=/home/unitree/navigation_ws/install/nav2_msgs/lib/python3.8/site-packages:/home/unitree/navigation_ws/install/nav2_common/lib/python3.8/site-packages:/home/unitree/navigation_ws/install/rm_autonomy_interfaces/lib/python3.8/site-packages:/home/unitree/navigation_ws/install/dwb_msgs/lib/python3.8/site-packages:/home/unitree/navigation_ws/install/nav_2d_msgs/lib/python3.8/site-packages:/home/unitree/navigation_ws/install/fast_lio/lib/python3.8/site-packages:/home/unitree/navigation_ws/install/livox_ros_driver2/lib/python3.8/site-packages:/opt/ros/foxy/lib/python3.8/site-packages /usr/bin/cmake --install /home/unitree/navigation_ws/build/nav2_amcl
[7.993s] Level 1:colcon.colcon_core.environment:create_environment_scripts_only(nav_2d_utils)
[7.994s] Level 1:colcon.colcon_core.environment:checking '/home/unitree/navigation_ws/install/nav_2d_utils' for CMake module files
[7.995s] Level 1:colcon.colcon_core.environment:checking '/home/unitree/navigation_ws/install/nav_2d_utils' for CMake config files
[7.996s] Level 1:colcon.colcon_core.shell:create_environment_hook('nav_2d_utils', 'cmake_prefix_path')
[7.996s] INFO:colcon.colcon_core.shell:Creating environment hook '/home/unitree/navigation_ws/install/nav_2d_utils/share/nav_2d_utils/hook/cmake_prefix_path.ps1'
[7.997s] INFO:colcon.colcon_core.shell:Creating environment descriptor '/home/unitree/navigation_ws/install/nav_2d_utils/share/nav_2d_utils/hook/cmake_prefix_path.dsv'
[7.998s] INFO:colcon.colcon_core.shell:Creating environment hook '/home/unitree/navigation_ws/install/nav_2d_utils/share/nav_2d_utils/hook/cmake_prefix_path.sh'
[7.999s] Level 1:colcon.colcon_core.environment:checking '/home/unitree/navigation_ws/install/nav_2d_utils/lib'
[7.999s] Level 1:colcon.colcon_core.shell:create_environment_hook('nav_2d_utils', 'ld_library_path_lib')
[8.000s] INFO:colcon.colcon_core.shell:Creating environment hook '/home/unitree/navigation_ws/install/nav_2d_utils/share/nav_2d_utils/hook/ld_library_path_lib.ps1'
[8.001s] INFO:colcon.colcon_core.shell:Creating environment descriptor '/home/unitree/navigation_ws/install/nav_2d_utils/share/nav_2d_utils/hook/ld_library_path_lib.dsv'
[8.002s] INFO:colcon.colcon_core.shell:Creating environment hook '/home/unitree/navigation_ws/install/nav_2d_utils/share/nav_2d_utils/hook/ld_library_path_lib.sh'
[8.003s] Level 1:colcon.colcon_core.environment:checking '/home/unitree/navigation_ws/install/nav_2d_utils/bin'
[8.003s] Level 1:colcon.colcon_core.environment:checking '/home/unitree/navigation_ws/install/nav_2d_utils/lib/pkgconfig/nav_2d_utils.pc'
[8.003s] Level 1:colcon.colcon_core.environment:checking '/home/unitree/navigation_ws/install/nav_2d_utils/lib/python3.8/site-packages'
[8.004s] Level 1:colcon.colcon_core.environment:checking '/home/unitree/navigation_ws/install/nav_2d_utils/bin'
[8.004s] INFO:colcon.colcon_core.shell:Creating package script '/home/unitree/navigation_ws/install/nav_2d_utils/share/nav_2d_utils/package.ps1'
[8.006s] INFO:colcon.colcon_core.shell:Creating package descriptor '/home/unitree/navigation_ws/install/nav_2d_utils/share/nav_2d_utils/package.dsv'
[8.006s] INFO:colcon.colcon_core.shell:Creating package script '/home/unitree/navigation_ws/install/nav_2d_utils/share/nav_2d_utils/package.sh'
[8.007s] INFO:colcon.colcon_core.shell:Creating package script '/home/unitree/navigation_ws/install/nav_2d_utils/share/nav_2d_utils/package.bash'
[8.008s] INFO:colcon.colcon_core.shell:Creating package script '/home/unitree/navigation_ws/install/nav_2d_utils/share/nav_2d_utils/package.zsh'
[8.009s] Level 1:colcon.colcon_core.environment:create_file_with_runtime_dependencies(/home/unitree/navigation_ws/install/nav_2d_utils/share/colcon-core/packages/nav_2d_utils)
[8.013s] Level 1:colcon.colcon_core.environment:create_environment_scripts_only(nav2_waypoint_follower)
[8.013s] Level 1:colcon.colcon_core.environment:checking '/home/unitree/navigation_ws/install/nav2_waypoint_follower' for CMake module files
[8.014s] Level 1:colcon.colcon_core.environment:checking '/home/unitree/navigation_ws/install/nav2_waypoint_follower' for CMake config files
[8.015s] Level 1:colcon.colcon_core.shell:create_environment_hook('nav2_waypoint_follower', 'cmake_prefix_path')
[8.015s] INFO:colcon.colcon_core.shell:Creating environment hook '/home/unitree/navigation_ws/install/nav2_waypoint_follower/share/nav2_waypoint_follower/hook/cmake_prefix_path.ps1'
[8.017s] INFO:colcon.colcon_core.shell:Creating environment descriptor '/home/unitree/navigation_ws/install/nav2_waypoint_follower/share/nav2_waypoint_follower/hook/cmake_prefix_path.dsv'
[8.018s] INFO:colcon.colcon_core.shell:Creating environment hook '/home/unitree/navigation_ws/install/nav2_waypoint_follower/share/nav2_waypoint_follower/hook/cmake_prefix_path.sh'
[8.022s] Level 1:colcon.colcon_core.environment:checking '/home/unitree/navigation_ws/install/nav2_waypoint_follower/lib'
[8.024s] Level 1:colcon.colcon_core.shell:create_environment_hook('nav2_waypoint_follower', 'ld_library_path_lib')
[8.024s] INFO:colcon.colcon_core.shell:Creating environment hook '/home/unitree/navigation_ws/install/nav2_waypoint_follower/share/nav2_waypoint_follower/hook/ld_library_path_lib.ps1'
[8.028s] INFO:colcon.colcon_core.shell:Creating environment descriptor '/home/unitree/navigation_ws/install/nav2_waypoint_follower/share/nav2_waypoint_follower/hook/ld_library_path_lib.dsv'
[8.029s] INFO:colcon.colcon_core.shell:Creating environment hook '/home/unitree/navigation_ws/install/nav2_waypoint_follower/share/nav2_waypoint_follower/hook/ld_library_path_lib.sh'
[8.030s] Level 1:colcon.colcon_core.environment:checking '/home/unitree/navigation_ws/install/nav2_waypoint_follower/bin'
[8.031s] Level 1:colcon.colcon_core.environment:checking '/home/unitree/navigation_ws/install/nav2_waypoint_follower/lib/pkgconfig/nav2_waypoint_follower.pc'
[8.031s] Level 1:colcon.colcon_core.environment:checking '/home/unitree/navigation_ws/install/nav2_waypoint_follower/lib/python3.8/site-packages'
[8.032s] Level 1:colcon.colcon_core.environment:checking '/home/unitree/navigation_ws/install/nav2_waypoint_follower/bin'
[8.033s] INFO:colcon.colcon_core.shell:Creating package script '/home/unitree/navigation_ws/install/nav2_waypoint_follower/share/nav2_waypoint_follower/package.ps1'
[8.034s] INFO:colcon.colcon_core.shell:Creating package descriptor '/home/unitree/navigation_ws/install/nav2_waypoint_follower/share/nav2_waypoint_follower/package.dsv'
[8.035s] INFO:colcon.colcon_core.shell:Creating package script '/home/unitree/navigation_ws/install/nav2_waypoint_follower/share/nav2_waypoint_follower/package.sh'
[8.036s] INFO:colcon.colcon_core.shell:Creating package script '/home/unitree/navigation_ws/install/nav2_waypoint_follower/share/nav2_waypoint_follower/package.bash'
[8.037s] INFO:colcon.colcon_core.shell:Creating package script '/home/unitree/navigation_ws/install/nav2_waypoint_follower/share/nav2_waypoint_follower/package.zsh'
[8.037s] Level 1:colcon.colcon_core.environment:create_file_with_runtime_dependencies(/home/unitree/navigation_ws/install/nav2_waypoint_follower/share/colcon-core/packages/nav2_waypoint_follower)
[8.062s] Level 1:colcon.colcon_core.environment:create_environment_scripts_only(nav2_amcl)
[8.064s] Level 1:colcon.colcon_core.environment:checking '/home/unitree/navigation_ws/install/nav2_amcl' for CMake module files
[8.063s] DEBUG:colcon.colcon_core.event_handler.log_command:Invoked command in '/home/unitree/navigation_ws/build/nav2_amcl' returned '0': CMAKE_PREFIX_PATH=/home/unitree/navigation_ws/install/nav2_util:/home/unitree/navigation_ws/install/nav2_msgs:/home/unitree/navigation_ws/install/nav2_common:/home/unitree/navigation_ws/install/nav2_bringup:/home/unitree/navigation_ws/install/navigation2:/home/unitree/navigation_ws/install/smac_planner:/home/unitree/navigation_ws/install/rm_autonomy:/home/unitree/navigation_ws/install/rm_autonomy_interfaces:/home/unitree/navigation_ws/install/bringup:/home/unitree/navigation_ws/install/pointcloud_to_laserscan:/home/unitree/navigation_ws/install/nav2_dwb_controller:/home/unitree/navigation_ws/install/nav2_controller:/home/unitree/navigation_ws/install/dwb_plugins:/home/unitree/navigation_ws/install/dwb_critics:/home/unitree/navigation_ws/install/dwb_core:/home/unitree/navigation_ws/install/nav_2d_utils:/home/unitree/navigation_ws/install/dwb_msgs:/home/unitree/navigation_ws/install/nav_2d_msgs:/home/unitree/navigation_ws/install/nav2_waypoint_follower:/home/unitree/navigation_ws/install/nav2_regulated_pure_pursuit_controller:/home/unitree/navigation_ws/install/nav2_recoveries:/home/unitree/navigation_ws/install/nav2_planner:/home/unitree/navigation_ws/install/nav2_navfn_planner:/home/unitree/navigation_ws/install/nav2_core:/home/unitree/navigation_ws/install/costmap_queue:/home/unitree/navigation_ws/install/nav2_costmap_2d:/home/unitree/navigation_ws/install/nav2_voxel_grid:/home/unitree/navigation_ws/install/nav2_map_server:/home/unitree/navigation_ws/install/nav2_lifecycle_manager:/home/unitree/navigation_ws/install/nav2_bt_navigator:/home/unitree/navigation_ws/install/nav2_behavior_tree:/home/unitree/navigation_ws/install/nav2_amcl:/home/unitree/navigation_ws/install/loam_interface:/home/unitree/navigation_ws/install/fast_lio:/home/unitree/navigation_ws/install/livox_ros_driver2:/home/unitree/navigation_ws/install/linefit_ground_segmentation_ros:/home/unitree/navigation_ws/install/linefit_ground_segmentation:/home/unitree/navigation_ws/install/cmd_vel_processor:/home/unitree/navigation_ws/install/behaviortree_cpp:/home/unitree/cyclonedds_ws/install/rmw_cyclonedds_cpp:/home/unitree/cyclonedds_ws/install/cyclonedds:/opt/ros/foxy LD_LIBRARY_PATH=/home/unitree/navigation_ws/install/nav2_util/lib:/home/unitree/navigation_ws/install/nav2_msgs/lib:/home/unitree/navigation_ws/install/smac_planner/lib:/home/unitree/navigation_ws/install/rm_autonomy/lib:/home/unitree/navigation_ws/install/rm_autonomy_interfaces/lib:/home/unitree/navigation_ws/install/pointcloud_to_laserscan/lib:/home/unitree/navigation_ws/install/nav2_controller/lib:/home/unitree/navigation_ws/install/dwb_plugins/lib:/home/unitree/navigation_ws/install/dwb_critics/lib:/home/unitree/navigation_ws/install/dwb_core/lib:/home/unitree/navigation_ws/install/nav_2d_utils/lib:/home/unitree/navigation_ws/install/dwb_msgs/lib:/home/unitree/navigation_ws/install/nav_2d_msgs/lib:/home/unitree/navigation_ws/install/nav2_waypoint_follower/lib:/home/unitree/navigation_ws/install/nav2_regulated_pure_pursuit_controller/lib:/home/unitree/navigation_ws/install/nav2_recoveries/lib:/home/unitree/navigation_ws/install/nav2_planner/lib:/home/unitree/navigation_ws/install/nav2_navfn_planner/lib:/home/unitree/navigation_ws/install/costmap_queue/lib:/home/unitree/navigation_ws/install/nav2_costmap_2d/lib:/home/unitree/navigation_ws/install/nav2_voxel_grid/lib:/home/unitree/navigation_ws/install/nav2_map_server/lib:/home/unitree/navigation_ws/install/nav2_lifecycle_manager/lib:/home/unitree/navigation_ws/install/nav2_bt_navigator/lib:/home/unitree/navigation_ws/install/nav2_behavior_tree/lib:/home/unitree/navigation_ws/install/nav2_amcl/lib:/home/unitree/navigation_ws/install/loam_interface/lib:/home/unitree/navigation_ws/install/fast_lio/lib:/home/unitree/navigation_ws/install/livox_ros_driver2/lib:/home/unitree/navigation_ws/install/linefit_ground_segmentation/lib:/home/unitree/navigation_ws/install/behaviortree_cpp/lib:/usr/local/cuda-11.4/lib64:/usr/local/lib:/home/unitree/cyclonedds_ws/install/rmw_cyclonedds_cpp/lib:/home/unitree/cyclonedds_ws/install/cyclonedds/lib:/opt/ros/foxy/opt/yaml_cpp_vendor/lib:/opt/ros/foxy/opt/rviz_ogre_vendor/lib:/opt/ros/foxy/lib/aarch64-linux-gnu:/opt/ros/foxy/lib:/usr/local/cuda-11.4/lib64 PYTHONPATH=/home/unitree/navigation_ws/install/nav2_msgs/lib/python3.8/site-packages:/home/unitree/navigation_ws/install/nav2_common/lib/python3.8/site-packages:/home/unitree/navigation_ws/install/rm_autonomy_interfaces/lib/python3.8/site-packages:/home/unitree/navigation_ws/install/dwb_msgs/lib/python3.8/site-packages:/home/unitree/navigation_ws/install/nav_2d_msgs/lib/python3.8/site-packages:/home/unitree/navigation_ws/install/fast_lio/lib/python3.8/site-packages:/home/unitree/navigation_ws/install/livox_ros_driver2/lib/python3.8/site-packages:/opt/ros/foxy/lib/python3.8/site-packages /usr/bin/cmake --install /home/unitree/navigation_ws/build/nav2_amcl
[8.065s] Level 1:colcon.colcon_core.environment:checking '/home/unitree/navigation_ws/install/nav2_amcl' for CMake config files
[8.066s] Level 1:colcon.colcon_core.shell:create_environment_hook('nav2_amcl', 'cmake_prefix_path')
[8.066s] INFO:colcon.colcon_core.shell:Creating environment hook '/home/unitree/navigation_ws/install/nav2_amcl/share/nav2_amcl/hook/cmake_prefix_path.ps1'
[8.068s] INFO:colcon.colcon_core.shell:Creating environment descriptor '/home/unitree/navigation_ws/install/nav2_amcl/share/nav2_amcl/hook/cmake_prefix_path.dsv'
[8.069s] INFO:colcon.colcon_core.shell:Creating environment hook '/home/unitree/navigation_ws/install/nav2_amcl/share/nav2_amcl/hook/cmake_prefix_path.sh'
[8.070s] Level 1:colcon.colcon_core.environment:checking '/home/unitree/navigation_ws/install/nav2_amcl/lib'
[8.070s] Level 1:colcon.colcon_core.shell:create_environment_hook('nav2_amcl', 'ld_library_path_lib')
[8.070s] INFO:colcon.colcon_core.shell:Creating environment hook '/home/unitree/navigation_ws/install/nav2_amcl/share/nav2_amcl/hook/ld_library_path_lib.ps1'
[8.071s] INFO:colcon.colcon_core.shell:Creating environment descriptor '/home/unitree/navigation_ws/install/nav2_amcl/share/nav2_amcl/hook/ld_library_path_lib.dsv'
[8.071s] INFO:colcon.colcon_core.shell:Creating environment hook '/home/unitree/navigation_ws/install/nav2_amcl/share/nav2_amcl/hook/ld_library_path_lib.sh'
[8.072s] Level 1:colcon.colcon_core.environment:checking '/home/unitree/navigation_ws/install/nav2_amcl/bin'
[8.072s] Level 1:colcon.colcon_core.environment:checking '/home/unitree/navigation_ws/install/nav2_amcl/lib/pkgconfig/nav2_amcl.pc'
[8.072s] Level 1:colcon.colcon_core.environment:checking '/home/unitree/navigation_ws/install/nav2_amcl/lib/python3.8/site-packages'
[8.072s] Level 1:colcon.colcon_core.environment:checking '/home/unitree/navigation_ws/install/nav2_amcl/bin'
[8.073s] INFO:colcon.colcon_core.shell:Creating package script '/home/unitree/navigation_ws/install/nav2_amcl/share/nav2_amcl/package.ps1'
[8.074s] INFO:colcon.colcon_core.shell:Creating package descriptor '/home/unitree/navigation_ws/install/nav2_amcl/share/nav2_amcl/package.dsv'
[8.075s] INFO:colcon.colcon_core.shell:Creating package script '/home/unitree/navigation_ws/install/nav2_amcl/share/nav2_amcl/package.sh'
[8.075s] INFO:colcon.colcon_core.shell:Creating package script '/home/unitree/navigation_ws/install/nav2_amcl/share/nav2_amcl/package.bash'
[8.076s] INFO:colcon.colcon_core.shell:Creating package script '/home/unitree/navigation_ws/install/nav2_amcl/share/nav2_amcl/package.zsh'
[8.076s] Level 1:colcon.colcon_core.environment:create_file_with_runtime_dependencies(/home/unitree/navigation_ws/install/nav2_amcl/share/colcon-core/packages/nav2_amcl)
[8.104s] Level 1:colcon.colcon_core.environment:create_environment_scripts_only(nav2_map_server)
[8.105s] Level 1:colcon.colcon_core.environment:checking '/home/unitree/navigation_ws/install/nav2_map_server' for CMake module files
[8.106s] Level 1:colcon.colcon_core.environment:checking '/home/unitree/navigation_ws/install/nav2_map_server' for CMake config files
[8.107s] Level 1:colcon.colcon_core.shell:create_environment_hook('nav2_map_server', 'cmake_prefix_path')
[8.107s] INFO:colcon.colcon_core.shell:Creating environment hook '/home/unitree/navigation_ws/install/nav2_map_server/share/nav2_map_server/hook/cmake_prefix_path.ps1'
[8.108s] INFO:colcon.colcon_core.shell:Creating environment descriptor '/home/unitree/navigation_ws/install/nav2_map_server/share/nav2_map_server/hook/cmake_prefix_path.dsv'
[8.109s] INFO:colcon.colcon_core.shell:Creating environment hook '/home/unitree/navigation_ws/install/nav2_map_server/share/nav2_map_server/hook/cmake_prefix_path.sh'
[8.110s] Level 1:colcon.colcon_core.environment:checking '/home/unitree/navigation_ws/install/nav2_map_server/lib'
[8.110s] Level 1:colcon.colcon_core.shell:create_environment_hook('nav2_map_server', 'ld_library_path_lib')
[8.111s] INFO:colcon.colcon_core.shell:Creating environment hook '/home/unitree/navigation_ws/install/nav2_map_server/share/nav2_map_server/hook/ld_library_path_lib.ps1'
[8.111s] INFO:colcon.colcon_core.shell:Creating environment descriptor '/home/unitree/navigation_ws/install/nav2_map_server/share/nav2_map_server/hook/ld_library_path_lib.dsv'
[8.112s] INFO:colcon.colcon_core.shell:Creating environment hook '/home/unitree/navigation_ws/install/nav2_map_server/share/nav2_map_server/hook/ld_library_path_lib.sh'
[8.112s] Level 1:colcon.colcon_core.environment:checking '/home/unitree/navigation_ws/install/nav2_map_server/bin'
[8.112s] Level 1:colcon.colcon_core.environment:checking '/home/unitree/navigation_ws/install/nav2_map_server/lib/pkgconfig/nav2_map_server.pc'
[8.113s] Level 1:colcon.colcon_core.environment:checking '/home/unitree/navigation_ws/install/nav2_map_server/lib/python3.8/site-packages'
[8.113s] Level 1:colcon.colcon_core.environment:checking '/home/unitree/navigation_ws/install/nav2_map_server/bin'
[8.114s] INFO:colcon.colcon_core.shell:Creating package script '/home/unitree/navigation_ws/install/nav2_map_server/share/nav2_map_server/package.ps1'
[8.115s] INFO:colcon.colcon_core.shell:Creating package descriptor '/home/unitree/navigation_ws/install/nav2_map_server/share/nav2_map_server/package.dsv'
[8.115s] INFO:colcon.colcon_core.shell:Creating package script '/home/unitree/navigation_ws/install/nav2_map_server/share/nav2_map_server/package.sh'
[8.116s] INFO:colcon.colcon_core.shell:Creating package script '/home/unitree/navigation_ws/install/nav2_map_server/share/nav2_map_server/package.bash'
[8.117s] INFO:colcon.colcon_core.shell:Creating package script '/home/unitree/navigation_ws/install/nav2_map_server/share/nav2_map_server/package.zsh'
[8.117s] Level 1:colcon.colcon_core.environment:create_file_with_runtime_dependencies(/home/unitree/navigation_ws/install/nav2_map_server/share/colcon-core/packages/nav2_map_server)
[8.119s] INFO:colcon.colcon_ros.task.ament_cmake.build:Building ROS package in '/home/unitree/navigation_ws/src/navigation2/nav2_costmap_2d' with build type 'ament_cmake'
[8.119s] INFO:colcon.colcon_cmake.task.cmake.build:Building CMake package in '/home/unitree/navigation_ws/src/navigation2/nav2_costmap_2d'
[8.120s] INFO:colcon.colcon_core.shell:Skip shell extension 'powershell' for command environment: Not usable outside of PowerShell
[8.120s] DEBUG:colcon.colcon_core.shell:Skip shell extension 'dsv' for command environment
[8.139s] DEBUG:colcon.colcon_core.event_handler.log_command:Invoked command in '/home/unitree/navigation_ws/build/nav2_behavior_tree' returned '0': CMAKE_PREFIX_PATH=/home/unitree/navigation_ws/install/nav2_util:/home/unitree/navigation_ws/install/nav2_msgs:/home/unitree/navigation_ws/install/nav2_common:/home/unitree/navigation_ws/install/nav2_bringup:/home/unitree/navigation_ws/install/navigation2:/home/unitree/navigation_ws/install/smac_planner:/home/unitree/navigation_ws/install/rm_autonomy:/home/unitree/navigation_ws/install/rm_autonomy_interfaces:/home/unitree/navigation_ws/install/bringup:/home/unitree/navigation_ws/install/pointcloud_to_laserscan:/home/unitree/navigation_ws/install/nav2_dwb_controller:/home/unitree/navigation_ws/install/nav2_controller:/home/unitree/navigation_ws/install/dwb_plugins:/home/unitree/navigation_ws/install/dwb_critics:/home/unitree/navigation_ws/install/dwb_core:/home/unitree/navigation_ws/install/nav_2d_utils:/home/unitree/navigation_ws/install/dwb_msgs:/home/unitree/navigation_ws/install/nav_2d_msgs:/home/unitree/navigation_ws/install/nav2_waypoint_follower:/home/unitree/navigation_ws/install/nav2_regulated_pure_pursuit_controller:/home/unitree/navigation_ws/install/nav2_recoveries:/home/unitree/navigation_ws/install/nav2_planner:/home/unitree/navigation_ws/install/nav2_navfn_planner:/home/unitree/navigation_ws/install/nav2_core:/home/unitree/navigation_ws/install/costmap_queue:/home/unitree/navigation_ws/install/nav2_costmap_2d:/home/unitree/navigation_ws/install/nav2_voxel_grid:/home/unitree/navigation_ws/install/nav2_map_server:/home/unitree/navigation_ws/install/nav2_lifecycle_manager:/home/unitree/navigation_ws/install/nav2_bt_navigator:/home/unitree/navigation_ws/install/nav2_behavior_tree:/home/unitree/navigation_ws/install/nav2_amcl:/home/unitree/navigation_ws/install/loam_interface:/home/unitree/navigation_ws/install/fast_lio:/home/unitree/navigation_ws/install/livox_ros_driver2:/home/unitree/navigation_ws/install/linefit_ground_segmentation_ros:/home/unitree/navigation_ws/install/linefit_ground_segmentation:/home/unitree/navigation_ws/install/cmd_vel_processor:/home/unitree/navigation_ws/install/behaviortree_cpp:/home/unitree/cyclonedds_ws/install/rmw_cyclonedds_cpp:/home/unitree/cyclonedds_ws/install/cyclonedds:/opt/ros/foxy LD_LIBRARY_PATH=/home/unitree/navigation_ws/install/nav2_util/lib:/home/unitree/navigation_ws/install/nav2_msgs/lib:/home/unitree/navigation_ws/install/smac_planner/lib:/home/unitree/navigation_ws/install/rm_autonomy/lib:/home/unitree/navigation_ws/install/rm_autonomy_interfaces/lib:/home/unitree/navigation_ws/install/pointcloud_to_laserscan/lib:/home/unitree/navigation_ws/install/nav2_controller/lib:/home/unitree/navigation_ws/install/dwb_plugins/lib:/home/unitree/navigation_ws/install/dwb_critics/lib:/home/unitree/navigation_ws/install/dwb_core/lib:/home/unitree/navigation_ws/install/nav_2d_utils/lib:/home/unitree/navigation_ws/install/dwb_msgs/lib:/home/unitree/navigation_ws/install/nav_2d_msgs/lib:/home/unitree/navigation_ws/install/nav2_waypoint_follower/lib:/home/unitree/navigation_ws/install/nav2_regulated_pure_pursuit_controller/lib:/home/unitree/navigation_ws/install/nav2_recoveries/lib:/home/unitree/navigation_ws/install/nav2_planner/lib:/home/unitree/navigation_ws/install/nav2_navfn_planner/lib:/home/unitree/navigation_ws/install/costmap_queue/lib:/home/unitree/navigation_ws/install/nav2_costmap_2d/lib:/home/unitree/navigation_ws/install/nav2_voxel_grid/lib:/home/unitree/navigation_ws/install/nav2_map_server/lib:/home/unitree/navigation_ws/install/nav2_lifecycle_manager/lib:/home/unitree/navigation_ws/install/nav2_bt_navigator/lib:/home/unitree/navigation_ws/install/nav2_behavior_tree/lib:/home/unitree/navigation_ws/install/nav2_amcl/lib:/home/unitree/navigation_ws/install/loam_interface/lib:/home/unitree/navigation_ws/install/fast_lio/lib:/home/unitree/navigation_ws/install/livox_ros_driver2/lib:/home/unitree/navigation_ws/install/linefit_ground_segmentation/lib:/home/unitree/navigation_ws/install/behaviortree_cpp/lib:/usr/local/cuda-11.4/lib64:/usr/local/lib:/home/unitree/cyclonedds_ws/install/rmw_cyclonedds_cpp/lib:/home/unitree/cyclonedds_ws/install/cyclonedds/lib:/opt/ros/foxy/opt/yaml_cpp_vendor/lib:/opt/ros/foxy/opt/rviz_ogre_vendor/lib:/opt/ros/foxy/lib/aarch64-linux-gnu:/opt/ros/foxy/lib:/usr/local/cuda-11.4/lib64 PYTHONPATH=/home/unitree/navigation_ws/install/nav2_msgs/lib/python3.8/site-packages:/home/unitree/navigation_ws/install/nav2_common/lib/python3.8/site-packages:/home/unitree/navigation_ws/install/rm_autonomy_interfaces/lib/python3.8/site-packages:/home/unitree/navigation_ws/install/dwb_msgs/lib/python3.8/site-packages:/home/unitree/navigation_ws/install/nav_2d_msgs/lib/python3.8/site-packages:/home/unitree/navigation_ws/install/fast_lio/lib/python3.8/site-packages:/home/unitree/navigation_ws/install/livox_ros_driver2/lib/python3.8/site-packages:/opt/ros/foxy/lib/python3.8/site-packages /usr/bin/cmake --build /home/unitree/navigation_ws/build/nav2_behavior_tree -- -j8 -l8
[8.165s] Level 1:colcon.colcon_core.environment:create_environment_scripts_only(nav2_amcl)
[8.166s] Level 1:colcon.colcon_core.environment:checking '/home/unitree/navigation_ws/install/nav2_amcl' for CMake module files
[8.166s] Level 1:colcon.colcon_core.environment:checking '/home/unitree/navigation_ws/install/nav2_amcl' for CMake config files
[8.167s] Level 1:colcon.colcon_core.shell:create_environment_hook('nav2_amcl', 'cmake_prefix_path')
[8.168s] INFO:colcon.colcon_core.shell:Creating environment hook '/home/unitree/navigation_ws/install/nav2_amcl/share/nav2_amcl/hook/cmake_prefix_path.ps1'
[8.169s] INFO:colcon.colcon_core.shell:Creating environment descriptor '/home/unitree/navigation_ws/install/nav2_amcl/share/nav2_amcl/hook/cmake_prefix_path.dsv'
[8.170s] INFO:colcon.colcon_core.shell:Creating environment hook '/home/unitree/navigation_ws/install/nav2_amcl/share/nav2_amcl/hook/cmake_prefix_path.sh'
[8.171s] Level 1:colcon.colcon_core.environment:checking '/home/unitree/navigation_ws/install/nav2_amcl/lib'
[8.171s] Level 1:colcon.colcon_core.shell:create_environment_hook('nav2_amcl', 'ld_library_path_lib')
[8.171s] INFO:colcon.colcon_core.shell:Creating environment hook '/home/unitree/navigation_ws/install/nav2_amcl/share/nav2_amcl/hook/ld_library_path_lib.ps1'
[8.172s] INFO:colcon.colcon_core.shell:Creating environment descriptor '/home/unitree/navigation_ws/install/nav2_amcl/share/nav2_amcl/hook/ld_library_path_lib.dsv'
[8.172s] INFO:colcon.colcon_core.shell:Creating environment hook '/home/unitree/navigation_ws/install/nav2_amcl/share/nav2_amcl/hook/ld_library_path_lib.sh'
[8.173s] Level 1:colcon.colcon_core.environment:checking '/home/unitree/navigation_ws/install/nav2_amcl/bin'
[8.173s] Level 1:colcon.colcon_core.environment:checking '/home/unitree/navigation_ws/install/nav2_amcl/lib/pkgconfig/nav2_amcl.pc'
[8.173s] Level 1:colcon.colcon_core.environment:checking '/home/unitree/navigation_ws/install/nav2_amcl/lib/python3.8/site-packages'
[8.173s] Level 1:colcon.colcon_core.environment:checking '/home/unitree/navigation_ws/install/nav2_amcl/bin'
[8.174s] INFO:colcon.colcon_core.shell:Creating package script '/home/unitree/navigation_ws/install/nav2_amcl/share/nav2_amcl/package.ps1'
[8.175s] INFO:colcon.colcon_core.shell:Creating package descriptor '/home/unitree/navigation_ws/install/nav2_amcl/share/nav2_amcl/package.dsv'
[8.176s] INFO:colcon.colcon_core.shell:Creating package script '/home/unitree/navigation_ws/install/nav2_amcl/share/nav2_amcl/package.sh'
[8.176s] INFO:colcon.colcon_core.shell:Creating package script '/home/unitree/navigation_ws/install/nav2_amcl/share/nav2_amcl/package.bash'
[8.177s] INFO:colcon.colcon_core.shell:Creating package script '/home/unitree/navigation_ws/install/nav2_amcl/share/nav2_amcl/package.zsh'
[8.177s] Level 1:colcon.colcon_core.environment:create_file_with_runtime_dependencies(/home/unitree/navigation_ws/install/nav2_amcl/share/colcon-core/packages/nav2_amcl)
[8.189s] DEBUG:colcon.colcon_core.event_handler.log_command:Invoking command in '/home/unitree/navigation_ws/build/nav2_costmap_2d': CMAKE_PREFIX_PATH=/home/unitree/navigation_ws/install/nav2_map_server:/home/unitree/navigation_ws/install/nav2_lifecycle_manager:/home/unitree/navigation_ws/install/nav2_util:/home/unitree/navigation_ws/install/nav2_voxel_grid:/home/unitree/navigation_ws/install/nav2_msgs:/home/unitree/navigation_ws/install/nav2_common:/home/unitree/navigation_ws/install/nav2_bringup:/home/unitree/navigation_ws/install/navigation2:/home/unitree/navigation_ws/install/smac_planner:/home/unitree/navigation_ws/install/rm_autonomy:/home/unitree/navigation_ws/install/rm_autonomy_interfaces:/home/unitree/navigation_ws/install/bringup:/home/unitree/navigation_ws/install/pointcloud_to_laserscan:/home/unitree/navigation_ws/install/nav2_dwb_controller:/home/unitree/navigation_ws/install/nav2_controller:/home/unitree/navigation_ws/install/dwb_plugins:/home/unitree/navigation_ws/install/dwb_critics:/home/unitree/navigation_ws/install/dwb_core:/home/unitree/navigation_ws/install/nav_2d_utils:/home/unitree/navigation_ws/install/dwb_msgs:/home/unitree/navigation_ws/install/nav_2d_msgs:/home/unitree/navigation_ws/install/nav2_waypoint_follower:/home/unitree/navigation_ws/install/nav2_regulated_pure_pursuit_controller:/home/unitree/navigation_ws/install/nav2_recoveries:/home/unitree/navigation_ws/install/nav2_planner:/home/unitree/navigation_ws/install/nav2_navfn_planner:/home/unitree/navigation_ws/install/nav2_core:/home/unitree/navigation_ws/install/costmap_queue:/home/unitree/navigation_ws/install/nav2_costmap_2d:/home/unitree/navigation_ws/install/nav2_bt_navigator:/home/unitree/navigation_ws/install/nav2_behavior_tree:/home/unitree/navigation_ws/install/nav2_amcl:/home/unitree/navigation_ws/install/loam_interface:/home/unitree/navigation_ws/install/fast_lio:/home/unitree/navigation_ws/install/livox_ros_driver2:/home/unitree/navigation_ws/install/linefit_ground_segmentation_ros:/home/unitree/navigation_ws/install/linefit_ground_segmentation:/home/unitree/navigation_ws/install/cmd_vel_processor:/home/unitree/navigation_ws/install/behaviortree_cpp:/home/unitree/cyclonedds_ws/install/rmw_cyclonedds_cpp:/home/unitree/cyclonedds_ws/install/cyclonedds:/opt/ros/foxy LD_LIBRARY_PATH=/home/unitree/navigation_ws/install/nav2_map_server/lib:/home/unitree/navigation_ws/install/nav2_lifecycle_manager/lib:/home/unitree/navigation_ws/install/nav2_util/lib:/home/unitree/navigation_ws/install/nav2_voxel_grid/lib:/home/unitree/navigation_ws/install/nav2_msgs/lib:/home/unitree/navigation_ws/install/smac_planner/lib:/home/unitree/navigation_ws/install/rm_autonomy/lib:/home/unitree/navigation_ws/install/rm_autonomy_interfaces/lib:/home/unitree/navigation_ws/install/pointcloud_to_laserscan/lib:/home/unitree/navigation_ws/install/nav2_controller/lib:/home/unitree/navigation_ws/install/dwb_plugins/lib:/home/unitree/navigation_ws/install/dwb_critics/lib:/home/unitree/navigation_ws/install/dwb_core/lib:/home/unitree/navigation_ws/install/nav_2d_utils/lib:/home/unitree/navigation_ws/install/dwb_msgs/lib:/home/unitree/navigation_ws/install/nav_2d_msgs/lib:/home/unitree/navigation_ws/install/nav2_waypoint_follower/lib:/home/unitree/navigation_ws/install/nav2_regulated_pure_pursuit_controller/lib:/home/unitree/navigation_ws/install/nav2_recoveries/lib:/home/unitree/navigation_ws/install/nav2_planner/lib:/home/unitree/navigation_ws/install/nav2_navfn_planner/lib:/home/unitree/navigation_ws/install/costmap_queue/lib:/home/unitree/navigation_ws/install/nav2_costmap_2d/lib:/home/unitree/navigation_ws/install/nav2_bt_navigator/lib:/home/unitree/navigation_ws/install/nav2_behavior_tree/lib:/home/unitree/navigation_ws/install/nav2_amcl/lib:/home/unitree/navigation_ws/install/loam_interface/lib:/home/unitree/navigation_ws/install/fast_lio/lib:/home/unitree/navigation_ws/install/livox_ros_driver2/lib:/home/unitree/navigation_ws/install/linefit_ground_segmentation/lib:/home/unitree/navigation_ws/install/behaviortree_cpp/lib:/usr/local/cuda-11.4/lib64:/usr/local/lib:/home/unitree/cyclonedds_ws/install/rmw_cyclonedds_cpp/lib:/home/unitree/cyclonedds_ws/install/cyclonedds/lib:/opt/ros/foxy/opt/yaml_cpp_vendor/lib:/opt/ros/foxy/opt/rviz_ogre_vendor/lib:/opt/ros/foxy/lib/aarch64-linux-gnu:/opt/ros/foxy/lib:/usr/local/cuda-11.4/lib64 PYTHONPATH=/home/unitree/navigation_ws/install/nav2_msgs/lib/python3.8/site-packages:/home/unitree/navigation_ws/install/nav2_common/lib/python3.8/site-packages:/home/unitree/navigation_ws/install/rm_autonomy_interfaces/lib/python3.8/site-packages:/home/unitree/navigation_ws/install/dwb_msgs/lib/python3.8/site-packages:/home/unitree/navigation_ws/install/nav_2d_msgs/lib/python3.8/site-packages:/home/unitree/navigation_ws/install/fast_lio/lib/python3.8/site-packages:/home/unitree/navigation_ws/install/livox_ros_driver2/lib/python3.8/site-packages:/opt/ros/foxy/lib/python3.8/site-packages /usr/bin/cmake --build /home/unitree/navigation_ws/build/nav2_costmap_2d -- -j8 -l8
[8.480s] DEBUG:colcon.colcon_core.event_handler.log_command:Invoking command in '/home/unitree/navigation_ws/build/nav2_behavior_tree': CMAKE_PREFIX_PATH=/home/unitree/navigation_ws/install/nav2_util:/home/unitree/navigation_ws/install/nav2_msgs:/home/unitree/navigation_ws/install/nav2_common:/home/unitree/navigation_ws/install/nav2_bringup:/home/unitree/navigation_ws/install/navigation2:/home/unitree/navigation_ws/install/smac_planner:/home/unitree/navigation_ws/install/rm_autonomy:/home/unitree/navigation_ws/install/rm_autonomy_interfaces:/home/unitree/navigation_ws/install/bringup:/home/unitree/navigation_ws/install/pointcloud_to_laserscan:/home/unitree/navigation_ws/install/nav2_dwb_controller:/home/unitree/navigation_ws/install/nav2_controller:/home/unitree/navigation_ws/install/dwb_plugins:/home/unitree/navigation_ws/install/dwb_critics:/home/unitree/navigation_ws/install/dwb_core:/home/unitree/navigation_ws/install/nav_2d_utils:/home/unitree/navigation_ws/install/dwb_msgs:/home/unitree/navigation_ws/install/nav_2d_msgs:/home/unitree/navigation_ws/install/nav2_waypoint_follower:/home/unitree/navigation_ws/install/nav2_regulated_pure_pursuit_controller:/home/unitree/navigation_ws/install/nav2_recoveries:/home/unitree/navigation_ws/install/nav2_planner:/home/unitree/navigation_ws/install/nav2_navfn_planner:/home/unitree/navigation_ws/install/nav2_core:/home/unitree/navigation_ws/install/costmap_queue:/home/unitree/navigation_ws/install/nav2_costmap_2d:/home/unitree/navigation_ws/install/nav2_voxel_grid:/home/unitree/navigation_ws/install/nav2_map_server:/home/unitree/navigation_ws/install/nav2_lifecycle_manager:/home/unitree/navigation_ws/install/nav2_bt_navigator:/home/unitree/navigation_ws/install/nav2_behavior_tree:/home/unitree/navigation_ws/install/nav2_amcl:/home/unitree/navigation_ws/install/loam_interface:/home/unitree/navigation_ws/install/fast_lio:/home/unitree/navigation_ws/install/livox_ros_driver2:/home/unitree/navigation_ws/install/linefit_ground_segmentation_ros:/home/unitree/navigation_ws/install/linefit_ground_segmentation:/home/unitree/navigation_ws/install/cmd_vel_processor:/home/unitree/navigation_ws/install/behaviortree_cpp:/home/unitree/cyclonedds_ws/install/rmw_cyclonedds_cpp:/home/unitree/cyclonedds_ws/install/cyclonedds:/opt/ros/foxy LD_LIBRARY_PATH=/home/unitree/navigation_ws/install/nav2_util/lib:/home/unitree/navigation_ws/install/nav2_msgs/lib:/home/unitree/navigation_ws/install/smac_planner/lib:/home/unitree/navigation_ws/install/rm_autonomy/lib:/home/unitree/navigation_ws/install/rm_autonomy_interfaces/lib:/home/unitree/navigation_ws/install/pointcloud_to_laserscan/lib:/home/unitree/navigation_ws/install/nav2_controller/lib:/home/unitree/navigation_ws/install/dwb_plugins/lib:/home/unitree/navigation_ws/install/dwb_critics/lib:/home/unitree/navigation_ws/install/dwb_core/lib:/home/unitree/navigation_ws/install/nav_2d_utils/lib:/home/unitree/navigation_ws/install/dwb_msgs/lib:/home/unitree/navigation_ws/install/nav_2d_msgs/lib:/home/unitree/navigation_ws/install/nav2_waypoint_follower/lib:/home/unitree/navigation_ws/install/nav2_regulated_pure_pursuit_controller/lib:/home/unitree/navigation_ws/install/nav2_recoveries/lib:/home/unitree/navigation_ws/install/nav2_planner/lib:/home/unitree/navigation_ws/install/nav2_navfn_planner/lib:/home/unitree/navigation_ws/install/costmap_queue/lib:/home/unitree/navigation_ws/install/nav2_costmap_2d/lib:/home/unitree/navigation_ws/install/nav2_voxel_grid/lib:/home/unitree/navigation_ws/install/nav2_map_server/lib:/home/unitree/navigation_ws/install/nav2_lifecycle_manager/lib:/home/unitree/navigation_ws/install/nav2_bt_navigator/lib:/home/unitree/navigation_ws/install/nav2_behavior_tree/lib:/home/unitree/navigation_ws/install/nav2_amcl/lib:/home/unitree/navigation_ws/install/loam_interface/lib:/home/unitree/navigation_ws/install/fast_lio/lib:/home/unitree/navigation_ws/install/livox_ros_driver2/lib:/home/unitree/navigation_ws/install/linefit_ground_segmentation/lib:/home/unitree/navigation_ws/install/behaviortree_cpp/lib:/usr/local/cuda-11.4/lib64:/usr/local/lib:/home/unitree/cyclonedds_ws/install/rmw_cyclonedds_cpp/lib:/home/unitree/cyclonedds_ws/install/cyclonedds/lib:/opt/ros/foxy/opt/yaml_cpp_vendor/lib:/opt/ros/foxy/opt/rviz_ogre_vendor/lib:/opt/ros/foxy/lib/aarch64-linux-gnu:/opt/ros/foxy/lib:/usr/local/cuda-11.4/lib64 PYTHONPATH=/home/unitree/navigation_ws/install/nav2_msgs/lib/python3.8/site-packages:/home/unitree/navigation_ws/install/nav2_common/lib/python3.8/site-packages:/home/unitree/navigation_ws/install/rm_autonomy_interfaces/lib/python3.8/site-packages:/home/unitree/navigation_ws/install/dwb_msgs/lib/python3.8/site-packages:/home/unitree/navigation_ws/install/nav_2d_msgs/lib/python3.8/site-packages:/home/unitree/navigation_ws/install/fast_lio/lib/python3.8/site-packages:/home/unitree/navigation_ws/install/livox_ros_driver2/lib/python3.8/site-packages:/opt/ros/foxy/lib/python3.8/site-packages /usr/bin/cmake --install /home/unitree/navigation_ws/build/nav2_behavior_tree
[8.565s] Level 1:colcon.colcon_core.environment:create_environment_scripts_only(nav2_behavior_tree)
[8.566s] Level 1:colcon.colcon_core.environment:checking '/home/unitree/navigation_ws/install/nav2_behavior_tree' for CMake module files
[8.567s] DEBUG:colcon.colcon_core.event_handler.log_command:Invoked command in '/home/unitree/navigation_ws/build/nav2_behavior_tree' returned '0': CMAKE_PREFIX_PATH=/home/unitree/navigation_ws/install/nav2_util:/home/unitree/navigation_ws/install/nav2_msgs:/home/unitree/navigation_ws/install/nav2_common:/home/unitree/navigation_ws/install/nav2_bringup:/home/unitree/navigation_ws/install/navigation2:/home/unitree/navigation_ws/install/smac_planner:/home/unitree/navigation_ws/install/rm_autonomy:/home/unitree/navigation_ws/install/rm_autonomy_interfaces:/home/unitree/navigation_ws/install/bringup:/home/unitree/navigation_ws/install/pointcloud_to_laserscan:/home/unitree/navigation_ws/install/nav2_dwb_controller:/home/unitree/navigation_ws/install/nav2_controller:/home/unitree/navigation_ws/install/dwb_plugins:/home/unitree/navigation_ws/install/dwb_critics:/home/unitree/navigation_ws/install/dwb_core:/home/unitree/navigation_ws/install/nav_2d_utils:/home/unitree/navigation_ws/install/dwb_msgs:/home/unitree/navigation_ws/install/nav_2d_msgs:/home/unitree/navigation_ws/install/nav2_waypoint_follower:/home/unitree/navigation_ws/install/nav2_regulated_pure_pursuit_controller:/home/unitree/navigation_ws/install/nav2_recoveries:/home/unitree/navigation_ws/install/nav2_planner:/home/unitree/navigation_ws/install/nav2_navfn_planner:/home/unitree/navigation_ws/install/nav2_core:/home/unitree/navigation_ws/install/costmap_queue:/home/unitree/navigation_ws/install/nav2_costmap_2d:/home/unitree/navigation_ws/install/nav2_voxel_grid:/home/unitree/navigation_ws/install/nav2_map_server:/home/unitree/navigation_ws/install/nav2_lifecycle_manager:/home/unitree/navigation_ws/install/nav2_bt_navigator:/home/unitree/navigation_ws/install/nav2_behavior_tree:/home/unitree/navigation_ws/install/nav2_amcl:/home/unitree/navigation_ws/install/loam_interface:/home/unitree/navigation_ws/install/fast_lio:/home/unitree/navigation_ws/install/livox_ros_driver2:/home/unitree/navigation_ws/install/linefit_ground_segmentation_ros:/home/unitree/navigation_ws/install/linefit_ground_segmentation:/home/unitree/navigation_ws/install/cmd_vel_processor:/home/unitree/navigation_ws/install/behaviortree_cpp:/home/unitree/cyclonedds_ws/install/rmw_cyclonedds_cpp:/home/unitree/cyclonedds_ws/install/cyclonedds:/opt/ros/foxy LD_LIBRARY_PATH=/home/unitree/navigation_ws/install/nav2_util/lib:/home/unitree/navigation_ws/install/nav2_msgs/lib:/home/unitree/navigation_ws/install/smac_planner/lib:/home/unitree/navigation_ws/install/rm_autonomy/lib:/home/unitree/navigation_ws/install/rm_autonomy_interfaces/lib:/home/unitree/navigation_ws/install/pointcloud_to_laserscan/lib:/home/unitree/navigation_ws/install/nav2_controller/lib:/home/unitree/navigation_ws/install/dwb_plugins/lib:/home/unitree/navigation_ws/install/dwb_critics/lib:/home/unitree/navigation_ws/install/dwb_core/lib:/home/unitree/navigation_ws/install/nav_2d_utils/lib:/home/unitree/navigation_ws/install/dwb_msgs/lib:/home/unitree/navigation_ws/install/nav_2d_msgs/lib:/home/unitree/navigation_ws/install/nav2_waypoint_follower/lib:/home/unitree/navigation_ws/install/nav2_regulated_pure_pursuit_controller/lib:/home/unitree/navigation_ws/install/nav2_recoveries/lib:/home/unitree/navigation_ws/install/nav2_planner/lib:/home/unitree/navigation_ws/install/nav2_navfn_planner/lib:/home/unitree/navigation_ws/install/costmap_queue/lib:/home/unitree/navigation_ws/install/nav2_costmap_2d/lib:/home/unitree/navigation_ws/install/nav2_voxel_grid/lib:/home/unitree/navigation_ws/install/nav2_map_server/lib:/home/unitree/navigation_ws/install/nav2_lifecycle_manager/lib:/home/unitree/navigation_ws/install/nav2_bt_navigator/lib:/home/unitree/navigation_ws/install/nav2_behavior_tree/lib:/home/unitree/navigation_ws/install/nav2_amcl/lib:/home/unitree/navigation_ws/install/loam_interface/lib:/home/unitree/navigation_ws/install/fast_lio/lib:/home/unitree/navigation_ws/install/livox_ros_driver2/lib:/home/unitree/navigation_ws/install/linefit_ground_segmentation/lib:/home/unitree/navigation_ws/install/behaviortree_cpp/lib:/usr/local/cuda-11.4/lib64:/usr/local/lib:/home/unitree/cyclonedds_ws/install/rmw_cyclonedds_cpp/lib:/home/unitree/cyclonedds_ws/install/cyclonedds/lib:/opt/ros/foxy/opt/yaml_cpp_vendor/lib:/opt/ros/foxy/opt/rviz_ogre_vendor/lib:/opt/ros/foxy/lib/aarch64-linux-gnu:/opt/ros/foxy/lib:/usr/local/cuda-11.4/lib64 PYTHONPATH=/home/unitree/navigation_ws/install/nav2_msgs/lib/python3.8/site-packages:/home/unitree/navigation_ws/install/nav2_common/lib/python3.8/site-packages:/home/unitree/navigation_ws/install/rm_autonomy_interfaces/lib/python3.8/site-packages:/home/unitree/navigation_ws/install/dwb_msgs/lib/python3.8/site-packages:/home/unitree/navigation_ws/install/nav_2d_msgs/lib/python3.8/site-packages:/home/unitree/navigation_ws/install/fast_lio/lib/python3.8/site-packages:/home/unitree/navigation_ws/install/livox_ros_driver2/lib/python3.8/site-packages:/opt/ros/foxy/lib/python3.8/site-packages /usr/bin/cmake --install /home/unitree/navigation_ws/build/nav2_behavior_tree
[8.568s] Level 1:colcon.colcon_core.environment:checking '/home/unitree/navigation_ws/install/nav2_behavior_tree' for CMake config files
[8.569s] Level 1:colcon.colcon_core.shell:create_environment_hook('nav2_behavior_tree', 'cmake_prefix_path')
[8.569s] INFO:colcon.colcon_core.shell:Creating environment hook '/home/unitree/navigation_ws/install/nav2_behavior_tree/share/nav2_behavior_tree/hook/cmake_prefix_path.ps1'
[8.571s] INFO:colcon.colcon_core.shell:Creating environment descriptor '/home/unitree/navigation_ws/install/nav2_behavior_tree/share/nav2_behavior_tree/hook/cmake_prefix_path.dsv'
[8.572s] INFO:colcon.colcon_core.shell:Creating environment hook '/home/unitree/navigation_ws/install/nav2_behavior_tree/share/nav2_behavior_tree/hook/cmake_prefix_path.sh'
[8.573s] Level 1:colcon.colcon_core.environment:checking '/home/unitree/navigation_ws/install/nav2_behavior_tree/lib'
[8.573s] Level 1:colcon.colcon_core.shell:create_environment_hook('nav2_behavior_tree', 'ld_library_path_lib')
[8.574s] INFO:colcon.colcon_core.shell:Creating environment hook '/home/unitree/navigation_ws/install/nav2_behavior_tree/share/nav2_behavior_tree/hook/ld_library_path_lib.ps1'
[8.574s] INFO:colcon.colcon_core.shell:Creating environment descriptor '/home/unitree/navigation_ws/install/nav2_behavior_tree/share/nav2_behavior_tree/hook/ld_library_path_lib.dsv'
[8.575s] INFO:colcon.colcon_core.shell:Creating environment hook '/home/unitree/navigation_ws/install/nav2_behavior_tree/share/nav2_behavior_tree/hook/ld_library_path_lib.sh'
[8.576s] Level 1:colcon.colcon_core.environment:checking '/home/unitree/navigation_ws/install/nav2_behavior_tree/bin'
[8.576s] Level 1:colcon.colcon_core.environment:checking '/home/unitree/navigation_ws/install/nav2_behavior_tree/lib/pkgconfig/nav2_behavior_tree.pc'
[8.577s] Level 1:colcon.colcon_core.environment:checking '/home/unitree/navigation_ws/install/nav2_behavior_tree/lib/python3.8/site-packages'
[8.577s] Level 1:colcon.colcon_core.environment:checking '/home/unitree/navigation_ws/install/nav2_behavior_tree/bin'
[8.578s] INFO:colcon.colcon_core.shell:Creating package script '/home/unitree/navigation_ws/install/nav2_behavior_tree/share/nav2_behavior_tree/package.ps1'
[8.579s] INFO:colcon.colcon_core.shell:Creating package descriptor '/home/unitree/navigation_ws/install/nav2_behavior_tree/share/nav2_behavior_tree/package.dsv'
[8.580s] INFO:colcon.colcon_core.shell:Creating package script '/home/unitree/navigation_ws/install/nav2_behavior_tree/share/nav2_behavior_tree/package.sh'
[8.581s] INFO:colcon.colcon_core.shell:Creating package script '/home/unitree/navigation_ws/install/nav2_behavior_tree/share/nav2_behavior_tree/package.bash'
[8.581s] INFO:colcon.colcon_core.shell:Creating package script '/home/unitree/navigation_ws/install/nav2_behavior_tree/share/nav2_behavior_tree/package.zsh'
[8.582s] Level 1:colcon.colcon_core.environment:create_file_with_runtime_dependencies(/home/unitree/navigation_ws/install/nav2_behavior_tree/share/colcon-core/packages/nav2_behavior_tree)
[8.663s] DEBUG:colcon.colcon_core.event_handler.log_command:Invoked command in '/home/unitree/navigation_ws/build/nav2_costmap_2d' returned '0': CMAKE_PREFIX_PATH=/home/unitree/navigation_ws/install/nav2_map_server:/home/unitree/navigation_ws/install/nav2_lifecycle_manager:/home/unitree/navigation_ws/install/nav2_util:/home/unitree/navigation_ws/install/nav2_voxel_grid:/home/unitree/navigation_ws/install/nav2_msgs:/home/unitree/navigation_ws/install/nav2_common:/home/unitree/navigation_ws/install/nav2_bringup:/home/unitree/navigation_ws/install/navigation2:/home/unitree/navigation_ws/install/smac_planner:/home/unitree/navigation_ws/install/rm_autonomy:/home/unitree/navigation_ws/install/rm_autonomy_interfaces:/home/unitree/navigation_ws/install/bringup:/home/unitree/navigation_ws/install/pointcloud_to_laserscan:/home/unitree/navigation_ws/install/nav2_dwb_controller:/home/unitree/navigation_ws/install/nav2_controller:/home/unitree/navigation_ws/install/dwb_plugins:/home/unitree/navigation_ws/install/dwb_critics:/home/unitree/navigation_ws/install/dwb_core:/home/unitree/navigation_ws/install/nav_2d_utils:/home/unitree/navigation_ws/install/dwb_msgs:/home/unitree/navigation_ws/install/nav_2d_msgs:/home/unitree/navigation_ws/install/nav2_waypoint_follower:/home/unitree/navigation_ws/install/nav2_regulated_pure_pursuit_controller:/home/unitree/navigation_ws/install/nav2_recoveries:/home/unitree/navigation_ws/install/nav2_planner:/home/unitree/navigation_ws/install/nav2_navfn_planner:/home/unitree/navigation_ws/install/nav2_core:/home/unitree/navigation_ws/install/costmap_queue:/home/unitree/navigation_ws/install/nav2_costmap_2d:/home/unitree/navigation_ws/install/nav2_bt_navigator:/home/unitree/navigation_ws/install/nav2_behavior_tree:/home/unitree/navigation_ws/install/nav2_amcl:/home/unitree/navigation_ws/install/loam_interface:/home/unitree/navigation_ws/install/fast_lio:/home/unitree/navigation_ws/install/livox_ros_driver2:/home/unitree/navigation_ws/install/linefit_ground_segmentation_ros:/home/unitree/navigation_ws/install/linefit_ground_segmentation:/home/unitree/navigation_ws/install/cmd_vel_processor:/home/unitree/navigation_ws/install/behaviortree_cpp:/home/unitree/cyclonedds_ws/install/rmw_cyclonedds_cpp:/home/unitree/cyclonedds_ws/install/cyclonedds:/opt/ros/foxy LD_LIBRARY_PATH=/home/unitree/navigation_ws/install/nav2_map_server/lib:/home/unitree/navigation_ws/install/nav2_lifecycle_manager/lib:/home/unitree/navigation_ws/install/nav2_util/lib:/home/unitree/navigation_ws/install/nav2_voxel_grid/lib:/home/unitree/navigation_ws/install/nav2_msgs/lib:/home/unitree/navigation_ws/install/smac_planner/lib:/home/unitree/navigation_ws/install/rm_autonomy/lib:/home/unitree/navigation_ws/install/rm_autonomy_interfaces/lib:/home/unitree/navigation_ws/install/pointcloud_to_laserscan/lib:/home/unitree/navigation_ws/install/nav2_controller/lib:/home/unitree/navigation_ws/install/dwb_plugins/lib:/home/unitree/navigation_ws/install/dwb_critics/lib:/home/unitree/navigation_ws/install/dwb_core/lib:/home/unitree/navigation_ws/install/nav_2d_utils/lib:/home/unitree/navigation_ws/install/dwb_msgs/lib:/home/unitree/navigation_ws/install/nav_2d_msgs/lib:/home/unitree/navigation_ws/install/nav2_waypoint_follower/lib:/home/unitree/navigation_ws/install/nav2_regulated_pure_pursuit_controller/lib:/home/unitree/navigation_ws/install/nav2_recoveries/lib:/home/unitree/navigation_ws/install/nav2_planner/lib:/home/unitree/navigation_ws/install/nav2_navfn_planner/lib:/home/unitree/navigation_ws/install/costmap_queue/lib:/home/unitree/navigation_ws/install/nav2_costmap_2d/lib:/home/unitree/navigation_ws/install/nav2_bt_navigator/lib:/home/unitree/navigation_ws/install/nav2_behavior_tree/lib:/home/unitree/navigation_ws/install/nav2_amcl/lib:/home/unitree/navigation_ws/install/loam_interface/lib:/home/unitree/navigation_ws/install/fast_lio/lib:/home/unitree/navigation_ws/install/livox_ros_driver2/lib:/home/unitree/navigation_ws/install/linefit_ground_segmentation/lib:/home/unitree/navigation_ws/install/behaviortree_cpp/lib:/usr/local/cuda-11.4/lib64:/usr/local/lib:/home/unitree/cyclonedds_ws/install/rmw_cyclonedds_cpp/lib:/home/unitree/cyclonedds_ws/install/cyclonedds/lib:/opt/ros/foxy/opt/yaml_cpp_vendor/lib:/opt/ros/foxy/opt/rviz_ogre_vendor/lib:/opt/ros/foxy/lib/aarch64-linux-gnu:/opt/ros/foxy/lib:/usr/local/cuda-11.4/lib64 PYTHONPATH=/home/unitree/navigation_ws/install/nav2_msgs/lib/python3.8/site-packages:/home/unitree/navigation_ws/install/nav2_common/lib/python3.8/site-packages:/home/unitree/navigation_ws/install/rm_autonomy_interfaces/lib/python3.8/site-packages:/home/unitree/navigation_ws/install/dwb_msgs/lib/python3.8/site-packages:/home/unitree/navigation_ws/install/nav_2d_msgs/lib/python3.8/site-packages:/home/unitree/navigation_ws/install/fast_lio/lib/python3.8/site-packages:/home/unitree/navigation_ws/install/livox_ros_driver2/lib/python3.8/site-packages:/opt/ros/foxy/lib/python3.8/site-packages /usr/bin/cmake --build /home/unitree/navigation_ws/build/nav2_costmap_2d -- -j8 -l8
[8.925s] DEBUG:colcon.colcon_core.event_handler.log_command:Invoking command in '/home/unitree/navigation_ws/build/nav2_costmap_2d': CMAKE_PREFIX_PATH=/home/unitree/navigation_ws/install/nav2_map_server:/home/unitree/navigation_ws/install/nav2_lifecycle_manager:/home/unitree/navigation_ws/install/nav2_util:/home/unitree/navigation_ws/install/nav2_voxel_grid:/home/unitree/navigation_ws/install/nav2_msgs:/home/unitree/navigation_ws/install/nav2_common:/home/unitree/navigation_ws/install/nav2_bringup:/home/unitree/navigation_ws/install/navigation2:/home/unitree/navigation_ws/install/smac_planner:/home/unitree/navigation_ws/install/rm_autonomy:/home/unitree/navigation_ws/install/rm_autonomy_interfaces:/home/unitree/navigation_ws/install/bringup:/home/unitree/navigation_ws/install/pointcloud_to_laserscan:/home/unitree/navigation_ws/install/nav2_dwb_controller:/home/unitree/navigation_ws/install/nav2_controller:/home/unitree/navigation_ws/install/dwb_plugins:/home/unitree/navigation_ws/install/dwb_critics:/home/unitree/navigation_ws/install/dwb_core:/home/unitree/navigation_ws/install/nav_2d_utils:/home/unitree/navigation_ws/install/dwb_msgs:/home/unitree/navigation_ws/install/nav_2d_msgs:/home/unitree/navigation_ws/install/nav2_waypoint_follower:/home/unitree/navigation_ws/install/nav2_regulated_pure_pursuit_controller:/home/unitree/navigation_ws/install/nav2_recoveries:/home/unitree/navigation_ws/install/nav2_planner:/home/unitree/navigation_ws/install/nav2_navfn_planner:/home/unitree/navigation_ws/install/nav2_core:/home/unitree/navigation_ws/install/costmap_queue:/home/unitree/navigation_ws/install/nav2_costmap_2d:/home/unitree/navigation_ws/install/nav2_bt_navigator:/home/unitree/navigation_ws/install/nav2_behavior_tree:/home/unitree/navigation_ws/install/nav2_amcl:/home/unitree/navigation_ws/install/loam_interface:/home/unitree/navigation_ws/install/fast_lio:/home/unitree/navigation_ws/install/livox_ros_driver2:/home/unitree/navigation_ws/install/linefit_ground_segmentation_ros:/home/unitree/navigation_ws/install/linefit_ground_segmentation:/home/unitree/navigation_ws/install/cmd_vel_processor:/home/unitree/navigation_ws/install/behaviortree_cpp:/home/unitree/cyclonedds_ws/install/rmw_cyclonedds_cpp:/home/unitree/cyclonedds_ws/install/cyclonedds:/opt/ros/foxy LD_LIBRARY_PATH=/home/unitree/navigation_ws/install/nav2_map_server/lib:/home/unitree/navigation_ws/install/nav2_lifecycle_manager/lib:/home/unitree/navigation_ws/install/nav2_util/lib:/home/unitree/navigation_ws/install/nav2_voxel_grid/lib:/home/unitree/navigation_ws/install/nav2_msgs/lib:/home/unitree/navigation_ws/install/smac_planner/lib:/home/unitree/navigation_ws/install/rm_autonomy/lib:/home/unitree/navigation_ws/install/rm_autonomy_interfaces/lib:/home/unitree/navigation_ws/install/pointcloud_to_laserscan/lib:/home/unitree/navigation_ws/install/nav2_controller/lib:/home/unitree/navigation_ws/install/dwb_plugins/lib:/home/unitree/navigation_ws/install/dwb_critics/lib:/home/unitree/navigation_ws/install/dwb_core/lib:/home/unitree/navigation_ws/install/nav_2d_utils/lib:/home/unitree/navigation_ws/install/dwb_msgs/lib:/home/unitree/navigation_ws/install/nav_2d_msgs/lib:/home/unitree/navigation_ws/install/nav2_waypoint_follower/lib:/home/unitree/navigation_ws/install/nav2_regulated_pure_pursuit_controller/lib:/home/unitree/navigation_ws/install/nav2_recoveries/lib:/home/unitree/navigation_ws/install/nav2_planner/lib:/home/unitree/navigation_ws/install/nav2_navfn_planner/lib:/home/unitree/navigation_ws/install/costmap_queue/lib:/home/unitree/navigation_ws/install/nav2_costmap_2d/lib:/home/unitree/navigation_ws/install/nav2_bt_navigator/lib:/home/unitree/navigation_ws/install/nav2_behavior_tree/lib:/home/unitree/navigation_ws/install/nav2_amcl/lib:/home/unitree/navigation_ws/install/loam_interface/lib:/home/unitree/navigation_ws/install/fast_lio/lib:/home/unitree/navigation_ws/install/livox_ros_driver2/lib:/home/unitree/navigation_ws/install/linefit_ground_segmentation/lib:/home/unitree/navigation_ws/install/behaviortree_cpp/lib:/usr/local/cuda-11.4/lib64:/usr/local/lib:/home/unitree/cyclonedds_ws/install/rmw_cyclonedds_cpp/lib:/home/unitree/cyclonedds_ws/install/cyclonedds/lib:/opt/ros/foxy/opt/yaml_cpp_vendor/lib:/opt/ros/foxy/opt/rviz_ogre_vendor/lib:/opt/ros/foxy/lib/aarch64-linux-gnu:/opt/ros/foxy/lib:/usr/local/cuda-11.4/lib64 PYTHONPATH=/home/unitree/navigation_ws/install/nav2_msgs/lib/python3.8/site-packages:/home/unitree/navigation_ws/install/nav2_common/lib/python3.8/site-packages:/home/unitree/navigation_ws/install/rm_autonomy_interfaces/lib/python3.8/site-packages:/home/unitree/navigation_ws/install/dwb_msgs/lib/python3.8/site-packages:/home/unitree/navigation_ws/install/nav_2d_msgs/lib/python3.8/site-packages:/home/unitree/navigation_ws/install/fast_lio/lib/python3.8/site-packages:/home/unitree/navigation_ws/install/livox_ros_driver2/lib/python3.8/site-packages:/opt/ros/foxy/lib/python3.8/site-packages /usr/bin/cmake --install /home/unitree/navigation_ws/build/nav2_costmap_2d
[8.928s] Level 1:colcon.colcon_core.environment:create_environment_scripts_only(nav2_behavior_tree)
[8.928s] Level 1:colcon.colcon_core.environment:checking '/home/unitree/navigation_ws/install/nav2_behavior_tree' for CMake module files
[8.929s] Level 1:colcon.colcon_core.environment:checking '/home/unitree/navigation_ws/install/nav2_behavior_tree' for CMake config files
[8.930s] Level 1:colcon.colcon_core.shell:create_environment_hook('nav2_behavior_tree', 'cmake_prefix_path')
[8.931s] INFO:colcon.colcon_core.shell:Creating environment hook '/home/unitree/navigation_ws/install/nav2_behavior_tree/share/nav2_behavior_tree/hook/cmake_prefix_path.ps1'
[8.932s] INFO:colcon.colcon_core.shell:Creating environment descriptor '/home/unitree/navigation_ws/install/nav2_behavior_tree/share/nav2_behavior_tree/hook/cmake_prefix_path.dsv'
[8.933s] INFO:colcon.colcon_core.shell:Creating environment hook '/home/unitree/navigation_ws/install/nav2_behavior_tree/share/nav2_behavior_tree/hook/cmake_prefix_path.sh'
[8.934s] Level 1:colcon.colcon_core.environment:checking '/home/unitree/navigation_ws/install/nav2_behavior_tree/lib'
[8.934s] Level 1:colcon.colcon_core.shell:create_environment_hook('nav2_behavior_tree', 'ld_library_path_lib')
[8.934s] INFO:colcon.colcon_core.shell:Creating environment hook '/home/unitree/navigation_ws/install/nav2_behavior_tree/share/nav2_behavior_tree/hook/ld_library_path_lib.ps1'
[8.935s] INFO:colcon.colcon_core.shell:Creating environment descriptor '/home/unitree/navigation_ws/install/nav2_behavior_tree/share/nav2_behavior_tree/hook/ld_library_path_lib.dsv'
[8.936s] INFO:colcon.colcon_core.shell:Creating environment hook '/home/unitree/navigation_ws/install/nav2_behavior_tree/share/nav2_behavior_tree/hook/ld_library_path_lib.sh'
[8.936s] Level 1:colcon.colcon_core.environment:checking '/home/unitree/navigation_ws/install/nav2_behavior_tree/bin'
[8.936s] Level 1:colcon.colcon_core.environment:checking '/home/unitree/navigation_ws/install/nav2_behavior_tree/lib/pkgconfig/nav2_behavior_tree.pc'
[8.937s] Level 1:colcon.colcon_core.environment:checking '/home/unitree/navigation_ws/install/nav2_behavior_tree/lib/python3.8/site-packages'
[8.937s] Level 1:colcon.colcon_core.environment:checking '/home/unitree/navigation_ws/install/nav2_behavior_tree/bin'
[8.938s] INFO:colcon.colcon_core.shell:Creating package script '/home/unitree/navigation_ws/install/nav2_behavior_tree/share/nav2_behavior_tree/package.ps1'
[8.939s] INFO:colcon.colcon_core.shell:Creating package descriptor '/home/unitree/navigation_ws/install/nav2_behavior_tree/share/nav2_behavior_tree/package.dsv'
[8.940s] INFO:colcon.colcon_core.shell:Creating package script '/home/unitree/navigation_ws/install/nav2_behavior_tree/share/nav2_behavior_tree/package.sh'
[8.940s] INFO:colcon.colcon_core.shell:Creating package script '/home/unitree/navigation_ws/install/nav2_behavior_tree/share/nav2_behavior_tree/package.bash'
[8.941s] INFO:colcon.colcon_core.shell:Creating package script '/home/unitree/navigation_ws/install/nav2_behavior_tree/share/nav2_behavior_tree/package.zsh'
[8.942s] Level 1:colcon.colcon_core.environment:create_file_with_runtime_dependencies(/home/unitree/navigation_ws/install/nav2_behavior_tree/share/colcon-core/packages/nav2_behavior_tree)
[8.943s] INFO:colcon.colcon_ros.task.ament_cmake.build:Building ROS package in '/home/unitree/navigation_ws/src/navigation2/nav2_bt_navigator' with build type 'ament_cmake'
[8.943s] INFO:colcon.colcon_cmake.task.cmake.build:Building CMake package in '/home/unitree/navigation_ws/src/navigation2/nav2_bt_navigator'
[8.944s] INFO:colcon.colcon_core.shell:Skip shell extension 'powershell' for command environment: Not usable outside of PowerShell
[8.944s] DEBUG:colcon.colcon_core.shell:Skip shell extension 'dsv' for command environment
[8.993s] Level 1:colcon.colcon_core.environment:create_environment_scripts_only(nav2_costmap_2d)
[8.994s] Level 1:colcon.colcon_core.environment:checking '/home/unitree/navigation_ws/install/nav2_costmap_2d' for CMake module files
[8.995s] DEBUG:colcon.colcon_core.event_handler.log_command:Invoked command in '/home/unitree/navigation_ws/build/nav2_costmap_2d' returned '0': CMAKE_PREFIX_PATH=/home/unitree/navigation_ws/install/nav2_map_server:/home/unitree/navigation_ws/install/nav2_lifecycle_manager:/home/unitree/navigation_ws/install/nav2_util:/home/unitree/navigation_ws/install/nav2_voxel_grid:/home/unitree/navigation_ws/install/nav2_msgs:/home/unitree/navigation_ws/install/nav2_common:/home/unitree/navigation_ws/install/nav2_bringup:/home/unitree/navigation_ws/install/navigation2:/home/unitree/navigation_ws/install/smac_planner:/home/unitree/navigation_ws/install/rm_autonomy:/home/unitree/navigation_ws/install/rm_autonomy_interfaces:/home/unitree/navigation_ws/install/bringup:/home/unitree/navigation_ws/install/pointcloud_to_laserscan:/home/unitree/navigation_ws/install/nav2_dwb_controller:/home/unitree/navigation_ws/install/nav2_controller:/home/unitree/navigation_ws/install/dwb_plugins:/home/unitree/navigation_ws/install/dwb_critics:/home/unitree/navigation_ws/install/dwb_core:/home/unitree/navigation_ws/install/nav_2d_utils:/home/unitree/navigation_ws/install/dwb_msgs:/home/unitree/navigation_ws/install/nav_2d_msgs:/home/unitree/navigation_ws/install/nav2_waypoint_follower:/home/unitree/navigation_ws/install/nav2_regulated_pure_pursuit_controller:/home/unitree/navigation_ws/install/nav2_recoveries:/home/unitree/navigation_ws/install/nav2_planner:/home/unitree/navigation_ws/install/nav2_navfn_planner:/home/unitree/navigation_ws/install/nav2_core:/home/unitree/navigation_ws/install/costmap_queue:/home/unitree/navigation_ws/install/nav2_costmap_2d:/home/unitree/navigation_ws/install/nav2_bt_navigator:/home/unitree/navigation_ws/install/nav2_behavior_tree:/home/unitree/navigation_ws/install/nav2_amcl:/home/unitree/navigation_ws/install/loam_interface:/home/unitree/navigation_ws/install/fast_lio:/home/unitree/navigation_ws/install/livox_ros_driver2:/home/unitree/navigation_ws/install/linefit_ground_segmentation_ros:/home/unitree/navigation_ws/install/linefit_ground_segmentation:/home/unitree/navigation_ws/install/cmd_vel_processor:/home/unitree/navigation_ws/install/behaviortree_cpp:/home/unitree/cyclonedds_ws/install/rmw_cyclonedds_cpp:/home/unitree/cyclonedds_ws/install/cyclonedds:/opt/ros/foxy LD_LIBRARY_PATH=/home/unitree/navigation_ws/install/nav2_map_server/lib:/home/unitree/navigation_ws/install/nav2_lifecycle_manager/lib:/home/unitree/navigation_ws/install/nav2_util/lib:/home/unitree/navigation_ws/install/nav2_voxel_grid/lib:/home/unitree/navigation_ws/install/nav2_msgs/lib:/home/unitree/navigation_ws/install/smac_planner/lib:/home/unitree/navigation_ws/install/rm_autonomy/lib:/home/unitree/navigation_ws/install/rm_autonomy_interfaces/lib:/home/unitree/navigation_ws/install/pointcloud_to_laserscan/lib:/home/unitree/navigation_ws/install/nav2_controller/lib:/home/unitree/navigation_ws/install/dwb_plugins/lib:/home/unitree/navigation_ws/install/dwb_critics/lib:/home/unitree/navigation_ws/install/dwb_core/lib:/home/unitree/navigation_ws/install/nav_2d_utils/lib:/home/unitree/navigation_ws/install/dwb_msgs/lib:/home/unitree/navigation_ws/install/nav_2d_msgs/lib:/home/unitree/navigation_ws/install/nav2_waypoint_follower/lib:/home/unitree/navigation_ws/install/nav2_regulated_pure_pursuit_controller/lib:/home/unitree/navigation_ws/install/nav2_recoveries/lib:/home/unitree/navigation_ws/install/nav2_planner/lib:/home/unitree/navigation_ws/install/nav2_navfn_planner/lib:/home/unitree/navigation_ws/install/costmap_queue/lib:/home/unitree/navigation_ws/install/nav2_costmap_2d/lib:/home/unitree/navigation_ws/install/nav2_bt_navigator/lib:/home/unitree/navigation_ws/install/nav2_behavior_tree/lib:/home/unitree/navigation_ws/install/nav2_amcl/lib:/home/unitree/navigation_ws/install/loam_interface/lib:/home/unitree/navigation_ws/install/fast_lio/lib:/home/unitree/navigation_ws/install/livox_ros_driver2/lib:/home/unitree/navigation_ws/install/linefit_ground_segmentation/lib:/home/unitree/navigation_ws/install/behaviortree_cpp/lib:/usr/local/cuda-11.4/lib64:/usr/local/lib:/home/unitree/cyclonedds_ws/install/rmw_cyclonedds_cpp/lib:/home/unitree/cyclonedds_ws/install/cyclonedds/lib:/opt/ros/foxy/opt/yaml_cpp_vendor/lib:/opt/ros/foxy/opt/rviz_ogre_vendor/lib:/opt/ros/foxy/lib/aarch64-linux-gnu:/opt/ros/foxy/lib:/usr/local/cuda-11.4/lib64 PYTHONPATH=/home/unitree/navigation_ws/install/nav2_msgs/lib/python3.8/site-packages:/home/unitree/navigation_ws/install/nav2_common/lib/python3.8/site-packages:/home/unitree/navigation_ws/install/rm_autonomy_interfaces/lib/python3.8/site-packages:/home/unitree/navigation_ws/install/dwb_msgs/lib/python3.8/site-packages:/home/unitree/navigation_ws/install/nav_2d_msgs/lib/python3.8/site-packages:/home/unitree/navigation_ws/install/fast_lio/lib/python3.8/site-packages:/home/unitree/navigation_ws/install/livox_ros_driver2/lib/python3.8/site-packages:/opt/ros/foxy/lib/python3.8/site-packages /usr/bin/cmake --install /home/unitree/navigation_ws/build/nav2_costmap_2d
[8.996s] Level 1:colcon.colcon_core.environment:checking '/home/unitree/navigation_ws/install/nav2_costmap_2d' for CMake config files
[8.997s] Level 1:colcon.colcon_core.shell:create_environment_hook('nav2_costmap_2d', 'cmake_prefix_path')
[8.997s] INFO:colcon.colcon_core.shell:Creating environment hook '/home/unitree/navigation_ws/install/nav2_costmap_2d/share/nav2_costmap_2d/hook/cmake_prefix_path.ps1'
[8.998s] INFO:colcon.colcon_core.shell:Creating environment descriptor '/home/unitree/navigation_ws/install/nav2_costmap_2d/share/nav2_costmap_2d/hook/cmake_prefix_path.dsv'
[8.999s] INFO:colcon.colcon_core.shell:Creating environment hook '/home/unitree/navigation_ws/install/nav2_costmap_2d/share/nav2_costmap_2d/hook/cmake_prefix_path.sh'
[9.000s] Level 1:colcon.colcon_core.environment:checking '/home/unitree/navigation_ws/install/nav2_costmap_2d/lib'
[9.000s] Level 1:colcon.colcon_core.shell:create_environment_hook('nav2_costmap_2d', 'ld_library_path_lib')
[9.000s] INFO:colcon.colcon_core.shell:Creating environment hook '/home/unitree/navigation_ws/install/nav2_costmap_2d/share/nav2_costmap_2d/hook/ld_library_path_lib.ps1'
[9.001s] INFO:colcon.colcon_core.shell:Creating environment descriptor '/home/unitree/navigation_ws/install/nav2_costmap_2d/share/nav2_costmap_2d/hook/ld_library_path_lib.dsv'
[9.002s] INFO:colcon.colcon_core.shell:Creating environment hook '/home/unitree/navigation_ws/install/nav2_costmap_2d/share/nav2_costmap_2d/hook/ld_library_path_lib.sh'
[9.002s] Level 1:colcon.colcon_core.environment:checking '/home/unitree/navigation_ws/install/nav2_costmap_2d/bin'
[9.002s] Level 1:colcon.colcon_core.environment:checking '/home/unitree/navigation_ws/install/nav2_costmap_2d/lib/pkgconfig/nav2_costmap_2d.pc'
[9.003s] Level 1:colcon.colcon_core.environment:checking '/home/unitree/navigation_ws/install/nav2_costmap_2d/lib/python3.8/site-packages'
[9.003s] Level 1:colcon.colcon_core.environment:checking '/home/unitree/navigation_ws/install/nav2_costmap_2d/bin'
[9.003s] INFO:colcon.colcon_core.shell:Creating package script '/home/unitree/navigation_ws/install/nav2_costmap_2d/share/nav2_costmap_2d/package.ps1'
[9.005s] INFO:colcon.colcon_core.shell:Creating package descriptor '/home/unitree/navigation_ws/install/nav2_costmap_2d/share/nav2_costmap_2d/package.dsv'
[9.006s] INFO:colcon.colcon_core.shell:Creating package script '/home/unitree/navigation_ws/install/nav2_costmap_2d/share/nav2_costmap_2d/package.sh'
[9.006s] INFO:colcon.colcon_core.shell:Creating package script '/home/unitree/navigation_ws/install/nav2_costmap_2d/share/nav2_costmap_2d/package.bash'
[9.007s] INFO:colcon.colcon_core.shell:Creating package script '/home/unitree/navigation_ws/install/nav2_costmap_2d/share/nav2_costmap_2d/package.zsh'
[9.007s] Level 1:colcon.colcon_core.environment:create_file_with_runtime_dependencies(/home/unitree/navigation_ws/install/nav2_costmap_2d/share/colcon-core/packages/nav2_costmap_2d)
[9.025s] DEBUG:colcon.colcon_core.event_handler.log_command:Invoking command in '/home/unitree/navigation_ws/build/nav2_bt_navigator': CMAKE_PREFIX_PATH=/home/unitree/navigation_ws/install/nav2_behavior_tree:/home/unitree/navigation_ws/install/nav2_util:/home/unitree/navigation_ws/install/nav2_msgs:/home/unitree/navigation_ws/install/nav2_common:/home/unitree/navigation_ws/install/nav2_bringup:/home/unitree/navigation_ws/install/navigation2:/home/unitree/navigation_ws/install/smac_planner:/home/unitree/navigation_ws/install/rm_autonomy:/home/unitree/navigation_ws/install/rm_autonomy_interfaces:/home/unitree/navigation_ws/install/bringup:/home/unitree/navigation_ws/install/pointcloud_to_laserscan:/home/unitree/navigation_ws/install/nav2_dwb_controller:/home/unitree/navigation_ws/install/nav2_controller:/home/unitree/navigation_ws/install/dwb_plugins:/home/unitree/navigation_ws/install/dwb_critics:/home/unitree/navigation_ws/install/dwb_core:/home/unitree/navigation_ws/install/nav_2d_utils:/home/unitree/navigation_ws/install/dwb_msgs:/home/unitree/navigation_ws/install/nav_2d_msgs:/home/unitree/navigation_ws/install/nav2_waypoint_follower:/home/unitree/navigation_ws/install/nav2_regulated_pure_pursuit_controller:/home/unitree/navigation_ws/install/nav2_recoveries:/home/unitree/navigation_ws/install/nav2_planner:/home/unitree/navigation_ws/install/nav2_navfn_planner:/home/unitree/navigation_ws/install/nav2_core:/home/unitree/navigation_ws/install/costmap_queue:/home/unitree/navigation_ws/install/nav2_costmap_2d:/home/unitree/navigation_ws/install/nav2_voxel_grid:/home/unitree/navigation_ws/install/nav2_map_server:/home/unitree/navigation_ws/install/nav2_lifecycle_manager:/home/unitree/navigation_ws/install/nav2_bt_navigator:/home/unitree/navigation_ws/install/nav2_amcl:/home/unitree/navigation_ws/install/loam_interface:/home/unitree/navigation_ws/install/fast_lio:/home/unitree/navigation_ws/install/livox_ros_driver2:/home/unitree/navigation_ws/install/linefit_ground_segmentation_ros:/home/unitree/navigation_ws/install/linefit_ground_segmentation:/home/unitree/navigation_ws/install/cmd_vel_processor:/home/unitree/navigation_ws/install/behaviortree_cpp:/home/unitree/cyclonedds_ws/install/rmw_cyclonedds_cpp:/home/unitree/cyclonedds_ws/install/cyclonedds:/opt/ros/foxy LD_LIBRARY_PATH=/home/unitree/navigation_ws/install/nav2_behavior_tree/lib:/home/unitree/navigation_ws/install/nav2_util/lib:/home/unitree/navigation_ws/install/nav2_msgs/lib:/home/unitree/navigation_ws/install/smac_planner/lib:/home/unitree/navigation_ws/install/rm_autonomy/lib:/home/unitree/navigation_ws/install/rm_autonomy_interfaces/lib:/home/unitree/navigation_ws/install/pointcloud_to_laserscan/lib:/home/unitree/navigation_ws/install/nav2_controller/lib:/home/unitree/navigation_ws/install/dwb_plugins/lib:/home/unitree/navigation_ws/install/dwb_critics/lib:/home/unitree/navigation_ws/install/dwb_core/lib:/home/unitree/navigation_ws/install/nav_2d_utils/lib:/home/unitree/navigation_ws/install/dwb_msgs/lib:/home/unitree/navigation_ws/install/nav_2d_msgs/lib:/home/unitree/navigation_ws/install/nav2_waypoint_follower/lib:/home/unitree/navigation_ws/install/nav2_regulated_pure_pursuit_controller/lib:/home/unitree/navigation_ws/install/nav2_recoveries/lib:/home/unitree/navigation_ws/install/nav2_planner/lib:/home/unitree/navigation_ws/install/nav2_navfn_planner/lib:/home/unitree/navigation_ws/install/costmap_queue/lib:/home/unitree/navigation_ws/install/nav2_costmap_2d/lib:/home/unitree/navigation_ws/install/nav2_voxel_grid/lib:/home/unitree/navigation_ws/install/nav2_map_server/lib:/home/unitree/navigation_ws/install/nav2_lifecycle_manager/lib:/home/unitree/navigation_ws/install/nav2_bt_navigator/lib:/home/unitree/navigation_ws/install/nav2_amcl/lib:/home/unitree/navigation_ws/install/loam_interface/lib:/home/unitree/navigation_ws/install/fast_lio/lib:/home/unitree/navigation_ws/install/livox_ros_driver2/lib:/home/unitree/navigation_ws/install/linefit_ground_segmentation/lib:/home/unitree/navigation_ws/install/behaviortree_cpp/lib:/usr/local/cuda-11.4/lib64:/usr/local/lib:/home/unitree/cyclonedds_ws/install/rmw_cyclonedds_cpp/lib:/home/unitree/cyclonedds_ws/install/cyclonedds/lib:/opt/ros/foxy/opt/yaml_cpp_vendor/lib:/opt/ros/foxy/opt/rviz_ogre_vendor/lib:/opt/ros/foxy/lib/aarch64-linux-gnu:/opt/ros/foxy/lib:/usr/local/cuda-11.4/lib64 PYTHONPATH=/home/unitree/navigation_ws/install/nav2_msgs/lib/python3.8/site-packages:/home/unitree/navigation_ws/install/nav2_common/lib/python3.8/site-packages:/home/unitree/navigation_ws/install/rm_autonomy_interfaces/lib/python3.8/site-packages:/home/unitree/navigation_ws/install/dwb_msgs/lib/python3.8/site-packages:/home/unitree/navigation_ws/install/nav_2d_msgs/lib/python3.8/site-packages:/home/unitree/navigation_ws/install/fast_lio/lib/python3.8/site-packages:/home/unitree/navigation_ws/install/livox_ros_driver2/lib/python3.8/site-packages:/opt/ros/foxy/lib/python3.8/site-packages /usr/bin/cmake --build /home/unitree/navigation_ws/build/nav2_bt_navigator -- -j8 -l8
[9.243s] Level 1:colcon.colcon_core.environment:create_environment_scripts_only(nav2_costmap_2d)
[9.243s] Level 1:colcon.colcon_core.environment:checking '/home/unitree/navigation_ws/install/nav2_costmap_2d' for CMake module files
[9.244s] Level 1:colcon.colcon_core.environment:checking '/home/unitree/navigation_ws/install/nav2_costmap_2d' for CMake config files
[9.245s] Level 1:colcon.colcon_core.shell:create_environment_hook('nav2_costmap_2d', 'cmake_prefix_path')
[9.246s] INFO:colcon.colcon_core.shell:Creating environment hook '/home/unitree/navigation_ws/install/nav2_costmap_2d/share/nav2_costmap_2d/hook/cmake_prefix_path.ps1'
[9.247s] INFO:colcon.colcon_core.shell:Creating environment descriptor '/home/unitree/navigation_ws/install/nav2_costmap_2d/share/nav2_costmap_2d/hook/cmake_prefix_path.dsv'
[9.247s] INFO:colcon.colcon_core.shell:Creating environment hook '/home/unitree/navigation_ws/install/nav2_costmap_2d/share/nav2_costmap_2d/hook/cmake_prefix_path.sh'
[9.248s] Level 1:colcon.colcon_core.environment:checking '/home/unitree/navigation_ws/install/nav2_costmap_2d/lib'
[9.249s] Level 1:colcon.colcon_core.shell:create_environment_hook('nav2_costmap_2d', 'ld_library_path_lib')
[9.249s] INFO:colcon.colcon_core.shell:Creating environment hook '/home/unitree/navigation_ws/install/nav2_costmap_2d/share/nav2_costmap_2d/hook/ld_library_path_lib.ps1'
[9.250s] INFO:colcon.colcon_core.shell:Creating environment descriptor '/home/unitree/navigation_ws/install/nav2_costmap_2d/share/nav2_costmap_2d/hook/ld_library_path_lib.dsv'
[9.250s] INFO:colcon.colcon_core.shell:Creating environment hook '/home/unitree/navigation_ws/install/nav2_costmap_2d/share/nav2_costmap_2d/hook/ld_library_path_lib.sh'
[9.251s] Level 1:colcon.colcon_core.environment:checking '/home/unitree/navigation_ws/install/nav2_costmap_2d/bin'
[9.251s] Level 1:colcon.colcon_core.environment:checking '/home/unitree/navigation_ws/install/nav2_costmap_2d/lib/pkgconfig/nav2_costmap_2d.pc'
[9.251s] Level 1:colcon.colcon_core.environment:checking '/home/unitree/navigation_ws/install/nav2_costmap_2d/lib/python3.8/site-packages'
[9.251s] Level 1:colcon.colcon_core.environment:checking '/home/unitree/navigation_ws/install/nav2_costmap_2d/bin'
[9.252s] INFO:colcon.colcon_core.shell:Creating package script '/home/unitree/navigation_ws/install/nav2_costmap_2d/share/nav2_costmap_2d/package.ps1'
[9.254s] INFO:colcon.colcon_core.shell:Creating package descriptor '/home/unitree/navigation_ws/install/nav2_costmap_2d/share/nav2_costmap_2d/package.dsv'
[9.255s] INFO:colcon.colcon_core.shell:Creating package script '/home/unitree/navigation_ws/install/nav2_costmap_2d/share/nav2_costmap_2d/package.sh'
[9.257s] INFO:colcon.colcon_core.shell:Creating package script '/home/unitree/navigation_ws/install/nav2_costmap_2d/share/nav2_costmap_2d/package.bash'
[9.258s] INFO:colcon.colcon_core.shell:Creating package script '/home/unitree/navigation_ws/install/nav2_costmap_2d/share/nav2_costmap_2d/package.zsh'
[9.259s] Level 1:colcon.colcon_core.environment:create_file_with_runtime_dependencies(/home/unitree/navigation_ws/install/nav2_costmap_2d/share/colcon-core/packages/nav2_costmap_2d)
[9.260s] INFO:colcon.colcon_ros.task.ament_cmake.build:Building ROS package in '/home/unitree/navigation_ws/src/navigation2/nav2_core' with build type 'ament_cmake'
[9.260s] INFO:colcon.colcon_cmake.task.cmake.build:Building CMake package in '/home/unitree/navigation_ws/src/navigation2/nav2_core'
[9.261s] INFO:colcon.colcon_core.shell:Skip shell extension 'powershell' for command environment: Not usable outside of PowerShell
[9.261s] DEBUG:colcon.colcon_core.shell:Skip shell extension 'dsv' for command environment
[9.282s] INFO:colcon.colcon_ros.task.ament_cmake.build:Building ROS package in '/home/unitree/navigation_ws/src/navigation2/nav2_dwb_controller/costmap_queue' with build type 'ament_cmake'
[9.283s] INFO:colcon.colcon_cmake.task.cmake.build:Building CMake package in '/home/unitree/navigation_ws/src/navigation2/nav2_dwb_controller/costmap_queue'
[9.284s] INFO:colcon.colcon_core.shell:Skip shell extension 'powershell' for command environment: Not usable outside of PowerShell
[9.284s] DEBUG:colcon.colcon_core.shell:Skip shell extension 'dsv' for command environment
[9.303s] INFO:colcon.colcon_ros.task.ament_cmake.build:Building ROS package in '/home/unitree/navigation_ws/src/autonomy/rm_autonomy' with build type 'ament_cmake'
[9.304s] INFO:colcon.colcon_cmake.task.cmake.build:Building CMake package in '/home/unitree/navigation_ws/src/autonomy/rm_autonomy'
[9.305s] INFO:colcon.colcon_core.shell:Skip shell extension 'powershell' for command environment: Not usable outside of PowerShell
[9.305s] DEBUG:colcon.colcon_core.shell:Skip shell extension 'dsv' for command environment
[9.326s] DEBUG:colcon.colcon_core.event_handler.log_command:Invoked command in '/home/unitree/navigation_ws/build/nav2_bt_navigator' returned '0': CMAKE_PREFIX_PATH=/home/unitree/navigation_ws/install/nav2_behavior_tree:/home/unitree/navigation_ws/install/nav2_util:/home/unitree/navigation_ws/install/nav2_msgs:/home/unitree/navigation_ws/install/nav2_common:/home/unitree/navigation_ws/install/nav2_bringup:/home/unitree/navigation_ws/install/navigation2:/home/unitree/navigation_ws/install/smac_planner:/home/unitree/navigation_ws/install/rm_autonomy:/home/unitree/navigation_ws/install/rm_autonomy_interfaces:/home/unitree/navigation_ws/install/bringup:/home/unitree/navigation_ws/install/pointcloud_to_laserscan:/home/unitree/navigation_ws/install/nav2_dwb_controller:/home/unitree/navigation_ws/install/nav2_controller:/home/unitree/navigation_ws/install/dwb_plugins:/home/unitree/navigation_ws/install/dwb_critics:/home/unitree/navigation_ws/install/dwb_core:/home/unitree/navigation_ws/install/nav_2d_utils:/home/unitree/navigation_ws/install/dwb_msgs:/home/unitree/navigation_ws/install/nav_2d_msgs:/home/unitree/navigation_ws/install/nav2_waypoint_follower:/home/unitree/navigation_ws/install/nav2_regulated_pure_pursuit_controller:/home/unitree/navigation_ws/install/nav2_recoveries:/home/unitree/navigation_ws/install/nav2_planner:/home/unitree/navigation_ws/install/nav2_navfn_planner:/home/unitree/navigation_ws/install/nav2_core:/home/unitree/navigation_ws/install/costmap_queue:/home/unitree/navigation_ws/install/nav2_costmap_2d:/home/unitree/navigation_ws/install/nav2_voxel_grid:/home/unitree/navigation_ws/install/nav2_map_server:/home/unitree/navigation_ws/install/nav2_lifecycle_manager:/home/unitree/navigation_ws/install/nav2_bt_navigator:/home/unitree/navigation_ws/install/nav2_amcl:/home/unitree/navigation_ws/install/loam_interface:/home/unitree/navigation_ws/install/fast_lio:/home/unitree/navigation_ws/install/livox_ros_driver2:/home/unitree/navigation_ws/install/linefit_ground_segmentation_ros:/home/unitree/navigation_ws/install/linefit_ground_segmentation:/home/unitree/navigation_ws/install/cmd_vel_processor:/home/unitree/navigation_ws/install/behaviortree_cpp:/home/unitree/cyclonedds_ws/install/rmw_cyclonedds_cpp:/home/unitree/cyclonedds_ws/install/cyclonedds:/opt/ros/foxy LD_LIBRARY_PATH=/home/unitree/navigation_ws/install/nav2_behavior_tree/lib:/home/unitree/navigation_ws/install/nav2_util/lib:/home/unitree/navigation_ws/install/nav2_msgs/lib:/home/unitree/navigation_ws/install/smac_planner/lib:/home/unitree/navigation_ws/install/rm_autonomy/lib:/home/unitree/navigation_ws/install/rm_autonomy_interfaces/lib:/home/unitree/navigation_ws/install/pointcloud_to_laserscan/lib:/home/unitree/navigation_ws/install/nav2_controller/lib:/home/unitree/navigation_ws/install/dwb_plugins/lib:/home/unitree/navigation_ws/install/dwb_critics/lib:/home/unitree/navigation_ws/install/dwb_core/lib:/home/unitree/navigation_ws/install/nav_2d_utils/lib:/home/unitree/navigation_ws/install/dwb_msgs/lib:/home/unitree/navigation_ws/install/nav_2d_msgs/lib:/home/unitree/navigation_ws/install/nav2_waypoint_follower/lib:/home/unitree/navigation_ws/install/nav2_regulated_pure_pursuit_controller/lib:/home/unitree/navigation_ws/install/nav2_recoveries/lib:/home/unitree/navigation_ws/install/nav2_planner/lib:/home/unitree/navigation_ws/install/nav2_navfn_planner/lib:/home/unitree/navigation_ws/install/costmap_queue/lib:/home/unitree/navigation_ws/install/nav2_costmap_2d/lib:/home/unitree/navigation_ws/install/nav2_voxel_grid/lib:/home/unitree/navigation_ws/install/nav2_map_server/lib:/home/unitree/navigation_ws/install/nav2_lifecycle_manager/lib:/home/unitree/navigation_ws/install/nav2_bt_navigator/lib:/home/unitree/navigation_ws/install/nav2_amcl/lib:/home/unitree/navigation_ws/install/loam_interface/lib:/home/unitree/navigation_ws/install/fast_lio/lib:/home/unitree/navigation_ws/install/livox_ros_driver2/lib:/home/unitree/navigation_ws/install/linefit_ground_segmentation/lib:/home/unitree/navigation_ws/install/behaviortree_cpp/lib:/usr/local/cuda-11.4/lib64:/usr/local/lib:/home/unitree/cyclonedds_ws/install/rmw_cyclonedds_cpp/lib:/home/unitree/cyclonedds_ws/install/cyclonedds/lib:/opt/ros/foxy/opt/yaml_cpp_vendor/lib:/opt/ros/foxy/opt/rviz_ogre_vendor/lib:/opt/ros/foxy/lib/aarch64-linux-gnu:/opt/ros/foxy/lib:/usr/local/cuda-11.4/lib64 PYTHONPATH=/home/unitree/navigation_ws/install/nav2_msgs/lib/python3.8/site-packages:/home/unitree/navigation_ws/install/nav2_common/lib/python3.8/site-packages:/home/unitree/navigation_ws/install/rm_autonomy_interfaces/lib/python3.8/site-packages:/home/unitree/navigation_ws/install/dwb_msgs/lib/python3.8/site-packages:/home/unitree/navigation_ws/install/nav_2d_msgs/lib/python3.8/site-packages:/home/unitree/navigation_ws/install/fast_lio/lib/python3.8/site-packages:/home/unitree/navigation_ws/install/livox_ros_driver2/lib/python3.8/site-packages:/opt/ros/foxy/lib/python3.8/site-packages /usr/bin/cmake --build /home/unitree/navigation_ws/build/nav2_bt_navigator -- -j8 -l8
[9.342s] DEBUG:colcon.colcon_core.event_handler.log_command:Invoking command in '/home/unitree/navigation_ws/build/nav2_core': CMAKE_PREFIX_PATH=/home/unitree/navigation_ws/install/nav2_costmap_2d:/home/unitree/navigation_ws/install/nav2_map_server:/home/unitree/navigation_ws/install/nav2_lifecycle_manager:/home/unitree/navigation_ws/install/nav2_util:/home/unitree/navigation_ws/install/nav2_voxel_grid:/home/unitree/navigation_ws/install/nav2_msgs:/home/unitree/navigation_ws/install/nav2_common:/home/unitree/navigation_ws/install/nav2_bringup:/home/unitree/navigation_ws/install/navigation2:/home/unitree/navigation_ws/install/smac_planner:/home/unitree/navigation_ws/install/rm_autonomy:/home/unitree/navigation_ws/install/rm_autonomy_interfaces:/home/unitree/navigation_ws/install/bringup:/home/unitree/navigation_ws/install/pointcloud_to_laserscan:/home/unitree/navigation_ws/install/nav2_dwb_controller:/home/unitree/navigation_ws/install/nav2_controller:/home/unitree/navigation_ws/install/dwb_plugins:/home/unitree/navigation_ws/install/dwb_critics:/home/unitree/navigation_ws/install/dwb_core:/home/unitree/navigation_ws/install/nav_2d_utils:/home/unitree/navigation_ws/install/dwb_msgs:/home/unitree/navigation_ws/install/nav_2d_msgs:/home/unitree/navigation_ws/install/nav2_waypoint_follower:/home/unitree/navigation_ws/install/nav2_regulated_pure_pursuit_controller:/home/unitree/navigation_ws/install/nav2_recoveries:/home/unitree/navigation_ws/install/nav2_planner:/home/unitree/navigation_ws/install/nav2_navfn_planner:/home/unitree/navigation_ws/install/nav2_core:/home/unitree/navigation_ws/install/costmap_queue:/home/unitree/navigation_ws/install/nav2_bt_navigator:/home/unitree/navigation_ws/install/nav2_behavior_tree:/home/unitree/navigation_ws/install/nav2_amcl:/home/unitree/navigation_ws/install/loam_interface:/home/unitree/navigation_ws/install/fast_lio:/home/unitree/navigation_ws/install/livox_ros_driver2:/home/unitree/navigation_ws/install/linefit_ground_segmentation_ros:/home/unitree/navigation_ws/install/linefit_ground_segmentation:/home/unitree/navigation_ws/install/cmd_vel_processor:/home/unitree/navigation_ws/install/behaviortree_cpp:/home/unitree/cyclonedds_ws/install/rmw_cyclonedds_cpp:/home/unitree/cyclonedds_ws/install/cyclonedds:/opt/ros/foxy LD_LIBRARY_PATH=/home/unitree/navigation_ws/install/nav2_costmap_2d/lib:/home/unitree/navigation_ws/install/nav2_map_server/lib:/home/unitree/navigation_ws/install/nav2_lifecycle_manager/lib:/home/unitree/navigation_ws/install/nav2_util/lib:/home/unitree/navigation_ws/install/nav2_voxel_grid/lib:/home/unitree/navigation_ws/install/nav2_msgs/lib:/home/unitree/navigation_ws/install/smac_planner/lib:/home/unitree/navigation_ws/install/rm_autonomy/lib:/home/unitree/navigation_ws/install/rm_autonomy_interfaces/lib:/home/unitree/navigation_ws/install/pointcloud_to_laserscan/lib:/home/unitree/navigation_ws/install/nav2_controller/lib:/home/unitree/navigation_ws/install/dwb_plugins/lib:/home/unitree/navigation_ws/install/dwb_critics/lib:/home/unitree/navigation_ws/install/dwb_core/lib:/home/unitree/navigation_ws/install/nav_2d_utils/lib:/home/unitree/navigation_ws/install/dwb_msgs/lib:/home/unitree/navigation_ws/install/nav_2d_msgs/lib:/home/unitree/navigation_ws/install/nav2_waypoint_follower/lib:/home/unitree/navigation_ws/install/nav2_regulated_pure_pursuit_controller/lib:/home/unitree/navigation_ws/install/nav2_recoveries/lib:/home/unitree/navigation_ws/install/nav2_planner/lib:/home/unitree/navigation_ws/install/nav2_navfn_planner/lib:/home/unitree/navigation_ws/install/costmap_queue/lib:/home/unitree/navigation_ws/install/nav2_bt_navigator/lib:/home/unitree/navigation_ws/install/nav2_behavior_tree/lib:/home/unitree/navigation_ws/install/nav2_amcl/lib:/home/unitree/navigation_ws/install/loam_interface/lib:/home/unitree/navigation_ws/install/fast_lio/lib:/home/unitree/navigation_ws/install/livox_ros_driver2/lib:/home/unitree/navigation_ws/install/linefit_ground_segmentation/lib:/home/unitree/navigation_ws/install/behaviortree_cpp/lib:/usr/local/cuda-11.4/lib64:/usr/local/lib:/home/unitree/cyclonedds_ws/install/rmw_cyclonedds_cpp/lib:/home/unitree/cyclonedds_ws/install/cyclonedds/lib:/opt/ros/foxy/opt/yaml_cpp_vendor/lib:/opt/ros/foxy/opt/rviz_ogre_vendor/lib:/opt/ros/foxy/lib/aarch64-linux-gnu:/opt/ros/foxy/lib:/usr/local/cuda-11.4/lib64 PYTHONPATH=/home/unitree/navigation_ws/install/nav2_msgs/lib/python3.8/site-packages:/home/unitree/navigation_ws/install/nav2_common/lib/python3.8/site-packages:/home/unitree/navigation_ws/install/rm_autonomy_interfaces/lib/python3.8/site-packages:/home/unitree/navigation_ws/install/dwb_msgs/lib/python3.8/site-packages:/home/unitree/navigation_ws/install/nav_2d_msgs/lib/python3.8/site-packages:/home/unitree/navigation_ws/install/fast_lio/lib/python3.8/site-packages:/home/unitree/navigation_ws/install/livox_ros_driver2/lib/python3.8/site-packages:/opt/ros/foxy/lib/python3.8/site-packages /usr/bin/cmake --build /home/unitree/navigation_ws/build/nav2_core -- -j8 -l8
[9.354s] DEBUG:colcon.colcon_core.event_handler.log_command:Invoking command in '/home/unitree/navigation_ws/build/costmap_queue': CMAKE_PREFIX_PATH=/home/unitree/navigation_ws/install/nav2_costmap_2d:/home/unitree/navigation_ws/install/nav2_map_server:/home/unitree/navigation_ws/install/nav2_lifecycle_manager:/home/unitree/navigation_ws/install/nav2_util:/home/unitree/navigation_ws/install/nav2_voxel_grid:/home/unitree/navigation_ws/install/nav2_msgs:/home/unitree/navigation_ws/install/nav2_common:/home/unitree/navigation_ws/install/nav2_bringup:/home/unitree/navigation_ws/install/navigation2:/home/unitree/navigation_ws/install/smac_planner:/home/unitree/navigation_ws/install/rm_autonomy:/home/unitree/navigation_ws/install/rm_autonomy_interfaces:/home/unitree/navigation_ws/install/bringup:/home/unitree/navigation_ws/install/pointcloud_to_laserscan:/home/unitree/navigation_ws/install/nav2_dwb_controller:/home/unitree/navigation_ws/install/nav2_controller:/home/unitree/navigation_ws/install/dwb_plugins:/home/unitree/navigation_ws/install/dwb_critics:/home/unitree/navigation_ws/install/dwb_core:/home/unitree/navigation_ws/install/nav_2d_utils:/home/unitree/navigation_ws/install/dwb_msgs:/home/unitree/navigation_ws/install/nav_2d_msgs:/home/unitree/navigation_ws/install/nav2_waypoint_follower:/home/unitree/navigation_ws/install/nav2_regulated_pure_pursuit_controller:/home/unitree/navigation_ws/install/nav2_recoveries:/home/unitree/navigation_ws/install/nav2_planner:/home/unitree/navigation_ws/install/nav2_navfn_planner:/home/unitree/navigation_ws/install/nav2_core:/home/unitree/navigation_ws/install/costmap_queue:/home/unitree/navigation_ws/install/nav2_bt_navigator:/home/unitree/navigation_ws/install/nav2_behavior_tree:/home/unitree/navigation_ws/install/nav2_amcl:/home/unitree/navigation_ws/install/loam_interface:/home/unitree/navigation_ws/install/fast_lio:/home/unitree/navigation_ws/install/livox_ros_driver2:/home/unitree/navigation_ws/install/linefit_ground_segmentation_ros:/home/unitree/navigation_ws/install/linefit_ground_segmentation:/home/unitree/navigation_ws/install/cmd_vel_processor:/home/unitree/navigation_ws/install/behaviortree_cpp:/home/unitree/cyclonedds_ws/install/rmw_cyclonedds_cpp:/home/unitree/cyclonedds_ws/install/cyclonedds:/opt/ros/foxy LD_LIBRARY_PATH=/home/unitree/navigation_ws/install/nav2_costmap_2d/lib:/home/unitree/navigation_ws/install/nav2_map_server/lib:/home/unitree/navigation_ws/install/nav2_lifecycle_manager/lib:/home/unitree/navigation_ws/install/nav2_util/lib:/home/unitree/navigation_ws/install/nav2_voxel_grid/lib:/home/unitree/navigation_ws/install/nav2_msgs/lib:/home/unitree/navigation_ws/install/smac_planner/lib:/home/unitree/navigation_ws/install/rm_autonomy/lib:/home/unitree/navigation_ws/install/rm_autonomy_interfaces/lib:/home/unitree/navigation_ws/install/pointcloud_to_laserscan/lib:/home/unitree/navigation_ws/install/nav2_controller/lib:/home/unitree/navigation_ws/install/dwb_plugins/lib:/home/unitree/navigation_ws/install/dwb_critics/lib:/home/unitree/navigation_ws/install/dwb_core/lib:/home/unitree/navigation_ws/install/nav_2d_utils/lib:/home/unitree/navigation_ws/install/dwb_msgs/lib:/home/unitree/navigation_ws/install/nav_2d_msgs/lib:/home/unitree/navigation_ws/install/nav2_waypoint_follower/lib:/home/unitree/navigation_ws/install/nav2_regulated_pure_pursuit_controller/lib:/home/unitree/navigation_ws/install/nav2_recoveries/lib:/home/unitree/navigation_ws/install/nav2_planner/lib:/home/unitree/navigation_ws/install/nav2_navfn_planner/lib:/home/unitree/navigation_ws/install/costmap_queue/lib:/home/unitree/navigation_ws/install/nav2_bt_navigator/lib:/home/unitree/navigation_ws/install/nav2_behavior_tree/lib:/home/unitree/navigation_ws/install/nav2_amcl/lib:/home/unitree/navigation_ws/install/loam_interface/lib:/home/unitree/navigation_ws/install/fast_lio/lib:/home/unitree/navigation_ws/install/livox_ros_driver2/lib:/home/unitree/navigation_ws/install/linefit_ground_segmentation/lib:/home/unitree/navigation_ws/install/behaviortree_cpp/lib:/usr/local/cuda-11.4/lib64:/usr/local/lib:/home/unitree/cyclonedds_ws/install/rmw_cyclonedds_cpp/lib:/home/unitree/cyclonedds_ws/install/cyclonedds/lib:/opt/ros/foxy/opt/yaml_cpp_vendor/lib:/opt/ros/foxy/opt/rviz_ogre_vendor/lib:/opt/ros/foxy/lib/aarch64-linux-gnu:/opt/ros/foxy/lib:/usr/local/cuda-11.4/lib64 PYTHONPATH=/home/unitree/navigation_ws/install/nav2_msgs/lib/python3.8/site-packages:/home/unitree/navigation_ws/install/nav2_common/lib/python3.8/site-packages:/home/unitree/navigation_ws/install/rm_autonomy_interfaces/lib/python3.8/site-packages:/home/unitree/navigation_ws/install/dwb_msgs/lib/python3.8/site-packages:/home/unitree/navigation_ws/install/nav_2d_msgs/lib/python3.8/site-packages:/home/unitree/navigation_ws/install/fast_lio/lib/python3.8/site-packages:/home/unitree/navigation_ws/install/livox_ros_driver2/lib/python3.8/site-packages:/opt/ros/foxy/lib/python3.8/site-packages /usr/bin/cmake --build /home/unitree/navigation_ws/build/costmap_queue -- -j8 -l8
[9.381s] DEBUG:colcon.colcon_core.event_handler.log_command:Invoking command in '/home/unitree/navigation_ws/build/rm_autonomy': CMAKE_PREFIX_PATH=/home/unitree/navigation_ws/install/nav2_costmap_2d:/home/unitree/navigation_ws/install/nav2_map_server:/home/unitree/navigation_ws/install/nav2_lifecycle_manager:/home/unitree/navigation_ws/install/nav2_util:/home/unitree/navigation_ws/install/nav2_voxel_grid:/home/unitree/navigation_ws/install/nav2_msgs:/home/unitree/navigation_ws/install/rm_autonomy_interfaces:/home/unitree/navigation_ws/install/nav2_common:/home/unitree/navigation_ws/install/behaviortree_cpp:/home/unitree/navigation_ws/install/nav2_bringup:/home/unitree/navigation_ws/install/navigation2:/home/unitree/navigation_ws/install/smac_planner:/home/unitree/navigation_ws/install/rm_autonomy:/home/unitree/navigation_ws/install/bringup:/home/unitree/navigation_ws/install/pointcloud_to_laserscan:/home/unitree/navigation_ws/install/nav2_dwb_controller:/home/unitree/navigation_ws/install/nav2_controller:/home/unitree/navigation_ws/install/dwb_plugins:/home/unitree/navigation_ws/install/dwb_critics:/home/unitree/navigation_ws/install/dwb_core:/home/unitree/navigation_ws/install/nav_2d_utils:/home/unitree/navigation_ws/install/dwb_msgs:/home/unitree/navigation_ws/install/nav_2d_msgs:/home/unitree/navigation_ws/install/nav2_waypoint_follower:/home/unitree/navigation_ws/install/nav2_regulated_pure_pursuit_controller:/home/unitree/navigation_ws/install/nav2_recoveries:/home/unitree/navigation_ws/install/nav2_planner:/home/unitree/navigation_ws/install/nav2_navfn_planner:/home/unitree/navigation_ws/install/nav2_core:/home/unitree/navigation_ws/install/costmap_queue:/home/unitree/navigation_ws/install/nav2_bt_navigator:/home/unitree/navigation_ws/install/nav2_behavior_tree:/home/unitree/navigation_ws/install/nav2_amcl:/home/unitree/navigation_ws/install/loam_interface:/home/unitree/navigation_ws/install/fast_lio:/home/unitree/navigation_ws/install/livox_ros_driver2:/home/unitree/navigation_ws/install/linefit_ground_segmentation_ros:/home/unitree/navigation_ws/install/linefit_ground_segmentation:/home/unitree/navigation_ws/install/cmd_vel_processor:/home/unitree/cyclonedds_ws/install/rmw_cyclonedds_cpp:/home/unitree/cyclonedds_ws/install/cyclonedds:/opt/ros/foxy LD_LIBRARY_PATH=/home/unitree/navigation_ws/install/nav2_costmap_2d/lib:/home/unitree/navigation_ws/install/nav2_map_server/lib:/home/unitree/navigation_ws/install/nav2_lifecycle_manager/lib:/home/unitree/navigation_ws/install/nav2_util/lib:/home/unitree/navigation_ws/install/nav2_voxel_grid/lib:/home/unitree/navigation_ws/install/nav2_msgs/lib:/home/unitree/navigation_ws/install/rm_autonomy_interfaces/lib:/home/unitree/navigation_ws/install/behaviortree_cpp/lib:/home/unitree/navigation_ws/install/smac_planner/lib:/home/unitree/navigation_ws/install/rm_autonomy/lib:/home/unitree/navigation_ws/install/pointcloud_to_laserscan/lib:/home/unitree/navigation_ws/install/nav2_controller/lib:/home/unitree/navigation_ws/install/dwb_plugins/lib:/home/unitree/navigation_ws/install/dwb_critics/lib:/home/unitree/navigation_ws/install/dwb_core/lib:/home/unitree/navigation_ws/install/nav_2d_utils/lib:/home/unitree/navigation_ws/install/dwb_msgs/lib:/home/unitree/navigation_ws/install/nav_2d_msgs/lib:/home/unitree/navigation_ws/install/nav2_waypoint_follower/lib:/home/unitree/navigation_ws/install/nav2_regulated_pure_pursuit_controller/lib:/home/unitree/navigation_ws/install/nav2_recoveries/lib:/home/unitree/navigation_ws/install/nav2_planner/lib:/home/unitree/navigation_ws/install/nav2_navfn_planner/lib:/home/unitree/navigation_ws/install/costmap_queue/lib:/home/unitree/navigation_ws/install/nav2_bt_navigator/lib:/home/unitree/navigation_ws/install/nav2_behavior_tree/lib:/home/unitree/navigation_ws/install/nav2_amcl/lib:/home/unitree/navigation_ws/install/loam_interface/lib:/home/unitree/navigation_ws/install/fast_lio/lib:/home/unitree/navigation_ws/install/livox_ros_driver2/lib:/home/unitree/navigation_ws/install/linefit_ground_segmentation/lib:/usr/local/cuda-11.4/lib64:/usr/local/lib:/home/unitree/cyclonedds_ws/install/rmw_cyclonedds_cpp/lib:/home/unitree/cyclonedds_ws/install/cyclonedds/lib:/opt/ros/foxy/opt/yaml_cpp_vendor/lib:/opt/ros/foxy/opt/rviz_ogre_vendor/lib:/opt/ros/foxy/lib/aarch64-linux-gnu:/opt/ros/foxy/lib:/usr/local/cuda-11.4/lib64 PYTHONPATH=/home/unitree/navigation_ws/install/nav2_msgs/lib/python3.8/site-packages:/home/unitree/navigation_ws/install/rm_autonomy_interfaces/lib/python3.8/site-packages:/home/unitree/navigation_ws/install/nav2_common/lib/python3.8/site-packages:/home/unitree/navigation_ws/install/dwb_msgs/lib/python3.8/site-packages:/home/unitree/navigation_ws/install/nav_2d_msgs/lib/python3.8/site-packages:/home/unitree/navigation_ws/install/fast_lio/lib/python3.8/site-packages:/home/unitree/navigation_ws/install/livox_ros_driver2/lib/python3.8/site-packages:/opt/ros/foxy/lib/python3.8/site-packages /usr/bin/cmake --build /home/unitree/navigation_ws/build/rm_autonomy -- -j8 -l8
[9.419s] DEBUG:colcon.colcon_core.event_handler.log_command:Invoking command in '/home/unitree/navigation_ws/build/nav2_bt_navigator': CMAKE_PREFIX_PATH=/home/unitree/navigation_ws/install/nav2_behavior_tree:/home/unitree/navigation_ws/install/nav2_util:/home/unitree/navigation_ws/install/nav2_msgs:/home/unitree/navigation_ws/install/nav2_common:/home/unitree/navigation_ws/install/nav2_bringup:/home/unitree/navigation_ws/install/navigation2:/home/unitree/navigation_ws/install/smac_planner:/home/unitree/navigation_ws/install/rm_autonomy:/home/unitree/navigation_ws/install/rm_autonomy_interfaces:/home/unitree/navigation_ws/install/bringup:/home/unitree/navigation_ws/install/pointcloud_to_laserscan:/home/unitree/navigation_ws/install/nav2_dwb_controller:/home/unitree/navigation_ws/install/nav2_controller:/home/unitree/navigation_ws/install/dwb_plugins:/home/unitree/navigation_ws/install/dwb_critics:/home/unitree/navigation_ws/install/dwb_core:/home/unitree/navigation_ws/install/nav_2d_utils:/home/unitree/navigation_ws/install/dwb_msgs:/home/unitree/navigation_ws/install/nav_2d_msgs:/home/unitree/navigation_ws/install/nav2_waypoint_follower:/home/unitree/navigation_ws/install/nav2_regulated_pure_pursuit_controller:/home/unitree/navigation_ws/install/nav2_recoveries:/home/unitree/navigation_ws/install/nav2_planner:/home/unitree/navigation_ws/install/nav2_navfn_planner:/home/unitree/navigation_ws/install/nav2_core:/home/unitree/navigation_ws/install/costmap_queue:/home/unitree/navigation_ws/install/nav2_costmap_2d:/home/unitree/navigation_ws/install/nav2_voxel_grid:/home/unitree/navigation_ws/install/nav2_map_server:/home/unitree/navigation_ws/install/nav2_lifecycle_manager:/home/unitree/navigation_ws/install/nav2_bt_navigator:/home/unitree/navigation_ws/install/nav2_amcl:/home/unitree/navigation_ws/install/loam_interface:/home/unitree/navigation_ws/install/fast_lio:/home/unitree/navigation_ws/install/livox_ros_driver2:/home/unitree/navigation_ws/install/linefit_ground_segmentation_ros:/home/unitree/navigation_ws/install/linefit_ground_segmentation:/home/unitree/navigation_ws/install/cmd_vel_processor:/home/unitree/navigation_ws/install/behaviortree_cpp:/home/unitree/cyclonedds_ws/install/rmw_cyclonedds_cpp:/home/unitree/cyclonedds_ws/install/cyclonedds:/opt/ros/foxy LD_LIBRARY_PATH=/home/unitree/navigation_ws/install/nav2_behavior_tree/lib:/home/unitree/navigation_ws/install/nav2_util/lib:/home/unitree/navigation_ws/install/nav2_msgs/lib:/home/unitree/navigation_ws/install/smac_planner/lib:/home/unitree/navigation_ws/install/rm_autonomy/lib:/home/unitree/navigation_ws/install/rm_autonomy_interfaces/lib:/home/unitree/navigation_ws/install/pointcloud_to_laserscan/lib:/home/unitree/navigation_ws/install/nav2_controller/lib:/home/unitree/navigation_ws/install/dwb_plugins/lib:/home/unitree/navigation_ws/install/dwb_critics/lib:/home/unitree/navigation_ws/install/dwb_core/lib:/home/unitree/navigation_ws/install/nav_2d_utils/lib:/home/unitree/navigation_ws/install/dwb_msgs/lib:/home/unitree/navigation_ws/install/nav_2d_msgs/lib:/home/unitree/navigation_ws/install/nav2_waypoint_follower/lib:/home/unitree/navigation_ws/install/nav2_regulated_pure_pursuit_controller/lib:/home/unitree/navigation_ws/install/nav2_recoveries/lib:/home/unitree/navigation_ws/install/nav2_planner/lib:/home/unitree/navigation_ws/install/nav2_navfn_planner/lib:/home/unitree/navigation_ws/install/costmap_queue/lib:/home/unitree/navigation_ws/install/nav2_costmap_2d/lib:/home/unitree/navigation_ws/install/nav2_voxel_grid/lib:/home/unitree/navigation_ws/install/nav2_map_server/lib:/home/unitree/navigation_ws/install/nav2_lifecycle_manager/lib:/home/unitree/navigation_ws/install/nav2_bt_navigator/lib:/home/unitree/navigation_ws/install/nav2_amcl/lib:/home/unitree/navigation_ws/install/loam_interface/lib:/home/unitree/navigation_ws/install/fast_lio/lib:/home/unitree/navigation_ws/install/livox_ros_driver2/lib:/home/unitree/navigation_ws/install/linefit_ground_segmentation/lib:/home/unitree/navigation_ws/install/behaviortree_cpp/lib:/usr/local/cuda-11.4/lib64:/usr/local/lib:/home/unitree/cyclonedds_ws/install/rmw_cyclonedds_cpp/lib:/home/unitree/cyclonedds_ws/install/cyclonedds/lib:/opt/ros/foxy/opt/yaml_cpp_vendor/lib:/opt/ros/foxy/opt/rviz_ogre_vendor/lib:/opt/ros/foxy/lib/aarch64-linux-gnu:/opt/ros/foxy/lib:/usr/local/cuda-11.4/lib64 PYTHONPATH=/home/unitree/navigation_ws/install/nav2_msgs/lib/python3.8/site-packages:/home/unitree/navigation_ws/install/nav2_common/lib/python3.8/site-packages:/home/unitree/navigation_ws/install/rm_autonomy_interfaces/lib/python3.8/site-packages:/home/unitree/navigation_ws/install/dwb_msgs/lib/python3.8/site-packages:/home/unitree/navigation_ws/install/nav_2d_msgs/lib/python3.8/site-packages:/home/unitree/navigation_ws/install/fast_lio/lib/python3.8/site-packages:/home/unitree/navigation_ws/install/livox_ros_driver2/lib/python3.8/site-packages:/opt/ros/foxy/lib/python3.8/site-packages /usr/bin/cmake --install /home/unitree/navigation_ws/build/nav2_bt_navigator
[9.462s] DEBUG:colcon.colcon_core.event_handler.log_command:Invoked command in '/home/unitree/navigation_ws/build/nav2_core' returned '0': CMAKE_PREFIX_PATH=/home/unitree/navigation_ws/install/nav2_costmap_2d:/home/unitree/navigation_ws/install/nav2_map_server:/home/unitree/navigation_ws/install/nav2_lifecycle_manager:/home/unitree/navigation_ws/install/nav2_util:/home/unitree/navigation_ws/install/nav2_voxel_grid:/home/unitree/navigation_ws/install/nav2_msgs:/home/unitree/navigation_ws/install/nav2_common:/home/unitree/navigation_ws/install/nav2_bringup:/home/unitree/navigation_ws/install/navigation2:/home/unitree/navigation_ws/install/smac_planner:/home/unitree/navigation_ws/install/rm_autonomy:/home/unitree/navigation_ws/install/rm_autonomy_interfaces:/home/unitree/navigation_ws/install/bringup:/home/unitree/navigation_ws/install/pointcloud_to_laserscan:/home/unitree/navigation_ws/install/nav2_dwb_controller:/home/unitree/navigation_ws/install/nav2_controller:/home/unitree/navigation_ws/install/dwb_plugins:/home/unitree/navigation_ws/install/dwb_critics:/home/unitree/navigation_ws/install/dwb_core:/home/unitree/navigation_ws/install/nav_2d_utils:/home/unitree/navigation_ws/install/dwb_msgs:/home/unitree/navigation_ws/install/nav_2d_msgs:/home/unitree/navigation_ws/install/nav2_waypoint_follower:/home/unitree/navigation_ws/install/nav2_regulated_pure_pursuit_controller:/home/unitree/navigation_ws/install/nav2_recoveries:/home/unitree/navigation_ws/install/nav2_planner:/home/unitree/navigation_ws/install/nav2_navfn_planner:/home/unitree/navigation_ws/install/nav2_core:/home/unitree/navigation_ws/install/costmap_queue:/home/unitree/navigation_ws/install/nav2_bt_navigator:/home/unitree/navigation_ws/install/nav2_behavior_tree:/home/unitree/navigation_ws/install/nav2_amcl:/home/unitree/navigation_ws/install/loam_interface:/home/unitree/navigation_ws/install/fast_lio:/home/unitree/navigation_ws/install/livox_ros_driver2:/home/unitree/navigation_ws/install/linefit_ground_segmentation_ros:/home/unitree/navigation_ws/install/linefit_ground_segmentation:/home/unitree/navigation_ws/install/cmd_vel_processor:/home/unitree/navigation_ws/install/behaviortree_cpp:/home/unitree/cyclonedds_ws/install/rmw_cyclonedds_cpp:/home/unitree/cyclonedds_ws/install/cyclonedds:/opt/ros/foxy LD_LIBRARY_PATH=/home/unitree/navigation_ws/install/nav2_costmap_2d/lib:/home/unitree/navigation_ws/install/nav2_map_server/lib:/home/unitree/navigation_ws/install/nav2_lifecycle_manager/lib:/home/unitree/navigation_ws/install/nav2_util/lib:/home/unitree/navigation_ws/install/nav2_voxel_grid/lib:/home/unitree/navigation_ws/install/nav2_msgs/lib:/home/unitree/navigation_ws/install/smac_planner/lib:/home/unitree/navigation_ws/install/rm_autonomy/lib:/home/unitree/navigation_ws/install/rm_autonomy_interfaces/lib:/home/unitree/navigation_ws/install/pointcloud_to_laserscan/lib:/home/unitree/navigation_ws/install/nav2_controller/lib:/home/unitree/navigation_ws/install/dwb_plugins/lib:/home/unitree/navigation_ws/install/dwb_critics/lib:/home/unitree/navigation_ws/install/dwb_core/lib:/home/unitree/navigation_ws/install/nav_2d_utils/lib:/home/unitree/navigation_ws/install/dwb_msgs/lib:/home/unitree/navigation_ws/install/nav_2d_msgs/lib:/home/unitree/navigation_ws/install/nav2_waypoint_follower/lib:/home/unitree/navigation_ws/install/nav2_regulated_pure_pursuit_controller/lib:/home/unitree/navigation_ws/install/nav2_recoveries/lib:/home/unitree/navigation_ws/install/nav2_planner/lib:/home/unitree/navigation_ws/install/nav2_navfn_planner/lib:/home/unitree/navigation_ws/install/costmap_queue/lib:/home/unitree/navigation_ws/install/nav2_bt_navigator/lib:/home/unitree/navigation_ws/install/nav2_behavior_tree/lib:/home/unitree/navigation_ws/install/nav2_amcl/lib:/home/unitree/navigation_ws/install/loam_interface/lib:/home/unitree/navigation_ws/install/fast_lio/lib:/home/unitree/navigation_ws/install/livox_ros_driver2/lib:/home/unitree/navigation_ws/install/linefit_ground_segmentation/lib:/home/unitree/navigation_ws/install/behaviortree_cpp/lib:/usr/local/cuda-11.4/lib64:/usr/local/lib:/home/unitree/cyclonedds_ws/install/rmw_cyclonedds_cpp/lib:/home/unitree/cyclonedds_ws/install/cyclonedds/lib:/opt/ros/foxy/opt/yaml_cpp_vendor/lib:/opt/ros/foxy/opt/rviz_ogre_vendor/lib:/opt/ros/foxy/lib/aarch64-linux-gnu:/opt/ros/foxy/lib:/usr/local/cuda-11.4/lib64 PYTHONPATH=/home/unitree/navigation_ws/install/nav2_msgs/lib/python3.8/site-packages:/home/unitree/navigation_ws/install/nav2_common/lib/python3.8/site-packages:/home/unitree/navigation_ws/install/rm_autonomy_interfaces/lib/python3.8/site-packages:/home/unitree/navigation_ws/install/dwb_msgs/lib/python3.8/site-packages:/home/unitree/navigation_ws/install/nav_2d_msgs/lib/python3.8/site-packages:/home/unitree/navigation_ws/install/fast_lio/lib/python3.8/site-packages:/home/unitree/navigation_ws/install/livox_ros_driver2/lib/python3.8/site-packages:/opt/ros/foxy/lib/python3.8/site-packages /usr/bin/cmake --build /home/unitree/navigation_ws/build/nav2_core -- -j8 -l8
[9.484s] Level 1:colcon.colcon_core.environment:create_environment_scripts_only(nav2_bt_navigator)
[9.485s] Level 1:colcon.colcon_core.environment:checking '/home/unitree/navigation_ws/install/nav2_bt_navigator' for CMake module files
[9.486s] Level 1:colcon.colcon_core.environment:checking '/home/unitree/navigation_ws/install/nav2_bt_navigator' for CMake config files
[9.487s] Level 1:colcon.colcon_core.shell:create_environment_hook('nav2_bt_navigator', 'cmake_prefix_path')
[9.488s] INFO:colcon.colcon_core.shell:Creating environment hook '/home/unitree/navigation_ws/install/nav2_bt_navigator/share/nav2_bt_navigator/hook/cmake_prefix_path.ps1'
[9.489s] DEBUG:colcon.colcon_core.event_handler.log_command:Invoked command in '/home/unitree/navigation_ws/build/nav2_bt_navigator' returned '0': CMAKE_PREFIX_PATH=/home/unitree/navigation_ws/install/nav2_behavior_tree:/home/unitree/navigation_ws/install/nav2_util:/home/unitree/navigation_ws/install/nav2_msgs:/home/unitree/navigation_ws/install/nav2_common:/home/unitree/navigation_ws/install/nav2_bringup:/home/unitree/navigation_ws/install/navigation2:/home/unitree/navigation_ws/install/smac_planner:/home/unitree/navigation_ws/install/rm_autonomy:/home/unitree/navigation_ws/install/rm_autonomy_interfaces:/home/unitree/navigation_ws/install/bringup:/home/unitree/navigation_ws/install/pointcloud_to_laserscan:/home/unitree/navigation_ws/install/nav2_dwb_controller:/home/unitree/navigation_ws/install/nav2_controller:/home/unitree/navigation_ws/install/dwb_plugins:/home/unitree/navigation_ws/install/dwb_critics:/home/unitree/navigation_ws/install/dwb_core:/home/unitree/navigation_ws/install/nav_2d_utils:/home/unitree/navigation_ws/install/dwb_msgs:/home/unitree/navigation_ws/install/nav_2d_msgs:/home/unitree/navigation_ws/install/nav2_waypoint_follower:/home/unitree/navigation_ws/install/nav2_regulated_pure_pursuit_controller:/home/unitree/navigation_ws/install/nav2_recoveries:/home/unitree/navigation_ws/install/nav2_planner:/home/unitree/navigation_ws/install/nav2_navfn_planner:/home/unitree/navigation_ws/install/nav2_core:/home/unitree/navigation_ws/install/costmap_queue:/home/unitree/navigation_ws/install/nav2_costmap_2d:/home/unitree/navigation_ws/install/nav2_voxel_grid:/home/unitree/navigation_ws/install/nav2_map_server:/home/unitree/navigation_ws/install/nav2_lifecycle_manager:/home/unitree/navigation_ws/install/nav2_bt_navigator:/home/unitree/navigation_ws/install/nav2_amcl:/home/unitree/navigation_ws/install/loam_interface:/home/unitree/navigation_ws/install/fast_lio:/home/unitree/navigation_ws/install/livox_ros_driver2:/home/unitree/navigation_ws/install/linefit_ground_segmentation_ros:/home/unitree/navigation_ws/install/linefit_ground_segmentation:/home/unitree/navigation_ws/install/cmd_vel_processor:/home/unitree/navigation_ws/install/behaviortree_cpp:/home/unitree/cyclonedds_ws/install/rmw_cyclonedds_cpp:/home/unitree/cyclonedds_ws/install/cyclonedds:/opt/ros/foxy LD_LIBRARY_PATH=/home/unitree/navigation_ws/install/nav2_behavior_tree/lib:/home/unitree/navigation_ws/install/nav2_util/lib:/home/unitree/navigation_ws/install/nav2_msgs/lib:/home/unitree/navigation_ws/install/smac_planner/lib:/home/unitree/navigation_ws/install/rm_autonomy/lib:/home/unitree/navigation_ws/install/rm_autonomy_interfaces/lib:/home/unitree/navigation_ws/install/pointcloud_to_laserscan/lib:/home/unitree/navigation_ws/install/nav2_controller/lib:/home/unitree/navigation_ws/install/dwb_plugins/lib:/home/unitree/navigation_ws/install/dwb_critics/lib:/home/unitree/navigation_ws/install/dwb_core/lib:/home/unitree/navigation_ws/install/nav_2d_utils/lib:/home/unitree/navigation_ws/install/dwb_msgs/lib:/home/unitree/navigation_ws/install/nav_2d_msgs/lib:/home/unitree/navigation_ws/install/nav2_waypoint_follower/lib:/home/unitree/navigation_ws/install/nav2_regulated_pure_pursuit_controller/lib:/home/unitree/navigation_ws/install/nav2_recoveries/lib:/home/unitree/navigation_ws/install/nav2_planner/lib:/home/unitree/navigation_ws/install/nav2_navfn_planner/lib:/home/unitree/navigation_ws/install/costmap_queue/lib:/home/unitree/navigation_ws/install/nav2_costmap_2d/lib:/home/unitree/navigation_ws/install/nav2_voxel_grid/lib:/home/unitree/navigation_ws/install/nav2_map_server/lib:/home/unitree/navigation_ws/install/nav2_lifecycle_manager/lib:/home/unitree/navigation_ws/install/nav2_bt_navigator/lib:/home/unitree/navigation_ws/install/nav2_amcl/lib:/home/unitree/navigation_ws/install/loam_interface/lib:/home/unitree/navigation_ws/install/fast_lio/lib:/home/unitree/navigation_ws/install/livox_ros_driver2/lib:/home/unitree/navigation_ws/install/linefit_ground_segmentation/lib:/home/unitree/navigation_ws/install/behaviortree_cpp/lib:/usr/local/cuda-11.4/lib64:/usr/local/lib:/home/unitree/cyclonedds_ws/install/rmw_cyclonedds_cpp/lib:/home/unitree/cyclonedds_ws/install/cyclonedds/lib:/opt/ros/foxy/opt/yaml_cpp_vendor/lib:/opt/ros/foxy/opt/rviz_ogre_vendor/lib:/opt/ros/foxy/lib/aarch64-linux-gnu:/opt/ros/foxy/lib:/usr/local/cuda-11.4/lib64 PYTHONPATH=/home/unitree/navigation_ws/install/nav2_msgs/lib/python3.8/site-packages:/home/unitree/navigation_ws/install/nav2_common/lib/python3.8/site-packages:/home/unitree/navigation_ws/install/rm_autonomy_interfaces/lib/python3.8/site-packages:/home/unitree/navigation_ws/install/dwb_msgs/lib/python3.8/site-packages:/home/unitree/navigation_ws/install/nav_2d_msgs/lib/python3.8/site-packages:/home/unitree/navigation_ws/install/fast_lio/lib/python3.8/site-packages:/home/unitree/navigation_ws/install/livox_ros_driver2/lib/python3.8/site-packages:/opt/ros/foxy/lib/python3.8/site-packages /usr/bin/cmake --install /home/unitree/navigation_ws/build/nav2_bt_navigator
[9.489s] INFO:colcon.colcon_core.shell:Creating environment descriptor '/home/unitree/navigation_ws/install/nav2_bt_navigator/share/nav2_bt_navigator/hook/cmake_prefix_path.dsv'
[9.490s] INFO:colcon.colcon_core.shell:Creating environment hook '/home/unitree/navigation_ws/install/nav2_bt_navigator/share/nav2_bt_navigator/hook/cmake_prefix_path.sh'
[9.491s] Level 1:colcon.colcon_core.environment:checking '/home/unitree/navigation_ws/install/nav2_bt_navigator/lib'
[9.492s] Level 1:colcon.colcon_core.shell:create_environment_hook('nav2_bt_navigator', 'ld_library_path_lib')
[9.492s] INFO:colcon.colcon_core.shell:Creating environment hook '/home/unitree/navigation_ws/install/nav2_bt_navigator/share/nav2_bt_navigator/hook/ld_library_path_lib.ps1'
[9.493s] INFO:colcon.colcon_core.shell:Creating environment descriptor '/home/unitree/navigation_ws/install/nav2_bt_navigator/share/nav2_bt_navigator/hook/ld_library_path_lib.dsv'
[9.493s] INFO:colcon.colcon_core.shell:Creating environment hook '/home/unitree/navigation_ws/install/nav2_bt_navigator/share/nav2_bt_navigator/hook/ld_library_path_lib.sh'
[9.494s] Level 1:colcon.colcon_core.environment:checking '/home/unitree/navigation_ws/install/nav2_bt_navigator/bin'
[9.494s] Level 1:colcon.colcon_core.environment:checking '/home/unitree/navigation_ws/install/nav2_bt_navigator/lib/pkgconfig/nav2_bt_navigator.pc'
[9.495s] Level 1:colcon.colcon_core.environment:checking '/home/unitree/navigation_ws/install/nav2_bt_navigator/lib/python3.8/site-packages'
[9.495s] Level 1:colcon.colcon_core.environment:checking '/home/unitree/navigation_ws/install/nav2_bt_navigator/bin'
[9.496s] INFO:colcon.colcon_core.shell:Creating package script '/home/unitree/navigation_ws/install/nav2_bt_navigator/share/nav2_bt_navigator/package.ps1'
[9.498s] INFO:colcon.colcon_core.shell:Creating package descriptor '/home/unitree/navigation_ws/install/nav2_bt_navigator/share/nav2_bt_navigator/package.dsv'
[9.501s] INFO:colcon.colcon_core.shell:Creating package script '/home/unitree/navigation_ws/install/nav2_bt_navigator/share/nav2_bt_navigator/package.sh'
[9.502s] INFO:colcon.colcon_core.shell:Creating package script '/home/unitree/navigation_ws/install/nav2_bt_navigator/share/nav2_bt_navigator/package.bash'
[9.502s] INFO:colcon.colcon_core.shell:Creating package script '/home/unitree/navigation_ws/install/nav2_bt_navigator/share/nav2_bt_navigator/package.zsh'
[9.503s] Level 1:colcon.colcon_core.environment:create_file_with_runtime_dependencies(/home/unitree/navigation_ws/install/nav2_bt_navigator/share/colcon-core/packages/nav2_bt_navigator)
[9.536s] DEBUG:colcon.colcon_core.event_handler.log_command:Invoking command in '/home/unitree/navigation_ws/build/nav2_core': CMAKE_PREFIX_PATH=/home/unitree/navigation_ws/install/nav2_costmap_2d:/home/unitree/navigation_ws/install/nav2_map_server:/home/unitree/navigation_ws/install/nav2_lifecycle_manager:/home/unitree/navigation_ws/install/nav2_util:/home/unitree/navigation_ws/install/nav2_voxel_grid:/home/unitree/navigation_ws/install/nav2_msgs:/home/unitree/navigation_ws/install/nav2_common:/home/unitree/navigation_ws/install/nav2_bringup:/home/unitree/navigation_ws/install/navigation2:/home/unitree/navigation_ws/install/smac_planner:/home/unitree/navigation_ws/install/rm_autonomy:/home/unitree/navigation_ws/install/rm_autonomy_interfaces:/home/unitree/navigation_ws/install/bringup:/home/unitree/navigation_ws/install/pointcloud_to_laserscan:/home/unitree/navigation_ws/install/nav2_dwb_controller:/home/unitree/navigation_ws/install/nav2_controller:/home/unitree/navigation_ws/install/dwb_plugins:/home/unitree/navigation_ws/install/dwb_critics:/home/unitree/navigation_ws/install/dwb_core:/home/unitree/navigation_ws/install/nav_2d_utils:/home/unitree/navigation_ws/install/dwb_msgs:/home/unitree/navigation_ws/install/nav_2d_msgs:/home/unitree/navigation_ws/install/nav2_waypoint_follower:/home/unitree/navigation_ws/install/nav2_regulated_pure_pursuit_controller:/home/unitree/navigation_ws/install/nav2_recoveries:/home/unitree/navigation_ws/install/nav2_planner:/home/unitree/navigation_ws/install/nav2_navfn_planner:/home/unitree/navigation_ws/install/nav2_core:/home/unitree/navigation_ws/install/costmap_queue:/home/unitree/navigation_ws/install/nav2_bt_navigator:/home/unitree/navigation_ws/install/nav2_behavior_tree:/home/unitree/navigation_ws/install/nav2_amcl:/home/unitree/navigation_ws/install/loam_interface:/home/unitree/navigation_ws/install/fast_lio:/home/unitree/navigation_ws/install/livox_ros_driver2:/home/unitree/navigation_ws/install/linefit_ground_segmentation_ros:/home/unitree/navigation_ws/install/linefit_ground_segmentation:/home/unitree/navigation_ws/install/cmd_vel_processor:/home/unitree/navigation_ws/install/behaviortree_cpp:/home/unitree/cyclonedds_ws/install/rmw_cyclonedds_cpp:/home/unitree/cyclonedds_ws/install/cyclonedds:/opt/ros/foxy LD_LIBRARY_PATH=/home/unitree/navigation_ws/install/nav2_costmap_2d/lib:/home/unitree/navigation_ws/install/nav2_map_server/lib:/home/unitree/navigation_ws/install/nav2_lifecycle_manager/lib:/home/unitree/navigation_ws/install/nav2_util/lib:/home/unitree/navigation_ws/install/nav2_voxel_grid/lib:/home/unitree/navigation_ws/install/nav2_msgs/lib:/home/unitree/navigation_ws/install/smac_planner/lib:/home/unitree/navigation_ws/install/rm_autonomy/lib:/home/unitree/navigation_ws/install/rm_autonomy_interfaces/lib:/home/unitree/navigation_ws/install/pointcloud_to_laserscan/lib:/home/unitree/navigation_ws/install/nav2_controller/lib:/home/unitree/navigation_ws/install/dwb_plugins/lib:/home/unitree/navigation_ws/install/dwb_critics/lib:/home/unitree/navigation_ws/install/dwb_core/lib:/home/unitree/navigation_ws/install/nav_2d_utils/lib:/home/unitree/navigation_ws/install/dwb_msgs/lib:/home/unitree/navigation_ws/install/nav_2d_msgs/lib:/home/unitree/navigation_ws/install/nav2_waypoint_follower/lib:/home/unitree/navigation_ws/install/nav2_regulated_pure_pursuit_controller/lib:/home/unitree/navigation_ws/install/nav2_recoveries/lib:/home/unitree/navigation_ws/install/nav2_planner/lib:/home/unitree/navigation_ws/install/nav2_navfn_planner/lib:/home/unitree/navigation_ws/install/costmap_queue/lib:/home/unitree/navigation_ws/install/nav2_bt_navigator/lib:/home/unitree/navigation_ws/install/nav2_behavior_tree/lib:/home/unitree/navigation_ws/install/nav2_amcl/lib:/home/unitree/navigation_ws/install/loam_interface/lib:/home/unitree/navigation_ws/install/fast_lio/lib:/home/unitree/navigation_ws/install/livox_ros_driver2/lib:/home/unitree/navigation_ws/install/linefit_ground_segmentation/lib:/home/unitree/navigation_ws/install/behaviortree_cpp/lib:/usr/local/cuda-11.4/lib64:/usr/local/lib:/home/unitree/cyclonedds_ws/install/rmw_cyclonedds_cpp/lib:/home/unitree/cyclonedds_ws/install/cyclonedds/lib:/opt/ros/foxy/opt/yaml_cpp_vendor/lib:/opt/ros/foxy/opt/rviz_ogre_vendor/lib:/opt/ros/foxy/lib/aarch64-linux-gnu:/opt/ros/foxy/lib:/usr/local/cuda-11.4/lib64 PYTHONPATH=/home/unitree/navigation_ws/install/nav2_msgs/lib/python3.8/site-packages:/home/unitree/navigation_ws/install/nav2_common/lib/python3.8/site-packages:/home/unitree/navigation_ws/install/rm_autonomy_interfaces/lib/python3.8/site-packages:/home/unitree/navigation_ws/install/dwb_msgs/lib/python3.8/site-packages:/home/unitree/navigation_ws/install/nav_2d_msgs/lib/python3.8/site-packages:/home/unitree/navigation_ws/install/fast_lio/lib/python3.8/site-packages:/home/unitree/navigation_ws/install/livox_ros_driver2/lib/python3.8/site-packages:/opt/ros/foxy/lib/python3.8/site-packages /usr/bin/cmake --install /home/unitree/navigation_ws/build/nav2_core
[9.598s] Level 1:colcon.colcon_core.environment:create_environment_scripts_only(nav2_bt_navigator)
[9.599s] Level 1:colcon.colcon_core.environment:checking '/home/unitree/navigation_ws/install/nav2_bt_navigator' for CMake module files
[9.600s] Level 1:colcon.colcon_core.environment:checking '/home/unitree/navigation_ws/install/nav2_bt_navigator' for CMake config files
[9.601s] Level 1:colcon.colcon_core.shell:create_environment_hook('nav2_bt_navigator', 'cmake_prefix_path')
[9.601s] INFO:colcon.colcon_core.shell:Creating environment hook '/home/unitree/navigation_ws/install/nav2_bt_navigator/share/nav2_bt_navigator/hook/cmake_prefix_path.ps1'
[9.602s] INFO:colcon.colcon_core.shell:Creating environment descriptor '/home/unitree/navigation_ws/install/nav2_bt_navigator/share/nav2_bt_navigator/hook/cmake_prefix_path.dsv'
[9.603s] INFO:colcon.colcon_core.shell:Creating environment hook '/home/unitree/navigation_ws/install/nav2_bt_navigator/share/nav2_bt_navigator/hook/cmake_prefix_path.sh'
[9.604s] Level 1:colcon.colcon_core.environment:checking '/home/unitree/navigation_ws/install/nav2_bt_navigator/lib'
[9.604s] Level 1:colcon.colcon_core.shell:create_environment_hook('nav2_bt_navigator', 'ld_library_path_lib')
[9.605s] INFO:colcon.colcon_core.shell:Creating environment hook '/home/unitree/navigation_ws/install/nav2_bt_navigator/share/nav2_bt_navigator/hook/ld_library_path_lib.ps1'
[9.606s] INFO:colcon.colcon_core.shell:Creating environment descriptor '/home/unitree/navigation_ws/install/nav2_bt_navigator/share/nav2_bt_navigator/hook/ld_library_path_lib.dsv'
[9.606s] INFO:colcon.colcon_core.shell:Creating environment hook '/home/unitree/navigation_ws/install/nav2_bt_navigator/share/nav2_bt_navigator/hook/ld_library_path_lib.sh'
[9.607s] Level 1:colcon.colcon_core.environment:checking '/home/unitree/navigation_ws/install/nav2_bt_navigator/bin'
[9.607s] Level 1:colcon.colcon_core.environment:checking '/home/unitree/navigation_ws/install/nav2_bt_navigator/lib/pkgconfig/nav2_bt_navigator.pc'
[9.608s] Level 1:colcon.colcon_core.environment:checking '/home/unitree/navigation_ws/install/nav2_bt_navigator/lib/python3.8/site-packages'
[9.608s] Level 1:colcon.colcon_core.environment:checking '/home/unitree/navigation_ws/install/nav2_bt_navigator/bin'
[9.608s] INFO:colcon.colcon_core.shell:Creating package script '/home/unitree/navigation_ws/install/nav2_bt_navigator/share/nav2_bt_navigator/package.ps1'
[9.610s] INFO:colcon.colcon_core.shell:Creating package descriptor '/home/unitree/navigation_ws/install/nav2_bt_navigator/share/nav2_bt_navigator/package.dsv'
[9.610s] INFO:colcon.colcon_core.shell:Creating package script '/home/unitree/navigation_ws/install/nav2_bt_navigator/share/nav2_bt_navigator/package.sh'
[9.612s] INFO:colcon.colcon_core.shell:Creating package script '/home/unitree/navigation_ws/install/nav2_bt_navigator/share/nav2_bt_navigator/package.bash'
[9.613s] INFO:colcon.colcon_core.shell:Creating package script '/home/unitree/navigation_ws/install/nav2_bt_navigator/share/nav2_bt_navigator/package.zsh'
[9.613s] Level 1:colcon.colcon_core.environment:create_file_with_runtime_dependencies(/home/unitree/navigation_ws/install/nav2_bt_navigator/share/colcon-core/packages/nav2_bt_navigator)
[9.615s] Level 1:colcon.colcon_core.environment:create_environment_scripts_only(nav2_core)
[9.616s] Level 1:colcon.colcon_core.environment:checking '/home/unitree/navigation_ws/install/nav2_core' for CMake module files
[9.617s] DEBUG:colcon.colcon_core.event_handler.log_command:Invoked command in '/home/unitree/navigation_ws/build/nav2_core' returned '0': CMAKE_PREFIX_PATH=/home/unitree/navigation_ws/install/nav2_costmap_2d:/home/unitree/navigation_ws/install/nav2_map_server:/home/unitree/navigation_ws/install/nav2_lifecycle_manager:/home/unitree/navigation_ws/install/nav2_util:/home/unitree/navigation_ws/install/nav2_voxel_grid:/home/unitree/navigation_ws/install/nav2_msgs:/home/unitree/navigation_ws/install/nav2_common:/home/unitree/navigation_ws/install/nav2_bringup:/home/unitree/navigation_ws/install/navigation2:/home/unitree/navigation_ws/install/smac_planner:/home/unitree/navigation_ws/install/rm_autonomy:/home/unitree/navigation_ws/install/rm_autonomy_interfaces:/home/unitree/navigation_ws/install/bringup:/home/unitree/navigation_ws/install/pointcloud_to_laserscan:/home/unitree/navigation_ws/install/nav2_dwb_controller:/home/unitree/navigation_ws/install/nav2_controller:/home/unitree/navigation_ws/install/dwb_plugins:/home/unitree/navigation_ws/install/dwb_critics:/home/unitree/navigation_ws/install/dwb_core:/home/unitree/navigation_ws/install/nav_2d_utils:/home/unitree/navigation_ws/install/dwb_msgs:/home/unitree/navigation_ws/install/nav_2d_msgs:/home/unitree/navigation_ws/install/nav2_waypoint_follower:/home/unitree/navigation_ws/install/nav2_regulated_pure_pursuit_controller:/home/unitree/navigation_ws/install/nav2_recoveries:/home/unitree/navigation_ws/install/nav2_planner:/home/unitree/navigation_ws/install/nav2_navfn_planner:/home/unitree/navigation_ws/install/nav2_core:/home/unitree/navigation_ws/install/costmap_queue:/home/unitree/navigation_ws/install/nav2_bt_navigator:/home/unitree/navigation_ws/install/nav2_behavior_tree:/home/unitree/navigation_ws/install/nav2_amcl:/home/unitree/navigation_ws/install/loam_interface:/home/unitree/navigation_ws/install/fast_lio:/home/unitree/navigation_ws/install/livox_ros_driver2:/home/unitree/navigation_ws/install/linefit_ground_segmentation_ros:/home/unitree/navigation_ws/install/linefit_ground_segmentation:/home/unitree/navigation_ws/install/cmd_vel_processor:/home/unitree/navigation_ws/install/behaviortree_cpp:/home/unitree/cyclonedds_ws/install/rmw_cyclonedds_cpp:/home/unitree/cyclonedds_ws/install/cyclonedds:/opt/ros/foxy LD_LIBRARY_PATH=/home/unitree/navigation_ws/install/nav2_costmap_2d/lib:/home/unitree/navigation_ws/install/nav2_map_server/lib:/home/unitree/navigation_ws/install/nav2_lifecycle_manager/lib:/home/unitree/navigation_ws/install/nav2_util/lib:/home/unitree/navigation_ws/install/nav2_voxel_grid/lib:/home/unitree/navigation_ws/install/nav2_msgs/lib:/home/unitree/navigation_ws/install/smac_planner/lib:/home/unitree/navigation_ws/install/rm_autonomy/lib:/home/unitree/navigation_ws/install/rm_autonomy_interfaces/lib:/home/unitree/navigation_ws/install/pointcloud_to_laserscan/lib:/home/unitree/navigation_ws/install/nav2_controller/lib:/home/unitree/navigation_ws/install/dwb_plugins/lib:/home/unitree/navigation_ws/install/dwb_critics/lib:/home/unitree/navigation_ws/install/dwb_core/lib:/home/unitree/navigation_ws/install/nav_2d_utils/lib:/home/unitree/navigation_ws/install/dwb_msgs/lib:/home/unitree/navigation_ws/install/nav_2d_msgs/lib:/home/unitree/navigation_ws/install/nav2_waypoint_follower/lib:/home/unitree/navigation_ws/install/nav2_regulated_pure_pursuit_controller/lib:/home/unitree/navigation_ws/install/nav2_recoveries/lib:/home/unitree/navigation_ws/install/nav2_planner/lib:/home/unitree/navigation_ws/install/nav2_navfn_planner/lib:/home/unitree/navigation_ws/install/costmap_queue/lib:/home/unitree/navigation_ws/install/nav2_bt_navigator/lib:/home/unitree/navigation_ws/install/nav2_behavior_tree/lib:/home/unitree/navigation_ws/install/nav2_amcl/lib:/home/unitree/navigation_ws/install/loam_interface/lib:/home/unitree/navigation_ws/install/fast_lio/lib:/home/unitree/navigation_ws/install/livox_ros_driver2/lib:/home/unitree/navigation_ws/install/linefit_ground_segmentation/lib:/home/unitree/navigation_ws/install/behaviortree_cpp/lib:/usr/local/cuda-11.4/lib64:/usr/local/lib:/home/unitree/cyclonedds_ws/install/rmw_cyclonedds_cpp/lib:/home/unitree/cyclonedds_ws/install/cyclonedds/lib:/opt/ros/foxy/opt/yaml_cpp_vendor/lib:/opt/ros/foxy/opt/rviz_ogre_vendor/lib:/opt/ros/foxy/lib/aarch64-linux-gnu:/opt/ros/foxy/lib:/usr/local/cuda-11.4/lib64 PYTHONPATH=/home/unitree/navigation_ws/install/nav2_msgs/lib/python3.8/site-packages:/home/unitree/navigation_ws/install/nav2_common/lib/python3.8/site-packages:/home/unitree/navigation_ws/install/rm_autonomy_interfaces/lib/python3.8/site-packages:/home/unitree/navigation_ws/install/dwb_msgs/lib/python3.8/site-packages:/home/unitree/navigation_ws/install/nav_2d_msgs/lib/python3.8/site-packages:/home/unitree/navigation_ws/install/fast_lio/lib/python3.8/site-packages:/home/unitree/navigation_ws/install/livox_ros_driver2/lib/python3.8/site-packages:/opt/ros/foxy/lib/python3.8/site-packages /usr/bin/cmake --install /home/unitree/navigation_ws/build/nav2_core
[9.618s] Level 1:colcon.colcon_core.environment:checking '/home/unitree/navigation_ws/install/nav2_core' for CMake config files
[9.618s] Level 1:colcon.colcon_core.shell:create_environment_hook('nav2_core', 'cmake_prefix_path')
[9.619s] INFO:colcon.colcon_core.shell:Creating environment hook '/home/unitree/navigation_ws/install/nav2_core/share/nav2_core/hook/cmake_prefix_path.ps1'
[9.619s] INFO:colcon.colcon_core.shell:Creating environment descriptor '/home/unitree/navigation_ws/install/nav2_core/share/nav2_core/hook/cmake_prefix_path.dsv'
[9.620s] INFO:colcon.colcon_core.shell:Creating environment hook '/home/unitree/navigation_ws/install/nav2_core/share/nav2_core/hook/cmake_prefix_path.sh'
[9.621s] Level 1:colcon.colcon_core.environment:checking '/home/unitree/navigation_ws/install/nav2_core/bin'
[9.621s] Level 1:colcon.colcon_core.environment:checking '/home/unitree/navigation_ws/install/nav2_core/lib/pkgconfig/nav2_core.pc'
[9.621s] Level 1:colcon.colcon_core.environment:checking '/home/unitree/navigation_ws/install/nav2_core/lib/python3.8/site-packages'
[9.622s] Level 1:colcon.colcon_core.environment:checking '/home/unitree/navigation_ws/install/nav2_core/bin'
[9.622s] INFO:colcon.colcon_core.shell:Creating package script '/home/unitree/navigation_ws/install/nav2_core/share/nav2_core/package.ps1'
[9.623s] INFO:colcon.colcon_core.shell:Creating package descriptor '/home/unitree/navigation_ws/install/nav2_core/share/nav2_core/package.dsv'
[9.623s] INFO:colcon.colcon_core.shell:Creating package script '/home/unitree/navigation_ws/install/nav2_core/share/nav2_core/package.sh'
[9.624s] INFO:colcon.colcon_core.shell:Creating package script '/home/unitree/navigation_ws/install/nav2_core/share/nav2_core/package.bash'
[9.625s] INFO:colcon.colcon_core.shell:Creating package script '/home/unitree/navigation_ws/install/nav2_core/share/nav2_core/package.zsh'
[9.625s] Level 1:colcon.colcon_core.environment:create_file_with_runtime_dependencies(/home/unitree/navigation_ws/install/nav2_core/share/colcon-core/packages/nav2_core)
[9.635s] DEBUG:colcon.colcon_core.event_handler.log_command:Invoked command in '/home/unitree/navigation_ws/build/costmap_queue' returned '0': CMAKE_PREFIX_PATH=/home/unitree/navigation_ws/install/nav2_costmap_2d:/home/unitree/navigation_ws/install/nav2_map_server:/home/unitree/navigation_ws/install/nav2_lifecycle_manager:/home/unitree/navigation_ws/install/nav2_util:/home/unitree/navigation_ws/install/nav2_voxel_grid:/home/unitree/navigation_ws/install/nav2_msgs:/home/unitree/navigation_ws/install/nav2_common:/home/unitree/navigation_ws/install/nav2_bringup:/home/unitree/navigation_ws/install/navigation2:/home/unitree/navigation_ws/install/smac_planner:/home/unitree/navigation_ws/install/rm_autonomy:/home/unitree/navigation_ws/install/rm_autonomy_interfaces:/home/unitree/navigation_ws/install/bringup:/home/unitree/navigation_ws/install/pointcloud_to_laserscan:/home/unitree/navigation_ws/install/nav2_dwb_controller:/home/unitree/navigation_ws/install/nav2_controller:/home/unitree/navigation_ws/install/dwb_plugins:/home/unitree/navigation_ws/install/dwb_critics:/home/unitree/navigation_ws/install/dwb_core:/home/unitree/navigation_ws/install/nav_2d_utils:/home/unitree/navigation_ws/install/dwb_msgs:/home/unitree/navigation_ws/install/nav_2d_msgs:/home/unitree/navigation_ws/install/nav2_waypoint_follower:/home/unitree/navigation_ws/install/nav2_regulated_pure_pursuit_controller:/home/unitree/navigation_ws/install/nav2_recoveries:/home/unitree/navigation_ws/install/nav2_planner:/home/unitree/navigation_ws/install/nav2_navfn_planner:/home/unitree/navigation_ws/install/nav2_core:/home/unitree/navigation_ws/install/costmap_queue:/home/unitree/navigation_ws/install/nav2_bt_navigator:/home/unitree/navigation_ws/install/nav2_behavior_tree:/home/unitree/navigation_ws/install/nav2_amcl:/home/unitree/navigation_ws/install/loam_interface:/home/unitree/navigation_ws/install/fast_lio:/home/unitree/navigation_ws/install/livox_ros_driver2:/home/unitree/navigation_ws/install/linefit_ground_segmentation_ros:/home/unitree/navigation_ws/install/linefit_ground_segmentation:/home/unitree/navigation_ws/install/cmd_vel_processor:/home/unitree/navigation_ws/install/behaviortree_cpp:/home/unitree/cyclonedds_ws/install/rmw_cyclonedds_cpp:/home/unitree/cyclonedds_ws/install/cyclonedds:/opt/ros/foxy LD_LIBRARY_PATH=/home/unitree/navigation_ws/install/nav2_costmap_2d/lib:/home/unitree/navigation_ws/install/nav2_map_server/lib:/home/unitree/navigation_ws/install/nav2_lifecycle_manager/lib:/home/unitree/navigation_ws/install/nav2_util/lib:/home/unitree/navigation_ws/install/nav2_voxel_grid/lib:/home/unitree/navigation_ws/install/nav2_msgs/lib:/home/unitree/navigation_ws/install/smac_planner/lib:/home/unitree/navigation_ws/install/rm_autonomy/lib:/home/unitree/navigation_ws/install/rm_autonomy_interfaces/lib:/home/unitree/navigation_ws/install/pointcloud_to_laserscan/lib:/home/unitree/navigation_ws/install/nav2_controller/lib:/home/unitree/navigation_ws/install/dwb_plugins/lib:/home/unitree/navigation_ws/install/dwb_critics/lib:/home/unitree/navigation_ws/install/dwb_core/lib:/home/unitree/navigation_ws/install/nav_2d_utils/lib:/home/unitree/navigation_ws/install/dwb_msgs/lib:/home/unitree/navigation_ws/install/nav_2d_msgs/lib:/home/unitree/navigation_ws/install/nav2_waypoint_follower/lib:/home/unitree/navigation_ws/install/nav2_regulated_pure_pursuit_controller/lib:/home/unitree/navigation_ws/install/nav2_recoveries/lib:/home/unitree/navigation_ws/install/nav2_planner/lib:/home/unitree/navigation_ws/install/nav2_navfn_planner/lib:/home/unitree/navigation_ws/install/costmap_queue/lib:/home/unitree/navigation_ws/install/nav2_bt_navigator/lib:/home/unitree/navigation_ws/install/nav2_behavior_tree/lib:/home/unitree/navigation_ws/install/nav2_amcl/lib:/home/unitree/navigation_ws/install/loam_interface/lib:/home/unitree/navigation_ws/install/fast_lio/lib:/home/unitree/navigation_ws/install/livox_ros_driver2/lib:/home/unitree/navigation_ws/install/linefit_ground_segmentation/lib:/home/unitree/navigation_ws/install/behaviortree_cpp/lib:/usr/local/cuda-11.4/lib64:/usr/local/lib:/home/unitree/cyclonedds_ws/install/rmw_cyclonedds_cpp/lib:/home/unitree/cyclonedds_ws/install/cyclonedds/lib:/opt/ros/foxy/opt/yaml_cpp_vendor/lib:/opt/ros/foxy/opt/rviz_ogre_vendor/lib:/opt/ros/foxy/lib/aarch64-linux-gnu:/opt/ros/foxy/lib:/usr/local/cuda-11.4/lib64 PYTHONPATH=/home/unitree/navigation_ws/install/nav2_msgs/lib/python3.8/site-packages:/home/unitree/navigation_ws/install/nav2_common/lib/python3.8/site-packages:/home/unitree/navigation_ws/install/rm_autonomy_interfaces/lib/python3.8/site-packages:/home/unitree/navigation_ws/install/dwb_msgs/lib/python3.8/site-packages:/home/unitree/navigation_ws/install/nav_2d_msgs/lib/python3.8/site-packages:/home/unitree/navigation_ws/install/fast_lio/lib/python3.8/site-packages:/home/unitree/navigation_ws/install/livox_ros_driver2/lib/python3.8/site-packages:/opt/ros/foxy/lib/python3.8/site-packages /usr/bin/cmake --build /home/unitree/navigation_ws/build/costmap_queue -- -j8 -l8
[9.691s] Level 1:colcon.colcon_core.environment:create_environment_scripts_only(nav2_core)
[9.691s] Level 1:colcon.colcon_core.environment:checking '/home/unitree/navigation_ws/install/nav2_core' for CMake module files
[9.692s] Level 1:colcon.colcon_core.environment:checking '/home/unitree/navigation_ws/install/nav2_core' for CMake config files
[9.693s] Level 1:colcon.colcon_core.shell:create_environment_hook('nav2_core', 'cmake_prefix_path')
[9.693s] INFO:colcon.colcon_core.shell:Creating environment hook '/home/unitree/navigation_ws/install/nav2_core/share/nav2_core/hook/cmake_prefix_path.ps1'
[9.694s] INFO:colcon.colcon_core.shell:Creating environment descriptor '/home/unitree/navigation_ws/install/nav2_core/share/nav2_core/hook/cmake_prefix_path.dsv'
[9.695s] INFO:colcon.colcon_core.shell:Creating environment hook '/home/unitree/navigation_ws/install/nav2_core/share/nav2_core/hook/cmake_prefix_path.sh'
[9.696s] Level 1:colcon.colcon_core.environment:checking '/home/unitree/navigation_ws/install/nav2_core/bin'
[9.696s] Level 1:colcon.colcon_core.environment:checking '/home/unitree/navigation_ws/install/nav2_core/lib/pkgconfig/nav2_core.pc'
[9.698s] Level 1:colcon.colcon_core.environment:checking '/home/unitree/navigation_ws/install/nav2_core/lib/python3.8/site-packages'
[9.698s] Level 1:colcon.colcon_core.environment:checking '/home/unitree/navigation_ws/install/nav2_core/bin'
[9.699s] INFO:colcon.colcon_core.shell:Creating package script '/home/unitree/navigation_ws/install/nav2_core/share/nav2_core/package.ps1'
[9.700s] INFO:colcon.colcon_core.shell:Creating package descriptor '/home/unitree/navigation_ws/install/nav2_core/share/nav2_core/package.dsv'
[9.701s] INFO:colcon.colcon_core.shell:Creating package script '/home/unitree/navigation_ws/install/nav2_core/share/nav2_core/package.sh'
[9.702s] INFO:colcon.colcon_core.shell:Creating package script '/home/unitree/navigation_ws/install/nav2_core/share/nav2_core/package.bash'
[9.703s] INFO:colcon.colcon_core.shell:Creating package script '/home/unitree/navigation_ws/install/nav2_core/share/nav2_core/package.zsh'
[9.703s] Level 1:colcon.colcon_core.environment:create_file_with_runtime_dependencies(/home/unitree/navigation_ws/install/nav2_core/share/colcon-core/packages/nav2_core)
[9.705s] INFO:colcon.colcon_ros.task.ament_cmake.build:Building ROS package in '/home/unitree/navigation_ws/src/navigation2/nav2_dwb_controller/dwb_core' with build type 'ament_cmake'
[9.705s] INFO:colcon.colcon_cmake.task.cmake.build:Building CMake package in '/home/unitree/navigation_ws/src/navigation2/nav2_dwb_controller/dwb_core'
[9.706s] INFO:colcon.colcon_core.shell:Skip shell extension 'powershell' for command environment: Not usable outside of PowerShell
[9.706s] DEBUG:colcon.colcon_core.shell:Skip shell extension 'dsv' for command environment
[9.725s] INFO:colcon.colcon_ros.task.ament_cmake.build:Building ROS package in '/home/unitree/navigation_ws/src/navigation2/nav2_controller' with build type 'ament_cmake'
[9.726s] INFO:colcon.colcon_cmake.task.cmake.build:Building CMake package in '/home/unitree/navigation_ws/src/navigation2/nav2_controller'
[9.726s] INFO:colcon.colcon_core.shell:Skip shell extension 'powershell' for command environment: Not usable outside of PowerShell
[9.727s] DEBUG:colcon.colcon_core.shell:Skip shell extension 'dsv' for command environment
[9.745s] INFO:colcon.colcon_ros.task.ament_cmake.build:Building ROS package in '/home/unitree/navigation_ws/src/navigation2/nav2_navfn_planner' with build type 'ament_cmake'
[9.745s] INFO:colcon.colcon_cmake.task.cmake.build:Building CMake package in '/home/unitree/navigation_ws/src/navigation2/nav2_navfn_planner'
[9.746s] INFO:colcon.colcon_core.shell:Skip shell extension 'powershell' for command environment: Not usable outside of PowerShell
[9.746s] DEBUG:colcon.colcon_core.shell:Skip shell extension 'dsv' for command environment
[9.764s] INFO:colcon.colcon_ros.task.ament_cmake.build:Building ROS package in '/home/unitree/navigation_ws/src/navigation2/nav2_planner' with build type 'ament_cmake'
[9.765s] INFO:colcon.colcon_cmake.task.cmake.build:Building CMake package in '/home/unitree/navigation_ws/src/navigation2/nav2_planner'
[9.766s] INFO:colcon.colcon_core.shell:Skip shell extension 'powershell' for command environment: Not usable outside of PowerShell
[9.767s] DEBUG:colcon.colcon_core.shell:Skip shell extension 'dsv' for command environment
[9.786s] INFO:colcon.colcon_ros.task.ament_cmake.build:Building ROS package in '/home/unitree/navigation_ws/src/navigation2/nav2_recoveries' with build type 'ament_cmake'
[9.787s] INFO:colcon.colcon_cmake.task.cmake.build:Building CMake package in '/home/unitree/navigation_ws/src/navigation2/nav2_recoveries'
[9.788s] INFO:colcon.colcon_core.shell:Skip shell extension 'powershell' for command environment: Not usable outside of PowerShell
[9.788s] DEBUG:colcon.colcon_core.shell:Skip shell extension 'dsv' for command environment
[9.807s] INFO:colcon.colcon_ros.task.ament_cmake.build:Building ROS package in '/home/unitree/navigation_ws/src/navigation2/nav2_regulated_pure_pursuit_controller' with build type 'ament_cmake'
[9.809s] INFO:colcon.colcon_cmake.task.cmake.build:Building CMake package in '/home/unitree/navigation_ws/src/navigation2/nav2_regulated_pure_pursuit_controller'
[9.810s] INFO:colcon.colcon_core.shell:Skip shell extension 'powershell' for command environment: Not usable outside of PowerShell
[9.810s] DEBUG:colcon.colcon_core.shell:Skip shell extension 'dsv' for command environment
[9.835s] DEBUG:colcon.colcon_core.event_handler.log_command:Invoking command in '/home/unitree/navigation_ws/build/costmap_queue': CMAKE_PREFIX_PATH=/home/unitree/navigation_ws/install/nav2_costmap_2d:/home/unitree/navigation_ws/install/nav2_map_server:/home/unitree/navigation_ws/install/nav2_lifecycle_manager:/home/unitree/navigation_ws/install/nav2_util:/home/unitree/navigation_ws/install/nav2_voxel_grid:/home/unitree/navigation_ws/install/nav2_msgs:/home/unitree/navigation_ws/install/nav2_common:/home/unitree/navigation_ws/install/nav2_bringup:/home/unitree/navigation_ws/install/navigation2:/home/unitree/navigation_ws/install/smac_planner:/home/unitree/navigation_ws/install/rm_autonomy:/home/unitree/navigation_ws/install/rm_autonomy_interfaces:/home/unitree/navigation_ws/install/bringup:/home/unitree/navigation_ws/install/pointcloud_to_laserscan:/home/unitree/navigation_ws/install/nav2_dwb_controller:/home/unitree/navigation_ws/install/nav2_controller:/home/unitree/navigation_ws/install/dwb_plugins:/home/unitree/navigation_ws/install/dwb_critics:/home/unitree/navigation_ws/install/dwb_core:/home/unitree/navigation_ws/install/nav_2d_utils:/home/unitree/navigation_ws/install/dwb_msgs:/home/unitree/navigation_ws/install/nav_2d_msgs:/home/unitree/navigation_ws/install/nav2_waypoint_follower:/home/unitree/navigation_ws/install/nav2_regulated_pure_pursuit_controller:/home/unitree/navigation_ws/install/nav2_recoveries:/home/unitree/navigation_ws/install/nav2_planner:/home/unitree/navigation_ws/install/nav2_navfn_planner:/home/unitree/navigation_ws/install/nav2_core:/home/unitree/navigation_ws/install/costmap_queue:/home/unitree/navigation_ws/install/nav2_bt_navigator:/home/unitree/navigation_ws/install/nav2_behavior_tree:/home/unitree/navigation_ws/install/nav2_amcl:/home/unitree/navigation_ws/install/loam_interface:/home/unitree/navigation_ws/install/fast_lio:/home/unitree/navigation_ws/install/livox_ros_driver2:/home/unitree/navigation_ws/install/linefit_ground_segmentation_ros:/home/unitree/navigation_ws/install/linefit_ground_segmentation:/home/unitree/navigation_ws/install/cmd_vel_processor:/home/unitree/navigation_ws/install/behaviortree_cpp:/home/unitree/cyclonedds_ws/install/rmw_cyclonedds_cpp:/home/unitree/cyclonedds_ws/install/cyclonedds:/opt/ros/foxy LD_LIBRARY_PATH=/home/unitree/navigation_ws/install/nav2_costmap_2d/lib:/home/unitree/navigation_ws/install/nav2_map_server/lib:/home/unitree/navigation_ws/install/nav2_lifecycle_manager/lib:/home/unitree/navigation_ws/install/nav2_util/lib:/home/unitree/navigation_ws/install/nav2_voxel_grid/lib:/home/unitree/navigation_ws/install/nav2_msgs/lib:/home/unitree/navigation_ws/install/smac_planner/lib:/home/unitree/navigation_ws/install/rm_autonomy/lib:/home/unitree/navigation_ws/install/rm_autonomy_interfaces/lib:/home/unitree/navigation_ws/install/pointcloud_to_laserscan/lib:/home/unitree/navigation_ws/install/nav2_controller/lib:/home/unitree/navigation_ws/install/dwb_plugins/lib:/home/unitree/navigation_ws/install/dwb_critics/lib:/home/unitree/navigation_ws/install/dwb_core/lib:/home/unitree/navigation_ws/install/nav_2d_utils/lib:/home/unitree/navigation_ws/install/dwb_msgs/lib:/home/unitree/navigation_ws/install/nav_2d_msgs/lib:/home/unitree/navigation_ws/install/nav2_waypoint_follower/lib:/home/unitree/navigation_ws/install/nav2_regulated_pure_pursuit_controller/lib:/home/unitree/navigation_ws/install/nav2_recoveries/lib:/home/unitree/navigation_ws/install/nav2_planner/lib:/home/unitree/navigation_ws/install/nav2_navfn_planner/lib:/home/unitree/navigation_ws/install/costmap_queue/lib:/home/unitree/navigation_ws/install/nav2_bt_navigator/lib:/home/unitree/navigation_ws/install/nav2_behavior_tree/lib:/home/unitree/navigation_ws/install/nav2_amcl/lib:/home/unitree/navigation_ws/install/loam_interface/lib:/home/unitree/navigation_ws/install/fast_lio/lib:/home/unitree/navigation_ws/install/livox_ros_driver2/lib:/home/unitree/navigation_ws/install/linefit_ground_segmentation/lib:/home/unitree/navigation_ws/install/behaviortree_cpp/lib:/usr/local/cuda-11.4/lib64:/usr/local/lib:/home/unitree/cyclonedds_ws/install/rmw_cyclonedds_cpp/lib:/home/unitree/cyclonedds_ws/install/cyclonedds/lib:/opt/ros/foxy/opt/yaml_cpp_vendor/lib:/opt/ros/foxy/opt/rviz_ogre_vendor/lib:/opt/ros/foxy/lib/aarch64-linux-gnu:/opt/ros/foxy/lib:/usr/local/cuda-11.4/lib64 PYTHONPATH=/home/unitree/navigation_ws/install/nav2_msgs/lib/python3.8/site-packages:/home/unitree/navigation_ws/install/nav2_common/lib/python3.8/site-packages:/home/unitree/navigation_ws/install/rm_autonomy_interfaces/lib/python3.8/site-packages:/home/unitree/navigation_ws/install/dwb_msgs/lib/python3.8/site-packages:/home/unitree/navigation_ws/install/nav_2d_msgs/lib/python3.8/site-packages:/home/unitree/navigation_ws/install/fast_lio/lib/python3.8/site-packages:/home/unitree/navigation_ws/install/livox_ros_driver2/lib/python3.8/site-packages:/opt/ros/foxy/lib/python3.8/site-packages /usr/bin/cmake --install /home/unitree/navigation_ws/build/costmap_queue
[9.855s] DEBUG:colcon.colcon_core.event_handler.log_command:Invoking command in '/home/unitree/navigation_ws/build/dwb_core': CMAKE_PREFIX_PATH=/home/unitree/navigation_ws/install/nav2_core:/home/unitree/navigation_ws/install/nav2_costmap_2d:/home/unitree/navigation_ws/install/nav_2d_utils:/home/unitree/navigation_ws/install/nav2_map_server:/home/unitree/navigation_ws/install/nav2_lifecycle_manager:/home/unitree/navigation_ws/install/nav2_util:/home/unitree/navigation_ws/install/nav2_voxel_grid:/home/unitree/navigation_ws/install/nav2_msgs:/home/unitree/navigation_ws/install/dwb_msgs:/home/unitree/navigation_ws/install/nav_2d_msgs:/home/unitree/navigation_ws/install/nav2_common:/home/unitree/navigation_ws/install/nav2_bringup:/home/unitree/navigation_ws/install/navigation2:/home/unitree/navigation_ws/install/smac_planner:/home/unitree/navigation_ws/install/rm_autonomy:/home/unitree/navigation_ws/install/rm_autonomy_interfaces:/home/unitree/navigation_ws/install/bringup:/home/unitree/navigation_ws/install/pointcloud_to_laserscan:/home/unitree/navigation_ws/install/nav2_dwb_controller:/home/unitree/navigation_ws/install/nav2_controller:/home/unitree/navigation_ws/install/dwb_plugins:/home/unitree/navigation_ws/install/dwb_critics:/home/unitree/navigation_ws/install/dwb_core:/home/unitree/navigation_ws/install/nav2_waypoint_follower:/home/unitree/navigation_ws/install/nav2_regulated_pure_pursuit_controller:/home/unitree/navigation_ws/install/nav2_recoveries:/home/unitree/navigation_ws/install/nav2_planner:/home/unitree/navigation_ws/install/nav2_navfn_planner:/home/unitree/navigation_ws/install/costmap_queue:/home/unitree/navigation_ws/install/nav2_bt_navigator:/home/unitree/navigation_ws/install/nav2_behavior_tree:/home/unitree/navigation_ws/install/nav2_amcl:/home/unitree/navigation_ws/install/loam_interface:/home/unitree/navigation_ws/install/fast_lio:/home/unitree/navigation_ws/install/livox_ros_driver2:/home/unitree/navigation_ws/install/linefit_ground_segmentation_ros:/home/unitree/navigation_ws/install/linefit_ground_segmentation:/home/unitree/navigation_ws/install/cmd_vel_processor:/home/unitree/navigation_ws/install/behaviortree_cpp:/home/unitree/cyclonedds_ws/install/rmw_cyclonedds_cpp:/home/unitree/cyclonedds_ws/install/cyclonedds:/opt/ros/foxy LD_LIBRARY_PATH=/home/unitree/navigation_ws/install/nav2_costmap_2d/lib:/home/unitree/navigation_ws/install/nav_2d_utils/lib:/home/unitree/navigation_ws/install/nav2_map_server/lib:/home/unitree/navigation_ws/install/nav2_lifecycle_manager/lib:/home/unitree/navigation_ws/install/nav2_util/lib:/home/unitree/navigation_ws/install/nav2_voxel_grid/lib:/home/unitree/navigation_ws/install/nav2_msgs/lib:/home/unitree/navigation_ws/install/dwb_msgs/lib:/home/unitree/navigation_ws/install/nav_2d_msgs/lib:/home/unitree/navigation_ws/install/smac_planner/lib:/home/unitree/navigation_ws/install/rm_autonomy/lib:/home/unitree/navigation_ws/install/rm_autonomy_interfaces/lib:/home/unitree/navigation_ws/install/pointcloud_to_laserscan/lib:/home/unitree/navigation_ws/install/nav2_controller/lib:/home/unitree/navigation_ws/install/dwb_plugins/lib:/home/unitree/navigation_ws/install/dwb_critics/lib:/home/unitree/navigation_ws/install/dwb_core/lib:/home/unitree/navigation_ws/install/nav2_waypoint_follower/lib:/home/unitree/navigation_ws/install/nav2_regulated_pure_pursuit_controller/lib:/home/unitree/navigation_ws/install/nav2_recoveries/lib:/home/unitree/navigation_ws/install/nav2_planner/lib:/home/unitree/navigation_ws/install/nav2_navfn_planner/lib:/home/unitree/navigation_ws/install/costmap_queue/lib:/home/unitree/navigation_ws/install/nav2_bt_navigator/lib:/home/unitree/navigation_ws/install/nav2_behavior_tree/lib:/home/unitree/navigation_ws/install/nav2_amcl/lib:/home/unitree/navigation_ws/install/loam_interface/lib:/home/unitree/navigation_ws/install/fast_lio/lib:/home/unitree/navigation_ws/install/livox_ros_driver2/lib:/home/unitree/navigation_ws/install/linefit_ground_segmentation/lib:/home/unitree/navigation_ws/install/behaviortree_cpp/lib:/usr/local/cuda-11.4/lib64:/usr/local/lib:/home/unitree/cyclonedds_ws/install/rmw_cyclonedds_cpp/lib:/home/unitree/cyclonedds_ws/install/cyclonedds/lib:/opt/ros/foxy/opt/yaml_cpp_vendor/lib:/opt/ros/foxy/opt/rviz_ogre_vendor/lib:/opt/ros/foxy/lib/aarch64-linux-gnu:/opt/ros/foxy/lib:/usr/local/cuda-11.4/lib64 PYTHONPATH=/home/unitree/navigation_ws/install/nav2_msgs/lib/python3.8/site-packages:/home/unitree/navigation_ws/install/dwb_msgs/lib/python3.8/site-packages:/home/unitree/navigation_ws/install/nav_2d_msgs/lib/python3.8/site-packages:/home/unitree/navigation_ws/install/nav2_common/lib/python3.8/site-packages:/home/unitree/navigation_ws/install/rm_autonomy_interfaces/lib/python3.8/site-packages:/home/unitree/navigation_ws/install/fast_lio/lib/python3.8/site-packages:/home/unitree/navigation_ws/install/livox_ros_driver2/lib/python3.8/site-packages:/opt/ros/foxy/lib/python3.8/site-packages /usr/bin/cmake --build /home/unitree/navigation_ws/build/dwb_core -- -j8 -l8
[9.875s] DEBUG:colcon.colcon_core.event_handler.log_command:Invoking command in '/home/unitree/navigation_ws/build/nav2_controller': CMAKE_PREFIX_PATH=/home/unitree/navigation_ws/install/nav2_core:/home/unitree/navigation_ws/install/nav2_costmap_2d:/home/unitree/navigation_ws/install/nav_2d_utils:/home/unitree/navigation_ws/install/nav2_map_server:/home/unitree/navigation_ws/install/nav2_lifecycle_manager:/home/unitree/navigation_ws/install/nav2_util:/home/unitree/navigation_ws/install/nav2_voxel_grid:/home/unitree/navigation_ws/install/nav2_msgs:/home/unitree/navigation_ws/install/nav_2d_msgs:/home/unitree/navigation_ws/install/nav2_common:/home/unitree/navigation_ws/install/nav2_bringup:/home/unitree/navigation_ws/install/navigation2:/home/unitree/navigation_ws/install/smac_planner:/home/unitree/navigation_ws/install/rm_autonomy:/home/unitree/navigation_ws/install/rm_autonomy_interfaces:/home/unitree/navigation_ws/install/bringup:/home/unitree/navigation_ws/install/pointcloud_to_laserscan:/home/unitree/navigation_ws/install/nav2_dwb_controller:/home/unitree/navigation_ws/install/nav2_controller:/home/unitree/navigation_ws/install/dwb_plugins:/home/unitree/navigation_ws/install/dwb_critics:/home/unitree/navigation_ws/install/dwb_core:/home/unitree/navigation_ws/install/dwb_msgs:/home/unitree/navigation_ws/install/nav2_waypoint_follower:/home/unitree/navigation_ws/install/nav2_regulated_pure_pursuit_controller:/home/unitree/navigation_ws/install/nav2_recoveries:/home/unitree/navigation_ws/install/nav2_planner:/home/unitree/navigation_ws/install/nav2_navfn_planner:/home/unitree/navigation_ws/install/costmap_queue:/home/unitree/navigation_ws/install/nav2_bt_navigator:/home/unitree/navigation_ws/install/nav2_behavior_tree:/home/unitree/navigation_ws/install/nav2_amcl:/home/unitree/navigation_ws/install/loam_interface:/home/unitree/navigation_ws/install/fast_lio:/home/unitree/navigation_ws/install/livox_ros_driver2:/home/unitree/navigation_ws/install/linefit_ground_segmentation_ros:/home/unitree/navigation_ws/install/linefit_ground_segmentation:/home/unitree/navigation_ws/install/cmd_vel_processor:/home/unitree/navigation_ws/install/behaviortree_cpp:/home/unitree/cyclonedds_ws/install/rmw_cyclonedds_cpp:/home/unitree/cyclonedds_ws/install/cyclonedds:/opt/ros/foxy LD_LIBRARY_PATH=/home/unitree/navigation_ws/install/nav2_costmap_2d/lib:/home/unitree/navigation_ws/install/nav_2d_utils/lib:/home/unitree/navigation_ws/install/nav2_map_server/lib:/home/unitree/navigation_ws/install/nav2_lifecycle_manager/lib:/home/unitree/navigation_ws/install/nav2_util/lib:/home/unitree/navigation_ws/install/nav2_voxel_grid/lib:/home/unitree/navigation_ws/install/nav2_msgs/lib:/home/unitree/navigation_ws/install/nav_2d_msgs/lib:/home/unitree/navigation_ws/install/smac_planner/lib:/home/unitree/navigation_ws/install/rm_autonomy/lib:/home/unitree/navigation_ws/install/rm_autonomy_interfaces/lib:/home/unitree/navigation_ws/install/pointcloud_to_laserscan/lib:/home/unitree/navigation_ws/install/nav2_controller/lib:/home/unitree/navigation_ws/install/dwb_plugins/lib:/home/unitree/navigation_ws/install/dwb_critics/lib:/home/unitree/navigation_ws/install/dwb_core/lib:/home/unitree/navigation_ws/install/dwb_msgs/lib:/home/unitree/navigation_ws/install/nav2_waypoint_follower/lib:/home/unitree/navigation_ws/install/nav2_regulated_pure_pursuit_controller/lib:/home/unitree/navigation_ws/install/nav2_recoveries/lib:/home/unitree/navigation_ws/install/nav2_planner/lib:/home/unitree/navigation_ws/install/nav2_navfn_planner/lib:/home/unitree/navigation_ws/install/costmap_queue/lib:/home/unitree/navigation_ws/install/nav2_bt_navigator/lib:/home/unitree/navigation_ws/install/nav2_behavior_tree/lib:/home/unitree/navigation_ws/install/nav2_amcl/lib:/home/unitree/navigation_ws/install/loam_interface/lib:/home/unitree/navigation_ws/install/fast_lio/lib:/home/unitree/navigation_ws/install/livox_ros_driver2/lib:/home/unitree/navigation_ws/install/linefit_ground_segmentation/lib:/home/unitree/navigation_ws/install/behaviortree_cpp/lib:/usr/local/cuda-11.4/lib64:/usr/local/lib:/home/unitree/cyclonedds_ws/install/rmw_cyclonedds_cpp/lib:/home/unitree/cyclonedds_ws/install/cyclonedds/lib:/opt/ros/foxy/opt/yaml_cpp_vendor/lib:/opt/ros/foxy/opt/rviz_ogre_vendor/lib:/opt/ros/foxy/lib/aarch64-linux-gnu:/opt/ros/foxy/lib:/usr/local/cuda-11.4/lib64 PYTHONPATH=/home/unitree/navigation_ws/install/nav2_msgs/lib/python3.8/site-packages:/home/unitree/navigation_ws/install/nav_2d_msgs/lib/python3.8/site-packages:/home/unitree/navigation_ws/install/nav2_common/lib/python3.8/site-packages:/home/unitree/navigation_ws/install/rm_autonomy_interfaces/lib/python3.8/site-packages:/home/unitree/navigation_ws/install/dwb_msgs/lib/python3.8/site-packages:/home/unitree/navigation_ws/install/fast_lio/lib/python3.8/site-packages:/home/unitree/navigation_ws/install/livox_ros_driver2/lib/python3.8/site-packages:/opt/ros/foxy/lib/python3.8/site-packages /usr/bin/cmake --build /home/unitree/navigation_ws/build/nav2_controller -- -j8 -l8
[9.889s] DEBUG:colcon.colcon_core.event_handler.log_command:Invoking command in '/home/unitree/navigation_ws/build/nav2_navfn_planner': CMAKE_PREFIX_PATH=/home/unitree/navigation_ws/install/nav2_core:/home/unitree/navigation_ws/install/nav2_costmap_2d:/home/unitree/navigation_ws/install/nav2_map_server:/home/unitree/navigation_ws/install/nav2_lifecycle_manager:/home/unitree/navigation_ws/install/nav2_util:/home/unitree/navigation_ws/install/nav2_voxel_grid:/home/unitree/navigation_ws/install/nav2_msgs:/home/unitree/navigation_ws/install/nav2_common:/home/unitree/navigation_ws/install/nav2_bringup:/home/unitree/navigation_ws/install/navigation2:/home/unitree/navigation_ws/install/smac_planner:/home/unitree/navigation_ws/install/rm_autonomy:/home/unitree/navigation_ws/install/rm_autonomy_interfaces:/home/unitree/navigation_ws/install/bringup:/home/unitree/navigation_ws/install/pointcloud_to_laserscan:/home/unitree/navigation_ws/install/nav2_dwb_controller:/home/unitree/navigation_ws/install/nav2_controller:/home/unitree/navigation_ws/install/dwb_plugins:/home/unitree/navigation_ws/install/dwb_critics:/home/unitree/navigation_ws/install/dwb_core:/home/unitree/navigation_ws/install/nav_2d_utils:/home/unitree/navigation_ws/install/dwb_msgs:/home/unitree/navigation_ws/install/nav_2d_msgs:/home/unitree/navigation_ws/install/nav2_waypoint_follower:/home/unitree/navigation_ws/install/nav2_regulated_pure_pursuit_controller:/home/unitree/navigation_ws/install/nav2_recoveries:/home/unitree/navigation_ws/install/nav2_planner:/home/unitree/navigation_ws/install/nav2_navfn_planner:/home/unitree/navigation_ws/install/costmap_queue:/home/unitree/navigation_ws/install/nav2_bt_navigator:/home/unitree/navigation_ws/install/nav2_behavior_tree:/home/unitree/navigation_ws/install/nav2_amcl:/home/unitree/navigation_ws/install/loam_interface:/home/unitree/navigation_ws/install/fast_lio:/home/unitree/navigation_ws/install/livox_ros_driver2:/home/unitree/navigation_ws/install/linefit_ground_segmentation_ros:/home/unitree/navigation_ws/install/linefit_ground_segmentation:/home/unitree/navigation_ws/install/cmd_vel_processor:/home/unitree/navigation_ws/install/behaviortree_cpp:/home/unitree/cyclonedds_ws/install/rmw_cyclonedds_cpp:/home/unitree/cyclonedds_ws/install/cyclonedds:/opt/ros/foxy LD_LIBRARY_PATH=/home/unitree/navigation_ws/install/nav2_costmap_2d/lib:/home/unitree/navigation_ws/install/nav2_map_server/lib:/home/unitree/navigation_ws/install/nav2_lifecycle_manager/lib:/home/unitree/navigation_ws/install/nav2_util/lib:/home/unitree/navigation_ws/install/nav2_voxel_grid/lib:/home/unitree/navigation_ws/install/nav2_msgs/lib:/home/unitree/navigation_ws/install/smac_planner/lib:/home/unitree/navigation_ws/install/rm_autonomy/lib:/home/unitree/navigation_ws/install/rm_autonomy_interfaces/lib:/home/unitree/navigation_ws/install/pointcloud_to_laserscan/lib:/home/unitree/navigation_ws/install/nav2_controller/lib:/home/unitree/navigation_ws/install/dwb_plugins/lib:/home/unitree/navigation_ws/install/dwb_critics/lib:/home/unitree/navigation_ws/install/dwb_core/lib:/home/unitree/navigation_ws/install/nav_2d_utils/lib:/home/unitree/navigation_ws/install/dwb_msgs/lib:/home/unitree/navigation_ws/install/nav_2d_msgs/lib:/home/unitree/navigation_ws/install/nav2_waypoint_follower/lib:/home/unitree/navigation_ws/install/nav2_regulated_pure_pursuit_controller/lib:/home/unitree/navigation_ws/install/nav2_recoveries/lib:/home/unitree/navigation_ws/install/nav2_planner/lib:/home/unitree/navigation_ws/install/nav2_navfn_planner/lib:/home/unitree/navigation_ws/install/costmap_queue/lib:/home/unitree/navigation_ws/install/nav2_bt_navigator/lib:/home/unitree/navigation_ws/install/nav2_behavior_tree/lib:/home/unitree/navigation_ws/install/nav2_amcl/lib:/home/unitree/navigation_ws/install/loam_interface/lib:/home/unitree/navigation_ws/install/fast_lio/lib:/home/unitree/navigation_ws/install/livox_ros_driver2/lib:/home/unitree/navigation_ws/install/linefit_ground_segmentation/lib:/home/unitree/navigation_ws/install/behaviortree_cpp/lib:/usr/local/cuda-11.4/lib64:/usr/local/lib:/home/unitree/cyclonedds_ws/install/rmw_cyclonedds_cpp/lib:/home/unitree/cyclonedds_ws/install/cyclonedds/lib:/opt/ros/foxy/opt/yaml_cpp_vendor/lib:/opt/ros/foxy/opt/rviz_ogre_vendor/lib:/opt/ros/foxy/lib/aarch64-linux-gnu:/opt/ros/foxy/lib:/usr/local/cuda-11.4/lib64 PYTHONPATH=/home/unitree/navigation_ws/install/nav2_msgs/lib/python3.8/site-packages:/home/unitree/navigation_ws/install/nav2_common/lib/python3.8/site-packages:/home/unitree/navigation_ws/install/rm_autonomy_interfaces/lib/python3.8/site-packages:/home/unitree/navigation_ws/install/dwb_msgs/lib/python3.8/site-packages:/home/unitree/navigation_ws/install/nav_2d_msgs/lib/python3.8/site-packages:/home/unitree/navigation_ws/install/fast_lio/lib/python3.8/site-packages:/home/unitree/navigation_ws/install/livox_ros_driver2/lib/python3.8/site-packages:/opt/ros/foxy/lib/python3.8/site-packages /usr/bin/cmake --build /home/unitree/navigation_ws/build/nav2_navfn_planner -- -j8 -l8
[9.901s] DEBUG:colcon.colcon_core.event_handler.log_command:Invoking command in '/home/unitree/navigation_ws/build/nav2_planner': CMAKE_PREFIX_PATH=/home/unitree/navigation_ws/install/nav2_core:/home/unitree/navigation_ws/install/nav2_costmap_2d:/home/unitree/navigation_ws/install/nav2_map_server:/home/unitree/navigation_ws/install/nav2_lifecycle_manager:/home/unitree/navigation_ws/install/nav2_util:/home/unitree/navigation_ws/install/nav2_voxel_grid:/home/unitree/navigation_ws/install/nav2_msgs:/home/unitree/navigation_ws/install/nav2_common:/home/unitree/navigation_ws/install/nav2_bringup:/home/unitree/navigation_ws/install/navigation2:/home/unitree/navigation_ws/install/smac_planner:/home/unitree/navigation_ws/install/rm_autonomy:/home/unitree/navigation_ws/install/rm_autonomy_interfaces:/home/unitree/navigation_ws/install/bringup:/home/unitree/navigation_ws/install/pointcloud_to_laserscan:/home/unitree/navigation_ws/install/nav2_dwb_controller:/home/unitree/navigation_ws/install/nav2_controller:/home/unitree/navigation_ws/install/dwb_plugins:/home/unitree/navigation_ws/install/dwb_critics:/home/unitree/navigation_ws/install/dwb_core:/home/unitree/navigation_ws/install/nav_2d_utils:/home/unitree/navigation_ws/install/dwb_msgs:/home/unitree/navigation_ws/install/nav_2d_msgs:/home/unitree/navigation_ws/install/nav2_waypoint_follower:/home/unitree/navigation_ws/install/nav2_regulated_pure_pursuit_controller:/home/unitree/navigation_ws/install/nav2_recoveries:/home/unitree/navigation_ws/install/nav2_planner:/home/unitree/navigation_ws/install/nav2_navfn_planner:/home/unitree/navigation_ws/install/costmap_queue:/home/unitree/navigation_ws/install/nav2_bt_navigator:/home/unitree/navigation_ws/install/nav2_behavior_tree:/home/unitree/navigation_ws/install/nav2_amcl:/home/unitree/navigation_ws/install/loam_interface:/home/unitree/navigation_ws/install/fast_lio:/home/unitree/navigation_ws/install/livox_ros_driver2:/home/unitree/navigation_ws/install/linefit_ground_segmentation_ros:/home/unitree/navigation_ws/install/linefit_ground_segmentation:/home/unitree/navigation_ws/install/cmd_vel_processor:/home/unitree/navigation_ws/install/behaviortree_cpp:/home/unitree/cyclonedds_ws/install/rmw_cyclonedds_cpp:/home/unitree/cyclonedds_ws/install/cyclonedds:/opt/ros/foxy LD_LIBRARY_PATH=/home/unitree/navigation_ws/install/nav2_costmap_2d/lib:/home/unitree/navigation_ws/install/nav2_map_server/lib:/home/unitree/navigation_ws/install/nav2_lifecycle_manager/lib:/home/unitree/navigation_ws/install/nav2_util/lib:/home/unitree/navigation_ws/install/nav2_voxel_grid/lib:/home/unitree/navigation_ws/install/nav2_msgs/lib:/home/unitree/navigation_ws/install/smac_planner/lib:/home/unitree/navigation_ws/install/rm_autonomy/lib:/home/unitree/navigation_ws/install/rm_autonomy_interfaces/lib:/home/unitree/navigation_ws/install/pointcloud_to_laserscan/lib:/home/unitree/navigation_ws/install/nav2_controller/lib:/home/unitree/navigation_ws/install/dwb_plugins/lib:/home/unitree/navigation_ws/install/dwb_critics/lib:/home/unitree/navigation_ws/install/dwb_core/lib:/home/unitree/navigation_ws/install/nav_2d_utils/lib:/home/unitree/navigation_ws/install/dwb_msgs/lib:/home/unitree/navigation_ws/install/nav_2d_msgs/lib:/home/unitree/navigation_ws/install/nav2_waypoint_follower/lib:/home/unitree/navigation_ws/install/nav2_regulated_pure_pursuit_controller/lib:/home/unitree/navigation_ws/install/nav2_recoveries/lib:/home/unitree/navigation_ws/install/nav2_planner/lib:/home/unitree/navigation_ws/install/nav2_navfn_planner/lib:/home/unitree/navigation_ws/install/costmap_queue/lib:/home/unitree/navigation_ws/install/nav2_bt_navigator/lib:/home/unitree/navigation_ws/install/nav2_behavior_tree/lib:/home/unitree/navigation_ws/install/nav2_amcl/lib:/home/unitree/navigation_ws/install/loam_interface/lib:/home/unitree/navigation_ws/install/fast_lio/lib:/home/unitree/navigation_ws/install/livox_ros_driver2/lib:/home/unitree/navigation_ws/install/linefit_ground_segmentation/lib:/home/unitree/navigation_ws/install/behaviortree_cpp/lib:/usr/local/cuda-11.4/lib64:/usr/local/lib:/home/unitree/cyclonedds_ws/install/rmw_cyclonedds_cpp/lib:/home/unitree/cyclonedds_ws/install/cyclonedds/lib:/opt/ros/foxy/opt/yaml_cpp_vendor/lib:/opt/ros/foxy/opt/rviz_ogre_vendor/lib:/opt/ros/foxy/lib/aarch64-linux-gnu:/opt/ros/foxy/lib:/usr/local/cuda-11.4/lib64 PYTHONPATH=/home/unitree/navigation_ws/install/nav2_msgs/lib/python3.8/site-packages:/home/unitree/navigation_ws/install/nav2_common/lib/python3.8/site-packages:/home/unitree/navigation_ws/install/rm_autonomy_interfaces/lib/python3.8/site-packages:/home/unitree/navigation_ws/install/dwb_msgs/lib/python3.8/site-packages:/home/unitree/navigation_ws/install/nav_2d_msgs/lib/python3.8/site-packages:/home/unitree/navigation_ws/install/fast_lio/lib/python3.8/site-packages:/home/unitree/navigation_ws/install/livox_ros_driver2/lib/python3.8/site-packages:/opt/ros/foxy/lib/python3.8/site-packages /usr/bin/cmake --build /home/unitree/navigation_ws/build/nav2_planner -- -j8 -l8
[9.914s] Level 1:colcon.colcon_core.environment:create_environment_scripts_only(costmap_queue)
[9.915s] Level 1:colcon.colcon_core.environment:checking '/home/unitree/navigation_ws/install/costmap_queue' for CMake module files
[9.917s] Level 1:colcon.colcon_core.environment:checking '/home/unitree/navigation_ws/install/costmap_queue' for CMake config files
[9.919s] Level 1:colcon.colcon_core.shell:create_environment_hook('costmap_queue', 'cmake_prefix_path')
[9.920s] INFO:colcon.colcon_core.shell:Creating environment hook '/home/unitree/navigation_ws/install/costmap_queue/share/costmap_queue/hook/cmake_prefix_path.ps1'
[9.922s] INFO:colcon.colcon_core.shell:Creating environment descriptor '/home/unitree/navigation_ws/install/costmap_queue/share/costmap_queue/hook/cmake_prefix_path.dsv'
[9.924s] DEBUG:colcon.colcon_core.event_handler.log_command:Invoked command in '/home/unitree/navigation_ws/build/costmap_queue' returned '0': CMAKE_PREFIX_PATH=/home/unitree/navigation_ws/install/nav2_costmap_2d:/home/unitree/navigation_ws/install/nav2_map_server:/home/unitree/navigation_ws/install/nav2_lifecycle_manager:/home/unitree/navigation_ws/install/nav2_util:/home/unitree/navigation_ws/install/nav2_voxel_grid:/home/unitree/navigation_ws/install/nav2_msgs:/home/unitree/navigation_ws/install/nav2_common:/home/unitree/navigation_ws/install/nav2_bringup:/home/unitree/navigation_ws/install/navigation2:/home/unitree/navigation_ws/install/smac_planner:/home/unitree/navigation_ws/install/rm_autonomy:/home/unitree/navigation_ws/install/rm_autonomy_interfaces:/home/unitree/navigation_ws/install/bringup:/home/unitree/navigation_ws/install/pointcloud_to_laserscan:/home/unitree/navigation_ws/install/nav2_dwb_controller:/home/unitree/navigation_ws/install/nav2_controller:/home/unitree/navigation_ws/install/dwb_plugins:/home/unitree/navigation_ws/install/dwb_critics:/home/unitree/navigation_ws/install/dwb_core:/home/unitree/navigation_ws/install/nav_2d_utils:/home/unitree/navigation_ws/install/dwb_msgs:/home/unitree/navigation_ws/install/nav_2d_msgs:/home/unitree/navigation_ws/install/nav2_waypoint_follower:/home/unitree/navigation_ws/install/nav2_regulated_pure_pursuit_controller:/home/unitree/navigation_ws/install/nav2_recoveries:/home/unitree/navigation_ws/install/nav2_planner:/home/unitree/navigation_ws/install/nav2_navfn_planner:/home/unitree/navigation_ws/install/nav2_core:/home/unitree/navigation_ws/install/costmap_queue:/home/unitree/navigation_ws/install/nav2_bt_navigator:/home/unitree/navigation_ws/install/nav2_behavior_tree:/home/unitree/navigation_ws/install/nav2_amcl:/home/unitree/navigation_ws/install/loam_interface:/home/unitree/navigation_ws/install/fast_lio:/home/unitree/navigation_ws/install/livox_ros_driver2:/home/unitree/navigation_ws/install/linefit_ground_segmentation_ros:/home/unitree/navigation_ws/install/linefit_ground_segmentation:/home/unitree/navigation_ws/install/cmd_vel_processor:/home/unitree/navigation_ws/install/behaviortree_cpp:/home/unitree/cyclonedds_ws/install/rmw_cyclonedds_cpp:/home/unitree/cyclonedds_ws/install/cyclonedds:/opt/ros/foxy LD_LIBRARY_PATH=/home/unitree/navigation_ws/install/nav2_costmap_2d/lib:/home/unitree/navigation_ws/install/nav2_map_server/lib:/home/unitree/navigation_ws/install/nav2_lifecycle_manager/lib:/home/unitree/navigation_ws/install/nav2_util/lib:/home/unitree/navigation_ws/install/nav2_voxel_grid/lib:/home/unitree/navigation_ws/install/nav2_msgs/lib:/home/unitree/navigation_ws/install/smac_planner/lib:/home/unitree/navigation_ws/install/rm_autonomy/lib:/home/unitree/navigation_ws/install/rm_autonomy_interfaces/lib:/home/unitree/navigation_ws/install/pointcloud_to_laserscan/lib:/home/unitree/navigation_ws/install/nav2_controller/lib:/home/unitree/navigation_ws/install/dwb_plugins/lib:/home/unitree/navigation_ws/install/dwb_critics/lib:/home/unitree/navigation_ws/install/dwb_core/lib:/home/unitree/navigation_ws/install/nav_2d_utils/lib:/home/unitree/navigation_ws/install/dwb_msgs/lib:/home/unitree/navigation_ws/install/nav_2d_msgs/lib:/home/unitree/navigation_ws/install/nav2_waypoint_follower/lib:/home/unitree/navigation_ws/install/nav2_regulated_pure_pursuit_controller/lib:/home/unitree/navigation_ws/install/nav2_recoveries/lib:/home/unitree/navigation_ws/install/nav2_planner/lib:/home/unitree/navigation_ws/install/nav2_navfn_planner/lib:/home/unitree/navigation_ws/install/costmap_queue/lib:/home/unitree/navigation_ws/install/nav2_bt_navigator/lib:/home/unitree/navigation_ws/install/nav2_behavior_tree/lib:/home/unitree/navigation_ws/install/nav2_amcl/lib:/home/unitree/navigation_ws/install/loam_interface/lib:/home/unitree/navigation_ws/install/fast_lio/lib:/home/unitree/navigation_ws/install/livox_ros_driver2/lib:/home/unitree/navigation_ws/install/linefit_ground_segmentation/lib:/home/unitree/navigation_ws/install/behaviortree_cpp/lib:/usr/local/cuda-11.4/lib64:/usr/local/lib:/home/unitree/cyclonedds_ws/install/rmw_cyclonedds_cpp/lib:/home/unitree/cyclonedds_ws/install/cyclonedds/lib:/opt/ros/foxy/opt/yaml_cpp_vendor/lib:/opt/ros/foxy/opt/rviz_ogre_vendor/lib:/opt/ros/foxy/lib/aarch64-linux-gnu:/opt/ros/foxy/lib:/usr/local/cuda-11.4/lib64 PYTHONPATH=/home/unitree/navigation_ws/install/nav2_msgs/lib/python3.8/site-packages:/home/unitree/navigation_ws/install/nav2_common/lib/python3.8/site-packages:/home/unitree/navigation_ws/install/rm_autonomy_interfaces/lib/python3.8/site-packages:/home/unitree/navigation_ws/install/dwb_msgs/lib/python3.8/site-packages:/home/unitree/navigation_ws/install/nav_2d_msgs/lib/python3.8/site-packages:/home/unitree/navigation_ws/install/fast_lio/lib/python3.8/site-packages:/home/unitree/navigation_ws/install/livox_ros_driver2/lib/python3.8/site-packages:/opt/ros/foxy/lib/python3.8/site-packages /usr/bin/cmake --install /home/unitree/navigation_ws/build/costmap_queue
[9.924s] INFO:colcon.colcon_core.shell:Creating environment hook '/home/unitree/navigation_ws/install/costmap_queue/share/costmap_queue/hook/cmake_prefix_path.sh'
[9.925s] Level 1:colcon.colcon_core.environment:checking '/home/unitree/navigation_ws/install/costmap_queue/lib'
[9.926s] Level 1:colcon.colcon_core.environment:checking '/home/unitree/navigation_ws/install/costmap_queue/bin'
[9.926s] Level 1:colcon.colcon_core.environment:checking '/home/unitree/navigation_ws/install/costmap_queue/lib/pkgconfig/costmap_queue.pc'
[9.926s] Level 1:colcon.colcon_core.environment:checking '/home/unitree/navigation_ws/install/costmap_queue/lib/python3.8/site-packages'
[9.926s] Level 1:colcon.colcon_core.environment:checking '/home/unitree/navigation_ws/install/costmap_queue/bin'
[9.927s] INFO:colcon.colcon_core.shell:Creating package script '/home/unitree/navigation_ws/install/costmap_queue/share/costmap_queue/package.ps1'
[9.928s] INFO:colcon.colcon_core.shell:Creating package descriptor '/home/unitree/navigation_ws/install/costmap_queue/share/costmap_queue/package.dsv'
[9.929s] INFO:colcon.colcon_core.shell:Creating package script '/home/unitree/navigation_ws/install/costmap_queue/share/costmap_queue/package.sh'
[9.929s] INFO:colcon.colcon_core.shell:Creating package script '/home/unitree/navigation_ws/install/costmap_queue/share/costmap_queue/package.bash'
[9.930s] INFO:colcon.colcon_core.shell:Creating package script '/home/unitree/navigation_ws/install/costmap_queue/share/costmap_queue/package.zsh'
[9.931s] Level 1:colcon.colcon_core.environment:create_file_with_runtime_dependencies(/home/unitree/navigation_ws/install/costmap_queue/share/colcon-core/packages/costmap_queue)
[9.947s] DEBUG:colcon.colcon_core.event_handler.log_command:Invoking command in '/home/unitree/navigation_ws/build/nav2_recoveries': CMAKE_PREFIX_PATH=/home/unitree/navigation_ws/install/nav2_core:/home/unitree/navigation_ws/install/nav2_costmap_2d:/home/unitree/navigation_ws/install/nav2_map_server:/home/unitree/navigation_ws/install/nav2_lifecycle_manager:/home/unitree/navigation_ws/install/nav2_behavior_tree:/home/unitree/navigation_ws/install/nav2_util:/home/unitree/navigation_ws/install/nav2_voxel_grid:/home/unitree/navigation_ws/install/nav2_msgs:/home/unitree/navigation_ws/install/nav2_common:/home/unitree/navigation_ws/install/nav2_bringup:/home/unitree/navigation_ws/install/navigation2:/home/unitree/navigation_ws/install/smac_planner:/home/unitree/navigation_ws/install/rm_autonomy:/home/unitree/navigation_ws/install/rm_autonomy_interfaces:/home/unitree/navigation_ws/install/bringup:/home/unitree/navigation_ws/install/pointcloud_to_laserscan:/home/unitree/navigation_ws/install/nav2_dwb_controller:/home/unitree/navigation_ws/install/nav2_controller:/home/unitree/navigation_ws/install/dwb_plugins:/home/unitree/navigation_ws/install/dwb_critics:/home/unitree/navigation_ws/install/dwb_core:/home/unitree/navigation_ws/install/nav_2d_utils:/home/unitree/navigation_ws/install/dwb_msgs:/home/unitree/navigation_ws/install/nav_2d_msgs:/home/unitree/navigation_ws/install/nav2_waypoint_follower:/home/unitree/navigation_ws/install/nav2_regulated_pure_pursuit_controller:/home/unitree/navigation_ws/install/nav2_recoveries:/home/unitree/navigation_ws/install/nav2_planner:/home/unitree/navigation_ws/install/nav2_navfn_planner:/home/unitree/navigation_ws/install/costmap_queue:/home/unitree/navigation_ws/install/nav2_bt_navigator:/home/unitree/navigation_ws/install/nav2_amcl:/home/unitree/navigation_ws/install/loam_interface:/home/unitree/navigation_ws/install/fast_lio:/home/unitree/navigation_ws/install/livox_ros_driver2:/home/unitree/navigation_ws/install/linefit_ground_segmentation_ros:/home/unitree/navigation_ws/install/linefit_ground_segmentation:/home/unitree/navigation_ws/install/cmd_vel_processor:/home/unitree/navigation_ws/install/behaviortree_cpp:/home/unitree/cyclonedds_ws/install/rmw_cyclonedds_cpp:/home/unitree/cyclonedds_ws/install/cyclonedds:/opt/ros/foxy LD_LIBRARY_PATH=/home/unitree/navigation_ws/install/nav2_costmap_2d/lib:/home/unitree/navigation_ws/install/nav2_map_server/lib:/home/unitree/navigation_ws/install/nav2_lifecycle_manager/lib:/home/unitree/navigation_ws/install/nav2_behavior_tree/lib:/home/unitree/navigation_ws/install/nav2_util/lib:/home/unitree/navigation_ws/install/nav2_voxel_grid/lib:/home/unitree/navigation_ws/install/nav2_msgs/lib:/home/unitree/navigation_ws/install/smac_planner/lib:/home/unitree/navigation_ws/install/rm_autonomy/lib:/home/unitree/navigation_ws/install/rm_autonomy_interfaces/lib:/home/unitree/navigation_ws/install/pointcloud_to_laserscan/lib:/home/unitree/navigation_ws/install/nav2_controller/lib:/home/unitree/navigation_ws/install/dwb_plugins/lib:/home/unitree/navigation_ws/install/dwb_critics/lib:/home/unitree/navigation_ws/install/dwb_core/lib:/home/unitree/navigation_ws/install/nav_2d_utils/lib:/home/unitree/navigation_ws/install/dwb_msgs/lib:/home/unitree/navigation_ws/install/nav_2d_msgs/lib:/home/unitree/navigation_ws/install/nav2_waypoint_follower/lib:/home/unitree/navigation_ws/install/nav2_regulated_pure_pursuit_controller/lib:/home/unitree/navigation_ws/install/nav2_recoveries/lib:/home/unitree/navigation_ws/install/nav2_planner/lib:/home/unitree/navigation_ws/install/nav2_navfn_planner/lib:/home/unitree/navigation_ws/install/costmap_queue/lib:/home/unitree/navigation_ws/install/nav2_bt_navigator/lib:/home/unitree/navigation_ws/install/nav2_amcl/lib:/home/unitree/navigation_ws/install/loam_interface/lib:/home/unitree/navigation_ws/install/fast_lio/lib:/home/unitree/navigation_ws/install/livox_ros_driver2/lib:/home/unitree/navigation_ws/install/linefit_ground_segmentation/lib:/home/unitree/navigation_ws/install/behaviortree_cpp/lib:/usr/local/cuda-11.4/lib64:/usr/local/lib:/home/unitree/cyclonedds_ws/install/rmw_cyclonedds_cpp/lib:/home/unitree/cyclonedds_ws/install/cyclonedds/lib:/opt/ros/foxy/opt/yaml_cpp_vendor/lib:/opt/ros/foxy/opt/rviz_ogre_vendor/lib:/opt/ros/foxy/lib/aarch64-linux-gnu:/opt/ros/foxy/lib:/usr/local/cuda-11.4/lib64 PYTHONPATH=/home/unitree/navigation_ws/install/nav2_msgs/lib/python3.8/site-packages:/home/unitree/navigation_ws/install/nav2_common/lib/python3.8/site-packages:/home/unitree/navigation_ws/install/rm_autonomy_interfaces/lib/python3.8/site-packages:/home/unitree/navigation_ws/install/dwb_msgs/lib/python3.8/site-packages:/home/unitree/navigation_ws/install/nav_2d_msgs/lib/python3.8/site-packages:/home/unitree/navigation_ws/install/fast_lio/lib/python3.8/site-packages:/home/unitree/navigation_ws/install/livox_ros_driver2/lib/python3.8/site-packages:/opt/ros/foxy/lib/python3.8/site-packages /usr/bin/cmake --build /home/unitree/navigation_ws/build/nav2_recoveries -- -j8 -l8
[9.987s] DEBUG:colcon.colcon_core.event_handler.log_command:Invoking command in '/home/unitree/navigation_ws/build/nav2_regulated_pure_pursuit_controller': CMAKE_PREFIX_PATH=/home/unitree/navigation_ws/install/nav2_core:/home/unitree/navigation_ws/install/nav2_costmap_2d:/home/unitree/navigation_ws/install/nav2_map_server:/home/unitree/navigation_ws/install/nav2_lifecycle_manager:/home/unitree/navigation_ws/install/nav2_util:/home/unitree/navigation_ws/install/nav2_voxel_grid:/home/unitree/navigation_ws/install/nav2_msgs:/home/unitree/navigation_ws/install/nav2_common:/home/unitree/navigation_ws/install/nav2_bringup:/home/unitree/navigation_ws/install/navigation2:/home/unitree/navigation_ws/install/smac_planner:/home/unitree/navigation_ws/install/rm_autonomy:/home/unitree/navigation_ws/install/rm_autonomy_interfaces:/home/unitree/navigation_ws/install/bringup:/home/unitree/navigation_ws/install/pointcloud_to_laserscan:/home/unitree/navigation_ws/install/nav2_dwb_controller:/home/unitree/navigation_ws/install/nav2_controller:/home/unitree/navigation_ws/install/dwb_plugins:/home/unitree/navigation_ws/install/dwb_critics:/home/unitree/navigation_ws/install/dwb_core:/home/unitree/navigation_ws/install/nav_2d_utils:/home/unitree/navigation_ws/install/dwb_msgs:/home/unitree/navigation_ws/install/nav_2d_msgs:/home/unitree/navigation_ws/install/nav2_waypoint_follower:/home/unitree/navigation_ws/install/nav2_regulated_pure_pursuit_controller:/home/unitree/navigation_ws/install/nav2_recoveries:/home/unitree/navigation_ws/install/nav2_planner:/home/unitree/navigation_ws/install/nav2_navfn_planner:/home/unitree/navigation_ws/install/costmap_queue:/home/unitree/navigation_ws/install/nav2_bt_navigator:/home/unitree/navigation_ws/install/nav2_behavior_tree:/home/unitree/navigation_ws/install/nav2_amcl:/home/unitree/navigation_ws/install/loam_interface:/home/unitree/navigation_ws/install/fast_lio:/home/unitree/navigation_ws/install/livox_ros_driver2:/home/unitree/navigation_ws/install/linefit_ground_segmentation_ros:/home/unitree/navigation_ws/install/linefit_ground_segmentation:/home/unitree/navigation_ws/install/cmd_vel_processor:/home/unitree/navigation_ws/install/behaviortree_cpp:/home/unitree/cyclonedds_ws/install/rmw_cyclonedds_cpp:/home/unitree/cyclonedds_ws/install/cyclonedds:/opt/ros/foxy LD_LIBRARY_PATH=/home/unitree/navigation_ws/install/nav2_costmap_2d/lib:/home/unitree/navigation_ws/install/nav2_map_server/lib:/home/unitree/navigation_ws/install/nav2_lifecycle_manager/lib:/home/unitree/navigation_ws/install/nav2_util/lib:/home/unitree/navigation_ws/install/nav2_voxel_grid/lib:/home/unitree/navigation_ws/install/nav2_msgs/lib:/home/unitree/navigation_ws/install/smac_planner/lib:/home/unitree/navigation_ws/install/rm_autonomy/lib:/home/unitree/navigation_ws/install/rm_autonomy_interfaces/lib:/home/unitree/navigation_ws/install/pointcloud_to_laserscan/lib:/home/unitree/navigation_ws/install/nav2_controller/lib:/home/unitree/navigation_ws/install/dwb_plugins/lib:/home/unitree/navigation_ws/install/dwb_critics/lib:/home/unitree/navigation_ws/install/dwb_core/lib:/home/unitree/navigation_ws/install/nav_2d_utils/lib:/home/unitree/navigation_ws/install/dwb_msgs/lib:/home/unitree/navigation_ws/install/nav_2d_msgs/lib:/home/unitree/navigation_ws/install/nav2_waypoint_follower/lib:/home/unitree/navigation_ws/install/nav2_regulated_pure_pursuit_controller/lib:/home/unitree/navigation_ws/install/nav2_recoveries/lib:/home/unitree/navigation_ws/install/nav2_planner/lib:/home/unitree/navigation_ws/install/nav2_navfn_planner/lib:/home/unitree/navigation_ws/install/costmap_queue/lib:/home/unitree/navigation_ws/install/nav2_bt_navigator/lib:/home/unitree/navigation_ws/install/nav2_behavior_tree/lib:/home/unitree/navigation_ws/install/nav2_amcl/lib:/home/unitree/navigation_ws/install/loam_interface/lib:/home/unitree/navigation_ws/install/fast_lio/lib:/home/unitree/navigation_ws/install/livox_ros_driver2/lib:/home/unitree/navigation_ws/install/linefit_ground_segmentation/lib:/home/unitree/navigation_ws/install/behaviortree_cpp/lib:/usr/local/cuda-11.4/lib64:/usr/local/lib:/home/unitree/cyclonedds_ws/install/rmw_cyclonedds_cpp/lib:/home/unitree/cyclonedds_ws/install/cyclonedds/lib:/opt/ros/foxy/opt/yaml_cpp_vendor/lib:/opt/ros/foxy/opt/rviz_ogre_vendor/lib:/opt/ros/foxy/lib/aarch64-linux-gnu:/opt/ros/foxy/lib:/usr/local/cuda-11.4/lib64 PYTHONPATH=/home/unitree/navigation_ws/install/nav2_msgs/lib/python3.8/site-packages:/home/unitree/navigation_ws/install/nav2_common/lib/python3.8/site-packages:/home/unitree/navigation_ws/install/rm_autonomy_interfaces/lib/python3.8/site-packages:/home/unitree/navigation_ws/install/dwb_msgs/lib/python3.8/site-packages:/home/unitree/navigation_ws/install/nav_2d_msgs/lib/python3.8/site-packages:/home/unitree/navigation_ws/install/fast_lio/lib/python3.8/site-packages:/home/unitree/navigation_ws/install/livox_ros_driver2/lib/python3.8/site-packages:/opt/ros/foxy/lib/python3.8/site-packages /usr/bin/cmake --build /home/unitree/navigation_ws/build/nav2_regulated_pure_pursuit_controller -- -j8 -l8
[10.134s] DEBUG:colcon.colcon_core.event_handler.log_command:Invoked command in '/home/unitree/navigation_ws/build/nav2_navfn_planner' returned '0': CMAKE_PREFIX_PATH=/home/unitree/navigation_ws/install/nav2_core:/home/unitree/navigation_ws/install/nav2_costmap_2d:/home/unitree/navigation_ws/install/nav2_map_server:/home/unitree/navigation_ws/install/nav2_lifecycle_manager:/home/unitree/navigation_ws/install/nav2_util:/home/unitree/navigation_ws/install/nav2_voxel_grid:/home/unitree/navigation_ws/install/nav2_msgs:/home/unitree/navigation_ws/install/nav2_common:/home/unitree/navigation_ws/install/nav2_bringup:/home/unitree/navigation_ws/install/navigation2:/home/unitree/navigation_ws/install/smac_planner:/home/unitree/navigation_ws/install/rm_autonomy:/home/unitree/navigation_ws/install/rm_autonomy_interfaces:/home/unitree/navigation_ws/install/bringup:/home/unitree/navigation_ws/install/pointcloud_to_laserscan:/home/unitree/navigation_ws/install/nav2_dwb_controller:/home/unitree/navigation_ws/install/nav2_controller:/home/unitree/navigation_ws/install/dwb_plugins:/home/unitree/navigation_ws/install/dwb_critics:/home/unitree/navigation_ws/install/dwb_core:/home/unitree/navigation_ws/install/nav_2d_utils:/home/unitree/navigation_ws/install/dwb_msgs:/home/unitree/navigation_ws/install/nav_2d_msgs:/home/unitree/navigation_ws/install/nav2_waypoint_follower:/home/unitree/navigation_ws/install/nav2_regulated_pure_pursuit_controller:/home/unitree/navigation_ws/install/nav2_recoveries:/home/unitree/navigation_ws/install/nav2_planner:/home/unitree/navigation_ws/install/nav2_navfn_planner:/home/unitree/navigation_ws/install/costmap_queue:/home/unitree/navigation_ws/install/nav2_bt_navigator:/home/unitree/navigation_ws/install/nav2_behavior_tree:/home/unitree/navigation_ws/install/nav2_amcl:/home/unitree/navigation_ws/install/loam_interface:/home/unitree/navigation_ws/install/fast_lio:/home/unitree/navigation_ws/install/livox_ros_driver2:/home/unitree/navigation_ws/install/linefit_ground_segmentation_ros:/home/unitree/navigation_ws/install/linefit_ground_segmentation:/home/unitree/navigation_ws/install/cmd_vel_processor:/home/unitree/navigation_ws/install/behaviortree_cpp:/home/unitree/cyclonedds_ws/install/rmw_cyclonedds_cpp:/home/unitree/cyclonedds_ws/install/cyclonedds:/opt/ros/foxy LD_LIBRARY_PATH=/home/unitree/navigation_ws/install/nav2_costmap_2d/lib:/home/unitree/navigation_ws/install/nav2_map_server/lib:/home/unitree/navigation_ws/install/nav2_lifecycle_manager/lib:/home/unitree/navigation_ws/install/nav2_util/lib:/home/unitree/navigation_ws/install/nav2_voxel_grid/lib:/home/unitree/navigation_ws/install/nav2_msgs/lib:/home/unitree/navigation_ws/install/smac_planner/lib:/home/unitree/navigation_ws/install/rm_autonomy/lib:/home/unitree/navigation_ws/install/rm_autonomy_interfaces/lib:/home/unitree/navigation_ws/install/pointcloud_to_laserscan/lib:/home/unitree/navigation_ws/install/nav2_controller/lib:/home/unitree/navigation_ws/install/dwb_plugins/lib:/home/unitree/navigation_ws/install/dwb_critics/lib:/home/unitree/navigation_ws/install/dwb_core/lib:/home/unitree/navigation_ws/install/nav_2d_utils/lib:/home/unitree/navigation_ws/install/dwb_msgs/lib:/home/unitree/navigation_ws/install/nav_2d_msgs/lib:/home/unitree/navigation_ws/install/nav2_waypoint_follower/lib:/home/unitree/navigation_ws/install/nav2_regulated_pure_pursuit_controller/lib:/home/unitree/navigation_ws/install/nav2_recoveries/lib:/home/unitree/navigation_ws/install/nav2_planner/lib:/home/unitree/navigation_ws/install/nav2_navfn_planner/lib:/home/unitree/navigation_ws/install/costmap_queue/lib:/home/unitree/navigation_ws/install/nav2_bt_navigator/lib:/home/unitree/navigation_ws/install/nav2_behavior_tree/lib:/home/unitree/navigation_ws/install/nav2_amcl/lib:/home/unitree/navigation_ws/install/loam_interface/lib:/home/unitree/navigation_ws/install/fast_lio/lib:/home/unitree/navigation_ws/install/livox_ros_driver2/lib:/home/unitree/navigation_ws/install/linefit_ground_segmentation/lib:/home/unitree/navigation_ws/install/behaviortree_cpp/lib:/usr/local/cuda-11.4/lib64:/usr/local/lib:/home/unitree/cyclonedds_ws/install/rmw_cyclonedds_cpp/lib:/home/unitree/cyclonedds_ws/install/cyclonedds/lib:/opt/ros/foxy/opt/yaml_cpp_vendor/lib:/opt/ros/foxy/opt/rviz_ogre_vendor/lib:/opt/ros/foxy/lib/aarch64-linux-gnu:/opt/ros/foxy/lib:/usr/local/cuda-11.4/lib64 PYTHONPATH=/home/unitree/navigation_ws/install/nav2_msgs/lib/python3.8/site-packages:/home/unitree/navigation_ws/install/nav2_common/lib/python3.8/site-packages:/home/unitree/navigation_ws/install/rm_autonomy_interfaces/lib/python3.8/site-packages:/home/unitree/navigation_ws/install/dwb_msgs/lib/python3.8/site-packages:/home/unitree/navigation_ws/install/nav_2d_msgs/lib/python3.8/site-packages:/home/unitree/navigation_ws/install/fast_lio/lib/python3.8/site-packages:/home/unitree/navigation_ws/install/livox_ros_driver2/lib/python3.8/site-packages:/opt/ros/foxy/lib/python3.8/site-packages /usr/bin/cmake --build /home/unitree/navigation_ws/build/nav2_navfn_planner -- -j8 -l8
[10.275s] DEBUG:colcon.colcon_core.event_handler.log_command:Invoked command in '/home/unitree/navigation_ws/build/dwb_core' returned '0': CMAKE_PREFIX_PATH=/home/unitree/navigation_ws/install/nav2_core:/home/unitree/navigation_ws/install/nav2_costmap_2d:/home/unitree/navigation_ws/install/nav_2d_utils:/home/unitree/navigation_ws/install/nav2_map_server:/home/unitree/navigation_ws/install/nav2_lifecycle_manager:/home/unitree/navigation_ws/install/nav2_util:/home/unitree/navigation_ws/install/nav2_voxel_grid:/home/unitree/navigation_ws/install/nav2_msgs:/home/unitree/navigation_ws/install/dwb_msgs:/home/unitree/navigation_ws/install/nav_2d_msgs:/home/unitree/navigation_ws/install/nav2_common:/home/unitree/navigation_ws/install/nav2_bringup:/home/unitree/navigation_ws/install/navigation2:/home/unitree/navigation_ws/install/smac_planner:/home/unitree/navigation_ws/install/rm_autonomy:/home/unitree/navigation_ws/install/rm_autonomy_interfaces:/home/unitree/navigation_ws/install/bringup:/home/unitree/navigation_ws/install/pointcloud_to_laserscan:/home/unitree/navigation_ws/install/nav2_dwb_controller:/home/unitree/navigation_ws/install/nav2_controller:/home/unitree/navigation_ws/install/dwb_plugins:/home/unitree/navigation_ws/install/dwb_critics:/home/unitree/navigation_ws/install/dwb_core:/home/unitree/navigation_ws/install/nav2_waypoint_follower:/home/unitree/navigation_ws/install/nav2_regulated_pure_pursuit_controller:/home/unitree/navigation_ws/install/nav2_recoveries:/home/unitree/navigation_ws/install/nav2_planner:/home/unitree/navigation_ws/install/nav2_navfn_planner:/home/unitree/navigation_ws/install/costmap_queue:/home/unitree/navigation_ws/install/nav2_bt_navigator:/home/unitree/navigation_ws/install/nav2_behavior_tree:/home/unitree/navigation_ws/install/nav2_amcl:/home/unitree/navigation_ws/install/loam_interface:/home/unitree/navigation_ws/install/fast_lio:/home/unitree/navigation_ws/install/livox_ros_driver2:/home/unitree/navigation_ws/install/linefit_ground_segmentation_ros:/home/unitree/navigation_ws/install/linefit_ground_segmentation:/home/unitree/navigation_ws/install/cmd_vel_processor:/home/unitree/navigation_ws/install/behaviortree_cpp:/home/unitree/cyclonedds_ws/install/rmw_cyclonedds_cpp:/home/unitree/cyclonedds_ws/install/cyclonedds:/opt/ros/foxy LD_LIBRARY_PATH=/home/unitree/navigation_ws/install/nav2_costmap_2d/lib:/home/unitree/navigation_ws/install/nav_2d_utils/lib:/home/unitree/navigation_ws/install/nav2_map_server/lib:/home/unitree/navigation_ws/install/nav2_lifecycle_manager/lib:/home/unitree/navigation_ws/install/nav2_util/lib:/home/unitree/navigation_ws/install/nav2_voxel_grid/lib:/home/unitree/navigation_ws/install/nav2_msgs/lib:/home/unitree/navigation_ws/install/dwb_msgs/lib:/home/unitree/navigation_ws/install/nav_2d_msgs/lib:/home/unitree/navigation_ws/install/smac_planner/lib:/home/unitree/navigation_ws/install/rm_autonomy/lib:/home/unitree/navigation_ws/install/rm_autonomy_interfaces/lib:/home/unitree/navigation_ws/install/pointcloud_to_laserscan/lib:/home/unitree/navigation_ws/install/nav2_controller/lib:/home/unitree/navigation_ws/install/dwb_plugins/lib:/home/unitree/navigation_ws/install/dwb_critics/lib:/home/unitree/navigation_ws/install/dwb_core/lib:/home/unitree/navigation_ws/install/nav2_waypoint_follower/lib:/home/unitree/navigation_ws/install/nav2_regulated_pure_pursuit_controller/lib:/home/unitree/navigation_ws/install/nav2_recoveries/lib:/home/unitree/navigation_ws/install/nav2_planner/lib:/home/unitree/navigation_ws/install/nav2_navfn_planner/lib:/home/unitree/navigation_ws/install/costmap_queue/lib:/home/unitree/navigation_ws/install/nav2_bt_navigator/lib:/home/unitree/navigation_ws/install/nav2_behavior_tree/lib:/home/unitree/navigation_ws/install/nav2_amcl/lib:/home/unitree/navigation_ws/install/loam_interface/lib:/home/unitree/navigation_ws/install/fast_lio/lib:/home/unitree/navigation_ws/install/livox_ros_driver2/lib:/home/unitree/navigation_ws/install/linefit_ground_segmentation/lib:/home/unitree/navigation_ws/install/behaviortree_cpp/lib:/usr/local/cuda-11.4/lib64:/usr/local/lib:/home/unitree/cyclonedds_ws/install/rmw_cyclonedds_cpp/lib:/home/unitree/cyclonedds_ws/install/cyclonedds/lib:/opt/ros/foxy/opt/yaml_cpp_vendor/lib:/opt/ros/foxy/opt/rviz_ogre_vendor/lib:/opt/ros/foxy/lib/aarch64-linux-gnu:/opt/ros/foxy/lib:/usr/local/cuda-11.4/lib64 PYTHONPATH=/home/unitree/navigation_ws/install/nav2_msgs/lib/python3.8/site-packages:/home/unitree/navigation_ws/install/dwb_msgs/lib/python3.8/site-packages:/home/unitree/navigation_ws/install/nav_2d_msgs/lib/python3.8/site-packages:/home/unitree/navigation_ws/install/nav2_common/lib/python3.8/site-packages:/home/unitree/navigation_ws/install/rm_autonomy_interfaces/lib/python3.8/site-packages:/home/unitree/navigation_ws/install/fast_lio/lib/python3.8/site-packages:/home/unitree/navigation_ws/install/livox_ros_driver2/lib/python3.8/site-packages:/opt/ros/foxy/lib/python3.8/site-packages /usr/bin/cmake --build /home/unitree/navigation_ws/build/dwb_core -- -j8 -l8
[10.307s] Level 1:colcon.colcon_core.environment:create_environment_scripts_only(costmap_queue)
[10.308s] Level 1:colcon.colcon_core.environment:checking '/home/unitree/navigation_ws/install/costmap_queue' for CMake module files
[10.309s] Level 1:colcon.colcon_core.environment:checking '/home/unitree/navigation_ws/install/costmap_queue' for CMake config files
[10.311s] Level 1:colcon.colcon_core.shell:create_environment_hook('costmap_queue', 'cmake_prefix_path')
[10.312s] INFO:colcon.colcon_core.shell:Creating environment hook '/home/unitree/navigation_ws/install/costmap_queue/share/costmap_queue/hook/cmake_prefix_path.ps1'
[10.313s] INFO:colcon.colcon_core.shell:Creating environment descriptor '/home/unitree/navigation_ws/install/costmap_queue/share/costmap_queue/hook/cmake_prefix_path.dsv'
[10.319s] INFO:colcon.colcon_core.shell:Creating environment hook '/home/unitree/navigation_ws/install/costmap_queue/share/costmap_queue/hook/cmake_prefix_path.sh'
[10.321s] Level 1:colcon.colcon_core.environment:checking '/home/unitree/navigation_ws/install/costmap_queue/lib'
[10.321s] Level 1:colcon.colcon_core.environment:checking '/home/unitree/navigation_ws/install/costmap_queue/bin'
[10.321s] Level 1:colcon.colcon_core.environment:checking '/home/unitree/navigation_ws/install/costmap_queue/lib/pkgconfig/costmap_queue.pc'
[10.322s] Level 1:colcon.colcon_core.environment:checking '/home/unitree/navigation_ws/install/costmap_queue/lib/python3.8/site-packages'
[10.322s] Level 1:colcon.colcon_core.environment:checking '/home/unitree/navigation_ws/install/costmap_queue/bin'
[10.323s] INFO:colcon.colcon_core.shell:Creating package script '/home/unitree/navigation_ws/install/costmap_queue/share/costmap_queue/package.ps1'
[10.324s] INFO:colcon.colcon_core.shell:Creating package descriptor '/home/unitree/navigation_ws/install/costmap_queue/share/costmap_queue/package.dsv'
[10.325s] INFO:colcon.colcon_core.shell:Creating package script '/home/unitree/navigation_ws/install/costmap_queue/share/costmap_queue/package.sh'
[10.326s] INFO:colcon.colcon_core.shell:Creating package script '/home/unitree/navigation_ws/install/costmap_queue/share/costmap_queue/package.bash'
[10.326s] INFO:colcon.colcon_core.shell:Creating package script '/home/unitree/navigation_ws/install/costmap_queue/share/costmap_queue/package.zsh'
[10.327s] Level 1:colcon.colcon_core.environment:create_file_with_runtime_dependencies(/home/unitree/navigation_ws/install/costmap_queue/share/colcon-core/packages/costmap_queue)
[10.330s] INFO:colcon.colcon_ros.task.ament_cmake.build:Building ROS package in '/home/unitree/navigation_ws/src/navigation2/smac_planner' with build type 'ament_cmake'
[10.331s] INFO:colcon.colcon_cmake.task.cmake.build:Building CMake package in '/home/unitree/navigation_ws/src/navigation2/smac_planner'
[10.332s] INFO:colcon.colcon_core.shell:Skip shell extension 'powershell' for command environment: Not usable outside of PowerShell
[10.332s] DEBUG:colcon.colcon_core.shell:Skip shell extension 'dsv' for command environment
[10.377s] DEBUG:colcon.colcon_core.event_handler.log_command:Invoking command in '/home/unitree/navigation_ws/build/nav2_navfn_planner': CMAKE_PREFIX_PATH=/home/unitree/navigation_ws/install/nav2_core:/home/unitree/navigation_ws/install/nav2_costmap_2d:/home/unitree/navigation_ws/install/nav2_map_server:/home/unitree/navigation_ws/install/nav2_lifecycle_manager:/home/unitree/navigation_ws/install/nav2_util:/home/unitree/navigation_ws/install/nav2_voxel_grid:/home/unitree/navigation_ws/install/nav2_msgs:/home/unitree/navigation_ws/install/nav2_common:/home/unitree/navigation_ws/install/nav2_bringup:/home/unitree/navigation_ws/install/navigation2:/home/unitree/navigation_ws/install/smac_planner:/home/unitree/navigation_ws/install/rm_autonomy:/home/unitree/navigation_ws/install/rm_autonomy_interfaces:/home/unitree/navigation_ws/install/bringup:/home/unitree/navigation_ws/install/pointcloud_to_laserscan:/home/unitree/navigation_ws/install/nav2_dwb_controller:/home/unitree/navigation_ws/install/nav2_controller:/home/unitree/navigation_ws/install/dwb_plugins:/home/unitree/navigation_ws/install/dwb_critics:/home/unitree/navigation_ws/install/dwb_core:/home/unitree/navigation_ws/install/nav_2d_utils:/home/unitree/navigation_ws/install/dwb_msgs:/home/unitree/navigation_ws/install/nav_2d_msgs:/home/unitree/navigation_ws/install/nav2_waypoint_follower:/home/unitree/navigation_ws/install/nav2_regulated_pure_pursuit_controller:/home/unitree/navigation_ws/install/nav2_recoveries:/home/unitree/navigation_ws/install/nav2_planner:/home/unitree/navigation_ws/install/nav2_navfn_planner:/home/unitree/navigation_ws/install/costmap_queue:/home/unitree/navigation_ws/install/nav2_bt_navigator:/home/unitree/navigation_ws/install/nav2_behavior_tree:/home/unitree/navigation_ws/install/nav2_amcl:/home/unitree/navigation_ws/install/loam_interface:/home/unitree/navigation_ws/install/fast_lio:/home/unitree/navigation_ws/install/livox_ros_driver2:/home/unitree/navigation_ws/install/linefit_ground_segmentation_ros:/home/unitree/navigation_ws/install/linefit_ground_segmentation:/home/unitree/navigation_ws/install/cmd_vel_processor:/home/unitree/navigation_ws/install/behaviortree_cpp:/home/unitree/cyclonedds_ws/install/rmw_cyclonedds_cpp:/home/unitree/cyclonedds_ws/install/cyclonedds:/opt/ros/foxy LD_LIBRARY_PATH=/home/unitree/navigation_ws/install/nav2_costmap_2d/lib:/home/unitree/navigation_ws/install/nav2_map_server/lib:/home/unitree/navigation_ws/install/nav2_lifecycle_manager/lib:/home/unitree/navigation_ws/install/nav2_util/lib:/home/unitree/navigation_ws/install/nav2_voxel_grid/lib:/home/unitree/navigation_ws/install/nav2_msgs/lib:/home/unitree/navigation_ws/install/smac_planner/lib:/home/unitree/navigation_ws/install/rm_autonomy/lib:/home/unitree/navigation_ws/install/rm_autonomy_interfaces/lib:/home/unitree/navigation_ws/install/pointcloud_to_laserscan/lib:/home/unitree/navigation_ws/install/nav2_controller/lib:/home/unitree/navigation_ws/install/dwb_plugins/lib:/home/unitree/navigation_ws/install/dwb_critics/lib:/home/unitree/navigation_ws/install/dwb_core/lib:/home/unitree/navigation_ws/install/nav_2d_utils/lib:/home/unitree/navigation_ws/install/dwb_msgs/lib:/home/unitree/navigation_ws/install/nav_2d_msgs/lib:/home/unitree/navigation_ws/install/nav2_waypoint_follower/lib:/home/unitree/navigation_ws/install/nav2_regulated_pure_pursuit_controller/lib:/home/unitree/navigation_ws/install/nav2_recoveries/lib:/home/unitree/navigation_ws/install/nav2_planner/lib:/home/unitree/navigation_ws/install/nav2_navfn_planner/lib:/home/unitree/navigation_ws/install/costmap_queue/lib:/home/unitree/navigation_ws/install/nav2_bt_navigator/lib:/home/unitree/navigation_ws/install/nav2_behavior_tree/lib:/home/unitree/navigation_ws/install/nav2_amcl/lib:/home/unitree/navigation_ws/install/loam_interface/lib:/home/unitree/navigation_ws/install/fast_lio/lib:/home/unitree/navigation_ws/install/livox_ros_driver2/lib:/home/unitree/navigation_ws/install/linefit_ground_segmentation/lib:/home/unitree/navigation_ws/install/behaviortree_cpp/lib:/usr/local/cuda-11.4/lib64:/usr/local/lib:/home/unitree/cyclonedds_ws/install/rmw_cyclonedds_cpp/lib:/home/unitree/cyclonedds_ws/install/cyclonedds/lib:/opt/ros/foxy/opt/yaml_cpp_vendor/lib:/opt/ros/foxy/opt/rviz_ogre_vendor/lib:/opt/ros/foxy/lib/aarch64-linux-gnu:/opt/ros/foxy/lib:/usr/local/cuda-11.4/lib64 PYTHONPATH=/home/unitree/navigation_ws/install/nav2_msgs/lib/python3.8/site-packages:/home/unitree/navigation_ws/install/nav2_common/lib/python3.8/site-packages:/home/unitree/navigation_ws/install/rm_autonomy_interfaces/lib/python3.8/site-packages:/home/unitree/navigation_ws/install/dwb_msgs/lib/python3.8/site-packages:/home/unitree/navigation_ws/install/nav_2d_msgs/lib/python3.8/site-packages:/home/unitree/navigation_ws/install/fast_lio/lib/python3.8/site-packages:/home/unitree/navigation_ws/install/livox_ros_driver2/lib/python3.8/site-packages:/opt/ros/foxy/lib/python3.8/site-packages /usr/bin/cmake --install /home/unitree/navigation_ws/build/nav2_navfn_planner
[10.386s] DEBUG:colcon.colcon_core.event_handler.log_command:Invoked command in '/home/unitree/navigation_ws/build/nav2_planner' returned '0': CMAKE_PREFIX_PATH=/home/unitree/navigation_ws/install/nav2_core:/home/unitree/navigation_ws/install/nav2_costmap_2d:/home/unitree/navigation_ws/install/nav2_map_server:/home/unitree/navigation_ws/install/nav2_lifecycle_manager:/home/unitree/navigation_ws/install/nav2_util:/home/unitree/navigation_ws/install/nav2_voxel_grid:/home/unitree/navigation_ws/install/nav2_msgs:/home/unitree/navigation_ws/install/nav2_common:/home/unitree/navigation_ws/install/nav2_bringup:/home/unitree/navigation_ws/install/navigation2:/home/unitree/navigation_ws/install/smac_planner:/home/unitree/navigation_ws/install/rm_autonomy:/home/unitree/navigation_ws/install/rm_autonomy_interfaces:/home/unitree/navigation_ws/install/bringup:/home/unitree/navigation_ws/install/pointcloud_to_laserscan:/home/unitree/navigation_ws/install/nav2_dwb_controller:/home/unitree/navigation_ws/install/nav2_controller:/home/unitree/navigation_ws/install/dwb_plugins:/home/unitree/navigation_ws/install/dwb_critics:/home/unitree/navigation_ws/install/dwb_core:/home/unitree/navigation_ws/install/nav_2d_utils:/home/unitree/navigation_ws/install/dwb_msgs:/home/unitree/navigation_ws/install/nav_2d_msgs:/home/unitree/navigation_ws/install/nav2_waypoint_follower:/home/unitree/navigation_ws/install/nav2_regulated_pure_pursuit_controller:/home/unitree/navigation_ws/install/nav2_recoveries:/home/unitree/navigation_ws/install/nav2_planner:/home/unitree/navigation_ws/install/nav2_navfn_planner:/home/unitree/navigation_ws/install/costmap_queue:/home/unitree/navigation_ws/install/nav2_bt_navigator:/home/unitree/navigation_ws/install/nav2_behavior_tree:/home/unitree/navigation_ws/install/nav2_amcl:/home/unitree/navigation_ws/install/loam_interface:/home/unitree/navigation_ws/install/fast_lio:/home/unitree/navigation_ws/install/livox_ros_driver2:/home/unitree/navigation_ws/install/linefit_ground_segmentation_ros:/home/unitree/navigation_ws/install/linefit_ground_segmentation:/home/unitree/navigation_ws/install/cmd_vel_processor:/home/unitree/navigation_ws/install/behaviortree_cpp:/home/unitree/cyclonedds_ws/install/rmw_cyclonedds_cpp:/home/unitree/cyclonedds_ws/install/cyclonedds:/opt/ros/foxy LD_LIBRARY_PATH=/home/unitree/navigation_ws/install/nav2_costmap_2d/lib:/home/unitree/navigation_ws/install/nav2_map_server/lib:/home/unitree/navigation_ws/install/nav2_lifecycle_manager/lib:/home/unitree/navigation_ws/install/nav2_util/lib:/home/unitree/navigation_ws/install/nav2_voxel_grid/lib:/home/unitree/navigation_ws/install/nav2_msgs/lib:/home/unitree/navigation_ws/install/smac_planner/lib:/home/unitree/navigation_ws/install/rm_autonomy/lib:/home/unitree/navigation_ws/install/rm_autonomy_interfaces/lib:/home/unitree/navigation_ws/install/pointcloud_to_laserscan/lib:/home/unitree/navigation_ws/install/nav2_controller/lib:/home/unitree/navigation_ws/install/dwb_plugins/lib:/home/unitree/navigation_ws/install/dwb_critics/lib:/home/unitree/navigation_ws/install/dwb_core/lib:/home/unitree/navigation_ws/install/nav_2d_utils/lib:/home/unitree/navigation_ws/install/dwb_msgs/lib:/home/unitree/navigation_ws/install/nav_2d_msgs/lib:/home/unitree/navigation_ws/install/nav2_waypoint_follower/lib:/home/unitree/navigation_ws/install/nav2_regulated_pure_pursuit_controller/lib:/home/unitree/navigation_ws/install/nav2_recoveries/lib:/home/unitree/navigation_ws/install/nav2_planner/lib:/home/unitree/navigation_ws/install/nav2_navfn_planner/lib:/home/unitree/navigation_ws/install/costmap_queue/lib:/home/unitree/navigation_ws/install/nav2_bt_navigator/lib:/home/unitree/navigation_ws/install/nav2_behavior_tree/lib:/home/unitree/navigation_ws/install/nav2_amcl/lib:/home/unitree/navigation_ws/install/loam_interface/lib:/home/unitree/navigation_ws/install/fast_lio/lib:/home/unitree/navigation_ws/install/livox_ros_driver2/lib:/home/unitree/navigation_ws/install/linefit_ground_segmentation/lib:/home/unitree/navigation_ws/install/behaviortree_cpp/lib:/usr/local/cuda-11.4/lib64:/usr/local/lib:/home/unitree/cyclonedds_ws/install/rmw_cyclonedds_cpp/lib:/home/unitree/cyclonedds_ws/install/cyclonedds/lib:/opt/ros/foxy/opt/yaml_cpp_vendor/lib:/opt/ros/foxy/opt/rviz_ogre_vendor/lib:/opt/ros/foxy/lib/aarch64-linux-gnu:/opt/ros/foxy/lib:/usr/local/cuda-11.4/lib64 PYTHONPATH=/home/unitree/navigation_ws/install/nav2_msgs/lib/python3.8/site-packages:/home/unitree/navigation_ws/install/nav2_common/lib/python3.8/site-packages:/home/unitree/navigation_ws/install/rm_autonomy_interfaces/lib/python3.8/site-packages:/home/unitree/navigation_ws/install/dwb_msgs/lib/python3.8/site-packages:/home/unitree/navigation_ws/install/nav_2d_msgs/lib/python3.8/site-packages:/home/unitree/navigation_ws/install/fast_lio/lib/python3.8/site-packages:/home/unitree/navigation_ws/install/livox_ros_driver2/lib/python3.8/site-packages:/opt/ros/foxy/lib/python3.8/site-packages /usr/bin/cmake --build /home/unitree/navigation_ws/build/nav2_planner -- -j8 -l8
[10.462s] DEBUG:colcon.colcon_core.event_handler.log_command:Invoking command in '/home/unitree/navigation_ws/build/smac_planner': CMAKE_PREFIX_PATH=/home/unitree/navigation_ws/install/nav2_core:/home/unitree/navigation_ws/install/nav2_costmap_2d:/home/unitree/navigation_ws/install/nav2_map_server:/home/unitree/navigation_ws/install/nav2_lifecycle_manager:/home/unitree/navigation_ws/install/nav2_util:/home/unitree/navigation_ws/install/nav2_voxel_grid:/home/unitree/navigation_ws/install/nav2_msgs:/home/unitree/navigation_ws/install/nav2_common:/home/unitree/navigation_ws/install/nav2_bringup:/home/unitree/navigation_ws/install/navigation2:/home/unitree/navigation_ws/install/smac_planner:/home/unitree/navigation_ws/install/rm_autonomy:/home/unitree/navigation_ws/install/rm_autonomy_interfaces:/home/unitree/navigation_ws/install/bringup:/home/unitree/navigation_ws/install/pointcloud_to_laserscan:/home/unitree/navigation_ws/install/nav2_dwb_controller:/home/unitree/navigation_ws/install/nav2_controller:/home/unitree/navigation_ws/install/dwb_plugins:/home/unitree/navigation_ws/install/dwb_critics:/home/unitree/navigation_ws/install/dwb_core:/home/unitree/navigation_ws/install/nav_2d_utils:/home/unitree/navigation_ws/install/dwb_msgs:/home/unitree/navigation_ws/install/nav_2d_msgs:/home/unitree/navigation_ws/install/nav2_waypoint_follower:/home/unitree/navigation_ws/install/nav2_regulated_pure_pursuit_controller:/home/unitree/navigation_ws/install/nav2_recoveries:/home/unitree/navigation_ws/install/nav2_planner:/home/unitree/navigation_ws/install/nav2_navfn_planner:/home/unitree/navigation_ws/install/costmap_queue:/home/unitree/navigation_ws/install/nav2_bt_navigator:/home/unitree/navigation_ws/install/nav2_behavior_tree:/home/unitree/navigation_ws/install/nav2_amcl:/home/unitree/navigation_ws/install/loam_interface:/home/unitree/navigation_ws/install/fast_lio:/home/unitree/navigation_ws/install/livox_ros_driver2:/home/unitree/navigation_ws/install/linefit_ground_segmentation_ros:/home/unitree/navigation_ws/install/linefit_ground_segmentation:/home/unitree/navigation_ws/install/cmd_vel_processor:/home/unitree/navigation_ws/install/behaviortree_cpp:/home/unitree/cyclonedds_ws/install/rmw_cyclonedds_cpp:/home/unitree/cyclonedds_ws/install/cyclonedds:/opt/ros/foxy LD_LIBRARY_PATH=/home/unitree/navigation_ws/install/nav2_costmap_2d/lib:/home/unitree/navigation_ws/install/nav2_map_server/lib:/home/unitree/navigation_ws/install/nav2_lifecycle_manager/lib:/home/unitree/navigation_ws/install/nav2_util/lib:/home/unitree/navigation_ws/install/nav2_voxel_grid/lib:/home/unitree/navigation_ws/install/nav2_msgs/lib:/home/unitree/navigation_ws/install/smac_planner/lib:/home/unitree/navigation_ws/install/rm_autonomy/lib:/home/unitree/navigation_ws/install/rm_autonomy_interfaces/lib:/home/unitree/navigation_ws/install/pointcloud_to_laserscan/lib:/home/unitree/navigation_ws/install/nav2_controller/lib:/home/unitree/navigation_ws/install/dwb_plugins/lib:/home/unitree/navigation_ws/install/dwb_critics/lib:/home/unitree/navigation_ws/install/dwb_core/lib:/home/unitree/navigation_ws/install/nav_2d_utils/lib:/home/unitree/navigation_ws/install/dwb_msgs/lib:/home/unitree/navigation_ws/install/nav_2d_msgs/lib:/home/unitree/navigation_ws/install/nav2_waypoint_follower/lib:/home/unitree/navigation_ws/install/nav2_regulated_pure_pursuit_controller/lib:/home/unitree/navigation_ws/install/nav2_recoveries/lib:/home/unitree/navigation_ws/install/nav2_planner/lib:/home/unitree/navigation_ws/install/nav2_navfn_planner/lib:/home/unitree/navigation_ws/install/costmap_queue/lib:/home/unitree/navigation_ws/install/nav2_bt_navigator/lib:/home/unitree/navigation_ws/install/nav2_behavior_tree/lib:/home/unitree/navigation_ws/install/nav2_amcl/lib:/home/unitree/navigation_ws/install/loam_interface/lib:/home/unitree/navigation_ws/install/fast_lio/lib:/home/unitree/navigation_ws/install/livox_ros_driver2/lib:/home/unitree/navigation_ws/install/linefit_ground_segmentation/lib:/home/unitree/navigation_ws/install/behaviortree_cpp/lib:/usr/local/cuda-11.4/lib64:/usr/local/lib:/home/unitree/cyclonedds_ws/install/rmw_cyclonedds_cpp/lib:/home/unitree/cyclonedds_ws/install/cyclonedds/lib:/opt/ros/foxy/opt/yaml_cpp_vendor/lib:/opt/ros/foxy/opt/rviz_ogre_vendor/lib:/opt/ros/foxy/lib/aarch64-linux-gnu:/opt/ros/foxy/lib:/usr/local/cuda-11.4/lib64 PYTHONPATH=/home/unitree/navigation_ws/install/nav2_msgs/lib/python3.8/site-packages:/home/unitree/navigation_ws/install/nav2_common/lib/python3.8/site-packages:/home/unitree/navigation_ws/install/rm_autonomy_interfaces/lib/python3.8/site-packages:/home/unitree/navigation_ws/install/dwb_msgs/lib/python3.8/site-packages:/home/unitree/navigation_ws/install/nav_2d_msgs/lib/python3.8/site-packages:/home/unitree/navigation_ws/install/fast_lio/lib/python3.8/site-packages:/home/unitree/navigation_ws/install/livox_ros_driver2/lib/python3.8/site-packages:/opt/ros/foxy/lib/python3.8/site-packages /usr/bin/cmake --build /home/unitree/navigation_ws/build/smac_planner -- -j8 -l8
[10.482s] DEBUG:colcon.colcon_core.event_handler.log_command:Invoking command in '/home/unitree/navigation_ws/build/dwb_core': CMAKE_PREFIX_PATH=/home/unitree/navigation_ws/install/nav2_core:/home/unitree/navigation_ws/install/nav2_costmap_2d:/home/unitree/navigation_ws/install/nav_2d_utils:/home/unitree/navigation_ws/install/nav2_map_server:/home/unitree/navigation_ws/install/nav2_lifecycle_manager:/home/unitree/navigation_ws/install/nav2_util:/home/unitree/navigation_ws/install/nav2_voxel_grid:/home/unitree/navigation_ws/install/nav2_msgs:/home/unitree/navigation_ws/install/dwb_msgs:/home/unitree/navigation_ws/install/nav_2d_msgs:/home/unitree/navigation_ws/install/nav2_common:/home/unitree/navigation_ws/install/nav2_bringup:/home/unitree/navigation_ws/install/navigation2:/home/unitree/navigation_ws/install/smac_planner:/home/unitree/navigation_ws/install/rm_autonomy:/home/unitree/navigation_ws/install/rm_autonomy_interfaces:/home/unitree/navigation_ws/install/bringup:/home/unitree/navigation_ws/install/pointcloud_to_laserscan:/home/unitree/navigation_ws/install/nav2_dwb_controller:/home/unitree/navigation_ws/install/nav2_controller:/home/unitree/navigation_ws/install/dwb_plugins:/home/unitree/navigation_ws/install/dwb_critics:/home/unitree/navigation_ws/install/dwb_core:/home/unitree/navigation_ws/install/nav2_waypoint_follower:/home/unitree/navigation_ws/install/nav2_regulated_pure_pursuit_controller:/home/unitree/navigation_ws/install/nav2_recoveries:/home/unitree/navigation_ws/install/nav2_planner:/home/unitree/navigation_ws/install/nav2_navfn_planner:/home/unitree/navigation_ws/install/costmap_queue:/home/unitree/navigation_ws/install/nav2_bt_navigator:/home/unitree/navigation_ws/install/nav2_behavior_tree:/home/unitree/navigation_ws/install/nav2_amcl:/home/unitree/navigation_ws/install/loam_interface:/home/unitree/navigation_ws/install/fast_lio:/home/unitree/navigation_ws/install/livox_ros_driver2:/home/unitree/navigation_ws/install/linefit_ground_segmentation_ros:/home/unitree/navigation_ws/install/linefit_ground_segmentation:/home/unitree/navigation_ws/install/cmd_vel_processor:/home/unitree/navigation_ws/install/behaviortree_cpp:/home/unitree/cyclonedds_ws/install/rmw_cyclonedds_cpp:/home/unitree/cyclonedds_ws/install/cyclonedds:/opt/ros/foxy LD_LIBRARY_PATH=/home/unitree/navigation_ws/install/nav2_costmap_2d/lib:/home/unitree/navigation_ws/install/nav_2d_utils/lib:/home/unitree/navigation_ws/install/nav2_map_server/lib:/home/unitree/navigation_ws/install/nav2_lifecycle_manager/lib:/home/unitree/navigation_ws/install/nav2_util/lib:/home/unitree/navigation_ws/install/nav2_voxel_grid/lib:/home/unitree/navigation_ws/install/nav2_msgs/lib:/home/unitree/navigation_ws/install/dwb_msgs/lib:/home/unitree/navigation_ws/install/nav_2d_msgs/lib:/home/unitree/navigation_ws/install/smac_planner/lib:/home/unitree/navigation_ws/install/rm_autonomy/lib:/home/unitree/navigation_ws/install/rm_autonomy_interfaces/lib:/home/unitree/navigation_ws/install/pointcloud_to_laserscan/lib:/home/unitree/navigation_ws/install/nav2_controller/lib:/home/unitree/navigation_ws/install/dwb_plugins/lib:/home/unitree/navigation_ws/install/dwb_critics/lib:/home/unitree/navigation_ws/install/dwb_core/lib:/home/unitree/navigation_ws/install/nav2_waypoint_follower/lib:/home/unitree/navigation_ws/install/nav2_regulated_pure_pursuit_controller/lib:/home/unitree/navigation_ws/install/nav2_recoveries/lib:/home/unitree/navigation_ws/install/nav2_planner/lib:/home/unitree/navigation_ws/install/nav2_navfn_planner/lib:/home/unitree/navigation_ws/install/costmap_queue/lib:/home/unitree/navigation_ws/install/nav2_bt_navigator/lib:/home/unitree/navigation_ws/install/nav2_behavior_tree/lib:/home/unitree/navigation_ws/install/nav2_amcl/lib:/home/unitree/navigation_ws/install/loam_interface/lib:/home/unitree/navigation_ws/install/fast_lio/lib:/home/unitree/navigation_ws/install/livox_ros_driver2/lib:/home/unitree/navigation_ws/install/linefit_ground_segmentation/lib:/home/unitree/navigation_ws/install/behaviortree_cpp/lib:/usr/local/cuda-11.4/lib64:/usr/local/lib:/home/unitree/cyclonedds_ws/install/rmw_cyclonedds_cpp/lib:/home/unitree/cyclonedds_ws/install/cyclonedds/lib:/opt/ros/foxy/opt/yaml_cpp_vendor/lib:/opt/ros/foxy/opt/rviz_ogre_vendor/lib:/opt/ros/foxy/lib/aarch64-linux-gnu:/opt/ros/foxy/lib:/usr/local/cuda-11.4/lib64 PYTHONPATH=/home/unitree/navigation_ws/install/nav2_msgs/lib/python3.8/site-packages:/home/unitree/navigation_ws/install/dwb_msgs/lib/python3.8/site-packages:/home/unitree/navigation_ws/install/nav_2d_msgs/lib/python3.8/site-packages:/home/unitree/navigation_ws/install/nav2_common/lib/python3.8/site-packages:/home/unitree/navigation_ws/install/rm_autonomy_interfaces/lib/python3.8/site-packages:/home/unitree/navigation_ws/install/fast_lio/lib/python3.8/site-packages:/home/unitree/navigation_ws/install/livox_ros_driver2/lib/python3.8/site-packages:/opt/ros/foxy/lib/python3.8/site-packages /usr/bin/cmake --install /home/unitree/navigation_ws/build/dwb_core
[10.494s] DEBUG:colcon.colcon_core.event_handler.log_command:Invoked command in '/home/unitree/navigation_ws/build/nav2_controller' returned '0': CMAKE_PREFIX_PATH=/home/unitree/navigation_ws/install/nav2_core:/home/unitree/navigation_ws/install/nav2_costmap_2d:/home/unitree/navigation_ws/install/nav_2d_utils:/home/unitree/navigation_ws/install/nav2_map_server:/home/unitree/navigation_ws/install/nav2_lifecycle_manager:/home/unitree/navigation_ws/install/nav2_util:/home/unitree/navigation_ws/install/nav2_voxel_grid:/home/unitree/navigation_ws/install/nav2_msgs:/home/unitree/navigation_ws/install/nav_2d_msgs:/home/unitree/navigation_ws/install/nav2_common:/home/unitree/navigation_ws/install/nav2_bringup:/home/unitree/navigation_ws/install/navigation2:/home/unitree/navigation_ws/install/smac_planner:/home/unitree/navigation_ws/install/rm_autonomy:/home/unitree/navigation_ws/install/rm_autonomy_interfaces:/home/unitree/navigation_ws/install/bringup:/home/unitree/navigation_ws/install/pointcloud_to_laserscan:/home/unitree/navigation_ws/install/nav2_dwb_controller:/home/unitree/navigation_ws/install/nav2_controller:/home/unitree/navigation_ws/install/dwb_plugins:/home/unitree/navigation_ws/install/dwb_critics:/home/unitree/navigation_ws/install/dwb_core:/home/unitree/navigation_ws/install/dwb_msgs:/home/unitree/navigation_ws/install/nav2_waypoint_follower:/home/unitree/navigation_ws/install/nav2_regulated_pure_pursuit_controller:/home/unitree/navigation_ws/install/nav2_recoveries:/home/unitree/navigation_ws/install/nav2_planner:/home/unitree/navigation_ws/install/nav2_navfn_planner:/home/unitree/navigation_ws/install/costmap_queue:/home/unitree/navigation_ws/install/nav2_bt_navigator:/home/unitree/navigation_ws/install/nav2_behavior_tree:/home/unitree/navigation_ws/install/nav2_amcl:/home/unitree/navigation_ws/install/loam_interface:/home/unitree/navigation_ws/install/fast_lio:/home/unitree/navigation_ws/install/livox_ros_driver2:/home/unitree/navigation_ws/install/linefit_ground_segmentation_ros:/home/unitree/navigation_ws/install/linefit_ground_segmentation:/home/unitree/navigation_ws/install/cmd_vel_processor:/home/unitree/navigation_ws/install/behaviortree_cpp:/home/unitree/cyclonedds_ws/install/rmw_cyclonedds_cpp:/home/unitree/cyclonedds_ws/install/cyclonedds:/opt/ros/foxy LD_LIBRARY_PATH=/home/unitree/navigation_ws/install/nav2_costmap_2d/lib:/home/unitree/navigation_ws/install/nav_2d_utils/lib:/home/unitree/navigation_ws/install/nav2_map_server/lib:/home/unitree/navigation_ws/install/nav2_lifecycle_manager/lib:/home/unitree/navigation_ws/install/nav2_util/lib:/home/unitree/navigation_ws/install/nav2_voxel_grid/lib:/home/unitree/navigation_ws/install/nav2_msgs/lib:/home/unitree/navigation_ws/install/nav_2d_msgs/lib:/home/unitree/navigation_ws/install/smac_planner/lib:/home/unitree/navigation_ws/install/rm_autonomy/lib:/home/unitree/navigation_ws/install/rm_autonomy_interfaces/lib:/home/unitree/navigation_ws/install/pointcloud_to_laserscan/lib:/home/unitree/navigation_ws/install/nav2_controller/lib:/home/unitree/navigation_ws/install/dwb_plugins/lib:/home/unitree/navigation_ws/install/dwb_critics/lib:/home/unitree/navigation_ws/install/dwb_core/lib:/home/unitree/navigation_ws/install/dwb_msgs/lib:/home/unitree/navigation_ws/install/nav2_waypoint_follower/lib:/home/unitree/navigation_ws/install/nav2_regulated_pure_pursuit_controller/lib:/home/unitree/navigation_ws/install/nav2_recoveries/lib:/home/unitree/navigation_ws/install/nav2_planner/lib:/home/unitree/navigation_ws/install/nav2_navfn_planner/lib:/home/unitree/navigation_ws/install/costmap_queue/lib:/home/unitree/navigation_ws/install/nav2_bt_navigator/lib:/home/unitree/navigation_ws/install/nav2_behavior_tree/lib:/home/unitree/navigation_ws/install/nav2_amcl/lib:/home/unitree/navigation_ws/install/loam_interface/lib:/home/unitree/navigation_ws/install/fast_lio/lib:/home/unitree/navigation_ws/install/livox_ros_driver2/lib:/home/unitree/navigation_ws/install/linefit_ground_segmentation/lib:/home/unitree/navigation_ws/install/behaviortree_cpp/lib:/usr/local/cuda-11.4/lib64:/usr/local/lib:/home/unitree/cyclonedds_ws/install/rmw_cyclonedds_cpp/lib:/home/unitree/cyclonedds_ws/install/cyclonedds/lib:/opt/ros/foxy/opt/yaml_cpp_vendor/lib:/opt/ros/foxy/opt/rviz_ogre_vendor/lib:/opt/ros/foxy/lib/aarch64-linux-gnu:/opt/ros/foxy/lib:/usr/local/cuda-11.4/lib64 PYTHONPATH=/home/unitree/navigation_ws/install/nav2_msgs/lib/python3.8/site-packages:/home/unitree/navigation_ws/install/nav_2d_msgs/lib/python3.8/site-packages:/home/unitree/navigation_ws/install/nav2_common/lib/python3.8/site-packages:/home/unitree/navigation_ws/install/rm_autonomy_interfaces/lib/python3.8/site-packages:/home/unitree/navigation_ws/install/dwb_msgs/lib/python3.8/site-packages:/home/unitree/navigation_ws/install/fast_lio/lib/python3.8/site-packages:/home/unitree/navigation_ws/install/livox_ros_driver2/lib/python3.8/site-packages:/opt/ros/foxy/lib/python3.8/site-packages /usr/bin/cmake --build /home/unitree/navigation_ws/build/nav2_controller -- -j8 -l8
[10.508s] Level 1:colcon.colcon_core.environment:create_environment_scripts_only(nav2_navfn_planner)
[10.510s] DEBUG:colcon.colcon_core.event_handler.log_command:Invoked command in '/home/unitree/navigation_ws/build/nav2_navfn_planner' returned '0': CMAKE_PREFIX_PATH=/home/unitree/navigation_ws/install/nav2_core:/home/unitree/navigation_ws/install/nav2_costmap_2d:/home/unitree/navigation_ws/install/nav2_map_server:/home/unitree/navigation_ws/install/nav2_lifecycle_manager:/home/unitree/navigation_ws/install/nav2_util:/home/unitree/navigation_ws/install/nav2_voxel_grid:/home/unitree/navigation_ws/install/nav2_msgs:/home/unitree/navigation_ws/install/nav2_common:/home/unitree/navigation_ws/install/nav2_bringup:/home/unitree/navigation_ws/install/navigation2:/home/unitree/navigation_ws/install/smac_planner:/home/unitree/navigation_ws/install/rm_autonomy:/home/unitree/navigation_ws/install/rm_autonomy_interfaces:/home/unitree/navigation_ws/install/bringup:/home/unitree/navigation_ws/install/pointcloud_to_laserscan:/home/unitree/navigation_ws/install/nav2_dwb_controller:/home/unitree/navigation_ws/install/nav2_controller:/home/unitree/navigation_ws/install/dwb_plugins:/home/unitree/navigation_ws/install/dwb_critics:/home/unitree/navigation_ws/install/dwb_core:/home/unitree/navigation_ws/install/nav_2d_utils:/home/unitree/navigation_ws/install/dwb_msgs:/home/unitree/navigation_ws/install/nav_2d_msgs:/home/unitree/navigation_ws/install/nav2_waypoint_follower:/home/unitree/navigation_ws/install/nav2_regulated_pure_pursuit_controller:/home/unitree/navigation_ws/install/nav2_recoveries:/home/unitree/navigation_ws/install/nav2_planner:/home/unitree/navigation_ws/install/nav2_navfn_planner:/home/unitree/navigation_ws/install/costmap_queue:/home/unitree/navigation_ws/install/nav2_bt_navigator:/home/unitree/navigation_ws/install/nav2_behavior_tree:/home/unitree/navigation_ws/install/nav2_amcl:/home/unitree/navigation_ws/install/loam_interface:/home/unitree/navigation_ws/install/fast_lio:/home/unitree/navigation_ws/install/livox_ros_driver2:/home/unitree/navigation_ws/install/linefit_ground_segmentation_ros:/home/unitree/navigation_ws/install/linefit_ground_segmentation:/home/unitree/navigation_ws/install/cmd_vel_processor:/home/unitree/navigation_ws/install/behaviortree_cpp:/home/unitree/cyclonedds_ws/install/rmw_cyclonedds_cpp:/home/unitree/cyclonedds_ws/install/cyclonedds:/opt/ros/foxy LD_LIBRARY_PATH=/home/unitree/navigation_ws/install/nav2_costmap_2d/lib:/home/unitree/navigation_ws/install/nav2_map_server/lib:/home/unitree/navigation_ws/install/nav2_lifecycle_manager/lib:/home/unitree/navigation_ws/install/nav2_util/lib:/home/unitree/navigation_ws/install/nav2_voxel_grid/lib:/home/unitree/navigation_ws/install/nav2_msgs/lib:/home/unitree/navigation_ws/install/smac_planner/lib:/home/unitree/navigation_ws/install/rm_autonomy/lib:/home/unitree/navigation_ws/install/rm_autonomy_interfaces/lib:/home/unitree/navigation_ws/install/pointcloud_to_laserscan/lib:/home/unitree/navigation_ws/install/nav2_controller/lib:/home/unitree/navigation_ws/install/dwb_plugins/lib:/home/unitree/navigation_ws/install/dwb_critics/lib:/home/unitree/navigation_ws/install/dwb_core/lib:/home/unitree/navigation_ws/install/nav_2d_utils/lib:/home/unitree/navigation_ws/install/dwb_msgs/lib:/home/unitree/navigation_ws/install/nav_2d_msgs/lib:/home/unitree/navigation_ws/install/nav2_waypoint_follower/lib:/home/unitree/navigation_ws/install/nav2_regulated_pure_pursuit_controller/lib:/home/unitree/navigation_ws/install/nav2_recoveries/lib:/home/unitree/navigation_ws/install/nav2_planner/lib:/home/unitree/navigation_ws/install/nav2_navfn_planner/lib:/home/unitree/navigation_ws/install/costmap_queue/lib:/home/unitree/navigation_ws/install/nav2_bt_navigator/lib:/home/unitree/navigation_ws/install/nav2_behavior_tree/lib:/home/unitree/navigation_ws/install/nav2_amcl/lib:/home/unitree/navigation_ws/install/loam_interface/lib:/home/unitree/navigation_ws/install/fast_lio/lib:/home/unitree/navigation_ws/install/livox_ros_driver2/lib:/home/unitree/navigation_ws/install/linefit_ground_segmentation/lib:/home/unitree/navigation_ws/install/behaviortree_cpp/lib:/usr/local/cuda-11.4/lib64:/usr/local/lib:/home/unitree/cyclonedds_ws/install/rmw_cyclonedds_cpp/lib:/home/unitree/cyclonedds_ws/install/cyclonedds/lib:/opt/ros/foxy/opt/yaml_cpp_vendor/lib:/opt/ros/foxy/opt/rviz_ogre_vendor/lib:/opt/ros/foxy/lib/aarch64-linux-gnu:/opt/ros/foxy/lib:/usr/local/cuda-11.4/lib64 PYTHONPATH=/home/unitree/navigation_ws/install/nav2_msgs/lib/python3.8/site-packages:/home/unitree/navigation_ws/install/nav2_common/lib/python3.8/site-packages:/home/unitree/navigation_ws/install/rm_autonomy_interfaces/lib/python3.8/site-packages:/home/unitree/navigation_ws/install/dwb_msgs/lib/python3.8/site-packages:/home/unitree/navigation_ws/install/nav_2d_msgs/lib/python3.8/site-packages:/home/unitree/navigation_ws/install/fast_lio/lib/python3.8/site-packages:/home/unitree/navigation_ws/install/livox_ros_driver2/lib/python3.8/site-packages:/opt/ros/foxy/lib/python3.8/site-packages /usr/bin/cmake --install /home/unitree/navigation_ws/build/nav2_navfn_planner
[10.511s] Level 1:colcon.colcon_core.environment:checking '/home/unitree/navigation_ws/install/nav2_navfn_planner' for CMake module files
[10.513s] Level 1:colcon.colcon_core.environment:checking '/home/unitree/navigation_ws/install/nav2_navfn_planner' for CMake config files
[10.517s] Level 1:colcon.colcon_core.shell:create_environment_hook('nav2_navfn_planner', 'cmake_prefix_path')
[10.518s] INFO:colcon.colcon_core.shell:Creating environment hook '/home/unitree/navigation_ws/install/nav2_navfn_planner/share/nav2_navfn_planner/hook/cmake_prefix_path.ps1'
[10.523s] INFO:colcon.colcon_core.shell:Creating environment descriptor '/home/unitree/navigation_ws/install/nav2_navfn_planner/share/nav2_navfn_planner/hook/cmake_prefix_path.dsv'
[10.526s] INFO:colcon.colcon_core.shell:Creating environment hook '/home/unitree/navigation_ws/install/nav2_navfn_planner/share/nav2_navfn_planner/hook/cmake_prefix_path.sh'
[10.527s] Level 1:colcon.colcon_core.environment:checking '/home/unitree/navigation_ws/install/nav2_navfn_planner/lib'
[10.528s] Level 1:colcon.colcon_core.shell:create_environment_hook('nav2_navfn_planner', 'ld_library_path_lib')
[10.528s] INFO:colcon.colcon_core.shell:Creating environment hook '/home/unitree/navigation_ws/install/nav2_navfn_planner/share/nav2_navfn_planner/hook/ld_library_path_lib.ps1'
[10.529s] INFO:colcon.colcon_core.shell:Creating environment descriptor '/home/unitree/navigation_ws/install/nav2_navfn_planner/share/nav2_navfn_planner/hook/ld_library_path_lib.dsv'
[10.530s] INFO:colcon.colcon_core.shell:Creating environment hook '/home/unitree/navigation_ws/install/nav2_navfn_planner/share/nav2_navfn_planner/hook/ld_library_path_lib.sh'
[10.530s] Level 1:colcon.colcon_core.environment:checking '/home/unitree/navigation_ws/install/nav2_navfn_planner/bin'
[10.530s] Level 1:colcon.colcon_core.environment:checking '/home/unitree/navigation_ws/install/nav2_navfn_planner/lib/pkgconfig/nav2_navfn_planner.pc'
[10.531s] Level 1:colcon.colcon_core.environment:checking '/home/unitree/navigation_ws/install/nav2_navfn_planner/lib/python3.8/site-packages'
[10.531s] Level 1:colcon.colcon_core.environment:checking '/home/unitree/navigation_ws/install/nav2_navfn_planner/bin'
[10.532s] INFO:colcon.colcon_core.shell:Creating package script '/home/unitree/navigation_ws/install/nav2_navfn_planner/share/nav2_navfn_planner/package.ps1'
[10.533s] INFO:colcon.colcon_core.shell:Creating package descriptor '/home/unitree/navigation_ws/install/nav2_navfn_planner/share/nav2_navfn_planner/package.dsv'
[10.533s] INFO:colcon.colcon_core.shell:Creating package script '/home/unitree/navigation_ws/install/nav2_navfn_planner/share/nav2_navfn_planner/package.sh'
[10.534s] INFO:colcon.colcon_core.shell:Creating package script '/home/unitree/navigation_ws/install/nav2_navfn_planner/share/nav2_navfn_planner/package.bash'
[10.535s] INFO:colcon.colcon_core.shell:Creating package script '/home/unitree/navigation_ws/install/nav2_navfn_planner/share/nav2_navfn_planner/package.zsh'
[10.535s] Level 1:colcon.colcon_core.environment:create_file_with_runtime_dependencies(/home/unitree/navigation_ws/install/nav2_navfn_planner/share/colcon-core/packages/nav2_navfn_planner)
[10.548s] DEBUG:colcon.colcon_core.event_handler.log_command:Invoked command in '/home/unitree/navigation_ws/build/nav2_recoveries' returned '0': CMAKE_PREFIX_PATH=/home/unitree/navigation_ws/install/nav2_core:/home/unitree/navigation_ws/install/nav2_costmap_2d:/home/unitree/navigation_ws/install/nav2_map_server:/home/unitree/navigation_ws/install/nav2_lifecycle_manager:/home/unitree/navigation_ws/install/nav2_behavior_tree:/home/unitree/navigation_ws/install/nav2_util:/home/unitree/navigation_ws/install/nav2_voxel_grid:/home/unitree/navigation_ws/install/nav2_msgs:/home/unitree/navigation_ws/install/nav2_common:/home/unitree/navigation_ws/install/nav2_bringup:/home/unitree/navigation_ws/install/navigation2:/home/unitree/navigation_ws/install/smac_planner:/home/unitree/navigation_ws/install/rm_autonomy:/home/unitree/navigation_ws/install/rm_autonomy_interfaces:/home/unitree/navigation_ws/install/bringup:/home/unitree/navigation_ws/install/pointcloud_to_laserscan:/home/unitree/navigation_ws/install/nav2_dwb_controller:/home/unitree/navigation_ws/install/nav2_controller:/home/unitree/navigation_ws/install/dwb_plugins:/home/unitree/navigation_ws/install/dwb_critics:/home/unitree/navigation_ws/install/dwb_core:/home/unitree/navigation_ws/install/nav_2d_utils:/home/unitree/navigation_ws/install/dwb_msgs:/home/unitree/navigation_ws/install/nav_2d_msgs:/home/unitree/navigation_ws/install/nav2_waypoint_follower:/home/unitree/navigation_ws/install/nav2_regulated_pure_pursuit_controller:/home/unitree/navigation_ws/install/nav2_recoveries:/home/unitree/navigation_ws/install/nav2_planner:/home/unitree/navigation_ws/install/nav2_navfn_planner:/home/unitree/navigation_ws/install/costmap_queue:/home/unitree/navigation_ws/install/nav2_bt_navigator:/home/unitree/navigation_ws/install/nav2_amcl:/home/unitree/navigation_ws/install/loam_interface:/home/unitree/navigation_ws/install/fast_lio:/home/unitree/navigation_ws/install/livox_ros_driver2:/home/unitree/navigation_ws/install/linefit_ground_segmentation_ros:/home/unitree/navigation_ws/install/linefit_ground_segmentation:/home/unitree/navigation_ws/install/cmd_vel_processor:/home/unitree/navigation_ws/install/behaviortree_cpp:/home/unitree/cyclonedds_ws/install/rmw_cyclonedds_cpp:/home/unitree/cyclonedds_ws/install/cyclonedds:/opt/ros/foxy LD_LIBRARY_PATH=/home/unitree/navigation_ws/install/nav2_costmap_2d/lib:/home/unitree/navigation_ws/install/nav2_map_server/lib:/home/unitree/navigation_ws/install/nav2_lifecycle_manager/lib:/home/unitree/navigation_ws/install/nav2_behavior_tree/lib:/home/unitree/navigation_ws/install/nav2_util/lib:/home/unitree/navigation_ws/install/nav2_voxel_grid/lib:/home/unitree/navigation_ws/install/nav2_msgs/lib:/home/unitree/navigation_ws/install/smac_planner/lib:/home/unitree/navigation_ws/install/rm_autonomy/lib:/home/unitree/navigation_ws/install/rm_autonomy_interfaces/lib:/home/unitree/navigation_ws/install/pointcloud_to_laserscan/lib:/home/unitree/navigation_ws/install/nav2_controller/lib:/home/unitree/navigation_ws/install/dwb_plugins/lib:/home/unitree/navigation_ws/install/dwb_critics/lib:/home/unitree/navigation_ws/install/dwb_core/lib:/home/unitree/navigation_ws/install/nav_2d_utils/lib:/home/unitree/navigation_ws/install/dwb_msgs/lib:/home/unitree/navigation_ws/install/nav_2d_msgs/lib:/home/unitree/navigation_ws/install/nav2_waypoint_follower/lib:/home/unitree/navigation_ws/install/nav2_regulated_pure_pursuit_controller/lib:/home/unitree/navigation_ws/install/nav2_recoveries/lib:/home/unitree/navigation_ws/install/nav2_planner/lib:/home/unitree/navigation_ws/install/nav2_navfn_planner/lib:/home/unitree/navigation_ws/install/costmap_queue/lib:/home/unitree/navigation_ws/install/nav2_bt_navigator/lib:/home/unitree/navigation_ws/install/nav2_amcl/lib:/home/unitree/navigation_ws/install/loam_interface/lib:/home/unitree/navigation_ws/install/fast_lio/lib:/home/unitree/navigation_ws/install/livox_ros_driver2/lib:/home/unitree/navigation_ws/install/linefit_ground_segmentation/lib:/home/unitree/navigation_ws/install/behaviortree_cpp/lib:/usr/local/cuda-11.4/lib64:/usr/local/lib:/home/unitree/cyclonedds_ws/install/rmw_cyclonedds_cpp/lib:/home/unitree/cyclonedds_ws/install/cyclonedds/lib:/opt/ros/foxy/opt/yaml_cpp_vendor/lib:/opt/ros/foxy/opt/rviz_ogre_vendor/lib:/opt/ros/foxy/lib/aarch64-linux-gnu:/opt/ros/foxy/lib:/usr/local/cuda-11.4/lib64 PYTHONPATH=/home/unitree/navigation_ws/install/nav2_msgs/lib/python3.8/site-packages:/home/unitree/navigation_ws/install/nav2_common/lib/python3.8/site-packages:/home/unitree/navigation_ws/install/rm_autonomy_interfaces/lib/python3.8/site-packages:/home/unitree/navigation_ws/install/dwb_msgs/lib/python3.8/site-packages:/home/unitree/navigation_ws/install/nav_2d_msgs/lib/python3.8/site-packages:/home/unitree/navigation_ws/install/fast_lio/lib/python3.8/site-packages:/home/unitree/navigation_ws/install/livox_ros_driver2/lib/python3.8/site-packages:/opt/ros/foxy/lib/python3.8/site-packages /usr/bin/cmake --build /home/unitree/navigation_ws/build/nav2_recoveries -- -j8 -l8
[10.563s] DEBUG:colcon.colcon_core.event_handler.log_command:Invoked command in '/home/unitree/navigation_ws/build/nav2_regulated_pure_pursuit_controller' returned '0': CMAKE_PREFIX_PATH=/home/unitree/navigation_ws/install/nav2_core:/home/unitree/navigation_ws/install/nav2_costmap_2d:/home/unitree/navigation_ws/install/nav2_map_server:/home/unitree/navigation_ws/install/nav2_lifecycle_manager:/home/unitree/navigation_ws/install/nav2_util:/home/unitree/navigation_ws/install/nav2_voxel_grid:/home/unitree/navigation_ws/install/nav2_msgs:/home/unitree/navigation_ws/install/nav2_common:/home/unitree/navigation_ws/install/nav2_bringup:/home/unitree/navigation_ws/install/navigation2:/home/unitree/navigation_ws/install/smac_planner:/home/unitree/navigation_ws/install/rm_autonomy:/home/unitree/navigation_ws/install/rm_autonomy_interfaces:/home/unitree/navigation_ws/install/bringup:/home/unitree/navigation_ws/install/pointcloud_to_laserscan:/home/unitree/navigation_ws/install/nav2_dwb_controller:/home/unitree/navigation_ws/install/nav2_controller:/home/unitree/navigation_ws/install/dwb_plugins:/home/unitree/navigation_ws/install/dwb_critics:/home/unitree/navigation_ws/install/dwb_core:/home/unitree/navigation_ws/install/nav_2d_utils:/home/unitree/navigation_ws/install/dwb_msgs:/home/unitree/navigation_ws/install/nav_2d_msgs:/home/unitree/navigation_ws/install/nav2_waypoint_follower:/home/unitree/navigation_ws/install/nav2_regulated_pure_pursuit_controller:/home/unitree/navigation_ws/install/nav2_recoveries:/home/unitree/navigation_ws/install/nav2_planner:/home/unitree/navigation_ws/install/nav2_navfn_planner:/home/unitree/navigation_ws/install/costmap_queue:/home/unitree/navigation_ws/install/nav2_bt_navigator:/home/unitree/navigation_ws/install/nav2_behavior_tree:/home/unitree/navigation_ws/install/nav2_amcl:/home/unitree/navigation_ws/install/loam_interface:/home/unitree/navigation_ws/install/fast_lio:/home/unitree/navigation_ws/install/livox_ros_driver2:/home/unitree/navigation_ws/install/linefit_ground_segmentation_ros:/home/unitree/navigation_ws/install/linefit_ground_segmentation:/home/unitree/navigation_ws/install/cmd_vel_processor:/home/unitree/navigation_ws/install/behaviortree_cpp:/home/unitree/cyclonedds_ws/install/rmw_cyclonedds_cpp:/home/unitree/cyclonedds_ws/install/cyclonedds:/opt/ros/foxy LD_LIBRARY_PATH=/home/unitree/navigation_ws/install/nav2_costmap_2d/lib:/home/unitree/navigation_ws/install/nav2_map_server/lib:/home/unitree/navigation_ws/install/nav2_lifecycle_manager/lib:/home/unitree/navigation_ws/install/nav2_util/lib:/home/unitree/navigation_ws/install/nav2_voxel_grid/lib:/home/unitree/navigation_ws/install/nav2_msgs/lib:/home/unitree/navigation_ws/install/smac_planner/lib:/home/unitree/navigation_ws/install/rm_autonomy/lib:/home/unitree/navigation_ws/install/rm_autonomy_interfaces/lib:/home/unitree/navigation_ws/install/pointcloud_to_laserscan/lib:/home/unitree/navigation_ws/install/nav2_controller/lib:/home/unitree/navigation_ws/install/dwb_plugins/lib:/home/unitree/navigation_ws/install/dwb_critics/lib:/home/unitree/navigation_ws/install/dwb_core/lib:/home/unitree/navigation_ws/install/nav_2d_utils/lib:/home/unitree/navigation_ws/install/dwb_msgs/lib:/home/unitree/navigation_ws/install/nav_2d_msgs/lib:/home/unitree/navigation_ws/install/nav2_waypoint_follower/lib:/home/unitree/navigation_ws/install/nav2_regulated_pure_pursuit_controller/lib:/home/unitree/navigation_ws/install/nav2_recoveries/lib:/home/unitree/navigation_ws/install/nav2_planner/lib:/home/unitree/navigation_ws/install/nav2_navfn_planner/lib:/home/unitree/navigation_ws/install/costmap_queue/lib:/home/unitree/navigation_ws/install/nav2_bt_navigator/lib:/home/unitree/navigation_ws/install/nav2_behavior_tree/lib:/home/unitree/navigation_ws/install/nav2_amcl/lib:/home/unitree/navigation_ws/install/loam_interface/lib:/home/unitree/navigation_ws/install/fast_lio/lib:/home/unitree/navigation_ws/install/livox_ros_driver2/lib:/home/unitree/navigation_ws/install/linefit_ground_segmentation/lib:/home/unitree/navigation_ws/install/behaviortree_cpp/lib:/usr/local/cuda-11.4/lib64:/usr/local/lib:/home/unitree/cyclonedds_ws/install/rmw_cyclonedds_cpp/lib:/home/unitree/cyclonedds_ws/install/cyclonedds/lib:/opt/ros/foxy/opt/yaml_cpp_vendor/lib:/opt/ros/foxy/opt/rviz_ogre_vendor/lib:/opt/ros/foxy/lib/aarch64-linux-gnu:/opt/ros/foxy/lib:/usr/local/cuda-11.4/lib64 PYTHONPATH=/home/unitree/navigation_ws/install/nav2_msgs/lib/python3.8/site-packages:/home/unitree/navigation_ws/install/nav2_common/lib/python3.8/site-packages:/home/unitree/navigation_ws/install/rm_autonomy_interfaces/lib/python3.8/site-packages:/home/unitree/navigation_ws/install/dwb_msgs/lib/python3.8/site-packages:/home/unitree/navigation_ws/install/nav_2d_msgs/lib/python3.8/site-packages:/home/unitree/navigation_ws/install/fast_lio/lib/python3.8/site-packages:/home/unitree/navigation_ws/install/livox_ros_driver2/lib/python3.8/site-packages:/opt/ros/foxy/lib/python3.8/site-packages /usr/bin/cmake --build /home/unitree/navigation_ws/build/nav2_regulated_pure_pursuit_controller -- -j8 -l8
[10.584s] DEBUG:colcon.colcon_core.event_handler.log_command:Invoking command in '/home/unitree/navigation_ws/build/nav2_planner': CMAKE_PREFIX_PATH=/home/unitree/navigation_ws/install/nav2_core:/home/unitree/navigation_ws/install/nav2_costmap_2d:/home/unitree/navigation_ws/install/nav2_map_server:/home/unitree/navigation_ws/install/nav2_lifecycle_manager:/home/unitree/navigation_ws/install/nav2_util:/home/unitree/navigation_ws/install/nav2_voxel_grid:/home/unitree/navigation_ws/install/nav2_msgs:/home/unitree/navigation_ws/install/nav2_common:/home/unitree/navigation_ws/install/nav2_bringup:/home/unitree/navigation_ws/install/navigation2:/home/unitree/navigation_ws/install/smac_planner:/home/unitree/navigation_ws/install/rm_autonomy:/home/unitree/navigation_ws/install/rm_autonomy_interfaces:/home/unitree/navigation_ws/install/bringup:/home/unitree/navigation_ws/install/pointcloud_to_laserscan:/home/unitree/navigation_ws/install/nav2_dwb_controller:/home/unitree/navigation_ws/install/nav2_controller:/home/unitree/navigation_ws/install/dwb_plugins:/home/unitree/navigation_ws/install/dwb_critics:/home/unitree/navigation_ws/install/dwb_core:/home/unitree/navigation_ws/install/nav_2d_utils:/home/unitree/navigation_ws/install/dwb_msgs:/home/unitree/navigation_ws/install/nav_2d_msgs:/home/unitree/navigation_ws/install/nav2_waypoint_follower:/home/unitree/navigation_ws/install/nav2_regulated_pure_pursuit_controller:/home/unitree/navigation_ws/install/nav2_recoveries:/home/unitree/navigation_ws/install/nav2_planner:/home/unitree/navigation_ws/install/nav2_navfn_planner:/home/unitree/navigation_ws/install/costmap_queue:/home/unitree/navigation_ws/install/nav2_bt_navigator:/home/unitree/navigation_ws/install/nav2_behavior_tree:/home/unitree/navigation_ws/install/nav2_amcl:/home/unitree/navigation_ws/install/loam_interface:/home/unitree/navigation_ws/install/fast_lio:/home/unitree/navigation_ws/install/livox_ros_driver2:/home/unitree/navigation_ws/install/linefit_ground_segmentation_ros:/home/unitree/navigation_ws/install/linefit_ground_segmentation:/home/unitree/navigation_ws/install/cmd_vel_processor:/home/unitree/navigation_ws/install/behaviortree_cpp:/home/unitree/cyclonedds_ws/install/rmw_cyclonedds_cpp:/home/unitree/cyclonedds_ws/install/cyclonedds:/opt/ros/foxy LD_LIBRARY_PATH=/home/unitree/navigation_ws/install/nav2_costmap_2d/lib:/home/unitree/navigation_ws/install/nav2_map_server/lib:/home/unitree/navigation_ws/install/nav2_lifecycle_manager/lib:/home/unitree/navigation_ws/install/nav2_util/lib:/home/unitree/navigation_ws/install/nav2_voxel_grid/lib:/home/unitree/navigation_ws/install/nav2_msgs/lib:/home/unitree/navigation_ws/install/smac_planner/lib:/home/unitree/navigation_ws/install/rm_autonomy/lib:/home/unitree/navigation_ws/install/rm_autonomy_interfaces/lib:/home/unitree/navigation_ws/install/pointcloud_to_laserscan/lib:/home/unitree/navigation_ws/install/nav2_controller/lib:/home/unitree/navigation_ws/install/dwb_plugins/lib:/home/unitree/navigation_ws/install/dwb_critics/lib:/home/unitree/navigation_ws/install/dwb_core/lib:/home/unitree/navigation_ws/install/nav_2d_utils/lib:/home/unitree/navigation_ws/install/dwb_msgs/lib:/home/unitree/navigation_ws/install/nav_2d_msgs/lib:/home/unitree/navigation_ws/install/nav2_waypoint_follower/lib:/home/unitree/navigation_ws/install/nav2_regulated_pure_pursuit_controller/lib:/home/unitree/navigation_ws/install/nav2_recoveries/lib:/home/unitree/navigation_ws/install/nav2_planner/lib:/home/unitree/navigation_ws/install/nav2_navfn_planner/lib:/home/unitree/navigation_ws/install/costmap_queue/lib:/home/unitree/navigation_ws/install/nav2_bt_navigator/lib:/home/unitree/navigation_ws/install/nav2_behavior_tree/lib:/home/unitree/navigation_ws/install/nav2_amcl/lib:/home/unitree/navigation_ws/install/loam_interface/lib:/home/unitree/navigation_ws/install/fast_lio/lib:/home/unitree/navigation_ws/install/livox_ros_driver2/lib:/home/unitree/navigation_ws/install/linefit_ground_segmentation/lib:/home/unitree/navigation_ws/install/behaviortree_cpp/lib:/usr/local/cuda-11.4/lib64:/usr/local/lib:/home/unitree/cyclonedds_ws/install/rmw_cyclonedds_cpp/lib:/home/unitree/cyclonedds_ws/install/cyclonedds/lib:/opt/ros/foxy/opt/yaml_cpp_vendor/lib:/opt/ros/foxy/opt/rviz_ogre_vendor/lib:/opt/ros/foxy/lib/aarch64-linux-gnu:/opt/ros/foxy/lib:/usr/local/cuda-11.4/lib64 PYTHONPATH=/home/unitree/navigation_ws/install/nav2_msgs/lib/python3.8/site-packages:/home/unitree/navigation_ws/install/nav2_common/lib/python3.8/site-packages:/home/unitree/navigation_ws/install/rm_autonomy_interfaces/lib/python3.8/site-packages:/home/unitree/navigation_ws/install/dwb_msgs/lib/python3.8/site-packages:/home/unitree/navigation_ws/install/nav_2d_msgs/lib/python3.8/site-packages:/home/unitree/navigation_ws/install/fast_lio/lib/python3.8/site-packages:/home/unitree/navigation_ws/install/livox_ros_driver2/lib/python3.8/site-packages:/opt/ros/foxy/lib/python3.8/site-packages /usr/bin/cmake --install /home/unitree/navigation_ws/build/nav2_planner
[10.607s] Level 1:colcon.colcon_core.environment:create_environment_scripts_only(dwb_core)
[10.610s] Level 1:colcon.colcon_core.environment:checking '/home/unitree/navigation_ws/install/dwb_core' for CMake module files
[10.611s] Level 1:colcon.colcon_core.environment:checking '/home/unitree/navigation_ws/install/dwb_core' for CMake config files
[10.612s] Level 1:colcon.colcon_core.shell:create_environment_hook('dwb_core', 'cmake_prefix_path')
[10.613s] INFO:colcon.colcon_core.shell:Creating environment hook '/home/unitree/navigation_ws/install/dwb_core/share/dwb_core/hook/cmake_prefix_path.ps1'
[10.614s] INFO:colcon.colcon_core.shell:Creating environment descriptor '/home/unitree/navigation_ws/install/dwb_core/share/dwb_core/hook/cmake_prefix_path.dsv'
[10.615s] INFO:colcon.colcon_core.shell:Creating environment hook '/home/unitree/navigation_ws/install/dwb_core/share/dwb_core/hook/cmake_prefix_path.sh'
[10.616s] Level 1:colcon.colcon_core.environment:checking '/home/unitree/navigation_ws/install/dwb_core/lib'
[10.617s] DEBUG:colcon.colcon_core.event_handler.log_command:Invoked command in '/home/unitree/navigation_ws/build/dwb_core' returned '0': CMAKE_PREFIX_PATH=/home/unitree/navigation_ws/install/nav2_core:/home/unitree/navigation_ws/install/nav2_costmap_2d:/home/unitree/navigation_ws/install/nav_2d_utils:/home/unitree/navigation_ws/install/nav2_map_server:/home/unitree/navigation_ws/install/nav2_lifecycle_manager:/home/unitree/navigation_ws/install/nav2_util:/home/unitree/navigation_ws/install/nav2_voxel_grid:/home/unitree/navigation_ws/install/nav2_msgs:/home/unitree/navigation_ws/install/dwb_msgs:/home/unitree/navigation_ws/install/nav_2d_msgs:/home/unitree/navigation_ws/install/nav2_common:/home/unitree/navigation_ws/install/nav2_bringup:/home/unitree/navigation_ws/install/navigation2:/home/unitree/navigation_ws/install/smac_planner:/home/unitree/navigation_ws/install/rm_autonomy:/home/unitree/navigation_ws/install/rm_autonomy_interfaces:/home/unitree/navigation_ws/install/bringup:/home/unitree/navigation_ws/install/pointcloud_to_laserscan:/home/unitree/navigation_ws/install/nav2_dwb_controller:/home/unitree/navigation_ws/install/nav2_controller:/home/unitree/navigation_ws/install/dwb_plugins:/home/unitree/navigation_ws/install/dwb_critics:/home/unitree/navigation_ws/install/dwb_core:/home/unitree/navigation_ws/install/nav2_waypoint_follower:/home/unitree/navigation_ws/install/nav2_regulated_pure_pursuit_controller:/home/unitree/navigation_ws/install/nav2_recoveries:/home/unitree/navigation_ws/install/nav2_planner:/home/unitree/navigation_ws/install/nav2_navfn_planner:/home/unitree/navigation_ws/install/costmap_queue:/home/unitree/navigation_ws/install/nav2_bt_navigator:/home/unitree/navigation_ws/install/nav2_behavior_tree:/home/unitree/navigation_ws/install/nav2_amcl:/home/unitree/navigation_ws/install/loam_interface:/home/unitree/navigation_ws/install/fast_lio:/home/unitree/navigation_ws/install/livox_ros_driver2:/home/unitree/navigation_ws/install/linefit_ground_segmentation_ros:/home/unitree/navigation_ws/install/linefit_ground_segmentation:/home/unitree/navigation_ws/install/cmd_vel_processor:/home/unitree/navigation_ws/install/behaviortree_cpp:/home/unitree/cyclonedds_ws/install/rmw_cyclonedds_cpp:/home/unitree/cyclonedds_ws/install/cyclonedds:/opt/ros/foxy LD_LIBRARY_PATH=/home/unitree/navigation_ws/install/nav2_costmap_2d/lib:/home/unitree/navigation_ws/install/nav_2d_utils/lib:/home/unitree/navigation_ws/install/nav2_map_server/lib:/home/unitree/navigation_ws/install/nav2_lifecycle_manager/lib:/home/unitree/navigation_ws/install/nav2_util/lib:/home/unitree/navigation_ws/install/nav2_voxel_grid/lib:/home/unitree/navigation_ws/install/nav2_msgs/lib:/home/unitree/navigation_ws/install/dwb_msgs/lib:/home/unitree/navigation_ws/install/nav_2d_msgs/lib:/home/unitree/navigation_ws/install/smac_planner/lib:/home/unitree/navigation_ws/install/rm_autonomy/lib:/home/unitree/navigation_ws/install/rm_autonomy_interfaces/lib:/home/unitree/navigation_ws/install/pointcloud_to_laserscan/lib:/home/unitree/navigation_ws/install/nav2_controller/lib:/home/unitree/navigation_ws/install/dwb_plugins/lib:/home/unitree/navigation_ws/install/dwb_critics/lib:/home/unitree/navigation_ws/install/dwb_core/lib:/home/unitree/navigation_ws/install/nav2_waypoint_follower/lib:/home/unitree/navigation_ws/install/nav2_regulated_pure_pursuit_controller/lib:/home/unitree/navigation_ws/install/nav2_recoveries/lib:/home/unitree/navigation_ws/install/nav2_planner/lib:/home/unitree/navigation_ws/install/nav2_navfn_planner/lib:/home/unitree/navigation_ws/install/costmap_queue/lib:/home/unitree/navigation_ws/install/nav2_bt_navigator/lib:/home/unitree/navigation_ws/install/nav2_behavior_tree/lib:/home/unitree/navigation_ws/install/nav2_amcl/lib:/home/unitree/navigation_ws/install/loam_interface/lib:/home/unitree/navigation_ws/install/fast_lio/lib:/home/unitree/navigation_ws/install/livox_ros_driver2/lib:/home/unitree/navigation_ws/install/linefit_ground_segmentation/lib:/home/unitree/navigation_ws/install/behaviortree_cpp/lib:/usr/local/cuda-11.4/lib64:/usr/local/lib:/home/unitree/cyclonedds_ws/install/rmw_cyclonedds_cpp/lib:/home/unitree/cyclonedds_ws/install/cyclonedds/lib:/opt/ros/foxy/opt/yaml_cpp_vendor/lib:/opt/ros/foxy/opt/rviz_ogre_vendor/lib:/opt/ros/foxy/lib/aarch64-linux-gnu:/opt/ros/foxy/lib:/usr/local/cuda-11.4/lib64 PYTHONPATH=/home/unitree/navigation_ws/install/nav2_msgs/lib/python3.8/site-packages:/home/unitree/navigation_ws/install/dwb_msgs/lib/python3.8/site-packages:/home/unitree/navigation_ws/install/nav_2d_msgs/lib/python3.8/site-packages:/home/unitree/navigation_ws/install/nav2_common/lib/python3.8/site-packages:/home/unitree/navigation_ws/install/rm_autonomy_interfaces/lib/python3.8/site-packages:/home/unitree/navigation_ws/install/fast_lio/lib/python3.8/site-packages:/home/unitree/navigation_ws/install/livox_ros_driver2/lib/python3.8/site-packages:/opt/ros/foxy/lib/python3.8/site-packages /usr/bin/cmake --install /home/unitree/navigation_ws/build/dwb_core
[10.618s] Level 1:colcon.colcon_core.shell:create_environment_hook('dwb_core', 'ld_library_path_lib')
[10.618s] INFO:colcon.colcon_core.shell:Creating environment hook '/home/unitree/navigation_ws/install/dwb_core/share/dwb_core/hook/ld_library_path_lib.ps1'
[10.619s] INFO:colcon.colcon_core.shell:Creating environment descriptor '/home/unitree/navigation_ws/install/dwb_core/share/dwb_core/hook/ld_library_path_lib.dsv'
[10.620s] INFO:colcon.colcon_core.shell:Creating environment hook '/home/unitree/navigation_ws/install/dwb_core/share/dwb_core/hook/ld_library_path_lib.sh'
[10.621s] Level 1:colcon.colcon_core.environment:checking '/home/unitree/navigation_ws/install/dwb_core/bin'
[10.621s] Level 1:colcon.colcon_core.environment:checking '/home/unitree/navigation_ws/install/dwb_core/lib/pkgconfig/dwb_core.pc'
[10.622s] Level 1:colcon.colcon_core.environment:checking '/home/unitree/navigation_ws/install/dwb_core/lib/python3.8/site-packages'
[10.622s] Level 1:colcon.colcon_core.environment:checking '/home/unitree/navigation_ws/install/dwb_core/bin'
[10.623s] INFO:colcon.colcon_core.shell:Creating package script '/home/unitree/navigation_ws/install/dwb_core/share/dwb_core/package.ps1'
[10.624s] INFO:colcon.colcon_core.shell:Creating package descriptor '/home/unitree/navigation_ws/install/dwb_core/share/dwb_core/package.dsv'
[10.625s] INFO:colcon.colcon_core.shell:Creating package script '/home/unitree/navigation_ws/install/dwb_core/share/dwb_core/package.sh'
[10.626s] INFO:colcon.colcon_core.shell:Creating package script '/home/unitree/navigation_ws/install/dwb_core/share/dwb_core/package.bash'
[10.630s] INFO:colcon.colcon_core.shell:Creating package script '/home/unitree/navigation_ws/install/dwb_core/share/dwb_core/package.zsh'
[10.638s] Level 1:colcon.colcon_core.environment:create_file_with_runtime_dependencies(/home/unitree/navigation_ws/install/dwb_core/share/colcon-core/packages/dwb_core)
[10.668s] Level 1:colcon.colcon_core.environment:create_environment_scripts_only(nav2_navfn_planner)
[10.670s] Level 1:colcon.colcon_core.environment:checking '/home/unitree/navigation_ws/install/nav2_navfn_planner' for CMake module files
[10.671s] Level 1:colcon.colcon_core.environment:checking '/home/unitree/navigation_ws/install/nav2_navfn_planner' for CMake config files
[10.673s] Level 1:colcon.colcon_core.shell:create_environment_hook('nav2_navfn_planner', 'cmake_prefix_path')
[10.674s] INFO:colcon.colcon_core.shell:Creating environment hook '/home/unitree/navigation_ws/install/nav2_navfn_planner/share/nav2_navfn_planner/hook/cmake_prefix_path.ps1'
[10.680s] INFO:colcon.colcon_core.shell:Creating environment descriptor '/home/unitree/navigation_ws/install/nav2_navfn_planner/share/nav2_navfn_planner/hook/cmake_prefix_path.dsv'
[10.682s] INFO:colcon.colcon_core.shell:Creating environment hook '/home/unitree/navigation_ws/install/nav2_navfn_planner/share/nav2_navfn_planner/hook/cmake_prefix_path.sh'
[10.684s] Level 1:colcon.colcon_core.environment:checking '/home/unitree/navigation_ws/install/nav2_navfn_planner/lib'
[10.686s] Level 1:colcon.colcon_core.shell:create_environment_hook('nav2_navfn_planner', 'ld_library_path_lib')
[10.687s] INFO:colcon.colcon_core.shell:Creating environment hook '/home/unitree/navigation_ws/install/nav2_navfn_planner/share/nav2_navfn_planner/hook/ld_library_path_lib.ps1'
[10.691s] INFO:colcon.colcon_core.shell:Creating environment descriptor '/home/unitree/navigation_ws/install/nav2_navfn_planner/share/nav2_navfn_planner/hook/ld_library_path_lib.dsv'
[10.693s] INFO:colcon.colcon_core.shell:Creating environment hook '/home/unitree/navigation_ws/install/nav2_navfn_planner/share/nav2_navfn_planner/hook/ld_library_path_lib.sh'
[10.694s] Level 1:colcon.colcon_core.environment:checking '/home/unitree/navigation_ws/install/nav2_navfn_planner/bin'
[10.694s] Level 1:colcon.colcon_core.environment:checking '/home/unitree/navigation_ws/install/nav2_navfn_planner/lib/pkgconfig/nav2_navfn_planner.pc'
[10.694s] Level 1:colcon.colcon_core.environment:checking '/home/unitree/navigation_ws/install/nav2_navfn_planner/lib/python3.8/site-packages'
[10.695s] Level 1:colcon.colcon_core.environment:checking '/home/unitree/navigation_ws/install/nav2_navfn_planner/bin'
[10.696s] INFO:colcon.colcon_core.shell:Creating package script '/home/unitree/navigation_ws/install/nav2_navfn_planner/share/nav2_navfn_planner/package.ps1'
[10.697s] INFO:colcon.colcon_core.shell:Creating package descriptor '/home/unitree/navigation_ws/install/nav2_navfn_planner/share/nav2_navfn_planner/package.dsv'
[10.698s] INFO:colcon.colcon_core.shell:Creating package script '/home/unitree/navigation_ws/install/nav2_navfn_planner/share/nav2_navfn_planner/package.sh'
[10.699s] INFO:colcon.colcon_core.shell:Creating package script '/home/unitree/navigation_ws/install/nav2_navfn_planner/share/nav2_navfn_planner/package.bash'
[10.701s] INFO:colcon.colcon_core.shell:Creating package script '/home/unitree/navigation_ws/install/nav2_navfn_planner/share/nav2_navfn_planner/package.zsh'
[10.702s] Level 1:colcon.colcon_core.environment:create_file_with_runtime_dependencies(/home/unitree/navigation_ws/install/nav2_navfn_planner/share/colcon-core/packages/nav2_navfn_planner)
[10.708s] DEBUG:colcon.colcon_core.event_handler.log_command:Invoking command in '/home/unitree/navigation_ws/build/nav2_controller': CMAKE_PREFIX_PATH=/home/unitree/navigation_ws/install/nav2_core:/home/unitree/navigation_ws/install/nav2_costmap_2d:/home/unitree/navigation_ws/install/nav_2d_utils:/home/unitree/navigation_ws/install/nav2_map_server:/home/unitree/navigation_ws/install/nav2_lifecycle_manager:/home/unitree/navigation_ws/install/nav2_util:/home/unitree/navigation_ws/install/nav2_voxel_grid:/home/unitree/navigation_ws/install/nav2_msgs:/home/unitree/navigation_ws/install/nav_2d_msgs:/home/unitree/navigation_ws/install/nav2_common:/home/unitree/navigation_ws/install/nav2_bringup:/home/unitree/navigation_ws/install/navigation2:/home/unitree/navigation_ws/install/smac_planner:/home/unitree/navigation_ws/install/rm_autonomy:/home/unitree/navigation_ws/install/rm_autonomy_interfaces:/home/unitree/navigation_ws/install/bringup:/home/unitree/navigation_ws/install/pointcloud_to_laserscan:/home/unitree/navigation_ws/install/nav2_dwb_controller:/home/unitree/navigation_ws/install/nav2_controller:/home/unitree/navigation_ws/install/dwb_plugins:/home/unitree/navigation_ws/install/dwb_critics:/home/unitree/navigation_ws/install/dwb_core:/home/unitree/navigation_ws/install/dwb_msgs:/home/unitree/navigation_ws/install/nav2_waypoint_follower:/home/unitree/navigation_ws/install/nav2_regulated_pure_pursuit_controller:/home/unitree/navigation_ws/install/nav2_recoveries:/home/unitree/navigation_ws/install/nav2_planner:/home/unitree/navigation_ws/install/nav2_navfn_planner:/home/unitree/navigation_ws/install/costmap_queue:/home/unitree/navigation_ws/install/nav2_bt_navigator:/home/unitree/navigation_ws/install/nav2_behavior_tree:/home/unitree/navigation_ws/install/nav2_amcl:/home/unitree/navigation_ws/install/loam_interface:/home/unitree/navigation_ws/install/fast_lio:/home/unitree/navigation_ws/install/livox_ros_driver2:/home/unitree/navigation_ws/install/linefit_ground_segmentation_ros:/home/unitree/navigation_ws/install/linefit_ground_segmentation:/home/unitree/navigation_ws/install/cmd_vel_processor:/home/unitree/navigation_ws/install/behaviortree_cpp:/home/unitree/cyclonedds_ws/install/rmw_cyclonedds_cpp:/home/unitree/cyclonedds_ws/install/cyclonedds:/opt/ros/foxy LD_LIBRARY_PATH=/home/unitree/navigation_ws/install/nav2_costmap_2d/lib:/home/unitree/navigation_ws/install/nav_2d_utils/lib:/home/unitree/navigation_ws/install/nav2_map_server/lib:/home/unitree/navigation_ws/install/nav2_lifecycle_manager/lib:/home/unitree/navigation_ws/install/nav2_util/lib:/home/unitree/navigation_ws/install/nav2_voxel_grid/lib:/home/unitree/navigation_ws/install/nav2_msgs/lib:/home/unitree/navigation_ws/install/nav_2d_msgs/lib:/home/unitree/navigation_ws/install/smac_planner/lib:/home/unitree/navigation_ws/install/rm_autonomy/lib:/home/unitree/navigation_ws/install/rm_autonomy_interfaces/lib:/home/unitree/navigation_ws/install/pointcloud_to_laserscan/lib:/home/unitree/navigation_ws/install/nav2_controller/lib:/home/unitree/navigation_ws/install/dwb_plugins/lib:/home/unitree/navigation_ws/install/dwb_critics/lib:/home/unitree/navigation_ws/install/dwb_core/lib:/home/unitree/navigation_ws/install/dwb_msgs/lib:/home/unitree/navigation_ws/install/nav2_waypoint_follower/lib:/home/unitree/navigation_ws/install/nav2_regulated_pure_pursuit_controller/lib:/home/unitree/navigation_ws/install/nav2_recoveries/lib:/home/unitree/navigation_ws/install/nav2_planner/lib:/home/unitree/navigation_ws/install/nav2_navfn_planner/lib:/home/unitree/navigation_ws/install/costmap_queue/lib:/home/unitree/navigation_ws/install/nav2_bt_navigator/lib:/home/unitree/navigation_ws/install/nav2_behavior_tree/lib:/home/unitree/navigation_ws/install/nav2_amcl/lib:/home/unitree/navigation_ws/install/loam_interface/lib:/home/unitree/navigation_ws/install/fast_lio/lib:/home/unitree/navigation_ws/install/livox_ros_driver2/lib:/home/unitree/navigation_ws/install/linefit_ground_segmentation/lib:/home/unitree/navigation_ws/install/behaviortree_cpp/lib:/usr/local/cuda-11.4/lib64:/usr/local/lib:/home/unitree/cyclonedds_ws/install/rmw_cyclonedds_cpp/lib:/home/unitree/cyclonedds_ws/install/cyclonedds/lib:/opt/ros/foxy/opt/yaml_cpp_vendor/lib:/opt/ros/foxy/opt/rviz_ogre_vendor/lib:/opt/ros/foxy/lib/aarch64-linux-gnu:/opt/ros/foxy/lib:/usr/local/cuda-11.4/lib64 PYTHONPATH=/home/unitree/navigation_ws/install/nav2_msgs/lib/python3.8/site-packages:/home/unitree/navigation_ws/install/nav_2d_msgs/lib/python3.8/site-packages:/home/unitree/navigation_ws/install/nav2_common/lib/python3.8/site-packages:/home/unitree/navigation_ws/install/rm_autonomy_interfaces/lib/python3.8/site-packages:/home/unitree/navigation_ws/install/dwb_msgs/lib/python3.8/site-packages:/home/unitree/navigation_ws/install/fast_lio/lib/python3.8/site-packages:/home/unitree/navigation_ws/install/livox_ros_driver2/lib/python3.8/site-packages:/opt/ros/foxy/lib/python3.8/site-packages /usr/bin/cmake --install /home/unitree/navigation_ws/build/nav2_controller
[10.742s] Level 1:colcon.colcon_core.environment:create_environment_scripts_only(nav2_planner)
[10.744s] Level 1:colcon.colcon_core.environment:checking '/home/unitree/navigation_ws/install/nav2_planner' for CMake module files
[10.745s] DEBUG:colcon.colcon_core.event_handler.log_command:Invoked command in '/home/unitree/navigation_ws/build/nav2_planner' returned '0': CMAKE_PREFIX_PATH=/home/unitree/navigation_ws/install/nav2_core:/home/unitree/navigation_ws/install/nav2_costmap_2d:/home/unitree/navigation_ws/install/nav2_map_server:/home/unitree/navigation_ws/install/nav2_lifecycle_manager:/home/unitree/navigation_ws/install/nav2_util:/home/unitree/navigation_ws/install/nav2_voxel_grid:/home/unitree/navigation_ws/install/nav2_msgs:/home/unitree/navigation_ws/install/nav2_common:/home/unitree/navigation_ws/install/nav2_bringup:/home/unitree/navigation_ws/install/navigation2:/home/unitree/navigation_ws/install/smac_planner:/home/unitree/navigation_ws/install/rm_autonomy:/home/unitree/navigation_ws/install/rm_autonomy_interfaces:/home/unitree/navigation_ws/install/bringup:/home/unitree/navigation_ws/install/pointcloud_to_laserscan:/home/unitree/navigation_ws/install/nav2_dwb_controller:/home/unitree/navigation_ws/install/nav2_controller:/home/unitree/navigation_ws/install/dwb_plugins:/home/unitree/navigation_ws/install/dwb_critics:/home/unitree/navigation_ws/install/dwb_core:/home/unitree/navigation_ws/install/nav_2d_utils:/home/unitree/navigation_ws/install/dwb_msgs:/home/unitree/navigation_ws/install/nav_2d_msgs:/home/unitree/navigation_ws/install/nav2_waypoint_follower:/home/unitree/navigation_ws/install/nav2_regulated_pure_pursuit_controller:/home/unitree/navigation_ws/install/nav2_recoveries:/home/unitree/navigation_ws/install/nav2_planner:/home/unitree/navigation_ws/install/nav2_navfn_planner:/home/unitree/navigation_ws/install/costmap_queue:/home/unitree/navigation_ws/install/nav2_bt_navigator:/home/unitree/navigation_ws/install/nav2_behavior_tree:/home/unitree/navigation_ws/install/nav2_amcl:/home/unitree/navigation_ws/install/loam_interface:/home/unitree/navigation_ws/install/fast_lio:/home/unitree/navigation_ws/install/livox_ros_driver2:/home/unitree/navigation_ws/install/linefit_ground_segmentation_ros:/home/unitree/navigation_ws/install/linefit_ground_segmentation:/home/unitree/navigation_ws/install/cmd_vel_processor:/home/unitree/navigation_ws/install/behaviortree_cpp:/home/unitree/cyclonedds_ws/install/rmw_cyclonedds_cpp:/home/unitree/cyclonedds_ws/install/cyclonedds:/opt/ros/foxy LD_LIBRARY_PATH=/home/unitree/navigation_ws/install/nav2_costmap_2d/lib:/home/unitree/navigation_ws/install/nav2_map_server/lib:/home/unitree/navigation_ws/install/nav2_lifecycle_manager/lib:/home/unitree/navigation_ws/install/nav2_util/lib:/home/unitree/navigation_ws/install/nav2_voxel_grid/lib:/home/unitree/navigation_ws/install/nav2_msgs/lib:/home/unitree/navigation_ws/install/smac_planner/lib:/home/unitree/navigation_ws/install/rm_autonomy/lib:/home/unitree/navigation_ws/install/rm_autonomy_interfaces/lib:/home/unitree/navigation_ws/install/pointcloud_to_laserscan/lib:/home/unitree/navigation_ws/install/nav2_controller/lib:/home/unitree/navigation_ws/install/dwb_plugins/lib:/home/unitree/navigation_ws/install/dwb_critics/lib:/home/unitree/navigation_ws/install/dwb_core/lib:/home/unitree/navigation_ws/install/nav_2d_utils/lib:/home/unitree/navigation_ws/install/dwb_msgs/lib:/home/unitree/navigation_ws/install/nav_2d_msgs/lib:/home/unitree/navigation_ws/install/nav2_waypoint_follower/lib:/home/unitree/navigation_ws/install/nav2_regulated_pure_pursuit_controller/lib:/home/unitree/navigation_ws/install/nav2_recoveries/lib:/home/unitree/navigation_ws/install/nav2_planner/lib:/home/unitree/navigation_ws/install/nav2_navfn_planner/lib:/home/unitree/navigation_ws/install/costmap_queue/lib:/home/unitree/navigation_ws/install/nav2_bt_navigator/lib:/home/unitree/navigation_ws/install/nav2_behavior_tree/lib:/home/unitree/navigation_ws/install/nav2_amcl/lib:/home/unitree/navigation_ws/install/loam_interface/lib:/home/unitree/navigation_ws/install/fast_lio/lib:/home/unitree/navigation_ws/install/livox_ros_driver2/lib:/home/unitree/navigation_ws/install/linefit_ground_segmentation/lib:/home/unitree/navigation_ws/install/behaviortree_cpp/lib:/usr/local/cuda-11.4/lib64:/usr/local/lib:/home/unitree/cyclonedds_ws/install/rmw_cyclonedds_cpp/lib:/home/unitree/cyclonedds_ws/install/cyclonedds/lib:/opt/ros/foxy/opt/yaml_cpp_vendor/lib:/opt/ros/foxy/opt/rviz_ogre_vendor/lib:/opt/ros/foxy/lib/aarch64-linux-gnu:/opt/ros/foxy/lib:/usr/local/cuda-11.4/lib64 PYTHONPATH=/home/unitree/navigation_ws/install/nav2_msgs/lib/python3.8/site-packages:/home/unitree/navigation_ws/install/nav2_common/lib/python3.8/site-packages:/home/unitree/navigation_ws/install/rm_autonomy_interfaces/lib/python3.8/site-packages:/home/unitree/navigation_ws/install/dwb_msgs/lib/python3.8/site-packages:/home/unitree/navigation_ws/install/nav_2d_msgs/lib/python3.8/site-packages:/home/unitree/navigation_ws/install/fast_lio/lib/python3.8/site-packages:/home/unitree/navigation_ws/install/livox_ros_driver2/lib/python3.8/site-packages:/opt/ros/foxy/lib/python3.8/site-packages /usr/bin/cmake --install /home/unitree/navigation_ws/build/nav2_planner
[10.746s] Level 1:colcon.colcon_core.environment:checking '/home/unitree/navigation_ws/install/nav2_planner' for CMake config files
[10.747s] Level 1:colcon.colcon_core.shell:create_environment_hook('nav2_planner', 'cmake_prefix_path')
[10.748s] INFO:colcon.colcon_core.shell:Creating environment hook '/home/unitree/navigation_ws/install/nav2_planner/share/nav2_planner/hook/cmake_prefix_path.ps1'
[10.749s] INFO:colcon.colcon_core.shell:Creating environment descriptor '/home/unitree/navigation_ws/install/nav2_planner/share/nav2_planner/hook/cmake_prefix_path.dsv'
[10.750s] INFO:colcon.colcon_core.shell:Creating environment hook '/home/unitree/navigation_ws/install/nav2_planner/share/nav2_planner/hook/cmake_prefix_path.sh'
[10.751s] Level 1:colcon.colcon_core.environment:checking '/home/unitree/navigation_ws/install/nav2_planner/lib'
[10.751s] Level 1:colcon.colcon_core.shell:create_environment_hook('nav2_planner', 'ld_library_path_lib')
[10.751s] INFO:colcon.colcon_core.shell:Creating environment hook '/home/unitree/navigation_ws/install/nav2_planner/share/nav2_planner/hook/ld_library_path_lib.ps1'
[10.752s] INFO:colcon.colcon_core.shell:Creating environment descriptor '/home/unitree/navigation_ws/install/nav2_planner/share/nav2_planner/hook/ld_library_path_lib.dsv'
[10.755s] INFO:colcon.colcon_core.shell:Creating environment hook '/home/unitree/navigation_ws/install/nav2_planner/share/nav2_planner/hook/ld_library_path_lib.sh'
[10.756s] Level 1:colcon.colcon_core.environment:checking '/home/unitree/navigation_ws/install/nav2_planner/bin'
[10.757s] Level 1:colcon.colcon_core.environment:checking '/home/unitree/navigation_ws/install/nav2_planner/lib/pkgconfig/nav2_planner.pc'
[10.757s] Level 1:colcon.colcon_core.environment:checking '/home/unitree/navigation_ws/install/nav2_planner/lib/python3.8/site-packages'
[10.758s] Level 1:colcon.colcon_core.environment:checking '/home/unitree/navigation_ws/install/nav2_planner/bin'
[10.759s] INFO:colcon.colcon_core.shell:Creating package script '/home/unitree/navigation_ws/install/nav2_planner/share/nav2_planner/package.ps1'
[10.761s] INFO:colcon.colcon_core.shell:Creating package descriptor '/home/unitree/navigation_ws/install/nav2_planner/share/nav2_planner/package.dsv'
[10.766s] INFO:colcon.colcon_core.shell:Creating package script '/home/unitree/navigation_ws/install/nav2_planner/share/nav2_planner/package.sh'
[10.768s] INFO:colcon.colcon_core.shell:Creating package script '/home/unitree/navigation_ws/install/nav2_planner/share/nav2_planner/package.bash'
[10.781s] INFO:colcon.colcon_core.shell:Creating package script '/home/unitree/navigation_ws/install/nav2_planner/share/nav2_planner/package.zsh'
[10.782s] Level 1:colcon.colcon_core.environment:create_file_with_runtime_dependencies(/home/unitree/navigation_ws/install/nav2_planner/share/colcon-core/packages/nav2_planner)
[10.812s] DEBUG:colcon.colcon_core.event_handler.log_command:Invoking command in '/home/unitree/navigation_ws/build/nav2_regulated_pure_pursuit_controller': CMAKE_PREFIX_PATH=/home/unitree/navigation_ws/install/nav2_core:/home/unitree/navigation_ws/install/nav2_costmap_2d:/home/unitree/navigation_ws/install/nav2_map_server:/home/unitree/navigation_ws/install/nav2_lifecycle_manager:/home/unitree/navigation_ws/install/nav2_util:/home/unitree/navigation_ws/install/nav2_voxel_grid:/home/unitree/navigation_ws/install/nav2_msgs:/home/unitree/navigation_ws/install/nav2_common:/home/unitree/navigation_ws/install/nav2_bringup:/home/unitree/navigation_ws/install/navigation2:/home/unitree/navigation_ws/install/smac_planner:/home/unitree/navigation_ws/install/rm_autonomy:/home/unitree/navigation_ws/install/rm_autonomy_interfaces:/home/unitree/navigation_ws/install/bringup:/home/unitree/navigation_ws/install/pointcloud_to_laserscan:/home/unitree/navigation_ws/install/nav2_dwb_controller:/home/unitree/navigation_ws/install/nav2_controller:/home/unitree/navigation_ws/install/dwb_plugins:/home/unitree/navigation_ws/install/dwb_critics:/home/unitree/navigation_ws/install/dwb_core:/home/unitree/navigation_ws/install/nav_2d_utils:/home/unitree/navigation_ws/install/dwb_msgs:/home/unitree/navigation_ws/install/nav_2d_msgs:/home/unitree/navigation_ws/install/nav2_waypoint_follower:/home/unitree/navigation_ws/install/nav2_regulated_pure_pursuit_controller:/home/unitree/navigation_ws/install/nav2_recoveries:/home/unitree/navigation_ws/install/nav2_planner:/home/unitree/navigation_ws/install/nav2_navfn_planner:/home/unitree/navigation_ws/install/costmap_queue:/home/unitree/navigation_ws/install/nav2_bt_navigator:/home/unitree/navigation_ws/install/nav2_behavior_tree:/home/unitree/navigation_ws/install/nav2_amcl:/home/unitree/navigation_ws/install/loam_interface:/home/unitree/navigation_ws/install/fast_lio:/home/unitree/navigation_ws/install/livox_ros_driver2:/home/unitree/navigation_ws/install/linefit_ground_segmentation_ros:/home/unitree/navigation_ws/install/linefit_ground_segmentation:/home/unitree/navigation_ws/install/cmd_vel_processor:/home/unitree/navigation_ws/install/behaviortree_cpp:/home/unitree/cyclonedds_ws/install/rmw_cyclonedds_cpp:/home/unitree/cyclonedds_ws/install/cyclonedds:/opt/ros/foxy LD_LIBRARY_PATH=/home/unitree/navigation_ws/install/nav2_costmap_2d/lib:/home/unitree/navigation_ws/install/nav2_map_server/lib:/home/unitree/navigation_ws/install/nav2_lifecycle_manager/lib:/home/unitree/navigation_ws/install/nav2_util/lib:/home/unitree/navigation_ws/install/nav2_voxel_grid/lib:/home/unitree/navigation_ws/install/nav2_msgs/lib:/home/unitree/navigation_ws/install/smac_planner/lib:/home/unitree/navigation_ws/install/rm_autonomy/lib:/home/unitree/navigation_ws/install/rm_autonomy_interfaces/lib:/home/unitree/navigation_ws/install/pointcloud_to_laserscan/lib:/home/unitree/navigation_ws/install/nav2_controller/lib:/home/unitree/navigation_ws/install/dwb_plugins/lib:/home/unitree/navigation_ws/install/dwb_critics/lib:/home/unitree/navigation_ws/install/dwb_core/lib:/home/unitree/navigation_ws/install/nav_2d_utils/lib:/home/unitree/navigation_ws/install/dwb_msgs/lib:/home/unitree/navigation_ws/install/nav_2d_msgs/lib:/home/unitree/navigation_ws/install/nav2_waypoint_follower/lib:/home/unitree/navigation_ws/install/nav2_regulated_pure_pursuit_controller/lib:/home/unitree/navigation_ws/install/nav2_recoveries/lib:/home/unitree/navigation_ws/install/nav2_planner/lib:/home/unitree/navigation_ws/install/nav2_navfn_planner/lib:/home/unitree/navigation_ws/install/costmap_queue/lib:/home/unitree/navigation_ws/install/nav2_bt_navigator/lib:/home/unitree/navigation_ws/install/nav2_behavior_tree/lib:/home/unitree/navigation_ws/install/nav2_amcl/lib:/home/unitree/navigation_ws/install/loam_interface/lib:/home/unitree/navigation_ws/install/fast_lio/lib:/home/unitree/navigation_ws/install/livox_ros_driver2/lib:/home/unitree/navigation_ws/install/linefit_ground_segmentation/lib:/home/unitree/navigation_ws/install/behaviortree_cpp/lib:/usr/local/cuda-11.4/lib64:/usr/local/lib:/home/unitree/cyclonedds_ws/install/rmw_cyclonedds_cpp/lib:/home/unitree/cyclonedds_ws/install/cyclonedds/lib:/opt/ros/foxy/opt/yaml_cpp_vendor/lib:/opt/ros/foxy/opt/rviz_ogre_vendor/lib:/opt/ros/foxy/lib/aarch64-linux-gnu:/opt/ros/foxy/lib:/usr/local/cuda-11.4/lib64 PYTHONPATH=/home/unitree/navigation_ws/install/nav2_msgs/lib/python3.8/site-packages:/home/unitree/navigation_ws/install/nav2_common/lib/python3.8/site-packages:/home/unitree/navigation_ws/install/rm_autonomy_interfaces/lib/python3.8/site-packages:/home/unitree/navigation_ws/install/dwb_msgs/lib/python3.8/site-packages:/home/unitree/navigation_ws/install/nav_2d_msgs/lib/python3.8/site-packages:/home/unitree/navigation_ws/install/fast_lio/lib/python3.8/site-packages:/home/unitree/navigation_ws/install/livox_ros_driver2/lib/python3.8/site-packages:/opt/ros/foxy/lib/python3.8/site-packages /usr/bin/cmake --install /home/unitree/navigation_ws/build/nav2_regulated_pure_pursuit_controller
[10.839s] DEBUG:colcon.colcon_core.event_handler.log_command:Invoking command in '/home/unitree/navigation_ws/build/nav2_recoveries': CMAKE_PREFIX_PATH=/home/unitree/navigation_ws/install/nav2_core:/home/unitree/navigation_ws/install/nav2_costmap_2d:/home/unitree/navigation_ws/install/nav2_map_server:/home/unitree/navigation_ws/install/nav2_lifecycle_manager:/home/unitree/navigation_ws/install/nav2_behavior_tree:/home/unitree/navigation_ws/install/nav2_util:/home/unitree/navigation_ws/install/nav2_voxel_grid:/home/unitree/navigation_ws/install/nav2_msgs:/home/unitree/navigation_ws/install/nav2_common:/home/unitree/navigation_ws/install/nav2_bringup:/home/unitree/navigation_ws/install/navigation2:/home/unitree/navigation_ws/install/smac_planner:/home/unitree/navigation_ws/install/rm_autonomy:/home/unitree/navigation_ws/install/rm_autonomy_interfaces:/home/unitree/navigation_ws/install/bringup:/home/unitree/navigation_ws/install/pointcloud_to_laserscan:/home/unitree/navigation_ws/install/nav2_dwb_controller:/home/unitree/navigation_ws/install/nav2_controller:/home/unitree/navigation_ws/install/dwb_plugins:/home/unitree/navigation_ws/install/dwb_critics:/home/unitree/navigation_ws/install/dwb_core:/home/unitree/navigation_ws/install/nav_2d_utils:/home/unitree/navigation_ws/install/dwb_msgs:/home/unitree/navigation_ws/install/nav_2d_msgs:/home/unitree/navigation_ws/install/nav2_waypoint_follower:/home/unitree/navigation_ws/install/nav2_regulated_pure_pursuit_controller:/home/unitree/navigation_ws/install/nav2_recoveries:/home/unitree/navigation_ws/install/nav2_planner:/home/unitree/navigation_ws/install/nav2_navfn_planner:/home/unitree/navigation_ws/install/costmap_queue:/home/unitree/navigation_ws/install/nav2_bt_navigator:/home/unitree/navigation_ws/install/nav2_amcl:/home/unitree/navigation_ws/install/loam_interface:/home/unitree/navigation_ws/install/fast_lio:/home/unitree/navigation_ws/install/livox_ros_driver2:/home/unitree/navigation_ws/install/linefit_ground_segmentation_ros:/home/unitree/navigation_ws/install/linefit_ground_segmentation:/home/unitree/navigation_ws/install/cmd_vel_processor:/home/unitree/navigation_ws/install/behaviortree_cpp:/home/unitree/cyclonedds_ws/install/rmw_cyclonedds_cpp:/home/unitree/cyclonedds_ws/install/cyclonedds:/opt/ros/foxy LD_LIBRARY_PATH=/home/unitree/navigation_ws/install/nav2_costmap_2d/lib:/home/unitree/navigation_ws/install/nav2_map_server/lib:/home/unitree/navigation_ws/install/nav2_lifecycle_manager/lib:/home/unitree/navigation_ws/install/nav2_behavior_tree/lib:/home/unitree/navigation_ws/install/nav2_util/lib:/home/unitree/navigation_ws/install/nav2_voxel_grid/lib:/home/unitree/navigation_ws/install/nav2_msgs/lib:/home/unitree/navigation_ws/install/smac_planner/lib:/home/unitree/navigation_ws/install/rm_autonomy/lib:/home/unitree/navigation_ws/install/rm_autonomy_interfaces/lib:/home/unitree/navigation_ws/install/pointcloud_to_laserscan/lib:/home/unitree/navigation_ws/install/nav2_controller/lib:/home/unitree/navigation_ws/install/dwb_plugins/lib:/home/unitree/navigation_ws/install/dwb_critics/lib:/home/unitree/navigation_ws/install/dwb_core/lib:/home/unitree/navigation_ws/install/nav_2d_utils/lib:/home/unitree/navigation_ws/install/dwb_msgs/lib:/home/unitree/navigation_ws/install/nav_2d_msgs/lib:/home/unitree/navigation_ws/install/nav2_waypoint_follower/lib:/home/unitree/navigation_ws/install/nav2_regulated_pure_pursuit_controller/lib:/home/unitree/navigation_ws/install/nav2_recoveries/lib:/home/unitree/navigation_ws/install/nav2_planner/lib:/home/unitree/navigation_ws/install/nav2_navfn_planner/lib:/home/unitree/navigation_ws/install/costmap_queue/lib:/home/unitree/navigation_ws/install/nav2_bt_navigator/lib:/home/unitree/navigation_ws/install/nav2_amcl/lib:/home/unitree/navigation_ws/install/loam_interface/lib:/home/unitree/navigation_ws/install/fast_lio/lib:/home/unitree/navigation_ws/install/livox_ros_driver2/lib:/home/unitree/navigation_ws/install/linefit_ground_segmentation/lib:/home/unitree/navigation_ws/install/behaviortree_cpp/lib:/usr/local/cuda-11.4/lib64:/usr/local/lib:/home/unitree/cyclonedds_ws/install/rmw_cyclonedds_cpp/lib:/home/unitree/cyclonedds_ws/install/cyclonedds/lib:/opt/ros/foxy/opt/yaml_cpp_vendor/lib:/opt/ros/foxy/opt/rviz_ogre_vendor/lib:/opt/ros/foxy/lib/aarch64-linux-gnu:/opt/ros/foxy/lib:/usr/local/cuda-11.4/lib64 PYTHONPATH=/home/unitree/navigation_ws/install/nav2_msgs/lib/python3.8/site-packages:/home/unitree/navigation_ws/install/nav2_common/lib/python3.8/site-packages:/home/unitree/navigation_ws/install/rm_autonomy_interfaces/lib/python3.8/site-packages:/home/unitree/navigation_ws/install/dwb_msgs/lib/python3.8/site-packages:/home/unitree/navigation_ws/install/nav_2d_msgs/lib/python3.8/site-packages:/home/unitree/navigation_ws/install/fast_lio/lib/python3.8/site-packages:/home/unitree/navigation_ws/install/livox_ros_driver2/lib/python3.8/site-packages:/opt/ros/foxy/lib/python3.8/site-packages /usr/bin/cmake --install /home/unitree/navigation_ws/build/nav2_recoveries
[10.846s] Level 1:colcon.colcon_core.environment:create_environment_scripts_only(nav2_controller)
[10.847s] Level 1:colcon.colcon_core.environment:checking '/home/unitree/navigation_ws/install/nav2_controller' for CMake module files
[10.848s] DEBUG:colcon.colcon_core.event_handler.log_command:Invoked command in '/home/unitree/navigation_ws/build/nav2_controller' returned '0': CMAKE_PREFIX_PATH=/home/unitree/navigation_ws/install/nav2_core:/home/unitree/navigation_ws/install/nav2_costmap_2d:/home/unitree/navigation_ws/install/nav_2d_utils:/home/unitree/navigation_ws/install/nav2_map_server:/home/unitree/navigation_ws/install/nav2_lifecycle_manager:/home/unitree/navigation_ws/install/nav2_util:/home/unitree/navigation_ws/install/nav2_voxel_grid:/home/unitree/navigation_ws/install/nav2_msgs:/home/unitree/navigation_ws/install/nav_2d_msgs:/home/unitree/navigation_ws/install/nav2_common:/home/unitree/navigation_ws/install/nav2_bringup:/home/unitree/navigation_ws/install/navigation2:/home/unitree/navigation_ws/install/smac_planner:/home/unitree/navigation_ws/install/rm_autonomy:/home/unitree/navigation_ws/install/rm_autonomy_interfaces:/home/unitree/navigation_ws/install/bringup:/home/unitree/navigation_ws/install/pointcloud_to_laserscan:/home/unitree/navigation_ws/install/nav2_dwb_controller:/home/unitree/navigation_ws/install/nav2_controller:/home/unitree/navigation_ws/install/dwb_plugins:/home/unitree/navigation_ws/install/dwb_critics:/home/unitree/navigation_ws/install/dwb_core:/home/unitree/navigation_ws/install/dwb_msgs:/home/unitree/navigation_ws/install/nav2_waypoint_follower:/home/unitree/navigation_ws/install/nav2_regulated_pure_pursuit_controller:/home/unitree/navigation_ws/install/nav2_recoveries:/home/unitree/navigation_ws/install/nav2_planner:/home/unitree/navigation_ws/install/nav2_navfn_planner:/home/unitree/navigation_ws/install/costmap_queue:/home/unitree/navigation_ws/install/nav2_bt_navigator:/home/unitree/navigation_ws/install/nav2_behavior_tree:/home/unitree/navigation_ws/install/nav2_amcl:/home/unitree/navigation_ws/install/loam_interface:/home/unitree/navigation_ws/install/fast_lio:/home/unitree/navigation_ws/install/livox_ros_driver2:/home/unitree/navigation_ws/install/linefit_ground_segmentation_ros:/home/unitree/navigation_ws/install/linefit_ground_segmentation:/home/unitree/navigation_ws/install/cmd_vel_processor:/home/unitree/navigation_ws/install/behaviortree_cpp:/home/unitree/cyclonedds_ws/install/rmw_cyclonedds_cpp:/home/unitree/cyclonedds_ws/install/cyclonedds:/opt/ros/foxy LD_LIBRARY_PATH=/home/unitree/navigation_ws/install/nav2_costmap_2d/lib:/home/unitree/navigation_ws/install/nav_2d_utils/lib:/home/unitree/navigation_ws/install/nav2_map_server/lib:/home/unitree/navigation_ws/install/nav2_lifecycle_manager/lib:/home/unitree/navigation_ws/install/nav2_util/lib:/home/unitree/navigation_ws/install/nav2_voxel_grid/lib:/home/unitree/navigation_ws/install/nav2_msgs/lib:/home/unitree/navigation_ws/install/nav_2d_msgs/lib:/home/unitree/navigation_ws/install/smac_planner/lib:/home/unitree/navigation_ws/install/rm_autonomy/lib:/home/unitree/navigation_ws/install/rm_autonomy_interfaces/lib:/home/unitree/navigation_ws/install/pointcloud_to_laserscan/lib:/home/unitree/navigation_ws/install/nav2_controller/lib:/home/unitree/navigation_ws/install/dwb_plugins/lib:/home/unitree/navigation_ws/install/dwb_critics/lib:/home/unitree/navigation_ws/install/dwb_core/lib:/home/unitree/navigation_ws/install/dwb_msgs/lib:/home/unitree/navigation_ws/install/nav2_waypoint_follower/lib:/home/unitree/navigation_ws/install/nav2_regulated_pure_pursuit_controller/lib:/home/unitree/navigation_ws/install/nav2_recoveries/lib:/home/unitree/navigation_ws/install/nav2_planner/lib:/home/unitree/navigation_ws/install/nav2_navfn_planner/lib:/home/unitree/navigation_ws/install/costmap_queue/lib:/home/unitree/navigation_ws/install/nav2_bt_navigator/lib:/home/unitree/navigation_ws/install/nav2_behavior_tree/lib:/home/unitree/navigation_ws/install/nav2_amcl/lib:/home/unitree/navigation_ws/install/loam_interface/lib:/home/unitree/navigation_ws/install/fast_lio/lib:/home/unitree/navigation_ws/install/livox_ros_driver2/lib:/home/unitree/navigation_ws/install/linefit_ground_segmentation/lib:/home/unitree/navigation_ws/install/behaviortree_cpp/lib:/usr/local/cuda-11.4/lib64:/usr/local/lib:/home/unitree/cyclonedds_ws/install/rmw_cyclonedds_cpp/lib:/home/unitree/cyclonedds_ws/install/cyclonedds/lib:/opt/ros/foxy/opt/yaml_cpp_vendor/lib:/opt/ros/foxy/opt/rviz_ogre_vendor/lib:/opt/ros/foxy/lib/aarch64-linux-gnu:/opt/ros/foxy/lib:/usr/local/cuda-11.4/lib64 PYTHONPATH=/home/unitree/navigation_ws/install/nav2_msgs/lib/python3.8/site-packages:/home/unitree/navigation_ws/install/nav_2d_msgs/lib/python3.8/site-packages:/home/unitree/navigation_ws/install/nav2_common/lib/python3.8/site-packages:/home/unitree/navigation_ws/install/rm_autonomy_interfaces/lib/python3.8/site-packages:/home/unitree/navigation_ws/install/dwb_msgs/lib/python3.8/site-packages:/home/unitree/navigation_ws/install/fast_lio/lib/python3.8/site-packages:/home/unitree/navigation_ws/install/livox_ros_driver2/lib/python3.8/site-packages:/opt/ros/foxy/lib/python3.8/site-packages /usr/bin/cmake --install /home/unitree/navigation_ws/build/nav2_controller
[10.850s] Level 1:colcon.colcon_core.environment:checking '/home/unitree/navigation_ws/install/nav2_controller' for CMake config files
[10.851s] Level 1:colcon.colcon_core.shell:create_environment_hook('nav2_controller', 'cmake_prefix_path')
[10.852s] INFO:colcon.colcon_core.shell:Creating environment hook '/home/unitree/navigation_ws/install/nav2_controller/share/nav2_controller/hook/cmake_prefix_path.ps1'
[10.854s] INFO:colcon.colcon_core.shell:Creating environment descriptor '/home/unitree/navigation_ws/install/nav2_controller/share/nav2_controller/hook/cmake_prefix_path.dsv'
[10.855s] INFO:colcon.colcon_core.shell:Creating environment hook '/home/unitree/navigation_ws/install/nav2_controller/share/nav2_controller/hook/cmake_prefix_path.sh'
[10.858s] Level 1:colcon.colcon_core.environment:checking '/home/unitree/navigation_ws/install/nav2_controller/lib'
[10.858s] Level 1:colcon.colcon_core.shell:create_environment_hook('nav2_controller', 'ld_library_path_lib')
[10.858s] INFO:colcon.colcon_core.shell:Creating environment hook '/home/unitree/navigation_ws/install/nav2_controller/share/nav2_controller/hook/ld_library_path_lib.ps1'
[10.860s] INFO:colcon.colcon_core.shell:Creating environment descriptor '/home/unitree/navigation_ws/install/nav2_controller/share/nav2_controller/hook/ld_library_path_lib.dsv'
[10.862s] INFO:colcon.colcon_core.shell:Creating environment hook '/home/unitree/navigation_ws/install/nav2_controller/share/nav2_controller/hook/ld_library_path_lib.sh'
[10.863s] Level 1:colcon.colcon_core.environment:checking '/home/unitree/navigation_ws/install/nav2_controller/bin'
[10.863s] Level 1:colcon.colcon_core.environment:checking '/home/unitree/navigation_ws/install/nav2_controller/lib/pkgconfig/nav2_controller.pc'
[10.864s] Level 1:colcon.colcon_core.environment:checking '/home/unitree/navigation_ws/install/nav2_controller/lib/python3.8/site-packages'
[10.864s] Level 1:colcon.colcon_core.environment:checking '/home/unitree/navigation_ws/install/nav2_controller/bin'
[10.866s] INFO:colcon.colcon_core.shell:Creating package script '/home/unitree/navigation_ws/install/nav2_controller/share/nav2_controller/package.ps1'
[10.868s] INFO:colcon.colcon_core.shell:Creating package descriptor '/home/unitree/navigation_ws/install/nav2_controller/share/nav2_controller/package.dsv'
[10.870s] INFO:colcon.colcon_core.shell:Creating package script '/home/unitree/navigation_ws/install/nav2_controller/share/nav2_controller/package.sh'
[10.872s] INFO:colcon.colcon_core.shell:Creating package script '/home/unitree/navigation_ws/install/nav2_controller/share/nav2_controller/package.bash'
[10.873s] INFO:colcon.colcon_core.shell:Creating package script '/home/unitree/navigation_ws/install/nav2_controller/share/nav2_controller/package.zsh'
[10.875s] Level 1:colcon.colcon_core.environment:create_file_with_runtime_dependencies(/home/unitree/navigation_ws/install/nav2_controller/share/colcon-core/packages/nav2_controller)
[10.900s] Level 1:colcon.colcon_core.environment:create_environment_scripts_only(dwb_core)
[10.901s] Level 1:colcon.colcon_core.environment:checking '/home/unitree/navigation_ws/install/dwb_core' for CMake module files
[10.902s] Level 1:colcon.colcon_core.environment:checking '/home/unitree/navigation_ws/install/dwb_core' for CMake config files
[10.902s] Level 1:colcon.colcon_core.shell:create_environment_hook('dwb_core', 'cmake_prefix_path')
[10.903s] INFO:colcon.colcon_core.shell:Creating environment hook '/home/unitree/navigation_ws/install/dwb_core/share/dwb_core/hook/cmake_prefix_path.ps1'
[10.904s] INFO:colcon.colcon_core.shell:Creating environment descriptor '/home/unitree/navigation_ws/install/dwb_core/share/dwb_core/hook/cmake_prefix_path.dsv'
[10.905s] INFO:colcon.colcon_core.shell:Creating environment hook '/home/unitree/navigation_ws/install/dwb_core/share/dwb_core/hook/cmake_prefix_path.sh'
[10.906s] Level 1:colcon.colcon_core.environment:checking '/home/unitree/navigation_ws/install/dwb_core/lib'
[10.906s] Level 1:colcon.colcon_core.shell:create_environment_hook('dwb_core', 'ld_library_path_lib')
[10.907s] INFO:colcon.colcon_core.shell:Creating environment hook '/home/unitree/navigation_ws/install/dwb_core/share/dwb_core/hook/ld_library_path_lib.ps1'
[10.908s] INFO:colcon.colcon_core.shell:Creating environment descriptor '/home/unitree/navigation_ws/install/dwb_core/share/dwb_core/hook/ld_library_path_lib.dsv'
[10.910s] INFO:colcon.colcon_core.shell:Creating environment hook '/home/unitree/navigation_ws/install/dwb_core/share/dwb_core/hook/ld_library_path_lib.sh'
[10.912s] Level 1:colcon.colcon_core.environment:checking '/home/unitree/navigation_ws/install/dwb_core/bin'
[10.912s] Level 1:colcon.colcon_core.environment:checking '/home/unitree/navigation_ws/install/dwb_core/lib/pkgconfig/dwb_core.pc'
[10.912s] Level 1:colcon.colcon_core.environment:checking '/home/unitree/navigation_ws/install/dwb_core/lib/python3.8/site-packages'
[10.913s] Level 1:colcon.colcon_core.environment:checking '/home/unitree/navigation_ws/install/dwb_core/bin'
[10.913s] INFO:colcon.colcon_core.shell:Creating package script '/home/unitree/navigation_ws/install/dwb_core/share/dwb_core/package.ps1'
[10.915s] INFO:colcon.colcon_core.shell:Creating package descriptor '/home/unitree/navigation_ws/install/dwb_core/share/dwb_core/package.dsv'
[10.915s] INFO:colcon.colcon_core.shell:Creating package script '/home/unitree/navigation_ws/install/dwb_core/share/dwb_core/package.sh'
[10.916s] INFO:colcon.colcon_core.shell:Creating package script '/home/unitree/navigation_ws/install/dwb_core/share/dwb_core/package.bash'
[10.917s] INFO:colcon.colcon_core.shell:Creating package script '/home/unitree/navigation_ws/install/dwb_core/share/dwb_core/package.zsh'
[10.918s] Level 1:colcon.colcon_core.environment:create_file_with_runtime_dependencies(/home/unitree/navigation_ws/install/dwb_core/share/colcon-core/packages/dwb_core)
[10.924s] INFO:colcon.colcon_ros.task.ament_cmake.build:Building ROS package in '/home/unitree/navigation_ws/src/navigation2/nav2_dwb_controller/dwb_critics' with build type 'ament_cmake'
[10.925s] INFO:colcon.colcon_cmake.task.cmake.build:Building CMake package in '/home/unitree/navigation_ws/src/navigation2/nav2_dwb_controller/dwb_critics'
[10.926s] INFO:colcon.colcon_core.shell:Skip shell extension 'powershell' for command environment: Not usable outside of PowerShell
[10.926s] DEBUG:colcon.colcon_core.shell:Skip shell extension 'dsv' for command environment
[10.946s] INFO:colcon.colcon_ros.task.ament_cmake.build:Building ROS package in '/home/unitree/navigation_ws/src/navigation2/nav2_dwb_controller/dwb_plugins' with build type 'ament_cmake'
[10.947s] INFO:colcon.colcon_cmake.task.cmake.build:Building CMake package in '/home/unitree/navigation_ws/src/navigation2/nav2_dwb_controller/dwb_plugins'
[10.948s] INFO:colcon.colcon_core.shell:Skip shell extension 'powershell' for command environment: Not usable outside of PowerShell
[10.948s] DEBUG:colcon.colcon_core.shell:Skip shell extension 'dsv' for command environment
[10.970s] Level 1:colcon.colcon_core.environment:create_environment_scripts_only(nav2_regulated_pure_pursuit_controller)
[10.971s] Level 1:colcon.colcon_core.environment:checking '/home/unitree/navigation_ws/install/nav2_regulated_pure_pursuit_controller' for CMake module files
[10.973s] DEBUG:colcon.colcon_core.event_handler.log_command:Invoked command in '/home/unitree/navigation_ws/build/nav2_regulated_pure_pursuit_controller' returned '0': CMAKE_PREFIX_PATH=/home/unitree/navigation_ws/install/nav2_core:/home/unitree/navigation_ws/install/nav2_costmap_2d:/home/unitree/navigation_ws/install/nav2_map_server:/home/unitree/navigation_ws/install/nav2_lifecycle_manager:/home/unitree/navigation_ws/install/nav2_util:/home/unitree/navigation_ws/install/nav2_voxel_grid:/home/unitree/navigation_ws/install/nav2_msgs:/home/unitree/navigation_ws/install/nav2_common:/home/unitree/navigation_ws/install/nav2_bringup:/home/unitree/navigation_ws/install/navigation2:/home/unitree/navigation_ws/install/smac_planner:/home/unitree/navigation_ws/install/rm_autonomy:/home/unitree/navigation_ws/install/rm_autonomy_interfaces:/home/unitree/navigation_ws/install/bringup:/home/unitree/navigation_ws/install/pointcloud_to_laserscan:/home/unitree/navigation_ws/install/nav2_dwb_controller:/home/unitree/navigation_ws/install/nav2_controller:/home/unitree/navigation_ws/install/dwb_plugins:/home/unitree/navigation_ws/install/dwb_critics:/home/unitree/navigation_ws/install/dwb_core:/home/unitree/navigation_ws/install/nav_2d_utils:/home/unitree/navigation_ws/install/dwb_msgs:/home/unitree/navigation_ws/install/nav_2d_msgs:/home/unitree/navigation_ws/install/nav2_waypoint_follower:/home/unitree/navigation_ws/install/nav2_regulated_pure_pursuit_controller:/home/unitree/navigation_ws/install/nav2_recoveries:/home/unitree/navigation_ws/install/nav2_planner:/home/unitree/navigation_ws/install/nav2_navfn_planner:/home/unitree/navigation_ws/install/costmap_queue:/home/unitree/navigation_ws/install/nav2_bt_navigator:/home/unitree/navigation_ws/install/nav2_behavior_tree:/home/unitree/navigation_ws/install/nav2_amcl:/home/unitree/navigation_ws/install/loam_interface:/home/unitree/navigation_ws/install/fast_lio:/home/unitree/navigation_ws/install/livox_ros_driver2:/home/unitree/navigation_ws/install/linefit_ground_segmentation_ros:/home/unitree/navigation_ws/install/linefit_ground_segmentation:/home/unitree/navigation_ws/install/cmd_vel_processor:/home/unitree/navigation_ws/install/behaviortree_cpp:/home/unitree/cyclonedds_ws/install/rmw_cyclonedds_cpp:/home/unitree/cyclonedds_ws/install/cyclonedds:/opt/ros/foxy LD_LIBRARY_PATH=/home/unitree/navigation_ws/install/nav2_costmap_2d/lib:/home/unitree/navigation_ws/install/nav2_map_server/lib:/home/unitree/navigation_ws/install/nav2_lifecycle_manager/lib:/home/unitree/navigation_ws/install/nav2_util/lib:/home/unitree/navigation_ws/install/nav2_voxel_grid/lib:/home/unitree/navigation_ws/install/nav2_msgs/lib:/home/unitree/navigation_ws/install/smac_planner/lib:/home/unitree/navigation_ws/install/rm_autonomy/lib:/home/unitree/navigation_ws/install/rm_autonomy_interfaces/lib:/home/unitree/navigation_ws/install/pointcloud_to_laserscan/lib:/home/unitree/navigation_ws/install/nav2_controller/lib:/home/unitree/navigation_ws/install/dwb_plugins/lib:/home/unitree/navigation_ws/install/dwb_critics/lib:/home/unitree/navigation_ws/install/dwb_core/lib:/home/unitree/navigation_ws/install/nav_2d_utils/lib:/home/unitree/navigation_ws/install/dwb_msgs/lib:/home/unitree/navigation_ws/install/nav_2d_msgs/lib:/home/unitree/navigation_ws/install/nav2_waypoint_follower/lib:/home/unitree/navigation_ws/install/nav2_regulated_pure_pursuit_controller/lib:/home/unitree/navigation_ws/install/nav2_recoveries/lib:/home/unitree/navigation_ws/install/nav2_planner/lib:/home/unitree/navigation_ws/install/nav2_navfn_planner/lib:/home/unitree/navigation_ws/install/costmap_queue/lib:/home/unitree/navigation_ws/install/nav2_bt_navigator/lib:/home/unitree/navigation_ws/install/nav2_behavior_tree/lib:/home/unitree/navigation_ws/install/nav2_amcl/lib:/home/unitree/navigation_ws/install/loam_interface/lib:/home/unitree/navigation_ws/install/fast_lio/lib:/home/unitree/navigation_ws/install/livox_ros_driver2/lib:/home/unitree/navigation_ws/install/linefit_ground_segmentation/lib:/home/unitree/navigation_ws/install/behaviortree_cpp/lib:/usr/local/cuda-11.4/lib64:/usr/local/lib:/home/unitree/cyclonedds_ws/install/rmw_cyclonedds_cpp/lib:/home/unitree/cyclonedds_ws/install/cyclonedds/lib:/opt/ros/foxy/opt/yaml_cpp_vendor/lib:/opt/ros/foxy/opt/rviz_ogre_vendor/lib:/opt/ros/foxy/lib/aarch64-linux-gnu:/opt/ros/foxy/lib:/usr/local/cuda-11.4/lib64 PYTHONPATH=/home/unitree/navigation_ws/install/nav2_msgs/lib/python3.8/site-packages:/home/unitree/navigation_ws/install/nav2_common/lib/python3.8/site-packages:/home/unitree/navigation_ws/install/rm_autonomy_interfaces/lib/python3.8/site-packages:/home/unitree/navigation_ws/install/dwb_msgs/lib/python3.8/site-packages:/home/unitree/navigation_ws/install/nav_2d_msgs/lib/python3.8/site-packages:/home/unitree/navigation_ws/install/fast_lio/lib/python3.8/site-packages:/home/unitree/navigation_ws/install/livox_ros_driver2/lib/python3.8/site-packages:/opt/ros/foxy/lib/python3.8/site-packages /usr/bin/cmake --install /home/unitree/navigation_ws/build/nav2_regulated_pure_pursuit_controller
[10.974s] Level 1:colcon.colcon_core.environment:checking '/home/unitree/navigation_ws/install/nav2_regulated_pure_pursuit_controller' for CMake config files
[10.975s] Level 1:colcon.colcon_core.shell:create_environment_hook('nav2_regulated_pure_pursuit_controller', 'cmake_prefix_path')
[10.975s] INFO:colcon.colcon_core.shell:Creating environment hook '/home/unitree/navigation_ws/install/nav2_regulated_pure_pursuit_controller/share/nav2_regulated_pure_pursuit_controller/hook/cmake_prefix_path.ps1'
[10.977s] INFO:colcon.colcon_core.shell:Creating environment descriptor '/home/unitree/navigation_ws/install/nav2_regulated_pure_pursuit_controller/share/nav2_regulated_pure_pursuit_controller/hook/cmake_prefix_path.dsv'
[10.978s] INFO:colcon.colcon_core.shell:Creating environment hook '/home/unitree/navigation_ws/install/nav2_regulated_pure_pursuit_controller/share/nav2_regulated_pure_pursuit_controller/hook/cmake_prefix_path.sh'
[10.980s] Level 1:colcon.colcon_core.environment:checking '/home/unitree/navigation_ws/install/nav2_regulated_pure_pursuit_controller/lib'
[10.980s] Level 1:colcon.colcon_core.shell:create_environment_hook('nav2_regulated_pure_pursuit_controller', 'ld_library_path_lib')
[10.980s] INFO:colcon.colcon_core.shell:Creating environment hook '/home/unitree/navigation_ws/install/nav2_regulated_pure_pursuit_controller/share/nav2_regulated_pure_pursuit_controller/hook/ld_library_path_lib.ps1'
[10.982s] INFO:colcon.colcon_core.shell:Creating environment descriptor '/home/unitree/navigation_ws/install/nav2_regulated_pure_pursuit_controller/share/nav2_regulated_pure_pursuit_controller/hook/ld_library_path_lib.dsv'
[10.982s] INFO:colcon.colcon_core.shell:Creating environment hook '/home/unitree/navigation_ws/install/nav2_regulated_pure_pursuit_controller/share/nav2_regulated_pure_pursuit_controller/hook/ld_library_path_lib.sh'
[10.983s] Level 1:colcon.colcon_core.environment:checking '/home/unitree/navigation_ws/install/nav2_regulated_pure_pursuit_controller/bin'
[10.983s] Level 1:colcon.colcon_core.environment:checking '/home/unitree/navigation_ws/install/nav2_regulated_pure_pursuit_controller/lib/pkgconfig/nav2_regulated_pure_pursuit_controller.pc'
[10.984s] Level 1:colcon.colcon_core.environment:checking '/home/unitree/navigation_ws/install/nav2_regulated_pure_pursuit_controller/lib/python3.8/site-packages'
[10.985s] Level 1:colcon.colcon_core.environment:checking '/home/unitree/navigation_ws/install/nav2_regulated_pure_pursuit_controller/bin'
[10.985s] INFO:colcon.colcon_core.shell:Creating package script '/home/unitree/navigation_ws/install/nav2_regulated_pure_pursuit_controller/share/nav2_regulated_pure_pursuit_controller/package.ps1'
[10.988s] INFO:colcon.colcon_core.shell:Creating package descriptor '/home/unitree/navigation_ws/install/nav2_regulated_pure_pursuit_controller/share/nav2_regulated_pure_pursuit_controller/package.dsv'
[10.989s] INFO:colcon.colcon_core.shell:Creating package script '/home/unitree/navigation_ws/install/nav2_regulated_pure_pursuit_controller/share/nav2_regulated_pure_pursuit_controller/package.sh'
[10.991s] INFO:colcon.colcon_core.shell:Creating package script '/home/unitree/navigation_ws/install/nav2_regulated_pure_pursuit_controller/share/nav2_regulated_pure_pursuit_controller/package.bash'
[10.991s] INFO:colcon.colcon_core.shell:Creating package script '/home/unitree/navigation_ws/install/nav2_regulated_pure_pursuit_controller/share/nav2_regulated_pure_pursuit_controller/package.zsh'
[10.992s] Level 1:colcon.colcon_core.environment:create_file_with_runtime_dependencies(/home/unitree/navigation_ws/install/nav2_regulated_pure_pursuit_controller/share/colcon-core/packages/nav2_regulated_pure_pursuit_controller)
[11.006s] Level 1:colcon.colcon_core.environment:create_environment_scripts_only(nav2_recoveries)
[11.007s] Level 1:colcon.colcon_core.environment:checking '/home/unitree/navigation_ws/install/nav2_recoveries' for CMake module files
[11.008s] DEBUG:colcon.colcon_core.event_handler.log_command:Invoked command in '/home/unitree/navigation_ws/build/nav2_recoveries' returned '0': CMAKE_PREFIX_PATH=/home/unitree/navigation_ws/install/nav2_core:/home/unitree/navigation_ws/install/nav2_costmap_2d:/home/unitree/navigation_ws/install/nav2_map_server:/home/unitree/navigation_ws/install/nav2_lifecycle_manager:/home/unitree/navigation_ws/install/nav2_behavior_tree:/home/unitree/navigation_ws/install/nav2_util:/home/unitree/navigation_ws/install/nav2_voxel_grid:/home/unitree/navigation_ws/install/nav2_msgs:/home/unitree/navigation_ws/install/nav2_common:/home/unitree/navigation_ws/install/nav2_bringup:/home/unitree/navigation_ws/install/navigation2:/home/unitree/navigation_ws/install/smac_planner:/home/unitree/navigation_ws/install/rm_autonomy:/home/unitree/navigation_ws/install/rm_autonomy_interfaces:/home/unitree/navigation_ws/install/bringup:/home/unitree/navigation_ws/install/pointcloud_to_laserscan:/home/unitree/navigation_ws/install/nav2_dwb_controller:/home/unitree/navigation_ws/install/nav2_controller:/home/unitree/navigation_ws/install/dwb_plugins:/home/unitree/navigation_ws/install/dwb_critics:/home/unitree/navigation_ws/install/dwb_core:/home/unitree/navigation_ws/install/nav_2d_utils:/home/unitree/navigation_ws/install/dwb_msgs:/home/unitree/navigation_ws/install/nav_2d_msgs:/home/unitree/navigation_ws/install/nav2_waypoint_follower:/home/unitree/navigation_ws/install/nav2_regulated_pure_pursuit_controller:/home/unitree/navigation_ws/install/nav2_recoveries:/home/unitree/navigation_ws/install/nav2_planner:/home/unitree/navigation_ws/install/nav2_navfn_planner:/home/unitree/navigation_ws/install/costmap_queue:/home/unitree/navigation_ws/install/nav2_bt_navigator:/home/unitree/navigation_ws/install/nav2_amcl:/home/unitree/navigation_ws/install/loam_interface:/home/unitree/navigation_ws/install/fast_lio:/home/unitree/navigation_ws/install/livox_ros_driver2:/home/unitree/navigation_ws/install/linefit_ground_segmentation_ros:/home/unitree/navigation_ws/install/linefit_ground_segmentation:/home/unitree/navigation_ws/install/cmd_vel_processor:/home/unitree/navigation_ws/install/behaviortree_cpp:/home/unitree/cyclonedds_ws/install/rmw_cyclonedds_cpp:/home/unitree/cyclonedds_ws/install/cyclonedds:/opt/ros/foxy LD_LIBRARY_PATH=/home/unitree/navigation_ws/install/nav2_costmap_2d/lib:/home/unitree/navigation_ws/install/nav2_map_server/lib:/home/unitree/navigation_ws/install/nav2_lifecycle_manager/lib:/home/unitree/navigation_ws/install/nav2_behavior_tree/lib:/home/unitree/navigation_ws/install/nav2_util/lib:/home/unitree/navigation_ws/install/nav2_voxel_grid/lib:/home/unitree/navigation_ws/install/nav2_msgs/lib:/home/unitree/navigation_ws/install/smac_planner/lib:/home/unitree/navigation_ws/install/rm_autonomy/lib:/home/unitree/navigation_ws/install/rm_autonomy_interfaces/lib:/home/unitree/navigation_ws/install/pointcloud_to_laserscan/lib:/home/unitree/navigation_ws/install/nav2_controller/lib:/home/unitree/navigation_ws/install/dwb_plugins/lib:/home/unitree/navigation_ws/install/dwb_critics/lib:/home/unitree/navigation_ws/install/dwb_core/lib:/home/unitree/navigation_ws/install/nav_2d_utils/lib:/home/unitree/navigation_ws/install/dwb_msgs/lib:/home/unitree/navigation_ws/install/nav_2d_msgs/lib:/home/unitree/navigation_ws/install/nav2_waypoint_follower/lib:/home/unitree/navigation_ws/install/nav2_regulated_pure_pursuit_controller/lib:/home/unitree/navigation_ws/install/nav2_recoveries/lib:/home/unitree/navigation_ws/install/nav2_planner/lib:/home/unitree/navigation_ws/install/nav2_navfn_planner/lib:/home/unitree/navigation_ws/install/costmap_queue/lib:/home/unitree/navigation_ws/install/nav2_bt_navigator/lib:/home/unitree/navigation_ws/install/nav2_amcl/lib:/home/unitree/navigation_ws/install/loam_interface/lib:/home/unitree/navigation_ws/install/fast_lio/lib:/home/unitree/navigation_ws/install/livox_ros_driver2/lib:/home/unitree/navigation_ws/install/linefit_ground_segmentation/lib:/home/unitree/navigation_ws/install/behaviortree_cpp/lib:/usr/local/cuda-11.4/lib64:/usr/local/lib:/home/unitree/cyclonedds_ws/install/rmw_cyclonedds_cpp/lib:/home/unitree/cyclonedds_ws/install/cyclonedds/lib:/opt/ros/foxy/opt/yaml_cpp_vendor/lib:/opt/ros/foxy/opt/rviz_ogre_vendor/lib:/opt/ros/foxy/lib/aarch64-linux-gnu:/opt/ros/foxy/lib:/usr/local/cuda-11.4/lib64 PYTHONPATH=/home/unitree/navigation_ws/install/nav2_msgs/lib/python3.8/site-packages:/home/unitree/navigation_ws/install/nav2_common/lib/python3.8/site-packages:/home/unitree/navigation_ws/install/rm_autonomy_interfaces/lib/python3.8/site-packages:/home/unitree/navigation_ws/install/dwb_msgs/lib/python3.8/site-packages:/home/unitree/navigation_ws/install/nav_2d_msgs/lib/python3.8/site-packages:/home/unitree/navigation_ws/install/fast_lio/lib/python3.8/site-packages:/home/unitree/navigation_ws/install/livox_ros_driver2/lib/python3.8/site-packages:/opt/ros/foxy/lib/python3.8/site-packages /usr/bin/cmake --install /home/unitree/navigation_ws/build/nav2_recoveries
[11.009s] Level 1:colcon.colcon_core.environment:checking '/home/unitree/navigation_ws/install/nav2_recoveries' for CMake config files
[11.010s] Level 1:colcon.colcon_core.shell:create_environment_hook('nav2_recoveries', 'cmake_prefix_path')
[11.011s] INFO:colcon.colcon_core.shell:Creating environment hook '/home/unitree/navigation_ws/install/nav2_recoveries/share/nav2_recoveries/hook/cmake_prefix_path.ps1'
[11.013s] INFO:colcon.colcon_core.shell:Creating environment descriptor '/home/unitree/navigation_ws/install/nav2_recoveries/share/nav2_recoveries/hook/cmake_prefix_path.dsv'
[11.015s] INFO:colcon.colcon_core.shell:Creating environment hook '/home/unitree/navigation_ws/install/nav2_recoveries/share/nav2_recoveries/hook/cmake_prefix_path.sh'
[11.017s] Level 1:colcon.colcon_core.environment:checking '/home/unitree/navigation_ws/install/nav2_recoveries/lib'
[11.017s] Level 1:colcon.colcon_core.shell:create_environment_hook('nav2_recoveries', 'ld_library_path_lib')
[11.018s] INFO:colcon.colcon_core.shell:Creating environment hook '/home/unitree/navigation_ws/install/nav2_recoveries/share/nav2_recoveries/hook/ld_library_path_lib.ps1'
[11.019s] INFO:colcon.colcon_core.shell:Creating environment descriptor '/home/unitree/navigation_ws/install/nav2_recoveries/share/nav2_recoveries/hook/ld_library_path_lib.dsv'
[11.020s] INFO:colcon.colcon_core.shell:Creating environment hook '/home/unitree/navigation_ws/install/nav2_recoveries/share/nav2_recoveries/hook/ld_library_path_lib.sh'
[11.021s] Level 1:colcon.colcon_core.environment:checking '/home/unitree/navigation_ws/install/nav2_recoveries/bin'
[11.021s] Level 1:colcon.colcon_core.environment:checking '/home/unitree/navigation_ws/install/nav2_recoveries/lib/pkgconfig/nav2_recoveries.pc'
[11.021s] Level 1:colcon.colcon_core.environment:checking '/home/unitree/navigation_ws/install/nav2_recoveries/lib/python3.8/site-packages'
[11.022s] Level 1:colcon.colcon_core.environment:checking '/home/unitree/navigation_ws/install/nav2_recoveries/bin'
[11.023s] INFO:colcon.colcon_core.shell:Creating package script '/home/unitree/navigation_ws/install/nav2_recoveries/share/nav2_recoveries/package.ps1'
[11.024s] INFO:colcon.colcon_core.shell:Creating package descriptor '/home/unitree/navigation_ws/install/nav2_recoveries/share/nav2_recoveries/package.dsv'
[11.025s] INFO:colcon.colcon_core.shell:Creating package script '/home/unitree/navigation_ws/install/nav2_recoveries/share/nav2_recoveries/package.sh'
[11.027s] INFO:colcon.colcon_core.shell:Creating package script '/home/unitree/navigation_ws/install/nav2_recoveries/share/nav2_recoveries/package.bash'
[11.027s] INFO:colcon.colcon_core.shell:Creating package script '/home/unitree/navigation_ws/install/nav2_recoveries/share/nav2_recoveries/package.zsh'
[11.028s] Level 1:colcon.colcon_core.environment:create_file_with_runtime_dependencies(/home/unitree/navigation_ws/install/nav2_recoveries/share/colcon-core/packages/nav2_recoveries)
[11.042s] Level 1:colcon.colcon_core.environment:create_environment_scripts_only(nav2_planner)
[11.043s] Level 1:colcon.colcon_core.environment:checking '/home/unitree/navigation_ws/install/nav2_planner' for CMake module files
[11.044s] Level 1:colcon.colcon_core.environment:checking '/home/unitree/navigation_ws/install/nav2_planner' for CMake config files
[11.046s] Level 1:colcon.colcon_core.shell:create_environment_hook('nav2_planner', 'cmake_prefix_path')
[11.046s] INFO:colcon.colcon_core.shell:Creating environment hook '/home/unitree/navigation_ws/install/nav2_planner/share/nav2_planner/hook/cmake_prefix_path.ps1'
[11.048s] INFO:colcon.colcon_core.shell:Creating environment descriptor '/home/unitree/navigation_ws/install/nav2_planner/share/nav2_planner/hook/cmake_prefix_path.dsv'
[11.049s] INFO:colcon.colcon_core.shell:Creating environment hook '/home/unitree/navigation_ws/install/nav2_planner/share/nav2_planner/hook/cmake_prefix_path.sh'
[11.051s] Level 1:colcon.colcon_core.environment:checking '/home/unitree/navigation_ws/install/nav2_planner/lib'
[11.051s] Level 1:colcon.colcon_core.shell:create_environment_hook('nav2_planner', 'ld_library_path_lib')
[11.051s] INFO:colcon.colcon_core.shell:Creating environment hook '/home/unitree/navigation_ws/install/nav2_planner/share/nav2_planner/hook/ld_library_path_lib.ps1'
[11.052s] INFO:colcon.colcon_core.shell:Creating environment descriptor '/home/unitree/navigation_ws/install/nav2_planner/share/nav2_planner/hook/ld_library_path_lib.dsv'
[11.053s] INFO:colcon.colcon_core.shell:Creating environment hook '/home/unitree/navigation_ws/install/nav2_planner/share/nav2_planner/hook/ld_library_path_lib.sh'
[11.054s] Level 1:colcon.colcon_core.environment:checking '/home/unitree/navigation_ws/install/nav2_planner/bin'
[11.054s] Level 1:colcon.colcon_core.environment:checking '/home/unitree/navigation_ws/install/nav2_planner/lib/pkgconfig/nav2_planner.pc'
[11.054s] Level 1:colcon.colcon_core.environment:checking '/home/unitree/navigation_ws/install/nav2_planner/lib/python3.8/site-packages'
[11.055s] Level 1:colcon.colcon_core.environment:checking '/home/unitree/navigation_ws/install/nav2_planner/bin'
[11.055s] INFO:colcon.colcon_core.shell:Creating package script '/home/unitree/navigation_ws/install/nav2_planner/share/nav2_planner/package.ps1'
[11.057s] INFO:colcon.colcon_core.shell:Creating package descriptor '/home/unitree/navigation_ws/install/nav2_planner/share/nav2_planner/package.dsv'
[11.058s] INFO:colcon.colcon_core.shell:Creating package script '/home/unitree/navigation_ws/install/nav2_planner/share/nav2_planner/package.sh'
[11.059s] INFO:colcon.colcon_core.shell:Creating package script '/home/unitree/navigation_ws/install/nav2_planner/share/nav2_planner/package.bash'
[11.060s] INFO:colcon.colcon_core.shell:Creating package script '/home/unitree/navigation_ws/install/nav2_planner/share/nav2_planner/package.zsh'
[11.060s] Level 1:colcon.colcon_core.environment:create_file_with_runtime_dependencies(/home/unitree/navigation_ws/install/nav2_planner/share/colcon-core/packages/nav2_planner)
[11.066s] DEBUG:colcon.colcon_core.event_handler.log_command:Invoked command in '/home/unitree/navigation_ws/build/smac_planner' returned '0': CMAKE_PREFIX_PATH=/home/unitree/navigation_ws/install/nav2_core:/home/unitree/navigation_ws/install/nav2_costmap_2d:/home/unitree/navigation_ws/install/nav2_map_server:/home/unitree/navigation_ws/install/nav2_lifecycle_manager:/home/unitree/navigation_ws/install/nav2_util:/home/unitree/navigation_ws/install/nav2_voxel_grid:/home/unitree/navigation_ws/install/nav2_msgs:/home/unitree/navigation_ws/install/nav2_common:/home/unitree/navigation_ws/install/nav2_bringup:/home/unitree/navigation_ws/install/navigation2:/home/unitree/navigation_ws/install/smac_planner:/home/unitree/navigation_ws/install/rm_autonomy:/home/unitree/navigation_ws/install/rm_autonomy_interfaces:/home/unitree/navigation_ws/install/bringup:/home/unitree/navigation_ws/install/pointcloud_to_laserscan:/home/unitree/navigation_ws/install/nav2_dwb_controller:/home/unitree/navigation_ws/install/nav2_controller:/home/unitree/navigation_ws/install/dwb_plugins:/home/unitree/navigation_ws/install/dwb_critics:/home/unitree/navigation_ws/install/dwb_core:/home/unitree/navigation_ws/install/nav_2d_utils:/home/unitree/navigation_ws/install/dwb_msgs:/home/unitree/navigation_ws/install/nav_2d_msgs:/home/unitree/navigation_ws/install/nav2_waypoint_follower:/home/unitree/navigation_ws/install/nav2_regulated_pure_pursuit_controller:/home/unitree/navigation_ws/install/nav2_recoveries:/home/unitree/navigation_ws/install/nav2_planner:/home/unitree/navigation_ws/install/nav2_navfn_planner:/home/unitree/navigation_ws/install/costmap_queue:/home/unitree/navigation_ws/install/nav2_bt_navigator:/home/unitree/navigation_ws/install/nav2_behavior_tree:/home/unitree/navigation_ws/install/nav2_amcl:/home/unitree/navigation_ws/install/loam_interface:/home/unitree/navigation_ws/install/fast_lio:/home/unitree/navigation_ws/install/livox_ros_driver2:/home/unitree/navigation_ws/install/linefit_ground_segmentation_ros:/home/unitree/navigation_ws/install/linefit_ground_segmentation:/home/unitree/navigation_ws/install/cmd_vel_processor:/home/unitree/navigation_ws/install/behaviortree_cpp:/home/unitree/cyclonedds_ws/install/rmw_cyclonedds_cpp:/home/unitree/cyclonedds_ws/install/cyclonedds:/opt/ros/foxy LD_LIBRARY_PATH=/home/unitree/navigation_ws/install/nav2_costmap_2d/lib:/home/unitree/navigation_ws/install/nav2_map_server/lib:/home/unitree/navigation_ws/install/nav2_lifecycle_manager/lib:/home/unitree/navigation_ws/install/nav2_util/lib:/home/unitree/navigation_ws/install/nav2_voxel_grid/lib:/home/unitree/navigation_ws/install/nav2_msgs/lib:/home/unitree/navigation_ws/install/smac_planner/lib:/home/unitree/navigation_ws/install/rm_autonomy/lib:/home/unitree/navigation_ws/install/rm_autonomy_interfaces/lib:/home/unitree/navigation_ws/install/pointcloud_to_laserscan/lib:/home/unitree/navigation_ws/install/nav2_controller/lib:/home/unitree/navigation_ws/install/dwb_plugins/lib:/home/unitree/navigation_ws/install/dwb_critics/lib:/home/unitree/navigation_ws/install/dwb_core/lib:/home/unitree/navigation_ws/install/nav_2d_utils/lib:/home/unitree/navigation_ws/install/dwb_msgs/lib:/home/unitree/navigation_ws/install/nav_2d_msgs/lib:/home/unitree/navigation_ws/install/nav2_waypoint_follower/lib:/home/unitree/navigation_ws/install/nav2_regulated_pure_pursuit_controller/lib:/home/unitree/navigation_ws/install/nav2_recoveries/lib:/home/unitree/navigation_ws/install/nav2_planner/lib:/home/unitree/navigation_ws/install/nav2_navfn_planner/lib:/home/unitree/navigation_ws/install/costmap_queue/lib:/home/unitree/navigation_ws/install/nav2_bt_navigator/lib:/home/unitree/navigation_ws/install/nav2_behavior_tree/lib:/home/unitree/navigation_ws/install/nav2_amcl/lib:/home/unitree/navigation_ws/install/loam_interface/lib:/home/unitree/navigation_ws/install/fast_lio/lib:/home/unitree/navigation_ws/install/livox_ros_driver2/lib:/home/unitree/navigation_ws/install/linefit_ground_segmentation/lib:/home/unitree/navigation_ws/install/behaviortree_cpp/lib:/usr/local/cuda-11.4/lib64:/usr/local/lib:/home/unitree/cyclonedds_ws/install/rmw_cyclonedds_cpp/lib:/home/unitree/cyclonedds_ws/install/cyclonedds/lib:/opt/ros/foxy/opt/yaml_cpp_vendor/lib:/opt/ros/foxy/opt/rviz_ogre_vendor/lib:/opt/ros/foxy/lib/aarch64-linux-gnu:/opt/ros/foxy/lib:/usr/local/cuda-11.4/lib64 PYTHONPATH=/home/unitree/navigation_ws/install/nav2_msgs/lib/python3.8/site-packages:/home/unitree/navigation_ws/install/nav2_common/lib/python3.8/site-packages:/home/unitree/navigation_ws/install/rm_autonomy_interfaces/lib/python3.8/site-packages:/home/unitree/navigation_ws/install/dwb_msgs/lib/python3.8/site-packages:/home/unitree/navigation_ws/install/nav_2d_msgs/lib/python3.8/site-packages:/home/unitree/navigation_ws/install/fast_lio/lib/python3.8/site-packages:/home/unitree/navigation_ws/install/livox_ros_driver2/lib/python3.8/site-packages:/opt/ros/foxy/lib/python3.8/site-packages /usr/bin/cmake --build /home/unitree/navigation_ws/build/smac_planner -- -j8 -l8
[11.076s] Level 1:colcon.colcon_core.environment:create_environment_scripts_only(nav2_controller)
[11.077s] Level 1:colcon.colcon_core.environment:checking '/home/unitree/navigation_ws/install/nav2_controller' for CMake module files
[11.078s] Level 1:colcon.colcon_core.environment:checking '/home/unitree/navigation_ws/install/nav2_controller' for CMake config files
[11.079s] Level 1:colcon.colcon_core.shell:create_environment_hook('nav2_controller', 'cmake_prefix_path')
[11.079s] INFO:colcon.colcon_core.shell:Creating environment hook '/home/unitree/navigation_ws/install/nav2_controller/share/nav2_controller/hook/cmake_prefix_path.ps1'
[11.081s] INFO:colcon.colcon_core.shell:Creating environment descriptor '/home/unitree/navigation_ws/install/nav2_controller/share/nav2_controller/hook/cmake_prefix_path.dsv'
[11.081s] INFO:colcon.colcon_core.shell:Creating environment hook '/home/unitree/navigation_ws/install/nav2_controller/share/nav2_controller/hook/cmake_prefix_path.sh'
[11.082s] Level 1:colcon.colcon_core.environment:checking '/home/unitree/navigation_ws/install/nav2_controller/lib'
[11.082s] Level 1:colcon.colcon_core.shell:create_environment_hook('nav2_controller', 'ld_library_path_lib')
[11.083s] INFO:colcon.colcon_core.shell:Creating environment hook '/home/unitree/navigation_ws/install/nav2_controller/share/nav2_controller/hook/ld_library_path_lib.ps1'
[11.083s] INFO:colcon.colcon_core.shell:Creating environment descriptor '/home/unitree/navigation_ws/install/nav2_controller/share/nav2_controller/hook/ld_library_path_lib.dsv'
[11.084s] INFO:colcon.colcon_core.shell:Creating environment hook '/home/unitree/navigation_ws/install/nav2_controller/share/nav2_controller/hook/ld_library_path_lib.sh'
[11.084s] Level 1:colcon.colcon_core.environment:checking '/home/unitree/navigation_ws/install/nav2_controller/bin'
[11.085s] Level 1:colcon.colcon_core.environment:checking '/home/unitree/navigation_ws/install/nav2_controller/lib/pkgconfig/nav2_controller.pc'
[11.085s] Level 1:colcon.colcon_core.environment:checking '/home/unitree/navigation_ws/install/nav2_controller/lib/python3.8/site-packages'
[11.085s] Level 1:colcon.colcon_core.environment:checking '/home/unitree/navigation_ws/install/nav2_controller/bin'
[11.086s] INFO:colcon.colcon_core.shell:Creating package script '/home/unitree/navigation_ws/install/nav2_controller/share/nav2_controller/package.ps1'
[11.087s] INFO:colcon.colcon_core.shell:Creating package descriptor '/home/unitree/navigation_ws/install/nav2_controller/share/nav2_controller/package.dsv'
[11.088s] INFO:colcon.colcon_core.shell:Creating package script '/home/unitree/navigation_ws/install/nav2_controller/share/nav2_controller/package.sh'
[11.088s] INFO:colcon.colcon_core.shell:Creating package script '/home/unitree/navigation_ws/install/nav2_controller/share/nav2_controller/package.bash'
[11.089s] INFO:colcon.colcon_core.shell:Creating package script '/home/unitree/navigation_ws/install/nav2_controller/share/nav2_controller/package.zsh'
[11.090s] Level 1:colcon.colcon_core.environment:create_file_with_runtime_dependencies(/home/unitree/navigation_ws/install/nav2_controller/share/colcon-core/packages/nav2_controller)
[11.101s] DEBUG:colcon.colcon_core.event_handler.log_command:Invoking command in '/home/unitree/navigation_ws/build/dwb_critics': CMAKE_PREFIX_PATH=/home/unitree/navigation_ws/install/dwb_core:/home/unitree/navigation_ws/install/nav2_core:/home/unitree/navigation_ws/install/costmap_queue:/home/unitree/navigation_ws/install/nav2_costmap_2d:/home/unitree/navigation_ws/install/nav_2d_utils:/home/unitree/navigation_ws/install/nav2_map_server:/home/unitree/navigation_ws/install/nav2_lifecycle_manager:/home/unitree/navigation_ws/install/nav2_util:/home/unitree/navigation_ws/install/nav2_voxel_grid:/home/unitree/navigation_ws/install/nav2_msgs:/home/unitree/navigation_ws/install/dwb_msgs:/home/unitree/navigation_ws/install/nav_2d_msgs:/home/unitree/navigation_ws/install/nav2_common:/home/unitree/navigation_ws/install/nav2_bringup:/home/unitree/navigation_ws/install/navigation2:/home/unitree/navigation_ws/install/smac_planner:/home/unitree/navigation_ws/install/rm_autonomy:/home/unitree/navigation_ws/install/rm_autonomy_interfaces:/home/unitree/navigation_ws/install/bringup:/home/unitree/navigation_ws/install/pointcloud_to_laserscan:/home/unitree/navigation_ws/install/nav2_dwb_controller:/home/unitree/navigation_ws/install/nav2_controller:/home/unitree/navigation_ws/install/dwb_plugins:/home/unitree/navigation_ws/install/dwb_critics:/home/unitree/navigation_ws/install/nav2_waypoint_follower:/home/unitree/navigation_ws/install/nav2_regulated_pure_pursuit_controller:/home/unitree/navigation_ws/install/nav2_recoveries:/home/unitree/navigation_ws/install/nav2_planner:/home/unitree/navigation_ws/install/nav2_navfn_planner:/home/unitree/navigation_ws/install/nav2_bt_navigator:/home/unitree/navigation_ws/install/nav2_behavior_tree:/home/unitree/navigation_ws/install/nav2_amcl:/home/unitree/navigation_ws/install/loam_interface:/home/unitree/navigation_ws/install/fast_lio:/home/unitree/navigation_ws/install/livox_ros_driver2:/home/unitree/navigation_ws/install/linefit_ground_segmentation_ros:/home/unitree/navigation_ws/install/linefit_ground_segmentation:/home/unitree/navigation_ws/install/cmd_vel_processor:/home/unitree/navigation_ws/install/behaviortree_cpp:/home/unitree/cyclonedds_ws/install/rmw_cyclonedds_cpp:/home/unitree/cyclonedds_ws/install/cyclonedds:/opt/ros/foxy LD_LIBRARY_PATH=/home/unitree/navigation_ws/install/dwb_core/lib:/home/unitree/navigation_ws/install/nav2_costmap_2d/lib:/home/unitree/navigation_ws/install/nav_2d_utils/lib:/home/unitree/navigation_ws/install/nav2_map_server/lib:/home/unitree/navigation_ws/install/nav2_lifecycle_manager/lib:/home/unitree/navigation_ws/install/nav2_util/lib:/home/unitree/navigation_ws/install/nav2_voxel_grid/lib:/home/unitree/navigation_ws/install/nav2_msgs/lib:/home/unitree/navigation_ws/install/dwb_msgs/lib:/home/unitree/navigation_ws/install/nav_2d_msgs/lib:/home/unitree/navigation_ws/install/smac_planner/lib:/home/unitree/navigation_ws/install/rm_autonomy/lib:/home/unitree/navigation_ws/install/rm_autonomy_interfaces/lib:/home/unitree/navigation_ws/install/pointcloud_to_laserscan/lib:/home/unitree/navigation_ws/install/nav2_controller/lib:/home/unitree/navigation_ws/install/dwb_plugins/lib:/home/unitree/navigation_ws/install/dwb_critics/lib:/home/unitree/navigation_ws/install/nav2_waypoint_follower/lib:/home/unitree/navigation_ws/install/nav2_regulated_pure_pursuit_controller/lib:/home/unitree/navigation_ws/install/nav2_recoveries/lib:/home/unitree/navigation_ws/install/nav2_planner/lib:/home/unitree/navigation_ws/install/nav2_navfn_planner/lib:/home/unitree/navigation_ws/install/costmap_queue/lib:/home/unitree/navigation_ws/install/nav2_bt_navigator/lib:/home/unitree/navigation_ws/install/nav2_behavior_tree/lib:/home/unitree/navigation_ws/install/nav2_amcl/lib:/home/unitree/navigation_ws/install/loam_interface/lib:/home/unitree/navigation_ws/install/fast_lio/lib:/home/unitree/navigation_ws/install/livox_ros_driver2/lib:/home/unitree/navigation_ws/install/linefit_ground_segmentation/lib:/home/unitree/navigation_ws/install/behaviortree_cpp/lib:/usr/local/cuda-11.4/lib64:/usr/local/lib:/home/unitree/cyclonedds_ws/install/rmw_cyclonedds_cpp/lib:/home/unitree/cyclonedds_ws/install/cyclonedds/lib:/opt/ros/foxy/opt/yaml_cpp_vendor/lib:/opt/ros/foxy/opt/rviz_ogre_vendor/lib:/opt/ros/foxy/lib/aarch64-linux-gnu:/opt/ros/foxy/lib:/usr/local/cuda-11.4/lib64 PYTHONPATH=/home/unitree/navigation_ws/install/nav2_msgs/lib/python3.8/site-packages:/home/unitree/navigation_ws/install/dwb_msgs/lib/python3.8/site-packages:/home/unitree/navigation_ws/install/nav_2d_msgs/lib/python3.8/site-packages:/home/unitree/navigation_ws/install/nav2_common/lib/python3.8/site-packages:/home/unitree/navigation_ws/install/rm_autonomy_interfaces/lib/python3.8/site-packages:/home/unitree/navigation_ws/install/fast_lio/lib/python3.8/site-packages:/home/unitree/navigation_ws/install/livox_ros_driver2/lib/python3.8/site-packages:/opt/ros/foxy/lib/python3.8/site-packages /usr/bin/cmake --build /home/unitree/navigation_ws/build/dwb_critics -- -j8 -l8
[11.114s] DEBUG:colcon.colcon_core.event_handler.log_command:Invoking command in '/home/unitree/navigation_ws/build/dwb_plugins': CMAKE_PREFIX_PATH=/home/unitree/navigation_ws/install/dwb_core:/home/unitree/navigation_ws/install/nav2_core:/home/unitree/navigation_ws/install/nav2_costmap_2d:/home/unitree/navigation_ws/install/nav_2d_utils:/home/unitree/navigation_ws/install/nav2_map_server:/home/unitree/navigation_ws/install/nav2_lifecycle_manager:/home/unitree/navigation_ws/install/nav2_util:/home/unitree/navigation_ws/install/nav2_voxel_grid:/home/unitree/navigation_ws/install/nav2_msgs:/home/unitree/navigation_ws/install/dwb_msgs:/home/unitree/navigation_ws/install/nav_2d_msgs:/home/unitree/navigation_ws/install/nav2_common:/home/unitree/navigation_ws/install/nav2_bringup:/home/unitree/navigation_ws/install/navigation2:/home/unitree/navigation_ws/install/smac_planner:/home/unitree/navigation_ws/install/rm_autonomy:/home/unitree/navigation_ws/install/rm_autonomy_interfaces:/home/unitree/navigation_ws/install/bringup:/home/unitree/navigation_ws/install/pointcloud_to_laserscan:/home/unitree/navigation_ws/install/nav2_dwb_controller:/home/unitree/navigation_ws/install/nav2_controller:/home/unitree/navigation_ws/install/dwb_plugins:/home/unitree/navigation_ws/install/dwb_critics:/home/unitree/navigation_ws/install/nav2_waypoint_follower:/home/unitree/navigation_ws/install/nav2_regulated_pure_pursuit_controller:/home/unitree/navigation_ws/install/nav2_recoveries:/home/unitree/navigation_ws/install/nav2_planner:/home/unitree/navigation_ws/install/nav2_navfn_planner:/home/unitree/navigation_ws/install/costmap_queue:/home/unitree/navigation_ws/install/nav2_bt_navigator:/home/unitree/navigation_ws/install/nav2_behavior_tree:/home/unitree/navigation_ws/install/nav2_amcl:/home/unitree/navigation_ws/install/loam_interface:/home/unitree/navigation_ws/install/fast_lio:/home/unitree/navigation_ws/install/livox_ros_driver2:/home/unitree/navigation_ws/install/linefit_ground_segmentation_ros:/home/unitree/navigation_ws/install/linefit_ground_segmentation:/home/unitree/navigation_ws/install/cmd_vel_processor:/home/unitree/navigation_ws/install/behaviortree_cpp:/home/unitree/cyclonedds_ws/install/rmw_cyclonedds_cpp:/home/unitree/cyclonedds_ws/install/cyclonedds:/opt/ros/foxy LD_LIBRARY_PATH=/home/unitree/navigation_ws/install/dwb_core/lib:/home/unitree/navigation_ws/install/nav2_costmap_2d/lib:/home/unitree/navigation_ws/install/nav_2d_utils/lib:/home/unitree/navigation_ws/install/nav2_map_server/lib:/home/unitree/navigation_ws/install/nav2_lifecycle_manager/lib:/home/unitree/navigation_ws/install/nav2_util/lib:/home/unitree/navigation_ws/install/nav2_voxel_grid/lib:/home/unitree/navigation_ws/install/nav2_msgs/lib:/home/unitree/navigation_ws/install/dwb_msgs/lib:/home/unitree/navigation_ws/install/nav_2d_msgs/lib:/home/unitree/navigation_ws/install/smac_planner/lib:/home/unitree/navigation_ws/install/rm_autonomy/lib:/home/unitree/navigation_ws/install/rm_autonomy_interfaces/lib:/home/unitree/navigation_ws/install/pointcloud_to_laserscan/lib:/home/unitree/navigation_ws/install/nav2_controller/lib:/home/unitree/navigation_ws/install/dwb_plugins/lib:/home/unitree/navigation_ws/install/dwb_critics/lib:/home/unitree/navigation_ws/install/nav2_waypoint_follower/lib:/home/unitree/navigation_ws/install/nav2_regulated_pure_pursuit_controller/lib:/home/unitree/navigation_ws/install/nav2_recoveries/lib:/home/unitree/navigation_ws/install/nav2_planner/lib:/home/unitree/navigation_ws/install/nav2_navfn_planner/lib:/home/unitree/navigation_ws/install/costmap_queue/lib:/home/unitree/navigation_ws/install/nav2_bt_navigator/lib:/home/unitree/navigation_ws/install/nav2_behavior_tree/lib:/home/unitree/navigation_ws/install/nav2_amcl/lib:/home/unitree/navigation_ws/install/loam_interface/lib:/home/unitree/navigation_ws/install/fast_lio/lib:/home/unitree/navigation_ws/install/livox_ros_driver2/lib:/home/unitree/navigation_ws/install/linefit_ground_segmentation/lib:/home/unitree/navigation_ws/install/behaviortree_cpp/lib:/usr/local/cuda-11.4/lib64:/usr/local/lib:/home/unitree/cyclonedds_ws/install/rmw_cyclonedds_cpp/lib:/home/unitree/cyclonedds_ws/install/cyclonedds/lib:/opt/ros/foxy/opt/yaml_cpp_vendor/lib:/opt/ros/foxy/opt/rviz_ogre_vendor/lib:/opt/ros/foxy/lib/aarch64-linux-gnu:/opt/ros/foxy/lib:/usr/local/cuda-11.4/lib64 PYTHONPATH=/home/unitree/navigation_ws/install/nav2_msgs/lib/python3.8/site-packages:/home/unitree/navigation_ws/install/dwb_msgs/lib/python3.8/site-packages:/home/unitree/navigation_ws/install/nav_2d_msgs/lib/python3.8/site-packages:/home/unitree/navigation_ws/install/nav2_common/lib/python3.8/site-packages:/home/unitree/navigation_ws/install/rm_autonomy_interfaces/lib/python3.8/site-packages:/home/unitree/navigation_ws/install/fast_lio/lib/python3.8/site-packages:/home/unitree/navigation_ws/install/livox_ros_driver2/lib/python3.8/site-packages:/opt/ros/foxy/lib/python3.8/site-packages /usr/bin/cmake --build /home/unitree/navigation_ws/build/dwb_plugins -- -j8 -l8
[11.119s] Level 1:colcon.colcon_core.environment:create_environment_scripts_only(nav2_regulated_pure_pursuit_controller)
[11.120s] Level 1:colcon.colcon_core.environment:checking '/home/unitree/navigation_ws/install/nav2_regulated_pure_pursuit_controller' for CMake module files
[11.123s] Level 1:colcon.colcon_core.environment:checking '/home/unitree/navigation_ws/install/nav2_regulated_pure_pursuit_controller' for CMake config files
[11.124s] Level 1:colcon.colcon_core.shell:create_environment_hook('nav2_regulated_pure_pursuit_controller', 'cmake_prefix_path')
[11.125s] INFO:colcon.colcon_core.shell:Creating environment hook '/home/unitree/navigation_ws/install/nav2_regulated_pure_pursuit_controller/share/nav2_regulated_pure_pursuit_controller/hook/cmake_prefix_path.ps1'
[11.126s] INFO:colcon.colcon_core.shell:Creating environment descriptor '/home/unitree/navigation_ws/install/nav2_regulated_pure_pursuit_controller/share/nav2_regulated_pure_pursuit_controller/hook/cmake_prefix_path.dsv'
[11.127s] INFO:colcon.colcon_core.shell:Creating environment hook '/home/unitree/navigation_ws/install/nav2_regulated_pure_pursuit_controller/share/nav2_regulated_pure_pursuit_controller/hook/cmake_prefix_path.sh'
[11.128s] Level 1:colcon.colcon_core.environment:checking '/home/unitree/navigation_ws/install/nav2_regulated_pure_pursuit_controller/lib'
[11.128s] Level 1:colcon.colcon_core.shell:create_environment_hook('nav2_regulated_pure_pursuit_controller', 'ld_library_path_lib')
[11.129s] INFO:colcon.colcon_core.shell:Creating environment hook '/home/unitree/navigation_ws/install/nav2_regulated_pure_pursuit_controller/share/nav2_regulated_pure_pursuit_controller/hook/ld_library_path_lib.ps1'
[11.129s] INFO:colcon.colcon_core.shell:Creating environment descriptor '/home/unitree/navigation_ws/install/nav2_regulated_pure_pursuit_controller/share/nav2_regulated_pure_pursuit_controller/hook/ld_library_path_lib.dsv'
[11.130s] INFO:colcon.colcon_core.shell:Creating environment hook '/home/unitree/navigation_ws/install/nav2_regulated_pure_pursuit_controller/share/nav2_regulated_pure_pursuit_controller/hook/ld_library_path_lib.sh'
[11.130s] Level 1:colcon.colcon_core.environment:checking '/home/unitree/navigation_ws/install/nav2_regulated_pure_pursuit_controller/bin'
[11.131s] Level 1:colcon.colcon_core.environment:checking '/home/unitree/navigation_ws/install/nav2_regulated_pure_pursuit_controller/lib/pkgconfig/nav2_regulated_pure_pursuit_controller.pc'
[11.131s] Level 1:colcon.colcon_core.environment:checking '/home/unitree/navigation_ws/install/nav2_regulated_pure_pursuit_controller/lib/python3.8/site-packages'
[11.131s] Level 1:colcon.colcon_core.environment:checking '/home/unitree/navigation_ws/install/nav2_regulated_pure_pursuit_controller/bin'
[11.132s] INFO:colcon.colcon_core.shell:Creating package script '/home/unitree/navigation_ws/install/nav2_regulated_pure_pursuit_controller/share/nav2_regulated_pure_pursuit_controller/package.ps1'
[11.133s] INFO:colcon.colcon_core.shell:Creating package descriptor '/home/unitree/navigation_ws/install/nav2_regulated_pure_pursuit_controller/share/nav2_regulated_pure_pursuit_controller/package.dsv'
[11.134s] INFO:colcon.colcon_core.shell:Creating package script '/home/unitree/navigation_ws/install/nav2_regulated_pure_pursuit_controller/share/nav2_regulated_pure_pursuit_controller/package.sh'
[11.135s] INFO:colcon.colcon_core.shell:Creating package script '/home/unitree/navigation_ws/install/nav2_regulated_pure_pursuit_controller/share/nav2_regulated_pure_pursuit_controller/package.bash'
[11.135s] INFO:colcon.colcon_core.shell:Creating package script '/home/unitree/navigation_ws/install/nav2_regulated_pure_pursuit_controller/share/nav2_regulated_pure_pursuit_controller/package.zsh'
[11.138s] Level 1:colcon.colcon_core.environment:create_file_with_runtime_dependencies(/home/unitree/navigation_ws/install/nav2_regulated_pure_pursuit_controller/share/colcon-core/packages/nav2_regulated_pure_pursuit_controller)
[11.155s] Level 1:colcon.colcon_core.environment:create_environment_scripts_only(nav2_recoveries)
[11.156s] Level 1:colcon.colcon_core.environment:checking '/home/unitree/navigation_ws/install/nav2_recoveries' for CMake module files
[11.157s] Level 1:colcon.colcon_core.environment:checking '/home/unitree/navigation_ws/install/nav2_recoveries' for CMake config files
[11.157s] Level 1:colcon.colcon_core.shell:create_environment_hook('nav2_recoveries', 'cmake_prefix_path')
[11.158s] INFO:colcon.colcon_core.shell:Creating environment hook '/home/unitree/navigation_ws/install/nav2_recoveries/share/nav2_recoveries/hook/cmake_prefix_path.ps1'
[11.159s] INFO:colcon.colcon_core.shell:Creating environment descriptor '/home/unitree/navigation_ws/install/nav2_recoveries/share/nav2_recoveries/hook/cmake_prefix_path.dsv'
[11.159s] INFO:colcon.colcon_core.shell:Creating environment hook '/home/unitree/navigation_ws/install/nav2_recoveries/share/nav2_recoveries/hook/cmake_prefix_path.sh'
[11.160s] Level 1:colcon.colcon_core.environment:checking '/home/unitree/navigation_ws/install/nav2_recoveries/lib'
[11.160s] Level 1:colcon.colcon_core.shell:create_environment_hook('nav2_recoveries', 'ld_library_path_lib')
[11.161s] INFO:colcon.colcon_core.shell:Creating environment hook '/home/unitree/navigation_ws/install/nav2_recoveries/share/nav2_recoveries/hook/ld_library_path_lib.ps1'
[11.162s] INFO:colcon.colcon_core.shell:Creating environment descriptor '/home/unitree/navigation_ws/install/nav2_recoveries/share/nav2_recoveries/hook/ld_library_path_lib.dsv'
[11.162s] INFO:colcon.colcon_core.shell:Creating environment hook '/home/unitree/navigation_ws/install/nav2_recoveries/share/nav2_recoveries/hook/ld_library_path_lib.sh'
[11.163s] Level 1:colcon.colcon_core.environment:checking '/home/unitree/navigation_ws/install/nav2_recoveries/bin'
[11.163s] Level 1:colcon.colcon_core.environment:checking '/home/unitree/navigation_ws/install/nav2_recoveries/lib/pkgconfig/nav2_recoveries.pc'
[11.163s] Level 1:colcon.colcon_core.environment:checking '/home/unitree/navigation_ws/install/nav2_recoveries/lib/python3.8/site-packages'
[11.164s] Level 1:colcon.colcon_core.environment:checking '/home/unitree/navigation_ws/install/nav2_recoveries/bin'
[11.164s] INFO:colcon.colcon_core.shell:Creating package script '/home/unitree/navigation_ws/install/nav2_recoveries/share/nav2_recoveries/package.ps1'
[11.165s] INFO:colcon.colcon_core.shell:Creating package descriptor '/home/unitree/navigation_ws/install/nav2_recoveries/share/nav2_recoveries/package.dsv'
[11.166s] INFO:colcon.colcon_core.shell:Creating package script '/home/unitree/navigation_ws/install/nav2_recoveries/share/nav2_recoveries/package.sh'
[11.167s] INFO:colcon.colcon_core.shell:Creating package script '/home/unitree/navigation_ws/install/nav2_recoveries/share/nav2_recoveries/package.bash'
[11.168s] INFO:colcon.colcon_core.shell:Creating package script '/home/unitree/navigation_ws/install/nav2_recoveries/share/nav2_recoveries/package.zsh'
[11.168s] Level 1:colcon.colcon_core.environment:create_file_with_runtime_dependencies(/home/unitree/navigation_ws/install/nav2_recoveries/share/colcon-core/packages/nav2_recoveries)
[11.221s] DEBUG:colcon.colcon_core.event_handler.log_command:Invoking command in '/home/unitree/navigation_ws/build/smac_planner': CMAKE_PREFIX_PATH=/home/unitree/navigation_ws/install/nav2_core:/home/unitree/navigation_ws/install/nav2_costmap_2d:/home/unitree/navigation_ws/install/nav2_map_server:/home/unitree/navigation_ws/install/nav2_lifecycle_manager:/home/unitree/navigation_ws/install/nav2_util:/home/unitree/navigation_ws/install/nav2_voxel_grid:/home/unitree/navigation_ws/install/nav2_msgs:/home/unitree/navigation_ws/install/nav2_common:/home/unitree/navigation_ws/install/nav2_bringup:/home/unitree/navigation_ws/install/navigation2:/home/unitree/navigation_ws/install/smac_planner:/home/unitree/navigation_ws/install/rm_autonomy:/home/unitree/navigation_ws/install/rm_autonomy_interfaces:/home/unitree/navigation_ws/install/bringup:/home/unitree/navigation_ws/install/pointcloud_to_laserscan:/home/unitree/navigation_ws/install/nav2_dwb_controller:/home/unitree/navigation_ws/install/nav2_controller:/home/unitree/navigation_ws/install/dwb_plugins:/home/unitree/navigation_ws/install/dwb_critics:/home/unitree/navigation_ws/install/dwb_core:/home/unitree/navigation_ws/install/nav_2d_utils:/home/unitree/navigation_ws/install/dwb_msgs:/home/unitree/navigation_ws/install/nav_2d_msgs:/home/unitree/navigation_ws/install/nav2_waypoint_follower:/home/unitree/navigation_ws/install/nav2_regulated_pure_pursuit_controller:/home/unitree/navigation_ws/install/nav2_recoveries:/home/unitree/navigation_ws/install/nav2_planner:/home/unitree/navigation_ws/install/nav2_navfn_planner:/home/unitree/navigation_ws/install/costmap_queue:/home/unitree/navigation_ws/install/nav2_bt_navigator:/home/unitree/navigation_ws/install/nav2_behavior_tree:/home/unitree/navigation_ws/install/nav2_amcl:/home/unitree/navigation_ws/install/loam_interface:/home/unitree/navigation_ws/install/fast_lio:/home/unitree/navigation_ws/install/livox_ros_driver2:/home/unitree/navigation_ws/install/linefit_ground_segmentation_ros:/home/unitree/navigation_ws/install/linefit_ground_segmentation:/home/unitree/navigation_ws/install/cmd_vel_processor:/home/unitree/navigation_ws/install/behaviortree_cpp:/home/unitree/cyclonedds_ws/install/rmw_cyclonedds_cpp:/home/unitree/cyclonedds_ws/install/cyclonedds:/opt/ros/foxy LD_LIBRARY_PATH=/home/unitree/navigation_ws/install/nav2_costmap_2d/lib:/home/unitree/navigation_ws/install/nav2_map_server/lib:/home/unitree/navigation_ws/install/nav2_lifecycle_manager/lib:/home/unitree/navigation_ws/install/nav2_util/lib:/home/unitree/navigation_ws/install/nav2_voxel_grid/lib:/home/unitree/navigation_ws/install/nav2_msgs/lib:/home/unitree/navigation_ws/install/smac_planner/lib:/home/unitree/navigation_ws/install/rm_autonomy/lib:/home/unitree/navigation_ws/install/rm_autonomy_interfaces/lib:/home/unitree/navigation_ws/install/pointcloud_to_laserscan/lib:/home/unitree/navigation_ws/install/nav2_controller/lib:/home/unitree/navigation_ws/install/dwb_plugins/lib:/home/unitree/navigation_ws/install/dwb_critics/lib:/home/unitree/navigation_ws/install/dwb_core/lib:/home/unitree/navigation_ws/install/nav_2d_utils/lib:/home/unitree/navigation_ws/install/dwb_msgs/lib:/home/unitree/navigation_ws/install/nav_2d_msgs/lib:/home/unitree/navigation_ws/install/nav2_waypoint_follower/lib:/home/unitree/navigation_ws/install/nav2_regulated_pure_pursuit_controller/lib:/home/unitree/navigation_ws/install/nav2_recoveries/lib:/home/unitree/navigation_ws/install/nav2_planner/lib:/home/unitree/navigation_ws/install/nav2_navfn_planner/lib:/home/unitree/navigation_ws/install/costmap_queue/lib:/home/unitree/navigation_ws/install/nav2_bt_navigator/lib:/home/unitree/navigation_ws/install/nav2_behavior_tree/lib:/home/unitree/navigation_ws/install/nav2_amcl/lib:/home/unitree/navigation_ws/install/loam_interface/lib:/home/unitree/navigation_ws/install/fast_lio/lib:/home/unitree/navigation_ws/install/livox_ros_driver2/lib:/home/unitree/navigation_ws/install/linefit_ground_segmentation/lib:/home/unitree/navigation_ws/install/behaviortree_cpp/lib:/usr/local/cuda-11.4/lib64:/usr/local/lib:/home/unitree/cyclonedds_ws/install/rmw_cyclonedds_cpp/lib:/home/unitree/cyclonedds_ws/install/cyclonedds/lib:/opt/ros/foxy/opt/yaml_cpp_vendor/lib:/opt/ros/foxy/opt/rviz_ogre_vendor/lib:/opt/ros/foxy/lib/aarch64-linux-gnu:/opt/ros/foxy/lib:/usr/local/cuda-11.4/lib64 PYTHONPATH=/home/unitree/navigation_ws/install/nav2_msgs/lib/python3.8/site-packages:/home/unitree/navigation_ws/install/nav2_common/lib/python3.8/site-packages:/home/unitree/navigation_ws/install/rm_autonomy_interfaces/lib/python3.8/site-packages:/home/unitree/navigation_ws/install/dwb_msgs/lib/python3.8/site-packages:/home/unitree/navigation_ws/install/nav_2d_msgs/lib/python3.8/site-packages:/home/unitree/navigation_ws/install/fast_lio/lib/python3.8/site-packages:/home/unitree/navigation_ws/install/livox_ros_driver2/lib/python3.8/site-packages:/opt/ros/foxy/lib/python3.8/site-packages /usr/bin/cmake --install /home/unitree/navigation_ws/build/smac_planner
[11.290s] Level 1:colcon.colcon_core.environment:create_environment_scripts_only(smac_planner)
[11.291s] Level 1:colcon.colcon_core.environment:checking '/home/unitree/navigation_ws/install/smac_planner' for CMake module files
[11.292s] Level 1:colcon.colcon_core.environment:checking '/home/unitree/navigation_ws/install/smac_planner' for CMake config files
[11.292s] Level 1:colcon.colcon_core.shell:create_environment_hook('smac_planner', 'cmake_prefix_path')
[11.293s] INFO:colcon.colcon_core.shell:Creating environment hook '/home/unitree/navigation_ws/install/smac_planner/share/smac_planner/hook/cmake_prefix_path.ps1'
[11.294s] INFO:colcon.colcon_core.shell:Creating environment descriptor '/home/unitree/navigation_ws/install/smac_planner/share/smac_planner/hook/cmake_prefix_path.dsv'
[11.295s] INFO:colcon.colcon_core.shell:Creating environment hook '/home/unitree/navigation_ws/install/smac_planner/share/smac_planner/hook/cmake_prefix_path.sh'
[11.296s] DEBUG:colcon.colcon_core.event_handler.log_command:Invoked command in '/home/unitree/navigation_ws/build/smac_planner' returned '0': CMAKE_PREFIX_PATH=/home/unitree/navigation_ws/install/nav2_core:/home/unitree/navigation_ws/install/nav2_costmap_2d:/home/unitree/navigation_ws/install/nav2_map_server:/home/unitree/navigation_ws/install/nav2_lifecycle_manager:/home/unitree/navigation_ws/install/nav2_util:/home/unitree/navigation_ws/install/nav2_voxel_grid:/home/unitree/navigation_ws/install/nav2_msgs:/home/unitree/navigation_ws/install/nav2_common:/home/unitree/navigation_ws/install/nav2_bringup:/home/unitree/navigation_ws/install/navigation2:/home/unitree/navigation_ws/install/smac_planner:/home/unitree/navigation_ws/install/rm_autonomy:/home/unitree/navigation_ws/install/rm_autonomy_interfaces:/home/unitree/navigation_ws/install/bringup:/home/unitree/navigation_ws/install/pointcloud_to_laserscan:/home/unitree/navigation_ws/install/nav2_dwb_controller:/home/unitree/navigation_ws/install/nav2_controller:/home/unitree/navigation_ws/install/dwb_plugins:/home/unitree/navigation_ws/install/dwb_critics:/home/unitree/navigation_ws/install/dwb_core:/home/unitree/navigation_ws/install/nav_2d_utils:/home/unitree/navigation_ws/install/dwb_msgs:/home/unitree/navigation_ws/install/nav_2d_msgs:/home/unitree/navigation_ws/install/nav2_waypoint_follower:/home/unitree/navigation_ws/install/nav2_regulated_pure_pursuit_controller:/home/unitree/navigation_ws/install/nav2_recoveries:/home/unitree/navigation_ws/install/nav2_planner:/home/unitree/navigation_ws/install/nav2_navfn_planner:/home/unitree/navigation_ws/install/costmap_queue:/home/unitree/navigation_ws/install/nav2_bt_navigator:/home/unitree/navigation_ws/install/nav2_behavior_tree:/home/unitree/navigation_ws/install/nav2_amcl:/home/unitree/navigation_ws/install/loam_interface:/home/unitree/navigation_ws/install/fast_lio:/home/unitree/navigation_ws/install/livox_ros_driver2:/home/unitree/navigation_ws/install/linefit_ground_segmentation_ros:/home/unitree/navigation_ws/install/linefit_ground_segmentation:/home/unitree/navigation_ws/install/cmd_vel_processor:/home/unitree/navigation_ws/install/behaviortree_cpp:/home/unitree/cyclonedds_ws/install/rmw_cyclonedds_cpp:/home/unitree/cyclonedds_ws/install/cyclonedds:/opt/ros/foxy LD_LIBRARY_PATH=/home/unitree/navigation_ws/install/nav2_costmap_2d/lib:/home/unitree/navigation_ws/install/nav2_map_server/lib:/home/unitree/navigation_ws/install/nav2_lifecycle_manager/lib:/home/unitree/navigation_ws/install/nav2_util/lib:/home/unitree/navigation_ws/install/nav2_voxel_grid/lib:/home/unitree/navigation_ws/install/nav2_msgs/lib:/home/unitree/navigation_ws/install/smac_planner/lib:/home/unitree/navigation_ws/install/rm_autonomy/lib:/home/unitree/navigation_ws/install/rm_autonomy_interfaces/lib:/home/unitree/navigation_ws/install/pointcloud_to_laserscan/lib:/home/unitree/navigation_ws/install/nav2_controller/lib:/home/unitree/navigation_ws/install/dwb_plugins/lib:/home/unitree/navigation_ws/install/dwb_critics/lib:/home/unitree/navigation_ws/install/dwb_core/lib:/home/unitree/navigation_ws/install/nav_2d_utils/lib:/home/unitree/navigation_ws/install/dwb_msgs/lib:/home/unitree/navigation_ws/install/nav_2d_msgs/lib:/home/unitree/navigation_ws/install/nav2_waypoint_follower/lib:/home/unitree/navigation_ws/install/nav2_regulated_pure_pursuit_controller/lib:/home/unitree/navigation_ws/install/nav2_recoveries/lib:/home/unitree/navigation_ws/install/nav2_planner/lib:/home/unitree/navigation_ws/install/nav2_navfn_planner/lib:/home/unitree/navigation_ws/install/costmap_queue/lib:/home/unitree/navigation_ws/install/nav2_bt_navigator/lib:/home/unitree/navigation_ws/install/nav2_behavior_tree/lib:/home/unitree/navigation_ws/install/nav2_amcl/lib:/home/unitree/navigation_ws/install/loam_interface/lib:/home/unitree/navigation_ws/install/fast_lio/lib:/home/unitree/navigation_ws/install/livox_ros_driver2/lib:/home/unitree/navigation_ws/install/linefit_ground_segmentation/lib:/home/unitree/navigation_ws/install/behaviortree_cpp/lib:/usr/local/cuda-11.4/lib64:/usr/local/lib:/home/unitree/cyclonedds_ws/install/rmw_cyclonedds_cpp/lib:/home/unitree/cyclonedds_ws/install/cyclonedds/lib:/opt/ros/foxy/opt/yaml_cpp_vendor/lib:/opt/ros/foxy/opt/rviz_ogre_vendor/lib:/opt/ros/foxy/lib/aarch64-linux-gnu:/opt/ros/foxy/lib:/usr/local/cuda-11.4/lib64 PYTHONPATH=/home/unitree/navigation_ws/install/nav2_msgs/lib/python3.8/site-packages:/home/unitree/navigation_ws/install/nav2_common/lib/python3.8/site-packages:/home/unitree/navigation_ws/install/rm_autonomy_interfaces/lib/python3.8/site-packages:/home/unitree/navigation_ws/install/dwb_msgs/lib/python3.8/site-packages:/home/unitree/navigation_ws/install/nav_2d_msgs/lib/python3.8/site-packages:/home/unitree/navigation_ws/install/fast_lio/lib/python3.8/site-packages:/home/unitree/navigation_ws/install/livox_ros_driver2/lib/python3.8/site-packages:/opt/ros/foxy/lib/python3.8/site-packages /usr/bin/cmake --install /home/unitree/navigation_ws/build/smac_planner
[11.298s] Level 1:colcon.colcon_core.environment:checking '/home/unitree/navigation_ws/install/smac_planner/lib'
[11.298s] Level 1:colcon.colcon_core.shell:create_environment_hook('smac_planner', 'ld_library_path_lib')
[11.299s] INFO:colcon.colcon_core.shell:Creating environment hook '/home/unitree/navigation_ws/install/smac_planner/share/smac_planner/hook/ld_library_path_lib.ps1'
[11.300s] INFO:colcon.colcon_core.shell:Creating environment descriptor '/home/unitree/navigation_ws/install/smac_planner/share/smac_planner/hook/ld_library_path_lib.dsv'
[11.301s] INFO:colcon.colcon_core.shell:Creating environment hook '/home/unitree/navigation_ws/install/smac_planner/share/smac_planner/hook/ld_library_path_lib.sh'
[11.303s] Level 1:colcon.colcon_core.environment:checking '/home/unitree/navigation_ws/install/smac_planner/bin'
[11.303s] Level 1:colcon.colcon_core.environment:checking '/home/unitree/navigation_ws/install/smac_planner/lib/pkgconfig/smac_planner.pc'
[11.304s] Level 1:colcon.colcon_core.environment:checking '/home/unitree/navigation_ws/install/smac_planner/lib/python3.8/site-packages'
[11.304s] Level 1:colcon.colcon_core.environment:checking '/home/unitree/navigation_ws/install/smac_planner/bin'
[11.305s] INFO:colcon.colcon_core.shell:Creating package script '/home/unitree/navigation_ws/install/smac_planner/share/smac_planner/package.ps1'
[11.306s] INFO:colcon.colcon_core.shell:Creating package descriptor '/home/unitree/navigation_ws/install/smac_planner/share/smac_planner/package.dsv'
[11.307s] INFO:colcon.colcon_core.shell:Creating package script '/home/unitree/navigation_ws/install/smac_planner/share/smac_planner/package.sh'
[11.309s] INFO:colcon.colcon_core.shell:Creating package script '/home/unitree/navigation_ws/install/smac_planner/share/smac_planner/package.bash'
[11.309s] INFO:colcon.colcon_core.shell:Creating package script '/home/unitree/navigation_ws/install/smac_planner/share/smac_planner/package.zsh'
[11.310s] Level 1:colcon.colcon_core.environment:create_file_with_runtime_dependencies(/home/unitree/navigation_ws/install/smac_planner/share/colcon-core/packages/smac_planner)
[11.517s] Level 1:colcon.colcon_core.environment:create_environment_scripts_only(smac_planner)
[11.518s] Level 1:colcon.colcon_core.environment:checking '/home/unitree/navigation_ws/install/smac_planner' for CMake module files
[11.519s] Level 1:colcon.colcon_core.environment:checking '/home/unitree/navigation_ws/install/smac_planner' for CMake config files
[11.520s] Level 1:colcon.colcon_core.shell:create_environment_hook('smac_planner', 'cmake_prefix_path')
[11.520s] INFO:colcon.colcon_core.shell:Creating environment hook '/home/unitree/navigation_ws/install/smac_planner/share/smac_planner/hook/cmake_prefix_path.ps1'
[11.522s] INFO:colcon.colcon_core.shell:Creating environment descriptor '/home/unitree/navigation_ws/install/smac_planner/share/smac_planner/hook/cmake_prefix_path.dsv'
[11.523s] INFO:colcon.colcon_core.shell:Creating environment hook '/home/unitree/navigation_ws/install/smac_planner/share/smac_planner/hook/cmake_prefix_path.sh'
[11.524s] Level 1:colcon.colcon_core.environment:checking '/home/unitree/navigation_ws/install/smac_planner/lib'
[11.524s] Level 1:colcon.colcon_core.shell:create_environment_hook('smac_planner', 'ld_library_path_lib')
[11.525s] INFO:colcon.colcon_core.shell:Creating environment hook '/home/unitree/navigation_ws/install/smac_planner/share/smac_planner/hook/ld_library_path_lib.ps1'
[11.526s] INFO:colcon.colcon_core.shell:Creating environment descriptor '/home/unitree/navigation_ws/install/smac_planner/share/smac_planner/hook/ld_library_path_lib.dsv'
[11.528s] INFO:colcon.colcon_core.shell:Creating environment hook '/home/unitree/navigation_ws/install/smac_planner/share/smac_planner/hook/ld_library_path_lib.sh'
[11.529s] Level 1:colcon.colcon_core.environment:checking '/home/unitree/navigation_ws/install/smac_planner/bin'
[11.529s] Level 1:colcon.colcon_core.environment:checking '/home/unitree/navigation_ws/install/smac_planner/lib/pkgconfig/smac_planner.pc'
[11.530s] Level 1:colcon.colcon_core.environment:checking '/home/unitree/navigation_ws/install/smac_planner/lib/python3.8/site-packages'
[11.531s] Level 1:colcon.colcon_core.environment:checking '/home/unitree/navigation_ws/install/smac_planner/bin'
[11.532s] INFO:colcon.colcon_core.shell:Creating package script '/home/unitree/navigation_ws/install/smac_planner/share/smac_planner/package.ps1'
[11.533s] INFO:colcon.colcon_core.shell:Creating package descriptor '/home/unitree/navigation_ws/install/smac_planner/share/smac_planner/package.dsv'
[11.535s] INFO:colcon.colcon_core.shell:Creating package script '/home/unitree/navigation_ws/install/smac_planner/share/smac_planner/package.sh'
[11.536s] INFO:colcon.colcon_core.shell:Creating package script '/home/unitree/navigation_ws/install/smac_planner/share/smac_planner/package.bash'
[11.538s] INFO:colcon.colcon_core.shell:Creating package script '/home/unitree/navigation_ws/install/smac_planner/share/smac_planner/package.zsh'
[11.540s] Level 1:colcon.colcon_core.environment:create_file_with_runtime_dependencies(/home/unitree/navigation_ws/install/smac_planner/share/colcon-core/packages/smac_planner)
[11.871s] DEBUG:colcon.colcon_core.event_handler.log_command:Invoked command in '/home/unitree/navigation_ws/build/dwb_critics' returned '0': CMAKE_PREFIX_PATH=/home/unitree/navigation_ws/install/dwb_core:/home/unitree/navigation_ws/install/nav2_core:/home/unitree/navigation_ws/install/costmap_queue:/home/unitree/navigation_ws/install/nav2_costmap_2d:/home/unitree/navigation_ws/install/nav_2d_utils:/home/unitree/navigation_ws/install/nav2_map_server:/home/unitree/navigation_ws/install/nav2_lifecycle_manager:/home/unitree/navigation_ws/install/nav2_util:/home/unitree/navigation_ws/install/nav2_voxel_grid:/home/unitree/navigation_ws/install/nav2_msgs:/home/unitree/navigation_ws/install/dwb_msgs:/home/unitree/navigation_ws/install/nav_2d_msgs:/home/unitree/navigation_ws/install/nav2_common:/home/unitree/navigation_ws/install/nav2_bringup:/home/unitree/navigation_ws/install/navigation2:/home/unitree/navigation_ws/install/smac_planner:/home/unitree/navigation_ws/install/rm_autonomy:/home/unitree/navigation_ws/install/rm_autonomy_interfaces:/home/unitree/navigation_ws/install/bringup:/home/unitree/navigation_ws/install/pointcloud_to_laserscan:/home/unitree/navigation_ws/install/nav2_dwb_controller:/home/unitree/navigation_ws/install/nav2_controller:/home/unitree/navigation_ws/install/dwb_plugins:/home/unitree/navigation_ws/install/dwb_critics:/home/unitree/navigation_ws/install/nav2_waypoint_follower:/home/unitree/navigation_ws/install/nav2_regulated_pure_pursuit_controller:/home/unitree/navigation_ws/install/nav2_recoveries:/home/unitree/navigation_ws/install/nav2_planner:/home/unitree/navigation_ws/install/nav2_navfn_planner:/home/unitree/navigation_ws/install/nav2_bt_navigator:/home/unitree/navigation_ws/install/nav2_behavior_tree:/home/unitree/navigation_ws/install/nav2_amcl:/home/unitree/navigation_ws/install/loam_interface:/home/unitree/navigation_ws/install/fast_lio:/home/unitree/navigation_ws/install/livox_ros_driver2:/home/unitree/navigation_ws/install/linefit_ground_segmentation_ros:/home/unitree/navigation_ws/install/linefit_ground_segmentation:/home/unitree/navigation_ws/install/cmd_vel_processor:/home/unitree/navigation_ws/install/behaviortree_cpp:/home/unitree/cyclonedds_ws/install/rmw_cyclonedds_cpp:/home/unitree/cyclonedds_ws/install/cyclonedds:/opt/ros/foxy LD_LIBRARY_PATH=/home/unitree/navigation_ws/install/dwb_core/lib:/home/unitree/navigation_ws/install/nav2_costmap_2d/lib:/home/unitree/navigation_ws/install/nav_2d_utils/lib:/home/unitree/navigation_ws/install/nav2_map_server/lib:/home/unitree/navigation_ws/install/nav2_lifecycle_manager/lib:/home/unitree/navigation_ws/install/nav2_util/lib:/home/unitree/navigation_ws/install/nav2_voxel_grid/lib:/home/unitree/navigation_ws/install/nav2_msgs/lib:/home/unitree/navigation_ws/install/dwb_msgs/lib:/home/unitree/navigation_ws/install/nav_2d_msgs/lib:/home/unitree/navigation_ws/install/smac_planner/lib:/home/unitree/navigation_ws/install/rm_autonomy/lib:/home/unitree/navigation_ws/install/rm_autonomy_interfaces/lib:/home/unitree/navigation_ws/install/pointcloud_to_laserscan/lib:/home/unitree/navigation_ws/install/nav2_controller/lib:/home/unitree/navigation_ws/install/dwb_plugins/lib:/home/unitree/navigation_ws/install/dwb_critics/lib:/home/unitree/navigation_ws/install/nav2_waypoint_follower/lib:/home/unitree/navigation_ws/install/nav2_regulated_pure_pursuit_controller/lib:/home/unitree/navigation_ws/install/nav2_recoveries/lib:/home/unitree/navigation_ws/install/nav2_planner/lib:/home/unitree/navigation_ws/install/nav2_navfn_planner/lib:/home/unitree/navigation_ws/install/costmap_queue/lib:/home/unitree/navigation_ws/install/nav2_bt_navigator/lib:/home/unitree/navigation_ws/install/nav2_behavior_tree/lib:/home/unitree/navigation_ws/install/nav2_amcl/lib:/home/unitree/navigation_ws/install/loam_interface/lib:/home/unitree/navigation_ws/install/fast_lio/lib:/home/unitree/navigation_ws/install/livox_ros_driver2/lib:/home/unitree/navigation_ws/install/linefit_ground_segmentation/lib:/home/unitree/navigation_ws/install/behaviortree_cpp/lib:/usr/local/cuda-11.4/lib64:/usr/local/lib:/home/unitree/cyclonedds_ws/install/rmw_cyclonedds_cpp/lib:/home/unitree/cyclonedds_ws/install/cyclonedds/lib:/opt/ros/foxy/opt/yaml_cpp_vendor/lib:/opt/ros/foxy/opt/rviz_ogre_vendor/lib:/opt/ros/foxy/lib/aarch64-linux-gnu:/opt/ros/foxy/lib:/usr/local/cuda-11.4/lib64 PYTHONPATH=/home/unitree/navigation_ws/install/nav2_msgs/lib/python3.8/site-packages:/home/unitree/navigation_ws/install/dwb_msgs/lib/python3.8/site-packages:/home/unitree/navigation_ws/install/nav_2d_msgs/lib/python3.8/site-packages:/home/unitree/navigation_ws/install/nav2_common/lib/python3.8/site-packages:/home/unitree/navigation_ws/install/rm_autonomy_interfaces/lib/python3.8/site-packages:/home/unitree/navigation_ws/install/fast_lio/lib/python3.8/site-packages:/home/unitree/navigation_ws/install/livox_ros_driver2/lib/python3.8/site-packages:/opt/ros/foxy/lib/python3.8/site-packages /usr/bin/cmake --build /home/unitree/navigation_ws/build/dwb_critics -- -j8 -l8
[12.071s] DEBUG:colcon.colcon_core.event_handler.log_command:Invoking command in '/home/unitree/navigation_ws/build/dwb_critics': CMAKE_PREFIX_PATH=/home/unitree/navigation_ws/install/dwb_core:/home/unitree/navigation_ws/install/nav2_core:/home/unitree/navigation_ws/install/costmap_queue:/home/unitree/navigation_ws/install/nav2_costmap_2d:/home/unitree/navigation_ws/install/nav_2d_utils:/home/unitree/navigation_ws/install/nav2_map_server:/home/unitree/navigation_ws/install/nav2_lifecycle_manager:/home/unitree/navigation_ws/install/nav2_util:/home/unitree/navigation_ws/install/nav2_voxel_grid:/home/unitree/navigation_ws/install/nav2_msgs:/home/unitree/navigation_ws/install/dwb_msgs:/home/unitree/navigation_ws/install/nav_2d_msgs:/home/unitree/navigation_ws/install/nav2_common:/home/unitree/navigation_ws/install/nav2_bringup:/home/unitree/navigation_ws/install/navigation2:/home/unitree/navigation_ws/install/smac_planner:/home/unitree/navigation_ws/install/rm_autonomy:/home/unitree/navigation_ws/install/rm_autonomy_interfaces:/home/unitree/navigation_ws/install/bringup:/home/unitree/navigation_ws/install/pointcloud_to_laserscan:/home/unitree/navigation_ws/install/nav2_dwb_controller:/home/unitree/navigation_ws/install/nav2_controller:/home/unitree/navigation_ws/install/dwb_plugins:/home/unitree/navigation_ws/install/dwb_critics:/home/unitree/navigation_ws/install/nav2_waypoint_follower:/home/unitree/navigation_ws/install/nav2_regulated_pure_pursuit_controller:/home/unitree/navigation_ws/install/nav2_recoveries:/home/unitree/navigation_ws/install/nav2_planner:/home/unitree/navigation_ws/install/nav2_navfn_planner:/home/unitree/navigation_ws/install/nav2_bt_navigator:/home/unitree/navigation_ws/install/nav2_behavior_tree:/home/unitree/navigation_ws/install/nav2_amcl:/home/unitree/navigation_ws/install/loam_interface:/home/unitree/navigation_ws/install/fast_lio:/home/unitree/navigation_ws/install/livox_ros_driver2:/home/unitree/navigation_ws/install/linefit_ground_segmentation_ros:/home/unitree/navigation_ws/install/linefit_ground_segmentation:/home/unitree/navigation_ws/install/cmd_vel_processor:/home/unitree/navigation_ws/install/behaviortree_cpp:/home/unitree/cyclonedds_ws/install/rmw_cyclonedds_cpp:/home/unitree/cyclonedds_ws/install/cyclonedds:/opt/ros/foxy LD_LIBRARY_PATH=/home/unitree/navigation_ws/install/dwb_core/lib:/home/unitree/navigation_ws/install/nav2_costmap_2d/lib:/home/unitree/navigation_ws/install/nav_2d_utils/lib:/home/unitree/navigation_ws/install/nav2_map_server/lib:/home/unitree/navigation_ws/install/nav2_lifecycle_manager/lib:/home/unitree/navigation_ws/install/nav2_util/lib:/home/unitree/navigation_ws/install/nav2_voxel_grid/lib:/home/unitree/navigation_ws/install/nav2_msgs/lib:/home/unitree/navigation_ws/install/dwb_msgs/lib:/home/unitree/navigation_ws/install/nav_2d_msgs/lib:/home/unitree/navigation_ws/install/smac_planner/lib:/home/unitree/navigation_ws/install/rm_autonomy/lib:/home/unitree/navigation_ws/install/rm_autonomy_interfaces/lib:/home/unitree/navigation_ws/install/pointcloud_to_laserscan/lib:/home/unitree/navigation_ws/install/nav2_controller/lib:/home/unitree/navigation_ws/install/dwb_plugins/lib:/home/unitree/navigation_ws/install/dwb_critics/lib:/home/unitree/navigation_ws/install/nav2_waypoint_follower/lib:/home/unitree/navigation_ws/install/nav2_regulated_pure_pursuit_controller/lib:/home/unitree/navigation_ws/install/nav2_recoveries/lib:/home/unitree/navigation_ws/install/nav2_planner/lib:/home/unitree/navigation_ws/install/nav2_navfn_planner/lib:/home/unitree/navigation_ws/install/costmap_queue/lib:/home/unitree/navigation_ws/install/nav2_bt_navigator/lib:/home/unitree/navigation_ws/install/nav2_behavior_tree/lib:/home/unitree/navigation_ws/install/nav2_amcl/lib:/home/unitree/navigation_ws/install/loam_interface/lib:/home/unitree/navigation_ws/install/fast_lio/lib:/home/unitree/navigation_ws/install/livox_ros_driver2/lib:/home/unitree/navigation_ws/install/linefit_ground_segmentation/lib:/home/unitree/navigation_ws/install/behaviortree_cpp/lib:/usr/local/cuda-11.4/lib64:/usr/local/lib:/home/unitree/cyclonedds_ws/install/rmw_cyclonedds_cpp/lib:/home/unitree/cyclonedds_ws/install/cyclonedds/lib:/opt/ros/foxy/opt/yaml_cpp_vendor/lib:/opt/ros/foxy/opt/rviz_ogre_vendor/lib:/opt/ros/foxy/lib/aarch64-linux-gnu:/opt/ros/foxy/lib:/usr/local/cuda-11.4/lib64 PYTHONPATH=/home/unitree/navigation_ws/install/nav2_msgs/lib/python3.8/site-packages:/home/unitree/navigation_ws/install/dwb_msgs/lib/python3.8/site-packages:/home/unitree/navigation_ws/install/nav_2d_msgs/lib/python3.8/site-packages:/home/unitree/navigation_ws/install/nav2_common/lib/python3.8/site-packages:/home/unitree/navigation_ws/install/rm_autonomy_interfaces/lib/python3.8/site-packages:/home/unitree/navigation_ws/install/fast_lio/lib/python3.8/site-packages:/home/unitree/navigation_ws/install/livox_ros_driver2/lib/python3.8/site-packages:/opt/ros/foxy/lib/python3.8/site-packages /usr/bin/cmake --install /home/unitree/navigation_ws/build/dwb_critics
[12.182s] Level 1:colcon.colcon_core.environment:create_environment_scripts_only(dwb_critics)
[12.184s] Level 1:colcon.colcon_core.environment:checking '/home/unitree/navigation_ws/install/dwb_critics' for CMake module files
[12.185s] Level 1:colcon.colcon_core.environment:checking '/home/unitree/navigation_ws/install/dwb_critics' for CMake config files
[12.186s] Level 1:colcon.colcon_core.shell:create_environment_hook('dwb_critics', 'cmake_prefix_path')
[12.188s] DEBUG:colcon.colcon_core.event_handler.log_command:Invoked command in '/home/unitree/navigation_ws/build/dwb_critics' returned '0': CMAKE_PREFIX_PATH=/home/unitree/navigation_ws/install/dwb_core:/home/unitree/navigation_ws/install/nav2_core:/home/unitree/navigation_ws/install/costmap_queue:/home/unitree/navigation_ws/install/nav2_costmap_2d:/home/unitree/navigation_ws/install/nav_2d_utils:/home/unitree/navigation_ws/install/nav2_map_server:/home/unitree/navigation_ws/install/nav2_lifecycle_manager:/home/unitree/navigation_ws/install/nav2_util:/home/unitree/navigation_ws/install/nav2_voxel_grid:/home/unitree/navigation_ws/install/nav2_msgs:/home/unitree/navigation_ws/install/dwb_msgs:/home/unitree/navigation_ws/install/nav_2d_msgs:/home/unitree/navigation_ws/install/nav2_common:/home/unitree/navigation_ws/install/nav2_bringup:/home/unitree/navigation_ws/install/navigation2:/home/unitree/navigation_ws/install/smac_planner:/home/unitree/navigation_ws/install/rm_autonomy:/home/unitree/navigation_ws/install/rm_autonomy_interfaces:/home/unitree/navigation_ws/install/bringup:/home/unitree/navigation_ws/install/pointcloud_to_laserscan:/home/unitree/navigation_ws/install/nav2_dwb_controller:/home/unitree/navigation_ws/install/nav2_controller:/home/unitree/navigation_ws/install/dwb_plugins:/home/unitree/navigation_ws/install/dwb_critics:/home/unitree/navigation_ws/install/nav2_waypoint_follower:/home/unitree/navigation_ws/install/nav2_regulated_pure_pursuit_controller:/home/unitree/navigation_ws/install/nav2_recoveries:/home/unitree/navigation_ws/install/nav2_planner:/home/unitree/navigation_ws/install/nav2_navfn_planner:/home/unitree/navigation_ws/install/nav2_bt_navigator:/home/unitree/navigation_ws/install/nav2_behavior_tree:/home/unitree/navigation_ws/install/nav2_amcl:/home/unitree/navigation_ws/install/loam_interface:/home/unitree/navigation_ws/install/fast_lio:/home/unitree/navigation_ws/install/livox_ros_driver2:/home/unitree/navigation_ws/install/linefit_ground_segmentation_ros:/home/unitree/navigation_ws/install/linefit_ground_segmentation:/home/unitree/navigation_ws/install/cmd_vel_processor:/home/unitree/navigation_ws/install/behaviortree_cpp:/home/unitree/cyclonedds_ws/install/rmw_cyclonedds_cpp:/home/unitree/cyclonedds_ws/install/cyclonedds:/opt/ros/foxy LD_LIBRARY_PATH=/home/unitree/navigation_ws/install/dwb_core/lib:/home/unitree/navigation_ws/install/nav2_costmap_2d/lib:/home/unitree/navigation_ws/install/nav_2d_utils/lib:/home/unitree/navigation_ws/install/nav2_map_server/lib:/home/unitree/navigation_ws/install/nav2_lifecycle_manager/lib:/home/unitree/navigation_ws/install/nav2_util/lib:/home/unitree/navigation_ws/install/nav2_voxel_grid/lib:/home/unitree/navigation_ws/install/nav2_msgs/lib:/home/unitree/navigation_ws/install/dwb_msgs/lib:/home/unitree/navigation_ws/install/nav_2d_msgs/lib:/home/unitree/navigation_ws/install/smac_planner/lib:/home/unitree/navigation_ws/install/rm_autonomy/lib:/home/unitree/navigation_ws/install/rm_autonomy_interfaces/lib:/home/unitree/navigation_ws/install/pointcloud_to_laserscan/lib:/home/unitree/navigation_ws/install/nav2_controller/lib:/home/unitree/navigation_ws/install/dwb_plugins/lib:/home/unitree/navigation_ws/install/dwb_critics/lib:/home/unitree/navigation_ws/install/nav2_waypoint_follower/lib:/home/unitree/navigation_ws/install/nav2_regulated_pure_pursuit_controller/lib:/home/unitree/navigation_ws/install/nav2_recoveries/lib:/home/unitree/navigation_ws/install/nav2_planner/lib:/home/unitree/navigation_ws/install/nav2_navfn_planner/lib:/home/unitree/navigation_ws/install/costmap_queue/lib:/home/unitree/navigation_ws/install/nav2_bt_navigator/lib:/home/unitree/navigation_ws/install/nav2_behavior_tree/lib:/home/unitree/navigation_ws/install/nav2_amcl/lib:/home/unitree/navigation_ws/install/loam_interface/lib:/home/unitree/navigation_ws/install/fast_lio/lib:/home/unitree/navigation_ws/install/livox_ros_driver2/lib:/home/unitree/navigation_ws/install/linefit_ground_segmentation/lib:/home/unitree/navigation_ws/install/behaviortree_cpp/lib:/usr/local/cuda-11.4/lib64:/usr/local/lib:/home/unitree/cyclonedds_ws/install/rmw_cyclonedds_cpp/lib:/home/unitree/cyclonedds_ws/install/cyclonedds/lib:/opt/ros/foxy/opt/yaml_cpp_vendor/lib:/opt/ros/foxy/opt/rviz_ogre_vendor/lib:/opt/ros/foxy/lib/aarch64-linux-gnu:/opt/ros/foxy/lib:/usr/local/cuda-11.4/lib64 PYTHONPATH=/home/unitree/navigation_ws/install/nav2_msgs/lib/python3.8/site-packages:/home/unitree/navigation_ws/install/dwb_msgs/lib/python3.8/site-packages:/home/unitree/navigation_ws/install/nav_2d_msgs/lib/python3.8/site-packages:/home/unitree/navigation_ws/install/nav2_common/lib/python3.8/site-packages:/home/unitree/navigation_ws/install/rm_autonomy_interfaces/lib/python3.8/site-packages:/home/unitree/navigation_ws/install/fast_lio/lib/python3.8/site-packages:/home/unitree/navigation_ws/install/livox_ros_driver2/lib/python3.8/site-packages:/opt/ros/foxy/lib/python3.8/site-packages /usr/bin/cmake --install /home/unitree/navigation_ws/build/dwb_critics
[12.189s] INFO:colcon.colcon_core.shell:Creating environment hook '/home/unitree/navigation_ws/install/dwb_critics/share/dwb_critics/hook/cmake_prefix_path.ps1'
[12.191s] INFO:colcon.colcon_core.shell:Creating environment descriptor '/home/unitree/navigation_ws/install/dwb_critics/share/dwb_critics/hook/cmake_prefix_path.dsv'
[12.193s] INFO:colcon.colcon_core.shell:Creating environment hook '/home/unitree/navigation_ws/install/dwb_critics/share/dwb_critics/hook/cmake_prefix_path.sh'
[12.195s] Level 1:colcon.colcon_core.environment:checking '/home/unitree/navigation_ws/install/dwb_critics/lib'
[12.195s] Level 1:colcon.colcon_core.shell:create_environment_hook('dwb_critics', 'ld_library_path_lib')
[12.196s] INFO:colcon.colcon_core.shell:Creating environment hook '/home/unitree/navigation_ws/install/dwb_critics/share/dwb_critics/hook/ld_library_path_lib.ps1'
[12.198s] INFO:colcon.colcon_core.shell:Creating environment descriptor '/home/unitree/navigation_ws/install/dwb_critics/share/dwb_critics/hook/ld_library_path_lib.dsv'
[12.199s] INFO:colcon.colcon_core.shell:Creating environment hook '/home/unitree/navigation_ws/install/dwb_critics/share/dwb_critics/hook/ld_library_path_lib.sh'
[12.201s] Level 1:colcon.colcon_core.environment:checking '/home/unitree/navigation_ws/install/dwb_critics/bin'
[12.202s] Level 1:colcon.colcon_core.environment:checking '/home/unitree/navigation_ws/install/dwb_critics/lib/pkgconfig/dwb_critics.pc'
[12.202s] Level 1:colcon.colcon_core.environment:checking '/home/unitree/navigation_ws/install/dwb_critics/lib/python3.8/site-packages'
[12.203s] Level 1:colcon.colcon_core.environment:checking '/home/unitree/navigation_ws/install/dwb_critics/bin'
[12.204s] INFO:colcon.colcon_core.shell:Creating package script '/home/unitree/navigation_ws/install/dwb_critics/share/dwb_critics/package.ps1'
[12.207s] INFO:colcon.colcon_core.shell:Creating package descriptor '/home/unitree/navigation_ws/install/dwb_critics/share/dwb_critics/package.dsv'
[12.209s] INFO:colcon.colcon_core.shell:Creating package script '/home/unitree/navigation_ws/install/dwb_critics/share/dwb_critics/package.sh'
[12.212s] INFO:colcon.colcon_core.shell:Creating package script '/home/unitree/navigation_ws/install/dwb_critics/share/dwb_critics/package.bash'
[12.213s] INFO:colcon.colcon_core.shell:Creating package script '/home/unitree/navigation_ws/install/dwb_critics/share/dwb_critics/package.zsh'
[12.215s] Level 1:colcon.colcon_core.environment:create_file_with_runtime_dependencies(/home/unitree/navigation_ws/install/dwb_critics/share/colcon-core/packages/dwb_critics)
[12.411s] Level 1:colcon.colcon_core.environment:create_environment_scripts_only(dwb_critics)
[12.412s] Level 1:colcon.colcon_core.environment:checking '/home/unitree/navigation_ws/install/dwb_critics' for CMake module files
[12.413s] Level 1:colcon.colcon_core.environment:checking '/home/unitree/navigation_ws/install/dwb_critics' for CMake config files
[12.414s] Level 1:colcon.colcon_core.shell:create_environment_hook('dwb_critics', 'cmake_prefix_path')
[12.414s] INFO:colcon.colcon_core.shell:Creating environment hook '/home/unitree/navigation_ws/install/dwb_critics/share/dwb_critics/hook/cmake_prefix_path.ps1'
[12.416s] INFO:colcon.colcon_core.shell:Creating environment descriptor '/home/unitree/navigation_ws/install/dwb_critics/share/dwb_critics/hook/cmake_prefix_path.dsv'
[12.418s] INFO:colcon.colcon_core.shell:Creating environment hook '/home/unitree/navigation_ws/install/dwb_critics/share/dwb_critics/hook/cmake_prefix_path.sh'
[12.420s] Level 1:colcon.colcon_core.environment:checking '/home/unitree/navigation_ws/install/dwb_critics/lib'
[12.421s] Level 1:colcon.colcon_core.shell:create_environment_hook('dwb_critics', 'ld_library_path_lib')
[12.422s] INFO:colcon.colcon_core.shell:Creating environment hook '/home/unitree/navigation_ws/install/dwb_critics/share/dwb_critics/hook/ld_library_path_lib.ps1'
[12.423s] INFO:colcon.colcon_core.shell:Creating environment descriptor '/home/unitree/navigation_ws/install/dwb_critics/share/dwb_critics/hook/ld_library_path_lib.dsv'
[12.425s] INFO:colcon.colcon_core.shell:Creating environment hook '/home/unitree/navigation_ws/install/dwb_critics/share/dwb_critics/hook/ld_library_path_lib.sh'
[12.427s] Level 1:colcon.colcon_core.environment:checking '/home/unitree/navigation_ws/install/dwb_critics/bin'
[12.427s] Level 1:colcon.colcon_core.environment:checking '/home/unitree/navigation_ws/install/dwb_critics/lib/pkgconfig/dwb_critics.pc'
[12.428s] Level 1:colcon.colcon_core.environment:checking '/home/unitree/navigation_ws/install/dwb_critics/lib/python3.8/site-packages'
[12.429s] Level 1:colcon.colcon_core.environment:checking '/home/unitree/navigation_ws/install/dwb_critics/bin'
[12.430s] INFO:colcon.colcon_core.shell:Creating package script '/home/unitree/navigation_ws/install/dwb_critics/share/dwb_critics/package.ps1'
[12.431s] INFO:colcon.colcon_core.shell:Creating package descriptor '/home/unitree/navigation_ws/install/dwb_critics/share/dwb_critics/package.dsv'
[12.433s] INFO:colcon.colcon_core.shell:Creating package script '/home/unitree/navigation_ws/install/dwb_critics/share/dwb_critics/package.sh'
[12.436s] INFO:colcon.colcon_core.shell:Creating package script '/home/unitree/navigation_ws/install/dwb_critics/share/dwb_critics/package.bash'
[12.438s] INFO:colcon.colcon_core.shell:Creating package script '/home/unitree/navigation_ws/install/dwb_critics/share/dwb_critics/package.zsh'
[12.439s] Level 1:colcon.colcon_core.environment:create_file_with_runtime_dependencies(/home/unitree/navigation_ws/install/dwb_critics/share/colcon-core/packages/dwb_critics)
[20.087s] DEBUG:colcon.colcon_core.event_handler.log_command:Invoked command in '/home/unitree/navigation_ws/build/rm_autonomy' returned '2': CMAKE_PREFIX_PATH=/home/unitree/navigation_ws/install/nav2_costmap_2d:/home/unitree/navigation_ws/install/nav2_map_server:/home/unitree/navigation_ws/install/nav2_lifecycle_manager:/home/unitree/navigation_ws/install/nav2_util:/home/unitree/navigation_ws/install/nav2_voxel_grid:/home/unitree/navigation_ws/install/nav2_msgs:/home/unitree/navigation_ws/install/rm_autonomy_interfaces:/home/unitree/navigation_ws/install/nav2_common:/home/unitree/navigation_ws/install/behaviortree_cpp:/home/unitree/navigation_ws/install/nav2_bringup:/home/unitree/navigation_ws/install/navigation2:/home/unitree/navigation_ws/install/smac_planner:/home/unitree/navigation_ws/install/rm_autonomy:/home/unitree/navigation_ws/install/bringup:/home/unitree/navigation_ws/install/pointcloud_to_laserscan:/home/unitree/navigation_ws/install/nav2_dwb_controller:/home/unitree/navigation_ws/install/nav2_controller:/home/unitree/navigation_ws/install/dwb_plugins:/home/unitree/navigation_ws/install/dwb_critics:/home/unitree/navigation_ws/install/dwb_core:/home/unitree/navigation_ws/install/nav_2d_utils:/home/unitree/navigation_ws/install/dwb_msgs:/home/unitree/navigation_ws/install/nav_2d_msgs:/home/unitree/navigation_ws/install/nav2_waypoint_follower:/home/unitree/navigation_ws/install/nav2_regulated_pure_pursuit_controller:/home/unitree/navigation_ws/install/nav2_recoveries:/home/unitree/navigation_ws/install/nav2_planner:/home/unitree/navigation_ws/install/nav2_navfn_planner:/home/unitree/navigation_ws/install/nav2_core:/home/unitree/navigation_ws/install/costmap_queue:/home/unitree/navigation_ws/install/nav2_bt_navigator:/home/unitree/navigation_ws/install/nav2_behavior_tree:/home/unitree/navigation_ws/install/nav2_amcl:/home/unitree/navigation_ws/install/loam_interface:/home/unitree/navigation_ws/install/fast_lio:/home/unitree/navigation_ws/install/livox_ros_driver2:/home/unitree/navigation_ws/install/linefit_ground_segmentation_ros:/home/unitree/navigation_ws/install/linefit_ground_segmentation:/home/unitree/navigation_ws/install/cmd_vel_processor:/home/unitree/cyclonedds_ws/install/rmw_cyclonedds_cpp:/home/unitree/cyclonedds_ws/install/cyclonedds:/opt/ros/foxy LD_LIBRARY_PATH=/home/unitree/navigation_ws/install/nav2_costmap_2d/lib:/home/unitree/navigation_ws/install/nav2_map_server/lib:/home/unitree/navigation_ws/install/nav2_lifecycle_manager/lib:/home/unitree/navigation_ws/install/nav2_util/lib:/home/unitree/navigation_ws/install/nav2_voxel_grid/lib:/home/unitree/navigation_ws/install/nav2_msgs/lib:/home/unitree/navigation_ws/install/rm_autonomy_interfaces/lib:/home/unitree/navigation_ws/install/behaviortree_cpp/lib:/home/unitree/navigation_ws/install/smac_planner/lib:/home/unitree/navigation_ws/install/rm_autonomy/lib:/home/unitree/navigation_ws/install/pointcloud_to_laserscan/lib:/home/unitree/navigation_ws/install/nav2_controller/lib:/home/unitree/navigation_ws/install/dwb_plugins/lib:/home/unitree/navigation_ws/install/dwb_critics/lib:/home/unitree/navigation_ws/install/dwb_core/lib:/home/unitree/navigation_ws/install/nav_2d_utils/lib:/home/unitree/navigation_ws/install/dwb_msgs/lib:/home/unitree/navigation_ws/install/nav_2d_msgs/lib:/home/unitree/navigation_ws/install/nav2_waypoint_follower/lib:/home/unitree/navigation_ws/install/nav2_regulated_pure_pursuit_controller/lib:/home/unitree/navigation_ws/install/nav2_recoveries/lib:/home/unitree/navigation_ws/install/nav2_planner/lib:/home/unitree/navigation_ws/install/nav2_navfn_planner/lib:/home/unitree/navigation_ws/install/costmap_queue/lib:/home/unitree/navigation_ws/install/nav2_bt_navigator/lib:/home/unitree/navigation_ws/install/nav2_behavior_tree/lib:/home/unitree/navigation_ws/install/nav2_amcl/lib:/home/unitree/navigation_ws/install/loam_interface/lib:/home/unitree/navigation_ws/install/fast_lio/lib:/home/unitree/navigation_ws/install/livox_ros_driver2/lib:/home/unitree/navigation_ws/install/linefit_ground_segmentation/lib:/usr/local/cuda-11.4/lib64:/usr/local/lib:/home/unitree/cyclonedds_ws/install/rmw_cyclonedds_cpp/lib:/home/unitree/cyclonedds_ws/install/cyclonedds/lib:/opt/ros/foxy/opt/yaml_cpp_vendor/lib:/opt/ros/foxy/opt/rviz_ogre_vendor/lib:/opt/ros/foxy/lib/aarch64-linux-gnu:/opt/ros/foxy/lib:/usr/local/cuda-11.4/lib64 PYTHONPATH=/home/unitree/navigation_ws/install/nav2_msgs/lib/python3.8/site-packages:/home/unitree/navigation_ws/install/rm_autonomy_interfaces/lib/python3.8/site-packages:/home/unitree/navigation_ws/install/nav2_common/lib/python3.8/site-packages:/home/unitree/navigation_ws/install/dwb_msgs/lib/python3.8/site-packages:/home/unitree/navigation_ws/install/nav_2d_msgs/lib/python3.8/site-packages:/home/unitree/navigation_ws/install/fast_lio/lib/python3.8/site-packages:/home/unitree/navigation_ws/install/livox_ros_driver2/lib/python3.8/site-packages:/opt/ros/foxy/lib/python3.8/site-packages /usr/bin/cmake --build /home/unitree/navigation_ws/build/rm_autonomy -- -j8 -l8
[20.194s] Level 1:colcon.colcon_core.environment:create_environment_scripts_only(rm_autonomy)
[20.195s] Level 1:colcon.colcon_core.environment:checking '/home/unitree/navigation_ws/install/rm_autonomy' for CMake module files
[20.196s] Level 1:colcon.colcon_core.environment:checking '/home/unitree/navigation_ws/install/rm_autonomy' for CMake config files
[20.198s] Level 1:colcon.colcon_core.shell:create_environment_hook('rm_autonomy', 'cmake_prefix_path')
[20.198s] INFO:colcon.colcon_core.shell:Creating environment hook '/home/unitree/navigation_ws/install/rm_autonomy/share/rm_autonomy/hook/cmake_prefix_path.ps1'
[20.200s] INFO:colcon.colcon_core.shell:Creating environment descriptor '/home/unitree/navigation_ws/install/rm_autonomy/share/rm_autonomy/hook/cmake_prefix_path.dsv'
[20.200s] INFO:colcon.colcon_core.shell:Creating environment hook '/home/unitree/navigation_ws/install/rm_autonomy/share/rm_autonomy/hook/cmake_prefix_path.sh'
[20.201s] Level 1:colcon.colcon_core.environment:checking '/home/unitree/navigation_ws/install/rm_autonomy/lib'
[20.202s] Level 1:colcon.colcon_core.shell:create_environment_hook('rm_autonomy', 'ld_library_path_lib')
[20.202s] INFO:colcon.colcon_core.shell:Creating environment hook '/home/unitree/navigation_ws/install/rm_autonomy/share/rm_autonomy/hook/ld_library_path_lib.ps1'
[20.203s] INFO:colcon.colcon_core.shell:Creating environment descriptor '/home/unitree/navigation_ws/install/rm_autonomy/share/rm_autonomy/hook/ld_library_path_lib.dsv'
[20.203s] INFO:colcon.colcon_core.shell:Creating environment hook '/home/unitree/navigation_ws/install/rm_autonomy/share/rm_autonomy/hook/ld_library_path_lib.sh'
[20.204s] Level 1:colcon.colcon_core.environment:checking '/home/unitree/navigation_ws/install/rm_autonomy/bin'
[20.204s] Level 1:colcon.colcon_core.environment:checking '/home/unitree/navigation_ws/install/rm_autonomy/lib/pkgconfig/rm_autonomy.pc'
[20.204s] Level 1:colcon.colcon_core.environment:checking '/home/unitree/navigation_ws/install/rm_autonomy/lib/python3.8/site-packages'
[20.205s] Level 1:colcon.colcon_core.environment:checking '/home/unitree/navigation_ws/install/rm_autonomy/bin'
[20.205s] INFO:colcon.colcon_core.shell:Creating package script '/home/unitree/navigation_ws/install/rm_autonomy/share/rm_autonomy/package.ps1'
[20.206s] INFO:colcon.colcon_core.shell:Creating package descriptor '/home/unitree/navigation_ws/install/rm_autonomy/share/rm_autonomy/package.dsv'
[20.207s] INFO:colcon.colcon_core.shell:Creating package script '/home/unitree/navigation_ws/install/rm_autonomy/share/rm_autonomy/package.sh'
[20.208s] INFO:colcon.colcon_core.shell:Creating package script '/home/unitree/navigation_ws/install/rm_autonomy/share/rm_autonomy/package.bash'
[20.208s] INFO:colcon.colcon_core.shell:Creating package script '/home/unitree/navigation_ws/install/rm_autonomy/share/rm_autonomy/package.zsh'
[20.209s] Level 1:colcon.colcon_core.environment:create_file_with_runtime_dependencies(/home/unitree/navigation_ws/install/rm_autonomy/share/colcon-core/packages/rm_autonomy)
[33.584s] DEBUG:colcon.colcon_parallel_executor.executor.parallel:closing loop
[33.584s] DEBUG:colcon.colcon_parallel_executor.executor.parallel:loop closed
[33.585s] DEBUG:colcon.colcon_parallel_executor.executor.parallel:run_until_complete finished with '2'
[33.585s] DEBUG:colcon.colcon_core.event_reactor:joining thread
[33.609s] INFO:colcon.colcon_core.plugin_system:Skipping extension 'colcon_notification.desktop_notification.terminal_notifier': Not used on non-Darwin systems
[33.610s] INFO:colcon.colcon_core.plugin_system:Skipping extension 'colcon_notification.desktop_notification.win32': Not used on non-Windows systems
[33.610s] INFO:colcon.colcon_notification.desktop_notification:Sending desktop notification using 'notify2'
[33.662s] DEBUG:colcon.colcon_core.event_reactor:joined thread
[33.664s] INFO:colcon.colcon_core.shell:Creating prefix script '/home/unitree/navigation_ws/install/local_setup.ps1'
[33.667s] INFO:colcon.colcon_core.shell:Creating prefix util module '/home/unitree/navigation_ws/install/_local_setup_util_ps1.py'
[33.672s] INFO:colcon.colcon_core.shell:Creating prefix chain script '/home/unitree/navigation_ws/install/setup.ps1'
[33.683s] INFO:colcon.colcon_core.shell:Creating prefix script '/home/unitree/navigation_ws/install/local_setup.sh'
[33.685s] INFO:colcon.colcon_core.shell:Creating prefix util module '/home/unitree/navigation_ws/install/_local_setup_util_sh.py'
[33.686s] INFO:colcon.colcon_core.shell:Creating prefix chain script '/home/unitree/navigation_ws/install/setup.sh'
[33.696s] INFO:colcon.colcon_core.shell:Creating prefix script '/home/unitree/navigation_ws/install/local_setup.bash'
[33.697s] INFO:colcon.colcon_core.shell:Creating prefix chain script '/home/unitree/navigation_ws/install/setup.bash'
[33.704s] INFO:colcon.colcon_core.shell:Creating prefix script '/home/unitree/navigation_ws/install/local_setup.zsh'
[33.705s] INFO:colcon.colcon_core.shell:Creating prefix chain script '/home/unitree/navigation_ws/install/setup.zsh'
